"URBAN","MIXED_SETTLEMENTS","RICE_VILLAGES","IRRIGATED_VILLAGES","RAINFED_VILLAGES","PASTORAL_VILLAGES","RESIDENTIAL_IRRIGATED_CROPLANDS","RESIDENTIAL_RAINFED_CROPLANDS","POPULATED_CROPLANDS","REMOTE_CROPLANDS","RESIDENTIAL_RANGELANDS","POPULATED_RANGELANDS","REMOTE_RANGELANDS","RESIDENTIAL_WOODLANDS","POPULATED_WOODLANDS","REMOTE_WOODLANDS","INHABITED_TREELESS_AND_BARREN_LANDS","WILD_WOODLANDS","WILD_TREELESS_AND_BARREN_LANDS"
0.272373540856031,0.933852140077821,2.49891915261565,0,3.220925205361,0,0,8.89321227842628,3.89105058365759,0,0,0,0,25.538261997406,53.1603977518374,1.51750972762646,0.0734976221357544,0,0
0.276637129889777,0.933650313377999,2.51566889993516,0,3.22022909012319,0,0,8.89129025286363,3.89020963907499,0,0,0,0,25.5327425977956,53.1489085800735,1.51718175923925,0.0734817376269721,0,0
0.617455466024513,1.44793306782748,5.45830631965669,0,5.66515390077491,0,0,18.2149362477231,3.74486740143867,0,0,0,0,24.2258652094718,39.4893643295977,1.08363434287302,0.0524837146120836,0,0
0,21.5801886792453,0.943396226415094,0,44.5754716981132,0,0,17.2169811320755,0,0,0,0,0,15.6839622641509,0,0,0,0,0
0,0.935544969293463,0.114790793778339,0,1.14216839809447,0,0,3.51259828961717,4.57441313206681,0,0,0,0,24.7201974401653,62.888136371463,2.01457843080985,0.0975721747115881,0,0
0,0.849056603773585,14.622641509434,0,8.11320754716981,0,0,73.5849056603774,0,0,0,0,0,2.83018867924528,0,0,0,0,0
0,4.56140350877193,6.11528822055138,0,0.601503759398496,0,0,0,0,0,0,0,0,65.062656641604,23.6591478696742,0,0,0,0
0,0.862479496269644,0.10582570506376,0,1.83607598285624,0,0,3.74093867400392,4.75157415736282,0,0,0,0,24.3716598761839,62.3842531350865,1.85724112386899,0.089951849304196,0,0
0,3.1657355679702,0,0,22.8305400372439,0,0,61.1173184357542,0,0,0,0,0,12.8864059590317,0,0,0,0,0
0,0,42.2740524781341,0,10.932944606414,0,0,32.6530612244898,0,0,0,0,0,13.9941690962099,0.145772594752187,0,0,0,0
0,0.99009900990099,0,0,21.8613861386139,0,0,63.4455445544554,0,0,0,0,0,13.7029702970297,0,0,0,0,0
0,0.862433862433862,0.105820105820106,0,1.84126984126984,0,0,3.74074074074074,4.75132275132275,0,0,0,0,24.3703703703704,62.3809523809524,1.85714285714286,0.08994708994709,0,0
0,0,42.2740524781341,0,10.932944606414,0,0,32.6530612244898,0,0,0,0,0,13.9941690962099,0.145772594752187,0,0,0,0
0,0,23.6189402480271,0,2.423900789177,0,0,15.5016910935738,1.29650507328072,0,0,0,0,23.1116121758737,34.0473506200676,0,0,0,0
0,13.7386018237082,34.2249240121581,0,13.5562310030395,0,0,24.3161094224924,0,0,0,0,0,14.1641337386018,0,0,0,0,0
6.69495520980669,0.188590287600189,0,0,6.45921735030646,0,0,78.0763790664781,0,0,0,0,0,8.58085808580858,0,0,0,0,0
0,1.05204872646733,69.6883404524601,0,4.49295997468755,0,0,14.4439171017244,0.158202816010125,0,0,0,0,3.33016927701313,6.8343616516374,0,0,0,0
0,1.22591943957968,58.6690017513135,0,0,0,0,32.661996497373,0,0,0,0,0,3.94045534150613,3.50262697022767,0,0,0,0
0,1.22773008400258,69.7129142435152,0,4.33859503369334,0,0,14.0496630665559,0.184621065263547,0,0,0,0,3.00932336379581,7.47715314317364,0,0,0,0
0.362765725894217,0.5332656170645,58.0243778567801,0,5.04969890444751,0,0,19.6836682870202,0.362765725894217,0,0,0,0,14.0789378219546,1.90452006094464,0,0,0,0
0,1.10651110274746,59.6989085434701,0,6.39819345126082,0,0,12.3146405720738,0,0,0,0,0,20.4516371847949,0.0301091456529921,0,0,0,0
0.221474131821403,0.695428773919206,60.5643160878809,0.221474131821403,4.45827427356485,0,0,21.3855421686747,0.617912827781715,0,0,0,0,10.296332388377,1.53924521615875,0,0,0,0
0.313008639038437,0.460122699386503,56.9362714410918,0,5.12082133466884,0,0,22.7056466758483,0.353699762113434,0,0,0,0,12.4201827970452,1.69024665080756,0,0,0,0
0,0.13602077408186,68.61629776184,0,4.43922344503524,0,0,13.7257326573513,0.247310498330654,0,0,0,0,3.06665017930011,9.76876468406084,0,0,0,0
0.260206604043611,0.520413208087221,57.6617834560641,0,4.63948375009758,0,0,23.1427753636387,0.725976425281674,0,0,0,0,11.3450079363014,1.70435325648565,0,0,0,0
0,0,51.7551755175518,0,9.3009300930093,0,0,32.2532253225323,3.000300030003,0,0,0,0,0.21002100210021,3.48034803480348,0,0,0,0
0,0.225347034433027,8.40769785469623,0,2.31206057328286,0.225347034433027,0,3.63034072471606,8.27925004506941,1.82531097890752,1.35433567694249,21.6941590048675,1.59545700378583,8.93500991526951,32.382368848026,1.16729763836308,7.70010816657653,0,0.265909500630972
0,0,0,0,0,0,0,2.20616946505271,13.6860601327606,0,0,0,0,17.7274502147599,58.902772354549,0,7.36040609137056,0,0.117141741507224
0,0,1.4294790343075,0,1.66772554002541,1.58831003811944,0,11.1499364675985,5.24142312579416,0,3.17662007623888,7.78271918678526,14.1041931385006,6.76620076238882,36.8170266836086,6.57560355781449,3.7007623888183,0,0
0,0,0,0,0,0,0.0338724701498857,3.53967313066305,10.6782962147515,0,0,0.508087052248285,0.3556609365738,13.9469895842154,56.1182149208231,0.694385638072656,11.9908544330595,0,2.1339656194428
0,1.14284763695041,3.8054521128066,0.0712943004959707,3.66856705585433,0.237647668319902,0.350530310771856,4.16358714896469,8.11756905447122,3.14621748088719,6.75656085800314,29.1674489235749,17.0521707926263,4.90077021609302,11.0442000898308,1.3099139477793,4.33849583284814,0.142588600991941,0.56037320189833
0,52.1230612763794,2.46631070429697,1.80523773201119,31.1721332316298,0,0,3.3816425120773,0,0,0,0,0,9.05161454360539,0,0,0,0,0
0,10.3480422622747,21.9080174021131,3.10752019888129,6.21504039776259,0,0,17.7439403356122,2.42386575512741,0,0,0,0,32.3492852703543,5.90428837787446,0,0,0,0
0,1.52905198776758,5.3822629969419,0,29.3272171253823,0,0,3.68501529051988,1.49847094801223,0,0,0,0,40.5963302752294,17.9816513761468,0,0,0,0
0,0,0.0802821343578863,0,0,0.286721908421022,0,1.35046018866302,10.2474410069673,2.32244745821028,1.72319866961034,27.6027181236918,2.02999111162084,7.58092725865183,35.2725291739542,1.36766350316828,9.79728761074634,0,0.338331851936806
0,7.7650988032285,3.71091938027646,2.78318953520735,6.42916782632897,0,0,11.1420354392801,3.20066796548845,0,3.72019667872715,7.83931719083403,1.42870396140644,14.6952407458948,2.32860191112348,0,33.3055014379813,0,1.65135912422303
0.0884825247013715,4.70923659243966,22.36641596618,0.157302266135772,3.27385341395074,0,0,5.15656491176326,0.108145307968343,0,0,0,0,56.2847171017057,7.85528191515509,0,0,0,0
0,12.7005347593583,0,0,6.28342245989305,0,0,15.5080213903743,0,0,0,0,0,65.5080213903743,0,0,0,0,0
0,7.28332753219631,4.91646362687087,2.65402018795684,6.8917507831535,0,0,12.4173337974243,3.00208840932823,0,3.48938391924817,7.35294117647059,1.34006265227985,15.6804733727811,2.18412808910546,0,31.2391228680821,0,1.54890358510268
0,1.78826895565093,6.38412017167382,0,3.89842632331903,0,0,6.58082975679542,14.7532188841202,3.57653791130186,1.80615164520744,7.08154506437768,10.9799713876967,7.76108726752503,18.9735336194564,15.4685264663805,0.947782546494993,0,0
0,16.5699013915768,13.9987097963321,0.921574048474795,9.42770251589715,0,0,14.6898903326882,0.71882775781034,0,0,0,0,37.0288452677173,5.87964242926919,0,0.76490646023408,0,0
0.045229490501807,1.32520222170753,6.23271119113065,0.0873999816460038,3.84647319224063,0.21849995411501,0.327749931172514,4.44494456656164,7.51202842247403,2.89272089252861,6.21217219544384,26.8173733683516,15.6782457075684,7.59920990416592,10.8981222113943,1.20480874699016,3.98893516232362,0.131099972469006,0.515222891803193
0,1.95771339075959,0,0,1.78151918559123,0,0,7.2043852779953,16.1511354737666,3.91542678151919,1.97729052466719,7.75254502740799,12.0203602192639,8.49647611589663,20.7713390759593,16.9342208300705,1.03758809710258,0,0
0,0,0,0,0,0,0,0.793992255642039,34.7440059451637,11.7847224938397,1.44717800289436,20.1196855321313,12.1562952243126,0.269879141080299,7.24371259827121,0.144717800289436,10.6504478429225,0,0.645363163452889
0,0,1.78948134138357,0.727431439586819,0,0,3.12068087582745,3.76809485705972,9.17291045318979,0,0,0.436458863752091,0.305521204626464,14.0976212991926,53.8517494726122,0.596493780461192,10.3004291845494,0,1.83312722775878
0,0,0,0,1.70711396621461,0,0,7.54223173923388,9.89174399238639,7.01284796573876,0,0.0118962645729241,2.81346657149655,0.874375446109921,15.6495360456817,15.8398762788484,27.0461575065429,3.16440637639781,8.44634784677611
0,8.99487338822433,0,0.0466055615970172,1.49137797110455,0,0,1.75547615348765,2.45455957744291,0,4.84697840608979,10.0201957433587,2.39241882864689,13.1893739319559,3.10703743980115,0,48.9358396768681,0,2.76526332142302
0,8.93967661691542,0,0.0466417910447761,1.47699004975124,0,0,1.7568407960199,2.45646766169154,0,4.85074626865672,10.0279850746269,2.39427860696517,13.1996268656716,3.10945273631841,0,48.9738805970149,0,2.76741293532338
0,6.56793303283967,5.78450311225585,0,1.37368534020176,0,0,3.26250268297918,0.236102167847177,0,0,0,0,75.2414681262073,7.53380553766903,0,0,0,0
0,0,28.9740698985344,0,5.52423900789177,0,0,31.2288613303269,0,0,0,0,0,13.5287485907554,20.7440811724915,0,0,0,0
0,0,0,0,40.3669724770642,0,0,47.7064220183486,0,0,0,0,0,0,0,11.9266055045872,0,0,0
0,9.94933210502073,40.0046061722708,2.30308613542146,21.7411331183786,0,0,0.207277752187932,0,0,2.34914785812989,0,0,12.7130354675265,10.732381391064,0,0,0,0
0,0.26618398637138,0,0,0,0,0,4.86584327086882,4.6289395229983,1.86328790459966,2.37702299829642,22.9956345826235,17.168867120954,12.6171209540034,28.199531516184,1.83666950596252,2.56867546848382,0.26618398637138,0.346039182282794
0,7.82710280373832,11.5342679127726,2.63239875389408,6.62772585669782,0,0,11.6433021806854,2.68691588785047,0,3.12305295950156,6.5809968847352,1.1993769470405,14.5560747663551,2.24299065420561,0,27.9595015576324,0,1.38629283489097
0,17.1249397009165,14.0376266280753,4.82392667631452,13.2175590931018,0,0,0.434153400868307,0,0,4.92040520984081,0,0,22.9618909792571,22.4794983116257,0,0,0,0
0,3.3478406427854,2.17609641781051,0,0,0,0,2.71175092065618,0.033478406427854,0,0,0,0,40.4419149648477,51.2219618346167,0.0669568128557081,0,0,0
0,17.9899497487437,0,0,1.00502512562814,0,0,0.904522613065327,0,0,10.251256281407,0,0,35.3768844221106,34.4723618090452,0,0,0,0
0,1.84842883548983,0.166358595194085,0,21.4048059149723,0,0,3.95563770794824,1.81146025878004,0,0,0,0,49.0757855822551,21.7375231053604,0,0,0,0
0,1.1070110701107,0,0,4.91058756741414,0,0,0.198694294635254,0,0,0,0,0.141924496168039,10.6727221118365,80.2157252341754,0.113539596934431,2.63979562872552,0,0
0,0,1.11576011157601,0,13.5285913528591,0,0,85.3556485355649,0,0,0,0,0,0,0,0,0,0,0
0.0583291643637206,1.32496772234444,6.23619597725381,0.087384515900705,3.84579254479003,0.218461289751762,0.327691934627644,4.4441580174201,7.51069914166559,2.89220901502358,6.21107292893236,26.8126279363928,15.675471384848,7.59786519627654,10.8961937489487,1.20459555169122,3.98822930570817,0.131076773851057,0.515131721234656
0,0,0.133689839572193,0,0,0,0,1.40374331550802,0,0,0,0,0,9.29144385026738,84.4251336898396,4.74598930481283,0,0,0
0,0,0,0,0,0,0,0,1.53071110249952,0,5.81282697151715,12.4975779887619,2.9839178453788,10.3274559193955,3.87521798101143,0,59.5233481883356,0,3.44894400310017
0,7.76293823038397,3.70988684845112,2.78241513633834,6.42737896494157,0,0,11.1389352624745,3.19977740678909,0,3.71916156557225,7.837135967353,1.42830643665368,14.7189760712298,2.32795399740308,0,33.2962344648488,0,1.65089964756075
0,11.878453038674,3.59116022099448,0,0,0,0,18.3425414364641,0,0,0,0,0,64.1988950276243,1.98895027624309,0,0,0,0
0,7.67649074708705,3.91657691177911,2.93743268383433,5.54195633016743,0,0,8.5479291099579,3.37804758640948,0,3.92636835405855,8.27376872613336,1.50788211103496,14.9417409184373,2.45765201214139,0,35.1512777832175,0,1.7428767257417
0,0,0,0,0,0,0,1.4701002190217,34.5589699342935,9.99867259573903,1.2278489413951,18.0161943319838,10.8249817481914,1.6592553262096,10.3006570651092,0.716798300922546,10.678967279485,0,0.547554257649167
0,0,0,21.3855421686747,1.20481927710843,0,0,46.9879518072289,0,0,0,0,0,9.63855421686747,20.7831325301205,0,0,0,0
0,0,0,0,0.359389038634322,0,0,0,0,0,0,0,0,81.3117699910153,18.3288409703504,0,0,0,0
0,4.3535045711798,0,0,0,0,0,0,0,0,0,0,0,38.2673051806704,57.3791902481498,0,0,0,0
0,5.63266623628147,0,22.7566171723693,54.1316978695933,0,0,3.13105229180116,0,0,0,0,0,13.6216914138154,0.726275016139445,0,0,0,0
1.01612006670372,10.236798221234,1.94330183435242,23.2062256809339,47.3974430239022,0,0.889382990550306,5.5408560311284,0.222345747637576,0,0,0,0,9.41189549749861,0.135630906058922,0,0,0,0
0,29.3276108726752,0,23.0042918454936,13.9055793991416,0,0,0,0,0,0,0,0,33.7625178826896,0,0,0,0,0
6.23351714217214,0,86.382162550947,0.935027571325821,0,0,0,1.10285303284584,0,0,0,0,0,5.29848957084632,0.0479501318628626,0,0,0,0
0,23.3371559633027,0,0,58.4862385321101,0,0,0,0,0,0,0,0,18.1766055045872,0,0,0,0,0
4.01515151515151,0,0,9.11616161616162,85.5808080808081,0,0,0,0,0,0,0,0,1.28787878787879,0,0,0,0,0
0.914725978534853,9.08701786648489,11.5268155804626,18.9714485010859,39.0446899919149,0,0.634125461722602,8.16912126064142,0.317062730861301,0,0,0,0,10.5518476830641,0.624613579796763,0.15853136543065,0,0,0
0.767783792084149,16.5227072056509,2.61046489308611,24.9030672962494,35.191370110177,0,0.383891896042075,4.08844869284809,0.383891896042075,0,0,0,0,14.9142001612346,0.234174056585665,0,0,0,0
0,39.8192197906755,0,1.6650808753568,2.37868696479543,0,0,0,0,0,0,0,0,56.1370123691722,0,0,0,0,0
0,0,0,0,33.1395348837209,0,0,28.2558139534884,0,0,0,0,0,33.953488372093,1.97674418604651,2.67441860465116,0,0,0
0,9.64621337755666,0,11.6086235489221,48.922056384743,0,0,5.25152017689331,0,0,0,0,0,23.3278054173577,1.24378109452736,0,0,0,0
1.34393724282311,6.89655172413793,27.3383545491734,14.5859903265395,31.876699473013,0,0.808528045816589,7.67018793464398,0.259884014726761,0,0,0,0,8.56053131843011,0.53901869721106,0.120316673484612,0,0,0
0,90.5197030268418,0,0,0.285551113649343,0,0,1.8275271273558,0,0,0,0,0,7.36721873215305,0,0,0,0,0
0.968241673121611,0,79.1343919442293,0,7.41673121611154,0,0,9.51781564678544,0.154918667699458,0,0,0,0,2.30441518202943,0.503485670023238,0,0,0,0
0,11.1048478015784,19.6166854565953,0,5.80608793686584,0,0,4.17136414881624,0,0,0,0,0,50.901916572717,8.39909808342728,0,0,0,0
0,16.8786473140805,25.3478976507557,2.977704623672,12.210085291037,0,0,15.8761035463115,1.49633398174473,0,0,0,0,21.0534191231483,3.23208140056861,0.92772706868173,0,0,0
3.97798348761571,0,0,9.03177383037278,85.7142857142857,0,0,0,0,0,0,0,0,1.27595696772579,0,0,0,0,0
1.88277087033748,29.8756660746004,1.51568975725281,19.0053285968028,28.9520426287744,0,0,5.11545293072824,1.18413262285376,0,0,0,0,12.4689165186501,0,0,0,0,0
1.00719424460432,0,0,28.5405960945529,66.9989722507708,0,2.05549845837616,1.39773895169579,0,0,0,0,0,0,0,0,0,0,0
0,40.1112484548826,1.23609394313968,0,29.5426452410383,0,0,23.053152039555,0,0,0,0,0,6.05686032138443,0,0,0,0,0
1.3986013986014,0,24.5454545454545,30.4195804195804,37.3426573426573,0,0,6.29370629370629,0,0,0,0,0,0,0,0,0,0,0
0,0,0,11.931330472103,77.5107296137339,0,0,0,0,0,0,0,0,10.5579399141631,0,0,0,0,0
0,0,55.1190476190476,0,0,0,0,44.8809523809524,0,0,0,0,0,0,0,0,0,0,0
0.888417053137397,8.57499394684398,7.56178875416737,20.5416177757911,44.0464882382522,0,0.745003818144568,7.43700061462815,0.186250954536142,0,0,0,0,9.76327503678456,0.21046357862584,0.0447002290886741,0,0,0
0,0,57.1428571428571,3.88198757763975,7.10403726708074,0,0,31.8711180124224,0,0,0,0,0,0,0,0,0,0,0
0,2.12321324082588,36.3453983114603,0.802474295745214,4.11268076569422,0,1.77213073643735,30.368636629608,0.534982863830143,0,0,0,0,23.8485329766781,0.0919501797208058,0,0,0,0
0,6.57690315898498,24.2102537545313,0,1.42413257379596,0,5.17866390471259,23.2780942516831,1.65717244950803,0,0,0,0,37.3899533920249,0.284826514759192,0,0,0,0
0,2.9558943325963,23.1583847317584,0,3.88688467357151,0,2.46712440358431,33.4574653787967,0.74479227278017,0,0,0,0,33.2014430350285,0.128011171884092,0,0,0,0
0,0,92.6323319027182,0,0,0,0,7.36766809728183,0,0,0,0,0,0,0,0,0,0,0
0,2.59130789634768,29.6164048153438,0,3.91756784329729,0,2.16282391348704,31.8404407263824,0.652927973882881,0,0,0,0,29.1063048357478,0.11222199551112,0,0,0,0
0,0,31.4558979808714,0,35.6004250797024,0,1.27523910733262,31.6684378320935,0,0,0,0,0,0,0,0,0,0,0
0,0,62.1427731388921,0,3.61049041514759,0,1.17605550982006,22.333294131483,1.17605550982006,0,0,0,0,6.98576972833118,2.57556156650594,0,0,0,0
0,0,68.264024881926,0,4.23914295588066,0,1.11738279000115,22.9581845409515,0,0,0,0,0,2.05045501670314,1.3708098145375,0,0,0,0
0,0,37.7245508982036,0,2.19560878243513,0,0,58.6327345309381,0,0,0,0,0,0,1.44710578842315,0,0,0,0
0,1.7905102954342,42.6947179946285,10.1432408236347,12.0322291853178,0,0.304386750223814,23.5362578334825,0,0,0,0,0,6.91136974037601,2.58728737690242,0,0,0,0
0,0,66.1041515684853,0,3.17838285536805,0,1.60472098560928,19.6604203333678,1.0353038616834,0,0,0,0,6.14970493839942,2.26731545708665,0,0,0,0
0,0.065402223675605,71.353826030085,0,11.5107913669065,0,0,14.3230869849575,0,0,0,0,0,0.39241334205363,2.35448005232178,0,0,0,0
0,0,34.37876960193,0,16.1640530759952,0,0,19.1797346200241,0,0,0,0,0,26.7792521109771,3.49819059107358,0,0,0,0
0.771485881808363,0.100293164635087,88.281129455331,0.671192717173276,7.74571825335596,0,0,2.43018052769634,0,0,0,0,0,0,0,0,0,0,0
0,0,87.007874015748,2.28346456692913,10.7086614173228,0,0,0,0,0,0,0,0,0,0,0,0,0,0
0.512952038984355,0.512952038984355,85.4013849705053,1.4721723518851,8.09438317517312,0,0,2.9802513464991,0,0,0,0,0,1.02590407796871,0,0,0,0,0
7.22832322570071,0,43.3863301098181,10.6867726602196,38.6657924930339,0,0,0.0327815112276676,0,0,0,0,0,0,0,0,0,0,0
0,0,80.9523809523809,0,2.92358803986711,0,0,10.4761904761905,0,0,0,0,0,0.465116279069767,5.18272425249169,0,0,0,0
0,0,79.2288703420712,0.164570353826261,7.91113200893382,0,4.97237569060773,7.12354531562243,0,0,0,0,0,0.599506288938521,0,0,0,0,0
0,0,100,0,0,0,0,0,0,0,0,0,0,0,0,0,0,0,0
1.76427791924336,0.0181884321571481,74.8999636231357,0,5.02000727537286,0,0,13.4958166606039,3.54674427064387,0,0,0,0,0.600218261185886,0.65478355765733,0,0,0,0
3.52360817477097,0,61.3107822410148,3.52360817477097,12.3326286116984,0,3.06553911205074,16.2438336856941,0,0,0,0,0,0,0,0,0,0,0
3.18618596922188,0,63.0879271728921,4.71064229463189,24.6586229318691,0,0.0144498229896684,3.26565999566505,0,0,0,0,0,1.07651181273029,0,0,0,0,0
2.78532179624834,0,67.5045790437693,4.11798143118802,21.5562432893324,0,0.0126318448809449,3.08217015095055,0,0,0,0,0,0.941072443630392,0,0,0,0,0
0,0,30.7581132571278,11.4045460517672,30.2719747733544,0,10.7213243988963,16.8440415188543,0,0,0,0,0,0,0,0,0,0,0
0,0.363243667779305,83.0649911643432,0,0.98173964264677,0,0,1.39407029255841,0,0,0,0,0,9.85666601217357,4.33928922049872,0,0,0,0
0,0,26.5123417316792,46.2335336999616,15.1426013556721,0,7.82708786289807,4.28443534978898,0,0,0,0,0,0,0,0,0,0,0
0.159865231890535,7.9966995565029,20.0476157733695,2.36531783958469,6.97562484958916,0.0859490494035136,0.171898098807027,7.56781379997937,0.50709939148073,0,3.26520438683948,13.4871248323994,7.47155086464744,15.7819644514732,4.02671296455461,0.601643345824595,9.19225083370578,0,0.295664729948087
0.996466181827195,1.82973040218035,43.3333619318079,15.0146757838604,13.3037243793416,0.0472828112681803,2.29874538492117,10.257986838982,0.354811741008401,0.0667297739671899,0.695896214229266,2.40265317581294,1.70351580113383,4.22799847856115,1.12287143937076,0.0667297739671899,2.19579087651465,0,0.0714961863934178
0,0,99.4956441999083,0.504355800091701,0,0,0,0,0,0,0,0,0,0,0,0,0,0,0
0,10.5806451612903,0,0,23.2258064516129,0,0,43.8709677419355,2.19354838709677,0,0,0,0,20.1290322580645,0,0,0,0,0
1.30845225027442,0.878155872667398,0,31.8463227222832,18.6344676180022,1.29967069154775,0,31.8858397365532,2.26564215148189,0,1.7563117453348,1.18990120746432,0,3.96926454445664,0,0,4.96597145993414,0,0
1.30671933462024,0.171885798717857,42.6681918924716,22.6044720097233,15.2151700388456,0.058983341674412,3.50518934248469,11.0282464669574,0.167715259407545,0,0.17873739901337,0.380412764233455,0.106944543742999,1.03325111412979,0.0595791330044565,0,1.45402874097376,0,0.0604728199995234
0,0.0880669308674593,94.4224277117276,0,4.53544693967415,0,0,0.924702774108322,0,0,0,0,0,0.0293556436224864,0,0,0,0,0
0,0.106990014265335,93.2239657631954,0,5.50998573466476,0,0,1.12339514978602,0,0,0,0,0,0.0356633380884451,0,0,0,0,0
0,12.5686245931108,4.89238692124569,0,17.4367196229898,0,0,20.4440557741826,2.86644318126609,0,4.36282368945246,3.13851236457271,1.24374483797308,11.869018121751,0.510129718699898,0,20.6675411747559,0,0
0,0,48.261928996638,1.07029394528238,10.4623546466796,0,4.4384812313007,33.2593072391351,0,0,0,0,0,2.50763394096419,0,0,0,0,0
0.864536732022383,0,0,34.9914409425033,45.1486686709726,0,5.68062488312211,12.9680509803357,0,0,0,0,0,0.0589783793892141,0,0,0.287699411654703,0,0
0,0.173711638679792,91.63288940359,0,6.31152287203243,0,0,1.82397220613781,0,0,0,0,0,0.0579038795599305,0,0,0,0,0
0.00953137410643368,0,10.5353455123114,62.6783161239079,14.59253375695,0,7.14853057982526,5.03574265289913,0,0,0,0,0,0,0,0,0,0,0
3.9852545581349,0,46.2090266015742,4.24429610441367,5.73876656371426,0,21.6797847962539,17.6347514197469,0,0,0,0,0,0.5081199561622,0,0,0,0,0
0,0,0,0,18.7694434842724,0,0,63.4289664707916,2.73072934669893,0,1.55547874179053,0,0,4.83926719668164,0,0,8.67611475976495,0,0
0,0,57.4020319303338,0,20.9724238026125,0,0,10.5950653120464,0,0,0,0,0,11.0304789550073,0,0,0,0,0
0.995136866042068,1.83854625149788,43.0765237165187,15.0870182005925,13.366386424222,0.0475106252340808,2.30982100180368,10.3022384592764,0.356521264357357,0.0670512856126141,0.69924912138869,2.41422943225761,1.71172353413916,4.24492110458372,1.12828156175854,0.0670512856126141,2.2063704468585,0,0.0718406631563722
0.664860871706476,0,24.2058606254617,20.3028810637774,23.0485102191578,0,0.578675203151933,29.623245506033,0,0,0,0,0,1.57596651071165,0,0,0,0,0
0,29.7124253933804,15.6918068366793,3.13619099294628,2.82148670645686,0,0,6.6956049918611,0,0,0,0,0,28.5946825827455,7.05371676614216,0,6.29408572978839,0,0
1.35506332812904,0.796506725221878,53.3776393678041,7.42571364163877,11.3765205847729,0.0834912709876182,0.417456354938091,11.2020238284087,0.342314211049235,0,0.667930167900946,1.90610571664732,0.599467325691099,2.737678775684,0.333965083950473,0,7.03914905696609,0,0.33897456020973
0.563348543744014,0,0,14.9118359529041,65.2019604529322,0,3.51529491296265,15.576587234522,0,0,0,0,0,0.230972902935046,0,0,0,0,0
1.31889889506291,0.175488219174749,41.4868444663425,23.0732032226571,15.5340529262737,0.0602195275504339,3.57865187334434,11.259378887277,0.171230272782294,0,0.182483416819497,0.388385538797495,0.109185911063665,1.05490621873071,0.0608278056064988,0,1.4845025958266,0,0.0617402226905963
0,0,0,0,8.73846153846154,0,0,61.7230769230769,0,0,0,0,0,0,0,0,29.4769230769231,0,0.0615384615384615
1.29643410087217,0.203493600708172,33.8707515861568,26.4850271736255,17.2768535727763,0.069829693137293,4.0935012537604,12.7234638349198,0.19855614765806,0,0.21160513071907,0.450366253213753,0.126610403213577,1.12997139803983,0.0705350435730232,0,1.72140773839963,0,0.0715930692266185
1.26026637982259,0.0469722840038235,26.0228801995383,32.9738387864241,19.3748928444771,0.0695189803256588,5.33464229431424,13.5437535082425,0.168160776733688,0,0.0939445680076471,0.0636474448251809,0,0.734881383239819,0,0,0.312600550045446,0,0
0,0,0,42.6890756302521,29.4117647058823,0,12.4929971988796,15.406162464986,0,0,0,0,0,0,0,0,0,0,0
0,1.31689033164887,17.9863458384927,1.71011679662662,37.9471905224055,0,0.470198453867006,25.3003580870787,1.85067434155483,0,0.167330410628828,0,0,6.57106522539406,6.51249958167397,0,0,0,0
0.236552017788712,7.53122486634811,37.457420636798,2.55594455220703,5.33779628140228,0.0591380044471779,0.118276008894356,5.90256422387283,0.34891422623835,0,2.24665278894829,9.27993565785116,5.14086672659318,13.1097128258504,3.25259024459479,0.413966031130245,6.80501017173676,0,0.203434735298292
0,0,0,0,11.9303980003845,0,0,32.3303210920977,0.961353585848875,0,0.961353585848875,15.8046529513555,4.72024610651798,0.961353585848875,0,0,30.311478561815,0,2.01884253028264
0,0.602457079855095,0,0,16.679792093243,0.393762797290912,0,31.9932272798866,0.433139077020003,0,3.1501023783273,8.98960466215152,2.82721688454875,0.527642148369822,0,0,32.8043786423059,0,1.5986769570011
0.753321462813313,7.97151075195179,74.0514997945487,1.3696753869333,4.44459663059855,0,0.684837693466648,0.712231201205314,0,0,0.150664292562663,0,0,9.86166278591974,0,0,0,0,0
0.720073501737918,0,7.54278376762824,39.1291593792203,29.8761318603467,0,7.71270118886847,14.2370873829396,0.110695388430118,0,0,0,0,0.560672142398548,0,0,0.110695388430118,0,0
1.00257983120624,1.5771446381245,41.3007814209458,16.7795765319682,14.5409832391024,0.0529415092386136,2.56318024769368,11.0562364777672,0.301211570708402,0,0.544251523402602,1.94752172896722,1.00450109565442,3.79182886230191,1.10163168720107,0.0747158396512692,2.27018741934692,0,0.0800526853406455
0,0,51.4640356460853,0,11.1075747931254,0,0,28.7555697008275,0,0,0,0,0,6.61998726925525,2.05283259070656,0,0,0,0
0.192776549299768,8.17221371737446,24.4108030466255,0.566989850881669,4.91769197331368,0,0,4.22029445672923,1.51197293568445,1.32297631872389,4.15981553930185,13.1503846081155,15.9872238286935,15.2954962106178,2.75557067528491,0,3.33579028935382,0,0
1.59161643619745,0.0236378678643186,90.655162904306,0,4.88909900326991,0,0,2.03679628097546,0,0,0,0,0,0.803687507386834,0,0,0,0,0
0.0974298018277831,7.8401761530817,14.6894912215749,1.62318049845087,7.45727703189852,0.0974298018277831,0.194859603655566,8.41696057990218,0.57483583078392,0,3.70135817143748,15.2886845028157,8.46957267288918,16.148989652955,4.00436485512188,0.682008612794481,10.3782224906955,0,0.335158518287574
0.456852791878173,0.464104423495286,33.7744742567078,6.40862944162436,13.8923132704859,0.181290790427846,0,20.7287889775199,0.199419869470631,0,1.45032632342277,4.13886874546773,1.30166787527194,1.16388687454677,0,0,15.1033357505439,0,0.736040609137056
3.33445040214477,0,30.5127345844504,65.3150134048257,0.703753351206434,0,0,0.134048257372654,0,0,0,0,0,0,0,0,0,0,0
0.234941705089425,7.47995653578456,37.8831752371443,2.53854512349123,5.30145957534287,0.0587354262723562,0.117470852544712,5.86238289624387,0.346539015006901,0,2.23135884408681,9.21676309065813,5.10587060585592,13.0204692960559,3.23044844497959,0.411147983906493,6.75868550116003,0,0.202049866376905
0,0,46.7074317968015,3.48071495766698,36.3593603010348,0,5.64440263405456,7.80809031044214,0,0,0,0,0,0,0,0,0,0,0
0.585997738254344,0.657962372776807,10.0956101572941,5.45389123059525,19.4047496658785,0.25701655186594,0,29.3872725403516,0.282718207052534,0,2.05613241492752,5.86768787909941,1.84537884239745,1.65004626297934,0,0,21.4120489359515,0,1.04348720057572
0.674494129402948,0,70.7719210592056,0,6.42018486135399,0,0,22.1333999500375,0,0,0,0,0,0,0,0,0,0,0
0,3.14839700518334,5.75926281435976,0,32.0406987905548,0,0,42.6185448262622,1.72777884430793,0,0,0,0,9.57957381455174,0,0,5.12574390478019,0,0
1.34345367564635,0.179417375500044,40.2160782222443,23.5898089686921,15.8630457731972,0.0615678342270516,3.64322994808712,11.5114747828412,0.175064094292071,0,0.186569194627429,0.397081435898712,0.111630568118745,1.0785254192754,0.0621897315424764,0,1.51774039829414,0,0.0631225775156135
0,0,100,0,0,0,0,0,0,0,0,0,0,0,0,0,0,0,0
0,0.674140281775488,8.07453416149068,0,31.4952279957582,0,0,44.5765793061657,1.03014694743221,0,0,0,0,11.3619148613846,2.78745644599303,0,0,0,0
0.258691510373879,7.55798710038279,30.0117110345912,0.524374683190296,4.5480764188705,0,0,3.90309555854643,1.39833248850745,1.22354092744402,3.84716225900614,12.1619968187936,14.7856181503557,14.1458810368635,2.54846096030484,0,3.08507105276957,0,0
1.51548543897347,0.0612193673590577,15.51635475399,41.7892584498032,21.8660275364714,0.0906046636914054,5.08243187814897,12.590068994227,0.219165335145427,0,0.122438734718115,0.0829522427715232,0,0.656577714925894,0,0,0.407414889774529,0,0
0.407695247802268,0.496878583259014,0.318511912345522,1.61804051471525,20.4197987004714,0.318511912345522,0,34.7528347560199,0.350363103580074,0,2.54809529876417,7.27162695884826,2.28691553064085,1.38234169957956,0,0,26.5352274175054,0,1.29315836412282
1.95888841140238,0.0214868929952729,90.9934106861481,0,4.44420570118894,0,0,1.85145394642601,0,0,0,0,0,0.730554361839278,0,0,0,0,0
0,0,0,0,15.7758991259493,2.23527726035249,0,47.7718870898409,5.96073936093996,0,5.08668863734059,3.8830778048431,0,8.21034532167932,0,0,11.0760853990543,0,0
0.986660974072094,1.9052901228164,41.112170713995,15.7116607745653,13.8491648644551,0.0494776911474834,2.39547837745094,10.5556065406316,0.361306849468115,0.0698273867000774,0.728199889872236,2.51418493484107,1.7825934290434,4.3510442186914,1.17499541134316,0.0698273867000774,2.29772003607083,0,0.0748150571786544
0,1.04290366956297,30.5698933581028,1.31920847491505,29.4552680156612,0,0.330390001293342,23.0003174565849,1.30039623284853,0,0.11757651291578,0,0,7.54841212919307,5.19805763600663,0,0,0,0
0,0,97.3038554866541,0,2.69614451334591,0,0,0,0,0,0,0,0,0,0,0,0,0,0
0,0,0,0,3.32225913621262,0,0,27.7408637873754,11.2956810631229,0,3.32225913621262,9.00332225913621,0.0332225913621262,0.0664451827242525,0,0,45.2159468438538,0,0
1.23975537712693,0,97.5579315222366,0.644839206223738,0.116487082414611,0,0,0.32033947664018,0,0,0,0,0,0.12064733535799,0,0,0,0,0
0.717360114777618,7.59097430546498,75.2902047737055,1.30429111777749,4.23242467718795,0,0.652145558888744,0.678231381244294,0,0,0.143472022955524,0,0,9.39089604799791,0,0,0,0,0
0,0,10.3443655366475,0,38.6037786412971,0,0,15.0743668765912,2.72008575639823,0,0,0,0,10.5587565322256,22.6986466568404,0,0,0,0
0,0,0,0,2.28295819935691,1.60771704180064,0,6.22186495176849,0,0,11.2540192926045,10.2733118971061,3.64951768488746,0,0,0,61.5755627009646,0,3.13504823151125
0,4.26417056682267,79.5111804472179,0,0.15600624024961,0,0,15.600624024961,0,0,0,0,0,0.46801872074883,0,0,0,0,0
0.996532680227697,1.82985250782459,43.3295803275125,15.0156777766444,13.304612193106,0.0472859666500467,2.29889878991779,10.2586713978056,0.354835419095713,0.066734227127082,0.695942654325284,2.40281351501568,1.70362948394422,4.22828063077191,1.12294637332843,0.066734227127082,2.19593741092172,0,0.0715009576361593
0,31.5655983398663,10.4334793636154,3.33179617246945,2.99746368457459,0,0,7.11321189762509,0,0,0,0,0,30.3781415725156,7.49365921143648,0,6.68664975789716,0,0
0.380946071286604,0,95.3160196104412,0,1.6198489466013,0,0,1.47740824168544,0,0,0,0,0,1.20577712998542,0,0,0,0,0
0.380946071286604,0,95.3160196104412,0,1.6198489466013,0,0,1.47740824168544,0,0,0,0,0,1.20577712998542,0,0,0,0,0
1.51773954230667,0.0640937306717343,11.7849142586118,43.6644949574257,22.8317892085386,0.0948587213941668,5.3031152757793,13.1805552439888,0.229455555804809,0,0.128187461343469,0.0868470050602,0,0.687405261454351,0,0,0.426543777620392,0,0
0,0,90.8540540540541,0,2.94054054054054,0,0,5.66486486486486,0,0,0,0,0,0.540540540540541,0,0,0,0,0
1.0136847440446,0.819538343914026,52.7502641593719,7.3002482668568,11.7054816291117,0.0859054867834409,0.429527433917204,11.5259391617343,0.352212495812108,0,0.687243894267527,1.96122226326595,0.616801395105105,2.81684091162903,0.343621947133763,0,7.2426915907119,0,0.34877627634077
0.914242942686056,1.06928999144568,0,17.6914029084688,22.6903336184773,1.58254918733961,0,38.8259195893926,2.75876817792985,0,2.13857998289136,1.4488879384089,0,4.83319076133447,0,0,6.04683490162532,0,0
0.209859270841906,8.89638712863139,18.1301950456753,0.411488766356678,5.14772446712205,0,0,4.59427207637231,1.64595506542671,1.44021068224837,4.52843387375525,14.3156941815488,17.4039173730557,16.6447205991276,2.99975310674019,0,3.63138836309769,0,0
0,0,93.9531859557867,0,0,0,0,6.04681404421326,0,0,0,0,0,0,0,0,0,0,0
0,0,12.5196945824749,0,49.4970306629499,0,1.21197430614471,27.7905708398982,4.03587443946188,0,0,0,0,0.145436916737365,4.79941825233305,0,0,0,0
0,1.03489715199104,31.0994177974308,1.30908072664481,29.2326360125541,0,0.327853550968976,22.8237407973492,1.29041290879604,0,0.116673861554796,0,0,7.4904619118179,5.15815141933753,0,0,0,0
0,0,81.4296814296814,0,14.0637140637141,0,0,0.310800310800311,0,0,0,0,0,4.1958041958042,0,0,0,0,0
0,0,53.9915103382172,0,9.81788306175544,0,0,28.7279200328632,0,0,0,0,0,5.69628919622073,1.76639737094345,0,0,0,0
0,1.64310536792739,17.7030264178953,0.337393299369075,39.0633962009515,0,0,28.671682580384,0.684908397719221,0,0,0,0,9.90586726947603,1.99062046627754,0,0,0,0
0.69441299458056,3.0086197786936,42.881512008816,0.301918693295895,1.01520160620745,0.150959346647948,0.0754796733239739,3.59509684042087,0.754796733239739,0.150959346647948,2.32024515797896,21.3667859245505,11.1740108388811,8.11632927252691,1.57827996920429,0,2.34590824690911,0,0.469483568075117
0,0,100,0,0,0,0,0,0,0,0,0,0,0,0,0,0,0,0
0.702875399361022,7.43769968051118,75.7891373801917,1.2779552715655,4.14696485623003,0,0.638977635782748,0.664536741214057,0,0,0.140575079872204,0,0,9.20127795527157,0,0,0,0,0
0,0,89.9580335731415,0,5.51558752997602,0,2.42805755395683,0.629496402877698,0,0,0,0,0,1.46882494004796,0,0,0,0,0
0,0.420693575895395,80.3865832859579,0,1.13700966458215,0,0,1.61455372370665,0,0,0,0,0,11.4155770324048,5.0255827174531,0,0,0,0
0.185768663376254,7.87513431802867,27.1586500810461,0.546378421694866,4.73892217750014,0,0,4.06687671881545,1.45700912451964,1.27488298395469,4.00859635383467,12.6723368605096,15.4060502303896,14.7394685559218,2.65539912943705,0,3.21452638097146,0,0
0,0,90.4589751650424,0,4.71549827098397,0,0,4.118201823326,0,0,0,0,0,0.707324740647595,0,0,0,0,0
8.6185493881894,0,64.4440503635396,24.6497605958503,1.18815392800142,0,0.372406455045221,0.727079269374002,0,0,0,0,0,0,0,0,0,0,0
1.2779552715655,0,97.9833865814697,0.396166134185304,0.0715654952076677,0,0,0.196805111821086,0,0,0,0,0,0.0741214057507987,0,0,0,0,0
1.88168366928315,0,21.8007275114186,42.2421573722069,19.4486229248147,0,1.99928889861335,12.0805185570112,0.54700106665208,0,0,0,0,0,0,0,0,0,0
0.726746621829212,0,7.61268482881514,39.1046660373037,29.6843316556528,0,7.78417692174486,14.2980834222448,0.111721233178972,0,0,0,0,0.565868046051492,0,0,0.111721233178972,0,0
0,0,41.5659445077917,0.954009882174078,12.690992018244,0,4.30254656024325,37.3964272139871,0,0,0,0,0,3.09007981755986,0,0,0,0,0
0,1.03414907136445,31.1492229308274,1.30813445103823,29.2115050541558,0,0.327616560375885,22.8072425411852,1.28948012731576,0,0.116589523265439,0,0,7.48504739364121,5.15442282356507,0,0,0,0
0,0.123660346248969,4.12201154163232,0,37.7164056059357,0,0,49.2992580379225,0,0,0,0,0,8.73866446826051,0,0,0,0,0
0,0,92.3809523809524,0,0,0,0,7.61904761904762,0,0,0,0,0,0,0,0,0,0,0
0.977368695734687,0.948901646344356,0,26.7922379845329,20.1356929354272,1.40437443658965,0,34.4546187787636,2.44816624756844,0,1.89780329268871,1.2857617307966,0,4.28903544147649,0,0,5.36603881007734,0,0
0.446070122223213,0,70.3051119636007,5.3439200642341,12.6237844589169,0,0.976893567668838,8.07386921224016,0,0,0,0,0,2.23035061111607,0,0,0,0,0
1.28193439899512,0.194831067620225,35.4351114622798,25.5898957974567,17.092120991106,0.0668571081261776,3.95621872404222,12.4874220844561,0.190103797348677,0,0.202597297352053,0.43119458119762,0.121220716248979,1.16628510842332,0.0675324324506844,0,1.64812901395895,0,0.0685454189374447
0,0.705616709003669,59.1800733841377,0,6.40699971775332,0,0,16.2291843070844,0,0,0,0,0,14.6556590460062,2.82246683601468,0,0,0,0
5.01331167366094,0.451243174946979,4.10856910789224,55.047154911782,11.0328956274536,0.667839898921529,0.00676864762420468,16.4026894093227,1.16420739136321,0,0.902486349893958,0.611434502053156,0,2.03961915076034,0,0,2.55178015432517,0,0
0.818928092193543,0,57.0388349514563,6.62246428289526,14.6203330965348,0,9.20948772594522,11.352514010577,0,0,0,0,0,0.337437840397821,0,0,0,0,0
1.11462776936838,0,90.5325443786982,0,4.12825099766066,0,0,3.60533920462364,0,0,0,0,0,0.619237649649099,0,0,0,0,0
1.24278245055694,0.0454648783814503,27.6749261195726,31.9499886337804,19.1745851329848,0.0672880200045465,5.16344623778131,13.3523528074562,0.162764264605592,0,0.0909297567629007,0.0616049102068652,0,0.71129802227779,0,0,0.302568765628552,0,0
0,0.0867177337765573,94.507876860818,0,4.4659632894927,0,0,0.910536204653852,0,0,0,0,0,0.0289059112588524,0,0,0,0,0
0,0.0871586287042417,94.479953515398,0,4.48866937826845,0,0,0.915165601394538,0,0,0,0,0,0.0290528762347472,0,0,0,0,0
0,1.16207951070336,0,0,17.737003058104,0,0,44.954128440367,0.611620795107034,0,0,0,0,0,0,0,35.5351681957187,0,0
0,0,0,0,3.13364055299539,0,0,70.0460829493088,0,0,4.14746543778802,0,0,0.0921658986175115,0,0,22.5806451612903,0,0
1.22389996461012,0,49.8908812079745,6.91577208918249,15.0259525775628,0,12.121033384452,14.6130706617907,0,0,0,0,0,0.209390114427274,0,0,0,0,0
0.713085111801559,0,13.8827484337595,44.8520348393012,19.0189986247644,0,9.55839657719146,11.7557174145571,0.203738603371874,0,0,0,0,0.0152803952528905,0,0,0,0,0
1.2952016689847,0.869262865090403,0,32.5365090403338,18.4457579972184,1.2865090403338,0,31.5629346314325,2.24269819193324,0,1.73852573018081,1.1778511821975,0,3.92906815020862,0,0,4.91568150208623,0,0
0.483059376048306,0.50989600805099,0,3.5759812143576,24.7433747064743,1.98591076819859,0,47.0848708487085,3.46192552834619,0,2.68366320026837,1.81818181818182,0,6.06507883260651,0,0,7.58805769875881,0,0
1.36931261149773,0.76662220150753,54.5024991562334,7.70640137574131,10.9496793687019,0.0803587213320262,0.401793606660131,10.7817296411179,0.329470757461307,0,0.642869770656209,1.83458960801016,0.576975619163948,2.63496247247714,0.321434885328105,0,6.77504379550312,0,0.326256408608026
1.60853639114509,0,98.3914636088549,0,0,0,0,0,0,0,0,0,0,0,0,0,0,0,0
1.24055923044355,0.0455251093740753,27.5950450470957,31.9809340841941,19.1993043763288,0.0673771618736314,5.17028667161373,13.3700417465253,0.162979891559189,0,0.0910502187481505,0.061686523201872,0,0.712240336157408,0,0,0.302969602884471,0,0
1.8628912071535,0,83.5227272727273,0,8.50409836065574,0,0,4.22876304023845,0,0,0,0,0,1.88152011922504,0,0,0,0,0
1.24646073763031,0.0457416784451489,27.2727896477433,32.1330716909326,19.2684533366267,0.0676976840988203,5.19488242101556,13.4336448341635,0.163755208833633,0,0.0914833568902977,0.0619799742931767,0,0.715628559274354,0,0,0.304410870052466,0,0
1.86193734580831,0,46.2086300795978,9.43536749988363,13.8621235395429,0,13.6526555881395,14.6487920681469,0,0,0,0,0,0.330493878880976,0,0,0,0,0
0,0,99.8600419874038,0,0,0,0,0.139958012596221,0,0,0,0,0,0,0,0,0,0,0
0.186632023859623,7.91173403106874,26.8201196640624,0.548917717234187,4.76094633414451,0,0,4.08577754194646,1.46378057929116,1.28080800687977,4.02722631877482,12.7312315883849,15.4776499002799,14.8079702852542,2.66774010575815,0,3.22946590306113,0,0
0,1.59245421694126,12.5130152508115,0,37.3246769155387,0,0.612482391131255,31.3529736020089,4.28737673791878,0,0.612482391131255,0,0,1.24333925399645,9.84871684939058,0,0,0,0
0,0.528544807724886,0.338810774182619,0,19.8272065051669,0.338810774182619,0,34.9415551414535,0.372691851600881,0,2.71048619346095,7.73504997458919,2.4326613586312,1.17228527867186,0,0,28.226325597154,0,1.37557174318143
0,1.31386861313869,0,0,20.9016745384285,0.8587376556462,0,21.0734220695577,0.08587376556462,0,6.0111635895234,5.48733361957922,1.94933447831687,0.291970802919708,0,0,40.3520824388149,0,1.67453842851009
0.0335270451497541,0,13.8913723737148,79.8502458649978,3.03978542691104,0,1.30755476084041,1.87751452838623,0,0,0,0,0,0,0,0,0,0,0
0,0,17.4201680672269,54.5714285714286,11.3613445378151,0,12.1344537815126,4.51260504201681,0,0,0,0,0,0,0,0,0,0,0
0,0,97.7489978415048,0,0,0,0,0,0,0,0,0,0,2.25100215849522,0,0,0,0,0
0.0894721145243066,0,35.5204294661497,51.5061139278258,7.57530569639129,0,0.507008648971071,4.80167014613779,0,0,0,0,0,0,0,0,0,0,0
0.739025910426498,0,61.1112100436292,6.08850503071855,13.1938384827709,0,8.31804825928234,10.2448579823702,0,0,0,0,0,0.304514290802244,0,0,0,0,0
1.323525814054,0.777968962789598,54.1552839097426,7.56032521385992,11.1117453741835,0.0815481093070857,0.407740546535429,10.9413098257317,0.334347248159051,0,0.652384874456686,1.86174333548077,0.585515424824875,2.67396250417934,0.326192437228343,0,6.8753210956804,0,0.331085323786768
0,12.2392804528185,14.3754361479414,1.68256183608591,16.0967666899279,0,0.0038768705900597,17.0427231139025,2.28735364813523,0,3.48142978987361,2.50445840117857,0.992478871055284,11.0452043110801,1.60890129487478,0.147321082422269,16.492207490114,0,0
0,0,88.0662983425414,0,0,0,0,11.9337016574586,0,0,0,0,0,0,0,0,0,0,0
1.26607369758577,0.195510376958916,35.2974163490047,25.6684455739094,17.0952986022872,0.0670902160101652,3.9700127064803,12.5309614570097,0.190766624311732,0,0.203303684879288,0.432698009318086,0.121643371452774,1.1703515459551,0.0677678949597628,0,1.65387547649301,0,0.0687844133841592
1.26516273754603,0.195369704152029,35.3365217759343,25.6499767215474,17.0904473695349,0.0670419435391713,3.9671562195793,12.5219452321497,0.190629364709866,0,0.203157404664155,0.432386676260211,0.121555847124053,1.16950945951665,0.0677191348880518,0,1.6526854869429,0,0.0687349219113726
0,1.06382978723404,0,0,18.6274509803922,0.695313586427479,0,31.0527047698512,0.0695313586427479,0,4.86719510499235,4.44305381727159,1.57836184119038,0.236406619385343,0,0,36.0033375052149,0,1.36281462939786
1.38850060572174,0,97.2649333706085,0.722206690895536,0.130463144161774,0,0,0.358773646444879,0,0,0,0,0,0.135122542167552,0,0,0,0,0
0,0,56.5570809248555,32.0989884393064,9.26661849710983,0,2.07731213872832,0,0,0,0,0,0,0,0,0,0,0,0
0,0,0,0,10.8396178984414,0,0,30.8597285067873,1.00553041729512,0,1.00553041729512,16.5309200603318,4.93715434891906,1.00553041729512,0,0,31.7043740573152,0,2.11161387631976
0,0,91.0569105691057,0,3.65853658536585,0,0,5.1219512195122,0,0,0,0,0,0.16260162601626,0,0,0,0,0
0,0,95.0495049504951,0,0,0,0,4.95049504950495,0,0,0,0,0,0,0,0,0,0,0
0.500876533934385,0,0,31.1026439125613,51.0929841508354,0,5.17333905763658,11.699044756896,0,0,0,0,0,0.0733426353261064,0,0,0.357768952810275,0,0
0.478308700435261,0,68.8477543406515,5.14660161668341,13.4309083082221,0,1.04749605395322,8.65738747787822,0,0,0,0,0,2.3915435021763,0,0,0,0,0
0.211530485275819,8.96723351306512,17.4782248029863,0.414765657403567,5.18871837411862,0,0,4.63085856491083,1.65906262961427,1.45167980091248,4.56449605972626,14.4296972210701,17.5425134798839,16.7772708419743,3.023641642472,0,3.66030692658648,0,0
0.243767177968322,7.76093752856647,35.5497863990103,2.63390435794772,5.5006063708552,0.0609417944920806,0.121883588984161,6.08260050825457,0.359556587503276,0,2.31517877275414,9.56298639169729,5.29767019519657,13.5095770030044,3.35179869706443,0.426592561444564,7.01257229220372,0,0.209639773052757
0,0,94.1810344827586,0,0,0,0,5.81896551724138,0,0,0,0,0,0,0,0,0,0,0
0.711823603436012,0,7.75838485528259,39.2750451386989,29.6449089018986,0,7.76276194123762,14.0739727526399,0.109427148875636,0,0,0,0,0.554248509055097,0,0,0.109427148875636,0,0
13.1761978361669,0,74.7681607418856,9.38948995363215,0.850077279752705,0,0.231839258114374,1.58423493044822,0,0,0,0,0,0,0,0,0,0,0
0,8.38179952104003,59.1857680465275,3.42114266164899,14.5740677386247,0,0,1.43687991789258,0,0,0,0,0,5.91857680465275,0,0,7.08176530961341,0,0
0,0,0,0,4.44372886813718,0,0,11.3347287071325,1.61004669135405,0,1.61004669135405,26.4691676058606,7.90532925454838,0,0,0,43.7449686040895,0,2.88198357752375
1.29512605042017,0.193949579831933,35.5794957983193,25.4744537815126,17.1431932773109,0.0665546218487395,3.93831932773109,12.4309243697479,0.189243697478992,0,0.201680672268908,0.429243697478992,0.120672268907563,1.16100840336134,0.0672268907563025,0,1.64067226890756,0,0.0682352941176471
0,0,0,0,69.3453964874933,7.45077168706759,0,15.6998403406067,0,0,0,0,0,7.13145290047898,0,0,0.372538584353379,0,0
0,1.99170124481328,12.2821576763485,0,40.0829875518672,0,0,37.4688796680498,0,0,0,0,0,8.17427385892116,0,0,0,0,0
0.607789630364674,2.76296204415778,2.68078640535847,21.6959191267676,34.6052468370131,0,2.04198709997519,12.1604440585463,0,0,0,0,0,21.4013272140908,2.04353758372612,0,0,0,0
1.16696326983108,0.145870408728885,0,25.8351080899729,56.2301251568107,0,2.51334714239869,14.1085859322578,0,0,0,0,0,0,0,0,0,0,0
0,2.32342007434944,12.9925650557621,11.003717472119,40.1486988847584,0,0.929368029739777,10.7527881040892,0,0,0,0,0,19.0613382899628,2.78810408921933,0,0,0,0
0.187816287845852,1.08168269481592,0,7.62395005477975,71.1475922995322,0,0.864302732031372,17.9608020451107,0,0,0,0,0,1.13385388588421,0,0,0,0,0
0.747754400067298,0.0934693000084122,2.22456934020021,23.3149821940984,61.3280118145195,0,1.83386766616505,10.3909820819352,0,0,0,0,0,0.0663632030059727,0,0,0,0,0
0,0,0,11.6315378610461,88.3684621389539,0,0,0,0,0,0,0,0,0,0,0,0,0,0
0.486987972123936,0.998398027626028,6.20524435166637,15.6461240118505,43.55416905315,0,1.5749336388032,16.5657317466732,0.275329916179921,0,0.0104666071620667,0,0,10.1145221266983,4.53901863928292,0,0.0290739087835186,0,0
0,4.12551950280246,5.33038471803866,22.7894917451481,29.0425896976398,0,0.381286460517787,8.95260609295764,0,0,0,0,0,26.8921340603195,2.48598772257597,0,0,0,0
0,0,0,25.8465791292329,68.4174153420871,0,1.31306150656531,4.42294402211472,0,0,0,0,0,0,0,0,0,0,0
0,0,0,2.57931390250193,24.1423781274181,0,0.490069641475368,51.7926231622388,0,0,0,0,0,16.9202992004127,4.07531596595306,0,0,0,0
0,0,0,8.45819236346061,63.8311583695827,0,3.60882874174319,18.8819075237635,0,0,0,0,0,5.21991300144998,0,0,0,0,0
4.6875,0,0,32.984375,52.828125,0,2.078125,7.421875,0,0,0,0,0,0,0,0,0,0,0
0,0,0,0,3.2967032967033,0,0,86.5777080062794,0,0,0,0,0,8.712715855573,1.41287284144427,0,0,0,0
0,0.451691584985772,26.4871945435656,0.0542029901982926,23.7228420434527,0,0.392971678937621,34.6718460635078,0.451691584985772,0,0,0,0,6.31013144225123,7.45742806811509,0,0,0,0
0,0,0,0,100,0,0,0,0,0,0,0,0,0,0,0,0,0,0
1.14016378334255,0.263317270979804,0,33.6914448218659,44.5295836953946,0,3.44945624983543,16.9260341785818,0,0,0,0,0,0,0,0,0,0,0
0.48800242398816,1.00047780535841,6.14329499236677,15.67871668473,43.6111013996201,0,1.54820589914811,16.5626565977928,0.275903460010022,0,0.0104884103066112,0,0,10.1035439173047,4.54847393630039,0,0.02913447307392,0,0
0.500210536375012,1.02550625785778,6.24800289076895,15.9078895893495,44.4366136194637,0,1.51675779955145,16.0019590335037,0.119453262417913,0,0.0107507936176122,0,0,9.85459551632179,4.34839738516809,0,0.0298633156044783,0,0
1.04779189352692,0.241984271022384,0,33.9963702359347,44.6557773744707,0,3.41197822141561,16.6460980036298,0,0,0,0,0,0,0,0,0,0,0
0,0,32.2132097334878,24.8551564310545,29.0845886442642,0,0.405561993047509,11.5295480880649,0,0,0,0,0,1.91193511008111,0,0,0,0,0
0,0,0,0,37.2395833333333,0,0,62.7604166666667,0,0,0,0,0,0,0,0,0,0,0
0.0324675324675325,0.0568181818181818,0,10.1461038961039,67.4431818181818,0,1.6112012987013,19.3952922077922,0,0,0,0,0,1.31493506493506,0,0,0,0,0
0,0,54.3035993740219,0.134138162307176,15.6941649899396,0,0.0111781801922647,27.1294433266264,0,0,0,0,0,2.72747596691259,0,0,0,0,0
0,0,81.2706270627063,0,4.82673267326733,0,0,13.9026402640264,0,0,0,0,0,0,0,0,0,0,0
0.600074516716106,1.01743977759626,5.36520355960621,18.9519653783873,50.3374747431323,0,1.58097244314518,14.3093590129401,0,0,0,0,0,6.97089549030566,0.830789733889343,0,0.0358253442815585,0,0
0,0,0,2.28102189781022,96.5328467153285,0,0,1.18613138686131,0,0,0,0,0,0,0,0,0,0,0
0,0,11.1082001571915,11.0034058160859,62.1692428608855,0,0,15.6929525805606,0,0,0,0,0,0.0261985852763951,0,0,0,0,0
0.443709784661681,0.936161420295153,7.23789996794694,14.4146077208152,40.9415654081203,0,2.1491447659464,17.6670666677263,0.264901363977123,0,0.00953644910317643,0,0,11.3624142050707,4.54650210993936,0,0.0264901363977123,0,0
0,0,65.9698590179873,0,23.869713174526,0,0,9.91735537190083,0,0,0,0,0,0.243072435585805,0,0,0,0,0
0,0,42.9450757575758,1.75189393939394,11.3636363636364,0,6.58143939393939,37.3579545454545,0,0,0,0,0,0,0,0,0,0,0
0,2.36989288084179,13.2524409896673,9.74499952602142,40.5346478339179,0,0.947957152336714,10.9678642525358,0,0,0,0,0,19.338325907669,2.84387145701014,0,0,0,0
0.478315871234512,0.980618926459292,6.27693203916764,15.3960598194679,43.1715055099133,0,1.80903345926605,16.8124459217504,0.270426943318855,0,0.0102802217101149,0,0,10.2790794632582,4.48674565303681,0,0.0285561714169858,0,0
0.645341639710874,0.0798690148157022,4.4806517311609,23.3121680444072,56.7197795615191,0,2.06062058224512,11.5179106265724,0,0,0,0,0,1.05826444630805,0.0455253384449503,0,0.0798690148157022,0,0
0,0,0,0.962250185048113,87.6387860843819,0,0,11.3989637305699,0,0,0,0,0,0,0,0,0,0,0
0,0,0,16.3948138854036,46.6959431200335,0,2.59305729820159,34.3161856963614,0,0,0,0,0,0,0,0,0,0,0
0,0,0,5.72910917319792,86.9742797218236,0,0,7.29661110497847,0,0,0,0,0,0,0,0,0,0,0
0,0.3382949932341,19.8376184032476,0.040595399188092,18.6366711772666,0,0.341677943166441,34.2320703653586,1.0148849797023,0,0,0,0,10.3382949932341,15.2198917456022,0,0,0,0
0.141793690180787,0,0,1.47110953562566,63.9844026940801,0,0,34.4026940801134,0,0,0,0,0,0,0,0,0,0,0
0,0,41.901329128182,0.27033115566569,3.46924983104303,0,0.0225275963054742,49.1777427348502,0,0,0,0,0,5.15881955395359,0,0,0,0,0
0,1.22996187118199,0,5.84641876101841,80.7920954450412,0,0.159895043253659,11.9716288795047,0,0,0,0,0,0,0,0,0,0,0
0,1.44843568945539,0,10.617033603708,45.4663962920046,0,1.44843568945539,41.0196987253766,0,0,0,0,0,0,0,0,0,0,0
0,0.746751215035147,12.2317014663858,0.233620491854571,14.7764961098016,0,0.419265346989007,25.6753092342671,0.625769174610459,0,0.075092300953255,0,0,22.5464633612148,22.6695312988882,0,0,0,0
0.868621064060804,2.50614903942033,3.83123933612533,23.6898668262093,37.0980965676173,0,0.702430809457333,12.2183075184471,0,0,0,0,0,17.1087327439119,1.9765560947506,0,0,0,0
0.505070302770801,1.03546950430742,6.28488377352346,15.985248931814,44.7220907196724,0,1.4705838009631,15.9831381902502,0.0946818358627053,0,0.0108552423282083,0,0,9.64458127410392,4.2332429734921,0,0.0301534509116896,0,0
0,0,7.13266761768902,20.3994293865906,15.6205420827389,0,9.27246790299572,25.1783166904422,0,0,0,0,0,22.3965763195435,0,0,0,0,0
1.31190044075707,0,0,13.689395903552,69.732953072336,0,1.6230230749287,13.6427275084262,0,0,0,0,0,0,0,0,0,0,0
0,7.93674253621046,0,23.7806680461129,17.9130948861957,0,0,7.27165237954478,0,0,0,0,0,41.3094886195684,1.78835353236772,0,0,0,0
0,0,3.17762948840165,17.4451858913251,46.6158245948522,0,3.62249761677788,22.6247219574198,0,0,0,0,0,6.51414045122339,0,0,0,0,0
0,0,0,20.5758371112702,72.2023383440706,0,1.39982502187227,5.82199952278692,0,0,0,0,0,0,0,0,0,0,0
0,4.77515067222995,0,27.5846082522021,28.0482151135837,0,3.75521557719054,10.9874826147427,0,0,0,0,0,22.6703755215577,2.17895224849328,0,0,0,0
0,0,0.924499229583975,0,59.8870056497175,0,3.28710837185413,25.1669234720082,0,0,0,0,0,10.7344632768362,0,0,0,0,0
0.370317618572853,0.348953140578265,2.35721407206951,19.690927218345,52.1079618287993,0,1.54536390827517,17.2197692636377,0,0,0,0,0,4.65033471015525,1.70915823956701,0,0,0,0
0.183592289123857,1.35484309658994,0,7.85876993166287,70.0574575867814,0,0.844864515690341,17.946146261857,0,0,0,0,0,1.75432631829463,0,0,0,0,0
1.72977733048182,0,45.0182412882124,28.8589759718204,19.4175367970814,0,0,4.76160523336269,0,0,0,0,0,0.213863379041389,0,0,0,0,0
0,2.84153005464481,13.224043715847,0,37.103825136612,0,0,30.4918032786885,0,0,0,0,0,16.3387978142076,0,0,0,0,0
0,0,0,0.375469336670838,0,0,0.876095118898623,39.3992490613267,11.9148936170213,0,0,0,0,21.1764705882353,26.2578222778473,0,0,0,0
0,0,25.9581382012807,0.955748829207684,16.9071967886839,0,3.94724266462774,29.3223740800918,0,0,0,0,0,15.3302112204913,7.57908821561694,0,0,0,0
0.371595258444502,2.03188287317454,1.28497640370109,13.9095537140946,48.8253873880569,0,1.36226821745755,17.3609304745271,0,0,0,0,0,13.2347367247594,1.61866894578425,0,0,0,0
0,0,0,0,11.2325174825175,0,0.611888111888112,63.243006993007,0,0,0,0,0,20.1923076923077,4.72027972027972,0,0,0,0
1.2047829884642,0.150597873558025,0,26.3681816812747,55.1158097647661,0,2.59480136140478,14.5658263305322,0,0,0,0,0,0,0,0,0,0,0
2.43404751493951,0,0,12.6803672933975,77.7437691298644,0,0.335228100859933,6.80658796093864,0,0,0,0,0,0,0,0,0,0,0
0,0,0.311368573497466,0,3.72918175235337,0.362056480811006,0,30.0615496017379,0.742215785662563,0,4.46777697320782,5.63359884141926,8.41419261404779,0,0,0,40.8725561187545,0,5.16654598117306
0,0,0,0,0.719786943064853,0.719786943064853,0,6.73720578708702,0.0431872165838912,0,8.88217087742028,11.1998848340891,16.7278485568272,0,0,0,47.4267616785432,0,7.54336716331966
1.09489051094891,0,1.95753151957532,13.271400132714,42.9661579296616,0,0,36.6622428666224,1.85799601857996,0,0,0,0,2.18978102189781,0,0,0,0,0
0,0,0,0,0,0,0,0,0,0,9.49177877428999,1.79372197309417,14.4992526158445,0,0,0,65.321375186846,0,8.89387144992526
0,0,0,0,10.828729281768,0,0,11.0497237569061,6.1878453038674,0,0,0,0,0,0,0,69.8342541436464,0,2.09944751381215
0,0,0,0,1.48305084745763,0.415420405450316,0,23.620804253905,0.440345629777335,0,5.1262878032569,6.46394150880691,9.65437022266534,0,0,0,46.5935526753074,0,5.92804918577601
0,0,1.97316495659037,29.6566692975533,17.9558011049724,0,0,27.9794790844515,1.10497237569061,0,0,0,0,0,0.434096290449882,0,20.5209155485399,0,0.37490134175217
0.97110949259529,1.69944161204176,0,30.6676377761593,45.1347414420976,0,1.44938091769847,15.5717407137655,0,0,0,0,0,4.26074289876184,0.245205146880311,0,0,0,0
0.648802958541491,0.655290988126906,0,33.2641276844222,46.0260818789334,0,1.27814182832674,12.8268344903653,0,0,0,0,0,4.97631869201324,0.324401479270745,0,0,0,0
0.978569331637147,3.00420784812604,0,23.4269497993933,61.5324395733438,0,0,5.91055876308836,0,0,0,0,0,5.14727468441139,0,0,0,0,0
0.372102253699317,0.601565310147228,4.09312479069248,21.243317663694,53.1151160338861,0,2.80317031120152,11.3999727125014,0,0,0,0,0,6.07270878037285,0.298922143805118,0,0,0,0
0.066203243958954,1.75438596491228,0,34.4587884806355,58.0602449520026,0,0.198609731876862,5.16385302879841,0,0,0,0,0,0.297914597815293,0,0,0,0,0
0.307769090001664,0.748627516220263,0,35.1688570953252,58.5759441024788,0,0.0914989186491432,3.49359507569456,0,0,0,0,0,1.61370820163034,0,0,0,0,0
0,10.3076923076923,0,0,67.3846153846154,0,0,0.0769230769230769,0,0,0,0,0,22.2307692307692,0,0,0,0,0
0.571906976744186,0.511627906976744,6.16520930232558,19.4489302325581,46.8293953488372,0,3.06232558139535,20.270511627907,0.0372093023255814,0,0,0,0,2.83720930232558,0.191255813953488,0,0,0,0
5.80172601348901,0,58.5611719486547,7.01283631880484,23.3011821016752,0,0.717963594169265,4.6051200232069,0,0,0,0,0,0,0,0,0,0,0
1.08645041129908,0.155207201614155,0,19.8230637901599,32.9489368306689,0,6.36970355424492,39.1587769672513,0,0,0,0,0,0.457861244761757,0,0,0,0,0
0.736494364554994,0.57649954657339,0.372457572224381,21.9063350174893,46.2261951029926,0,3.69996113486203,24.9630781189273,0,0,0,0,0,1.45355616012437,0.065422982251587,0,0,0,0
0.778411115069469,1.40719629497684,0,32.2230138938368,48.2116138225864,0,1.30744567153545,12.4207338795867,0,0,0,0,0,3.47167794798718,0.17990737442109,0,0,0,0
3.59350294667242,0.718700589334483,0,27.1381342532701,32.9452350150927,0,2.37889895069714,31.3065976714101,0,0,0,0,0,1.91893057352307,0,0,0,0,0
0,8.90629532927183,0,7.13664055700609,66.376559326951,0,0,2.49492312155497,0,0,0,0,0,15.0855816652161,0,0,0,0,0
0,14.501257334451,0,0,59.094719195306,0,0,7.04107292539816,0,0,0,0,0,19.3629505448449,0,0,0,0,0
0,0,54.5752457776657,0.453743382908999,32.5686917065793,0,0.0252079657171666,12.3771111671288,0,0,0,0,0,0,0,0,0,0,0
1.1394063692816,1.81165612715775,0,23.7737138950607,37.628895345525,0,1.70910955392241,7.16686606278129,0,0,0,0,0,25.397367971287,1.37298467498433,0,0,0,0
0,2.4896265560166,0,21.2106419331218,7.6397363924823,0,0,8.03026604832804,0,0,0,0,0,55.7481083719795,4.88162069807176,0,0,0,0
1.12107623318386,2.97085201793722,0,20.6165919282511,15.9641255605381,0,2.17488789237668,8.78923766816143,0,0,0,0,0,45.6614349775785,2.70179372197309,0,0,0,0
0.265632852322493,0.646133965108766,0,36.4060593007395,57.6854045516548,0,0.574341302318903,3.02965036973221,0,0,0,0,0,1.39277765812334,0,0,0,0,0
0.66059983069295,1.19421937356391,0,28.9379005925747,48.9252025637925,0,1.37259644455194,15.8105575039303,0,0,0,0,0,2.94624501148869,0.152678679405007,0,0,0,0
0,0,25.2969643642763,0,74.7030356357237,0,0,0,0,0,0,0,0,0,0,0,0,0,0
0.717685228434727,0.561776476083471,0.480981657051242,21.5217199197101,47.1576635148271,0,3.60546879931324,24.4745180715287,0,0,0,0,0,1.41643417115877,0.0637521618926186,0,0,0,0
0,0,0,24.6815525251012,52.2104001198861,0,0,13.7569309156302,0,0,0,0,0,9.35111643938258,0,0,0,0,0
0.199728369417592,0,23.9114803866741,21.1712071582648,43.0135016377726,0,0.982663577534553,6.14364464328513,0,0,0,0,0,4.57777422705121,0,0,0,0,0
0,0,0,9.79512195121951,78.7121951219512,0,0,5.81463414634146,0,0,0,0,0,5.67804878048781,0,0,0,0,0
0,0,0,0,20.6747404844291,0,0,43.7716262975779,0,0,0,0,0,35.5536332179931,0,0,0,0,0
0,0,0,20.8265802269044,49.0275526742301,0,4.05186385737439,10.8995137763371,0,0,0,0,0,15.194489465154,0,0,0,0,0
1.59821000479463,0.538064034947525,0,32.5715198977146,44.0786319322359,0,1.58222790474668,14.1388311757498,0,0,0,0,0,4.95445101486335,0.538064034947525,0,0,0,0
0,3.53514831369362,0,2.39739943112556,0.0406338886631451,0,0,5.48557496952458,0,0,0,0,0,85.0060950832995,3.53514831369362,0,0,0,0
0,0,26.9980506822612,20.0779727095517,38.1091617933723,0,4.87329434697856,5.4093567251462,0,0,0,0,0,4.53216374269006,0,0,0,0,0
0,0,5.57494667442311,3.26740352918363,85.5245297653675,0,0,5.63312003102579,0,0,0,0,0,0,0,0,0,0,0
0.384566081271632,0.621715164722471,3.01243430329445,20.6563261120369,54.0610178182284,0,2.89706447891296,11.7818228432252,0,0,0,0,0,6.27611844635303,0.308934751954878,0,0,0,0
0,2.68488745980707,0,31.7845659163987,58.2315112540193,0,0,4.93569131832797,0,0,0,0,0,2.36334405144695,0,0,0,0,0
0.611281463893827,0.546852318057262,3.04447599616607,20.7032321954828,49.4370403954836,0,3.19361753745441,19.487828061677,0,0,0,0,0,2.83965494613008,0.13601708565497,0,0,0,0
1.24440019910403,3.82030861124938,0,22.3494275759084,61.2120457939273,0,0,4.82827277252364,0,0,0,0,0,6.54554504728721,0,0,0,0,0
0.573955061969969,0.513460123753225,5.91954173217173,19.5182063624244,46.9970984835189,0,3.0732922316284,20.2531078340945,0.03734255445478,0,0,0,0,2.84736977717698,0.191940729897569,0,0,0,0
1.83244154511471,0.366488309022942,0,28.4175034816389,31.6755845488529,0,3.29839478120648,33.3284468225464,0,0,0,0,0,1.08114051161768,0,0,0,0,0
0.752099683326449,1.35963100647116,0,32.300702189178,48.3942585708385,0,1.39060994079581,12.2745422001928,0,0,0,0,0,3.35433016659782,0.173826242599477,0,0,0,0
0.982996811902232,0,0,24.4952178533475,74.4155154091392,0,0,0.106269925611052,0,0,0,0,0,0,0,0,0,0,0
0.756715853197125,1.22335729600202,0,20.1765670324127,55.7623912220961,0,1.76062555177198,8.09685962920923,0,0,0,0,0,11.6155883465759,0.607895068735023,0,0,0,0
0.720066876923661,0.563640739192664,0.482577801421135,21.5931400488911,46.9823054806146,0,3.61743359805449,24.5557371027599,0,0,0,0,0,1.42113462780712,0.0639637243353472,0,0,0,0
0,0,62.2550497437443,15.1944528188122,22.5504974374435,0,0,0,0,0,0,0,0,0,0,0,0,0,0
0,0.473372781065089,0,1.06508875739645,74.792899408284,0,0,23.6686390532544,0,0,0,0,0,0,0,0,0,0,0
0.229182582123759,1.60427807486631,0,5.65317035905271,54.0488922841864,0,3.78151260504202,32.2383498854087,0,0,0,0,0,2.44461420932009,0,0,0,0,0
0.558093260034422,0.49927015780568,7.33182765557258,19.0851918286723,46.497846783974,0,2.98872194101713,19.9748004734897,0.0363105569313222,0,0,0,0,2.76867996601332,0.186636262626996,0,0,0,0
0.759483947780278,0.440071819720979,12.4452310617093,18.547666979251,44.1099187387382,0,2.71020230501618,18.1031144282747,0.0320052232524348,0,0,0,0,2.6237882022346,0.164506847517515,0,0,0,0
0,0,0,13.7859633827376,41.848299912816,0,5.56887532693984,38.7968613775065,0,0,0,0,0,0,0,0,0,0,0
0,3.40659340659341,0,27.1428571428571,47.8388278388278,0,0,10.6593406593407,0,0,0,0,0,10.952380952381,0,0,0,0,0
0.240480961923848,0,0,38.5170340681363,30.9819639278557,0,0,22.5250501002004,0,0,0,0,0,5.7314629258517,2.00400801603206,0,0,0,0
0,0,0,28.7448905987016,33.9384467420053,0,5.59028612647271,31.3897571531618,0,0,0,0,0,0.336619379658572,0,0,0,0,0
0.730149072102221,3.98539701855796,0,4.74596896866444,21.9957407970794,0,0,13.8424094919379,0,0,0,0,0,53.4529966534834,1.24733799817463,0,0,0,0
0,0,0,0,1.61507402422611,0,0,98.3849259757739,0,0,0,0,0,0,0,0,0,0,0
0,0,0,4.78122794636556,14.1496118560339,0,8.50388143966126,72.5652787579393,0,0,0,0,0,0,0,0,0,0,0
0.599248307913041,0.536087458282649,3.33699822213905,20.3783412869218,48.8030629113253,0,3.16973893515486,19.9202301862075,0.0389881787841926,0,0,0,0,2.95764324256885,0.181684913134338,0,0,0,0
0,0,6.92452095066057,11.7451209577445,57.0608861970035,0,3.40736018134807,19.8314029681578,0,0,0,0,0,1.03070874508554,0,0,0,0,0
0.585298674470649,1.39151890744247,0,18.7725942503013,56.5358351982556,0,1.97681758191312,6.83422275778964,0,0,0,0,0,13.2122568428301,0.691455786997188,0,0,0,0
1.22112050017096,0.244224100034191,0,21.821423338055,30.5939530112832,0,4.71352513065989,40.6852928246959,0,0,0,0,0,0.720461095100865,0,0,0,0,0
0,0,0,3.40136054421769,17.1428571428571,0,3.40136054421769,76.0544217687075,0,0,0,0,0,0,0,0,0,0,0
6.53399668325041,0,0,26.5339966832504,34.0630182421227,0,3.3167495854063,22.4543946932007,0,0,0,0,0,5.40630182421227,1.69154228855721,0,0,0,0
0,0,0,26.2937062937063,29.0909090909091,0,0,17.6223776223776,0,0,0,0,0,26.993006993007,0,0,0,0,0
0.758503510402975,0.440804026544417,12.3780976501138,18.5022280639887,44.1833103580932,0,2.71471163402045,18.1332350206777,0.0320584746577758,0,0,0,0,2.62815375244446,0.164780559740968,0,0,0,0
1.34861766689144,0,0,14.2009440323668,39.3526635198921,0,8.59743762643291,36.5003371544167,0,0,0,0,0,0,0,0,0,0,0
0.788102584855076,0.463688940597231,11.249262313049,18.4538081508085,44.5748393950124,0,2.80911190921814,18.8153169103141,0.033722832043435,0,0,0,0,2.57136594331192,0.173335356703256,0,0,0,0
0,0,0,3.47604917337855,48.2407799915218,0,0,25.2225519287834,0,0,0,0,0,23.0606189063162,0,0,0,0,0
0.820729276585766,0.117247039512252,0.674170477195451,16.5423848047837,43.5971391722359,0,5.3980536991441,32.5043967639817,0,0,0,0,0,0.345878766561144,0,0,0,0,0
0.690111437519726,0.540192769914298,1.79234747141227,21.0863337298793,47.3664085071257,0,3.46694505814659,23.6343441210032,0,0,0,0,0,1.36201412998616,0.0613027750127461,0,0,0,0
0,0,3.55571847507331,1.61290322580645,55.7551319648094,0,0,13.8929618768328,0,0,0,0,0,14.6627565982405,10.5205278592375,0,0,0,0
0.808080808080808,0,9.03434343434344,4.47676767676768,28.210101010101,0,0.808080808080808,38.7070707070707,1.56767676767677,0,0,0,0,11.1919191919192,5.1959595959596,0,0,0,0
0,0.372763419483101,1.1182902584493,7.87773359840954,3.87673956262425,0,10.934393638171,5.66600397614314,0,0,0,0,0,60.7107355864811,9.44333996023857,0,0,0,0
0.676699870073625,0.406019922044175,19.7379818103075,14.2621264616717,33.6265699436986,0,1.06647899523603,14.0279883066262,0.262559549588566,0,0.086617583369424,0,0,12.4891728020788,3.35778475530533,0,0,0,0
0,0,22.1572794899044,2.86928799149841,26.2221041445271,0,0,18.0658873538788,0,0,0,0,0,27.01912858661,3.6663124335813,0,0,0,0
1.07307651035519,0,17.289945273098,19.0095503809422,42.3757913939264,0,0.268269127588797,7.5383624852452,0,0,0.17169224165683,0,0,8.61948706942805,3.65382551775942,0,0,0,0
0,2.1689044252006,50.4409311194089,0.746802256296179,13.509970604592,0,0.842138714546755,14.9996027647573,0.540239930086597,0,0,0,0,12.1156749026774,4.23850003972352,0,0.397235242710733,0,0
0,0,15.6183745583039,0,45.4416961130742,0,0,32.0141342756184,0,0,0,0,0,6.92579505300353,0,0,0,0,0
0,3.02536969203636,56.7222900556234,1.27526794193461,12.650929317596,0,1.43806810473477,6.16605616605617,0,0,0,0,0,12.1014787681454,6.62053995387329,0,0,0,0
0.337566416192386,0.571162376197517,35.8974878307307,8.36354552758255,23.6397761259528,0,0.742646115623249,17.2185877571412,0.425333684402406,0,0.0432085012726254,0,0,9.53692639026728,3.15624599139881,0,0.0675132832384772,0,0
0,0,61.134163208852,0,32.5726141078838,0,0,0,0,0,0,0,0,6.29322268326418,0,0,0,0,0
0.616787342451059,0,9.09984803790114,0.893894699204434,26.9956199159739,0,0,42.531509788147,1.7341557164566,0,0,0,0,12.3804415839814,5.74774291588451,0,0,0,0
0.322172362213784,0,9.73420780117363,14.0375100678863,54.8498446668968,0,0,13.2435853181452,0,0,0.736393970774364,0,0,6.76561960648947,0.310666206420435,0,0,0,0
0,0,11.5859766277129,0,25.1585976627713,0,0,44.974958263773,0,0,0,0,0,6.89482470784641,11.3856427378965,0,0,0,0
0,0,16.6942148760331,0,0,0,0,47.2176308539945,0,0,0,0,0,11.4600550964187,24.6280991735537,0,0,0,0
0,0,13.5384615384615,0,10.0769230769231,0,0,57.6153846153846,7.23076923076923,0,0,0,0,0,11.5384615384615,0,0,0,0
0.301469967561831,0.570381178626985,37.1320559045908,7.46921991631194,22.4040421093251,0,0.844115909173128,16.5012601444644,0.452807891277871,0,0.0385881558479144,0,0,10.9909920773693,3.23477275193845,0,0.0602939935123663,0,0
0.305043590729115,0.577142473659486,36.4868739742909,7.55776000390456,22.5707853652287,0,0.854122054041523,16.6968659821489,0.458175473275131,0,0.0390455796133267,0,0,11.1200590564392,3.27311772852341,0,0.061008718145823,0,0
0,5.12292267545667,50.8171954401868,2.58206290344733,20.7663782447466,0,2.6919379206153,2.18376596621343,0,0,0,0,0,14.0640021975003,1.77173465183354,0,0,0,0
4.94223363286264,0,45.6354300385109,36.1039794608472,13.0616174582798,0,0,0.256739409499358,0,0,0,0,0,0,0,0,0,0,0
0,0.954016409082236,14.9875977866819,6.49685174585003,17.5157412707499,0,4.41709597405075,14.5392100744133,0,0,0,0,0,36.9681358519367,4.12135088723526,0,0,0,0
0,0.279589934762349,46.5051258154706,2.28331780055918,24.5806150978565,0,0,17.614165890028,0,0,0,0,0,7.71202236719478,1.02516309412861,0,0,0,0
0,0,81.8874458874459,2.87445887445887,4.93506493506494,0,0,9.73160173160173,0,0,0,0,0,0.571428571428571,0,0,0,0,0
0,0.408858603066439,59.6592844974446,3.33901192504259,15.3321976149915,0,0,15.0255536626917,0,0,0,0,0,4.73594548551959,1.49914821124361,0,0,0,0
0.66744535291173,0.500584014683798,21.2114133155348,15.6766227265143,35.3295511430002,0,1.14800600700818,9.23410645753379,0,0,0.106791256465877,0,0,13.058568329718,3.0669113966294,0,0,0,0
0,0,75.4728877679697,1.32408575031526,15.6368221941992,0,0,3.34174022698613,0,0,0,0,0,4.22446406052963,0,0,0,0,0
0,0,38.0223028348784,0,25.1377132876528,0,0,32.701867526535,0,0,0,0,0,1.66599489453177,2.47212145640199,0,0,0,0
0.581375068311571,0.348825040986942,21.2946060021162,13.4855760845552,32.0058602606886,0,0.916247107659035,16.179668151111,0.225573526504889,0,0.074416008743881,0,0,11.2100740671837,3.677778682139,0,0,0,0
0,0,27.1794871794872,0,25.5555555555556,0,0,39.5441595441595,0,0,0,0,0,2.47863247863248,5.24216524216524,0,0,0,0
0.315214787356104,0.583777786183505,36.2944610457566,7.80976157153484,22.6614214926051,0,0.882601404597092,16.9970117638159,0.473452610608869,0,0.0403474927815814,0,0,10.5968907213375,3.28201636595176,0,0.0630429574712209,0,0
0,0,0,10.8035313481969,75.7144994762831,0,0,13.48196917552,0,0,0,0,0,0,0,0,0,0,0
0,0,0,11.5640230394329,68.4758529020824,0,0,19.9601240584847,0,0,0,0,0,0,0,0,0,0,0
0,0,0,0,60.6269592476489,0,0,33.6677115987461,0,0,0,0,0,5.70532915360502,0,0,0,0,0
0,0,1.31535181881407,13.4498503220344,65.9822805479121,0,0.604759456926008,17.6982855069396,0,0,0,0,0,0.949472347373832,0,0,0,0,0
0,0.507384468794664,1.03620771796093,16.5578847070033,66.5292996665079,0,0.476417341591234,14.1448308718437,0,0,0,0,0,0.747975226298237,0,0,0,0,0
0,0,5.47445255474453,29.0208910143468,55.5625471935565,0,1.25849484017116,8.11729171910395,0,0,0,0,0,0.56632267807702,0,0,0,0,0
0,0,8.64295648718458,43.6518974766541,32.9028412477648,0,1.98688654877806,12.8154182396185,0,0,0,0,0,0,0,0,0,0,0
0,0,2.08413185128402,15.7771176696052,55.9505557684937,0,0.958221540820238,23.7255653507091,0,0,0,0,0,1.50440781908777,0,0,0,0,0
0,3.79067427037907,0,16.6051660516605,76.7527675276753,0,0,2.85139215028514,0,0,0,0,0,0,0,0,0,0,0
11.1698817672682,0,0,34.9719975108899,53.8581207218419,0,0,0,0,0,0,0,0,0,0,0,0,0,0
0,0,0,3.23760746295958,56.5666727638559,0,0.914578379367112,37.3239436619718,0,0,0,0,0,1.95719773184562,0,0,0,0,0
0,0,0,2.53201396973225,56.8975552968568,0,0,40.3667054714785,0,0,0,0,0,0.20372526193248,0,0,0,0,0
0,0.291229607484343,1.12110512615654,16.1671090951264,65.7921187598258,0,0.515450632715652,15.3037292853277,0,0,0,0,0,0.809257493363573,0,0,0,0,0
0,5.9364195969306,1.6864828400371,0,48.4273547516654,0,0,12.8425668268825,0,0,0,0,0,26.0224302217725,5.08474576271186,0,0,0,0
0,6.45398644032165,2.71193567036317,1.02485941031166,45.5878488463762,0,0.525568928364955,13.7331160981763,0,0,0,0,0,25.3692121721764,4.06790350554475,0,0.525568928364955,0,0
0.601684717208183,3.69434416365824,17.9332129963899,3.82069795427196,38.2310469314079,0,0.601684717208183,16.4139590854392,0,0,0,0,0,16.0740072202166,2.32851985559567,0,0.300842358604091,0,0
0,0,21.5540180947312,5.21554018094731,45.5029270888771,0,0.106439595529537,27.4614156466205,0,0,0,0,0,0.159659393294305,0,0,0,0,0
0,9.86574450772986,0,39.8087876322213,42.2701383238405,0,0.854353132628153,5.34987794955248,0,0,0,0,0,1.85109845402767,0,0,0,0,0
0,0,6.03566529492455,0,12.7114769090078,0,0.502972107910379,49.2455418381344,0.914494741655236,0,0,0,0,30.5898491083676,0,0,0,0,0
0,0,25.2577319587629,17.7319587628866,48.0412371134021,0,0,8.96907216494845,0,0,0,0,0,0,0,0,0,0,0
0,1.64046479835953,0,0,50.9911141490089,0,0,10.8339029391661,0,0,0,0,0,32.7067669172932,3.82775119617225,0,0,0,0
0,0,23.3913970849627,0,30.7500888730892,0,0,28.2260931389975,0,0,0,0,0,16.2460007109847,1.38642019196587,0,0,0,0
0.181106925528832,1.41806722689076,24.1542306577804,11.0819327731092,28.4998913358447,0,3.93726456099681,18.7726383656911,0.0905534627644161,0,0,0,0,9.62402202260215,2.14973920602724,0,0.0905534627644161,0,0
0.304553068372164,2.25216994061215,25.2748591442059,4.00487284909395,28.7817877265113,0,3.78407187452414,16.6179381757271,0.0304553068372164,0,0,0,0,15.1819704583524,3.61504492157758,0,0.152276534186082,0,0
0,12.3207147895603,0,4.58499882435927,33.3176581236774,0,2.35128144838937,4.70256289677874,0,0,0,0,0,38.7020926404891,4.02069127674583,0,0,0,0
0.351629804142199,2.48250641724393,24.601779246809,4.41647034002602,29.8604029677556,0,2.90270403319385,15.2677660958543,0,0,0,0,0,15.7670804177362,4.1738457751679,0,0.1758149020711,0,0
0.0649651972157773,5.69837587006961,4.78886310904872,1.77262180974478,45.1415313225058,0,0.464037122969838,15.614849187935,0,0,0,0,0,22.3990719257541,3.59164733178654,0,0.464037122969838,0,0
0,0,0,9.78473581213307,79.5499021526419,0,0,10.665362035225,0,0,0,0,0,0,0,0,0,0,0
0,0,24.1379310344828,25.4029789838808,25.1377269944909,0,0,24.1583350336666,0,0,0,0,0,1.16302795347888,0,0,0,0,0
0.218393063836293,1.61501670706938,25.8064163882155,9.17687654240101,26.6625171984538,0,4.36021751949158,17.8099543558497,0.109196531918146,0,0,0,0,11.5398894931097,2.59232566773679,0,0.109196531918146,0,0
0,4.57097032878909,0,0,54.8356054530874,0,0,18.1716118684844,0,0,0,0,0,20.5773857257418,1.84442662389735,0,0,0,0
0,6.4584131851284,3.83288616328095,0,38.731314679954,0,0,7.07167497125335,0,0,0,0,0,34.5534687619778,9.35224223840552,0,0,0,0
0.238140598209183,1.76104972375691,25.7537149933321,6.78343493998857,27.4445132406173,0,4.47942465231473,17.9593732139455,0.119070299104591,0,0,0,0,12.5154791388836,2.826728900743,0,0.119070299104591,0,0
2.04518893650175,0,39.5208414491624,4.01246591351772,31.2037397740553,0,0,16.010907674328,0,0,0,0,0,7.20685625243475,0,0,0,0,0
0.201865234769268,1.49279341111874,26.6603415559772,10.9118252654528,26.3958980984295,0,4.03831402155921,17.0343978360047,0.100932617384634,0,0,0,0,10.6665590052081,2.39614033671121,0,0.100932617384634,0,0
0.48151001540832,3.04555084745763,23.319530046225,3.49335516178737,34.6976117103236,0,1.04246918335901,15.8970531587057,0,0,0,0,0,15.4372110939908,2.34495377503852,0,0.24075500770416,0,0
0,2.2090059473237,0,0,80.71367884452,0,0,11.214953271028,0,0,0,0,0,5.86236193712829,0,0,0,0,0
0,1.73211688483406,0,10.5249239719688,24.5405262461986,0,10.5513685045617,8.51513949490943,0,0,0,0,0,25.6247520825069,18.5111728150205,0,0,0,0
0,0,41.052832712334,5.6558708321391,14.3689691411102,0,1.35664469284418,25.9386643737461,0,0,0,0,0,6.58259291105379,5.04442533677271,0,0,0,0
0.225688682376369,0,26.2838809602832,5.95862374156433,38.1214736143379,0,1.26341409447948,25.4541431574289,0,0,0,0,0,1.52450492311096,1.16827082641885,0,0,0,0
0,0,38.175872941726,0.945930164661918,35.5366110008175,0,2.4757678383744,22.8658180544202,0,0,0,0,0,0,0,0,0,0,0
0.0347041471455839,0,2.09960090230783,9.92538608363699,84.3657817109145,0,0,3.57452715599514,0,0,0,0,0,0,0,0,0,0,0
0,0,46.0472972972973,0,9.83108108108108,0,0,20.4391891891892,0,0,0,0,0,17.5675675675676,6.11486486486486,0,0,0,0
0.407794079320548,0,35.6451884897822,4.71876006070919,29.2891198699965,0,0.895307301966917,25.6435021232887,0,0,0,0,0,2.31338821689739,1.0869398580386,0,0,0,0
0,0,16.2673392181589,7.56620428751576,44.0100882723833,0,1.62533277287376,30.5310354490682,0,0,0,0,0,0,0,0,0,0,0
0.668457959237172,0,9.37151844812897,7.11711121305459,58.2148240382725,0,0.661904449832885,23.9661838914739,0,0,0,0,0,0,0,0,0,0,0
0,0.777137127099524,0,29.0172975683129,25.6455251942843,0,8.09726748558536,22.8879418400602,0,0,0,0,0,9.81448984707947,3.76034093757834,0,0,0,0
0,0.916752920301641,0,19.0004435901227,30.2528463699542,0,6.81650155256543,26.9998521366258,0,0,0,0,0,11.5777022031643,4.43590122726601,0,0,0,0
0,11.3553113553114,0,1.83150183150183,31.1355311355311,0,0.183150183150183,17.2161172161172,0,0,0,0,0,33.3333333333333,4.94505494505495,0,0,0,0
0,2.17640320733104,0,54.46735395189,38.9461626575029,0,3.09278350515464,1.1454753722795,0,0,0,0,0,0.171821305841924,0,0,0,0,0
0,0,0,4.69397146801657,39.2544868844915,0,2.899217671422,35.2508053382421,0,0,0,0,0,13.6677404509894,4.23377818683847,0,0,0,0
0,0,0,22.1000549752611,73.5294117647059,0,1.78669598680594,2.58383727322705,0,0,0,0,0,0,0,0,0,0,0
0,0,0,0,37.0005790387956,0,0,56.7458019687319,0,0,0,0,0,6.2536189924725,0,0,0,0,0
0,0,0,1.70299727520436,98.2970027247956,0,0,0,0,0,0,0,0,0,0,0,0,0,0
1.07799619530755,0.672162333544705,77.7045022194039,0,6.98795180722892,0,0,3.42422320862397,0,0,0,0,0,9.0424857324033,1.09067850348763,0,0,0,0
0,0,51.5473887814313,0,0,0,0,21.4700193423598,8.70406189555126,0,0,0,0,0,18.2785299806576,0,0,0,0
2.23127126680426,0.295643442851565,81.0732414793329,0,4.69682601662297,0,0,5.18770569531991,0,0,0,0,0,6.03558877670553,0.479723322362916,0,0,0,0
0,0,62.9602757119536,0,0,0,0,20.6421186286958,4.49845818973336,0,0,0,0,0.18138944313441,11.7177580264829,0,0,0,0
2.1936931322448,0.330300386389131,82.3756699488969,0,5.01682662345756,0,0,3.11604138102954,0,0,0,0,0,6.43150941044497,0.535959117537081,0,0,0,0
1.99401794616152,0.264207377866401,80.0947158524427,0,4.69591226321037,0,0,6.60518444666002,0,0,0,0,0,5.9172482552343,0.428713858424726,0,0,0,0
0,0,52.2408026755853,0,0,0,0,34.180602006689,4.54849498327759,0,0,0,0,0.668896321070234,8.36120401337793,0,0,0,0
11.431870669746,0,80.715935334873,0,1.09699769053118,0,0,2.13625866050808,0,0,0,0,0,4.6189376443418,0,0,0,0,0
1.72191132156694,0.228153250107619,82.811020232458,0,4.05510116229014,0,0,5.70383125269049,0,0,0,0,0,5.10977184674989,0.370210934136892,0,0,0,0
0.857043996699582,0,0,4.10156769849086,62.5189640946475,0,0.0425860371030848,24.3778446141971,0.53232546378856,0,0,0,0,5.97269170370765,1.59697639136568,0,0,0,0
0,0,0,1.73589584624923,34.3725090780267,0,0.0797095031440971,42.9545655832079,1.77132229209105,0,0,0,0,15.0296696483925,4.0563280488885,0,0,0,0
0.92230296254891,0,0,20.6260480715484,57.2666294019005,0,0.931619154089808,20.0950251537172,0,0,0,0,0,0.158375256195267,0,0,0,0,0
0.880392403471261,0.196201735630738,0,11.6236951326877,58.6794113947931,0,0.397434284995598,23.5467236825557,0.251540686706075,0,0,0,0,3.66997861904163,0.754622060118224,0,0,0,0
1.7344078486335,0,0,16.906096706377,59.0399439383322,0,1.75192711983181,20.2697967764541,0,0,0,0,0,0.297827610371409,0,0,0,0,0
1.7888910851947,0,0,0.731369835935956,80.1344139157936,0,0.0691836331290769,13.4611583316861,0,0,0,0,0,3.49871516109903,0.316268037161494,0,0,0,0
0.806885422270038,0,0,4.09359870898332,62.235072619688,0,0.0430338891877353,24.6342119419042,0.537923614846692,0,0,0,0,6.03550295857988,1.61377084454008,0,0,0,0
0.89354097523615,0.11743681388818,0,11.0811845800357,58.9277508297166,0,0.403369925963748,23.8983916262446,0.255297421496043,0,0,0,0,3.65713556293081,0.765892264488129,0,0,0,0
2.24466891133558,0,0,0.650953984287318,78.5858585858586,0,0.15712682379349,16.1616161616162,0,0,0,0,0,2.19977553310887,0,0,0,0,0
0.0463821892393321,0,0,20.5936920222635,43.4601113172542,0,0,35.899814471243,0,0,0,0,0,0,0,0,0,0,0
0,0,0,16.3712200208551,83.6287799791449,0,0,0,0,0,0,0,0,0,0,0,0,0,0
1.00571822648774,0,0,11.6232292175512,57.9796557570185,0,0.454009942243039,24.0539064969397,0.287348064710784,0,0,0,0,3.73408810091664,0.862044194132353,0,0,0,0
1.07877390771891,0,0,10.296077513237,60.8795879407845,0,0.208911140726867,21.9896985196124,0.360191621942874,0,0,0,0,4.10618449014876,1.08057486582862,0,0,0,0
1.01519025417356,0.195518123026019,0,11.7937534466336,58.474958640397,0,0.396049531257833,23.4646814057252,0.250664260289768,0,0,0,0,3.65719155762771,0.751992780869304,0,0,0,0
0,0,0,9.46088794926004,69.1331923890063,0,0.105708245243129,20.7188160676533,0,0,0,0,0,0.581395348837209,0,0,0,0,0
0.901481004507405,0.0051513200257566,0,10.9336767546684,59.2247263361236,0,0.406954282034771,24.0553766902769,0.25756600128783,0,0,0,0,3.44236960721185,0.77269800386349,0,0,0,0
1.50609970380039,0,0,2.88167076660475,78.8091771675285,0,0.0351423264220091,14.0619509011497,0,0,0,0,0,1.99307194136252,0.712887193132185,0,0,0,0
0,0,0,19.8289684660609,37.7338321753073,0,0,37.6269374665954,0,0,0,0,0,4.81026189203634,0,0,0,0,0
0,0,0,75.297410776767,0,0,0,24.702589223233,0,0,0,0,0,0,0,0,0,0,0
0,0,0,29.1032148900169,31.4156796390299,0,2.62267343485618,34.3203609701072,0,0,0,0,0,2.53807106598985,0,0,0,0,0
0,0,0,27.8372900984366,59.1053850607991,0,1.44759698899826,11.6097278517661,0,0,0,0,0,0,0,0,0,0,0
0,0,0,27.0047978067169,31.4941740918437,0,0,41.5010281014393,0,0,0,0,0,0,0,0,0,0,0
0,0,0,47.2801740688596,29.0029438115961,0,4.18533213874312,18.2516318955587,0,0,0,0,0,1.27991808524254,0,0,0,0,0
0,0,0,14.8125,80.5625,0,0,4.625,0,0,0,0,0,0,0,0,0,0,0
0,0,0,20.0851667849539,36.7281760113556,0,0,39.9929027679205,0,0,0,0,0,3.19375443577005,0,0,0,0,0
0,0,0,2.37312887915298,73.0558598028477,0,0,24.5710113179993,0,0,0,0,0,0,0,0,0,0,0
0,0,0,37.4698795180723,39.2771084337349,0,9.39759036144578,0.72289156626506,0,0,0,0,0,13.1325301204819,0,0,0,0,0
0,22.8125,0,6.9375,1.1875,0,0,0.5625,0,0,0,0,0,61.3125,7.1875,0,0,0,0
0,20.4022988505747,0,0,19.5402298850575,0,0,8.47701149425287,0,0,0,0,0,34.3390804597701,17.2413793103448,0,0,0,0
0.95389507154213,55.8028616852146,0,0,37.6788553259141,0,0,3.17965023847377,0,0,0,0,0,2.38473767885533,0,0,0,0,0
0,7.4611662846957,0,12.4777183600713,9.65113318054494,0,4.88922841864018,8.07231983702572,0,0,0,0,0,43.3155080213904,14.1329258976318,0,0,0,0
0,24.1642788920726,0,1.71919770773639,1.62368672397326,0,0,0,0,0,0,0,0,72.4928366762178,0,0,0,0,0
0,0,0,0,24.7720364741641,0,0,10.9422492401216,0,0,0,0,0,64.2857142857143,0,0,0,0,0
0,66.3755458515284,1.31004366812227,0,13.1004366812227,0,0,0.655021834061135,0,0,0,0,0,18.5589519650655,0,0,0,0,0
0,84.9215922798552,0,0,4.82509047044632,0,0,0,0,0,0,0,0,10.2533172496984,0,0,0,0,0
0,26.0495156081808,0,0,73.6275565123789,0,0,0,0,0,0,0,0,0.322927879440258,0,0,0,0,0
0,34.1394025604552,0,32.1479374110953,28.7339971550498,0,0,0,0,0,0,0,0,4.97866287339972,0,0,0,0,0
3.34108076699593,5.33120278907612,30.2004648460198,14.9186519465427,26.1330621731551,0,1.45264381173736,4.7356188262638,0,0,0,0,0,10.9819872167345,2.90528762347472,0,0,0,0
0,45.4222573007103,2.05209155485399,0.315706393054459,34.2541436464088,0,0,14.4435674822415,0,0,0,0,0,3.51223362273086,0,0,0,0,0
0,2.55506607929515,19.647577092511,0,19.1189427312775,0,0,46.6079295154185,0,0,0,0,0,12.0704845814978,0,0,0,0,0
0,0,0,9.22897196261682,56.3084112149533,0,0,0,34.4626168224299,0,0,0,0,0,0,0,0,0,0
0,20.974358974359,0,4.97435897435897,12,0,0,5.12820512820513,0,0,0,0,0,55.1794871794872,1.74358974358974,0,0,0,0
1.82038834951456,0.364077669902913,47.8458737864078,19.6905339805825,6.49271844660194,0,0,9.22330097087379,0,0,0,0,0,9.64805825242718,4.91504854368932,0,0,0,0
0,32.2634085732036,7.47566784013253,2.75419341478567,15.9660385172914,0,0,13.6260095257817,0,0,0,0,0,26.1958997722096,1.71878235659557,0,0,0,0
0,60.7169529499627,0,0,11.4264376400299,0,0,7.31889469753547,0,0,0,0,0,20.537714712472,0,0,0,0,0
0,48.976248976249,0,0,0.491400491400491,0,0,0,0,0,0,0,0,50.5323505323505,0,0,0,0,0
1.1060507482108,0.650618087182824,31.2947299934938,31.9453480806766,1.23617436564737,0,0,19.7787898503578,0,0,0,0,0,4.16395575797007,9.82433311646064,0,0,0,0
0,59.4771241830065,2.87581699346405,0.130718954248366,28.9542483660131,0,0,2.02614379084967,0,0,0,0,0,6.5359477124183,0,0,0,0,0
0,0.956937799043062,0,0,5.26315789473684,0,0,13.7161084529506,0,0,0,0,0,80.0637958532695,0,0,0,0,0
0,34.8547717842324,0,3.63070539419087,15.1452282157676,0,0,2.59336099585062,0,0,0,0,0,34.9585062240664,8.81742738589212,0,0,0,0
0,19.2174913693901,0,0,2.53164556962025,0,0,0.230149597238205,0,0,0,0,0,68.5845799769851,9.4361334867664,0,0,0,0
0,2.78465346534653,0,0,35.6435643564356,0,0,49.7524752475247,0,0,0,0,0,11.8193069306931,0,0,0,0,0
0,0,0,0,50,0,0,49.6546961325967,0,0,0,0,0,0.345303867403315,0,0,0,0,0
0,0,0,0,85.9929078014184,0,0,6.82624113475177,0,0,0,0,0,7.18085106382979,0,0,0,0,0
0,0,0,8.27067669172932,40.9022556390977,0,0,39.6992481203008,0,0,0,0,0,11.1278195488722,0,0,0,0,0
0,0,0,0,73.7299930410578,0,0,22.7905358385525,0,0,0,0,0,3.4794711203897,0,0,0,0,0
0,0,0,0,79.8782961460446,0,0,20.0405679513185,0,0,0,0,0,0.0811359026369168,0,0,0,0,0
0,27.0108695652174,0,26.5760869565217,0.706521739130435,0,0,12.3369565217391,0,0,0,0,0,33.3695652173913,0,0,0,0,0
0,8.92687559354226,0,0,2.08926875593542,0,0,8.54700854700855,0,0,0,0,0,80.4368471035138,0,0,0,0,0
0,0,0,0,47.5848563968668,0,0,52.4151436031332,0,0,0,0,0,0,0,0,0,0,0
0,0,0,0,69.9823943661972,0,0,25.6161971830986,0,0,0,0,0,4.40140845070423,0,0,0,0,0
0,19.5121951219512,0,14.7748592870544,37.8048780487805,0,0,3.65853658536585,0,0,0,0,0,24.249530956848,0,0,0,0,0
0,0,0,0,40.2238805970149,0,0,59.7761194029851,0,0,0,0,0,0,0,0,0,0,0
0,0,0,0,86.6023579849946,0,0,12.6473740621651,0,0,0,0,0,0.7502679528403,0,0,0,0,0
0,0,0,0,43.1444241316271,0,0,39.853747714808,0,0,0,0,0,17.0018281535649,0,0,0,0,0
0,0,0,0,52.4848484848485,0,0,43.6363636363636,0,0,0,0,0,3.87878787878788,0,0,0,0,0
0,0,0,0,70.1879455605962,0,0,18.6649384316267,0,0,0,0,0,11.1471160077771,0,0,0,0,0
0,0,0,0,92.6350245499182,0,0,7.36497545008183,0,0,0,0,0,0,0,0,0,0,0
0,0,0,0,0.343878954607978,0,0,77.6478679504814,0,0,0,0,0,22.0082530949106,0,0,0,0,0
0,0,0,0,71.7440119760479,0,0,24.5134730538922,0,0,0,0,0,3.74251497005988,0,0,0,0,0
0,0,0,0,72.9390681003584,0,0,23.4767025089606,0,0,0,0,0,3.584229390681,0,0,0,0,0
