Standard Parameter Analysis Data of : Alladupalli (APF00B8)
Laboratory : CWC CSRO Chennai 
Period : January-1995 To January-2014 
S.No.,Date_of_Collection,Date_of_Receipt,Discharge(cumecs),pH_FLD,EC_FLD(umho/cm),DO(mg/l),Water Temp(deg C),Colour,Odour,pH_GEN,EC_GEN(umho/cm),TDS(mg/l),SS(mg/l),NH3(mg N/l),NO2+NO3(mg N/l),Total_Nutrients(mg P/l),SiO2(mg/l),BOD(mg/l),COD(mg/l),Phen(mg CaCO3/l),Total_Alkallnity(mg CaCO3/l),Total_Hardness(mg CaCO3/l),Ca_Hardness(mg CaCO3/l),F(mg/l),B(mg/l),Ca_Major_Ions(mg/l),Mg(mg/l),Na(mg/l),K(mg/l),Cl(mg/l),SO4(mg/l),CO3(mg/l),HCO3(mg/l),Total_Coliforms(MPN/100ml),Faecal(MPN/100ml),Chlorophyll-A(ug/L)
1,01/07/1995,02/07/1995,0.6549999713897705,null,null,null,29,null,null,7.8,1302,null,null,.042,.042,null,null,null,null,0,60.55,237.176,125.75,.494,0,50.3,26.742,6.808,.313,96.56,42.576,0,73.871,null,null,null
2,01/07/1995,02/07/1995,0.6549999713897705,null,null,null,29,null,null,7.8,1302,null,null,.042,.042,null,null,null,null,0,60.55,237.176,125.75,.494,0,50.3,26.742,6.808,.313,96.56,42.576,0,73.871,null,null,null
3,01/08/1995,02/08/1995,34.38999938964844,null,null,null,29,null,null,8.29,747,null,null,null,null,null,14,null,null,null,null,null,null,null,null,null,null,null,null,null,null,null,null,null,null,null
4,01/08/1995,02/08/1995,34.38999938964844,null,null,null,29,null,null,8.29,747,null,null,null,null,null,14,null,null,null,null,null,null,null,null,null,null,null,null,null,null,null,null,null,null,null
5,01/09/1995,02/09/1995,168,null,null,null,26.5,null,null,7.9,1303,null,null,.014,.028,null,14.99,null,null,0,121.15,424.629,215.7,.627,0,86.28,50.143,109.25,20.488,285.81,66.96,0,147.803,null,null,null
6,01/09/1995,02/09/1995,168,null,null,null,26.5,null,null,7.9,1303,null,null,.014,.028,null,14.99,null,null,0,121.15,424.629,215.7,.627,0,86.28,50.143,109.25,20.488,285.81,66.96,0,147.803,null,null,null
7,01/10/1995,02/10/1995,73.5,null,null,null,30,null,null,7.86,389,null,null,0,.014,null,7.51,null,null,0,40.3,98.496,78.6,.76,0,31.44,4.775,42.021,10.518,67.592,38.976,0,49.166,null,null,null
8,01/10/1995,02/10/1995,73.5,null,null,null,30,null,null,7.86,389,null,null,0,.014,null,7.51,null,null,0,40.3,98.496,78.6,.76,0,31.44,4.775,42.021,10.518,67.592,38.976,0,49.166,null,null,null
9,01/11/1995,02/11/1995,56,null,null,null,28.5,null,null,7.92,455,null,null,.014,.07,null,11,null,null,0,30.3,136.438,80.75,.703,0,32.3,13.365,29.417,8.406,65.675,47.232,0,36.966,null,null,null
10,01/11/1995,02/11/1995,56,null,null,null,28.5,null,null,7.92,455,null,null,.014,.07,null,11,null,null,0,30.3,136.438,80.75,.703,0,32.3,13.365,29.417,8.406,65.675,47.232,0,36.966,null,null,null
11,01/12/1995,02/12/1995,39.040000915527344,null,null,null,25,null,null,7.86,339,null,null,.056,.056,null,9.02,null,null,0,80.3,114.637,58.95,.494,0,23.58,13.365,42.021,10.518,67.592,41.472,0,97.966,null,null,null
12,01/12/1995,02/12/1995,39.040000915527344,null,null,null,25,null,null,7.86,339,null,null,.056,.056,null,9.02,null,null,0,80.3,114.637,58.95,.494,0,23.58,13.365,42.021,10.518,67.592,41.472,0,97.966,null,null,null
13,01/01/1996,02/01/1996,7.843999862670898,null,null,null,23,null,null,8.35,809,null,null,.056,.042,null,31.52,null,null,0,121.15,154.183,78.6,.513,0,31.44,18.14,77.05,9.11,81.118,36.48,0,147.803,null,null,null
14,01/01/1996,02/01/1996,7.843999862670898,null,null,null,23,null,null,8.35,809,null,null,.056,.042,null,31.52,null,null,0,121.15,154.183,78.6,.513,0,31.44,18.14,77.05,9.11,81.118,36.48,0,147.803,null,null,null
15,01/02/1996,02/02/1996,2.61899995803833,null,null,null,24,null,null,8.21,861,null,null,.028,.056,null,21,null,null,0,121.15,237.028,137.55,.494,0,55.02,23.875,76.153,17.595,147.538,29.472,0,147.803,null,null,null
16,01/02/1996,02/02/1996,2.61899995803833,null,null,null,24,null,null,8.21,861,null,null,.028,.056,null,21,null,null,0,121.15,237.028,137.55,.494,0,55.02,23.875,76.153,17.595,147.538,29.472,0,147.803,null,null,null
17,01/03/1996,02/03/1996,0,null,null,null,24,null,null,8.26,910,null,null,.028,.042,null,22,null,null,0,121.15,209.283,129.7,.513,0,51.88,19.1,110.055,12.121,157.194,33.456,0,147.803,null,null,null
18,01/03/1996,02/03/1996,0,null,null,null,24,null,null,8.26,910,null,null,.028,.042,null,22,null,null,0,121.15,209.283,129.7,.513,0,51.88,19.1,110.055,12.121,157.194,33.456,0,147.803,null,null,null
19,01/04/1996,02/04/1996,null,null,null,null,null,null,null,null,null,null,null,null,null,null,null,null,null,null,null,null,null,null,null,null,null,null,null,null,null,null,null,null,null,null
20,01/05/1996,02/05/1996,null,null,null,null,null,null,null,null,null,null,null,null,null,null,null,null,null,null,null,null,null,null,null,null,null,null,null,null,null,null,null,null,null,null
21,01/06/1996,02/06/1996,null,null,null,null,null,null,null,null,null,null,null,null,null,null,null,null,null,null,null,null,null,null,null,null,null,null,null,null,null,null,null,null,null,null
22,01/07/1996,02/07/1996,6.005000114440918,null,null,null,28,null,null,7.8,904,null,null,.056,.196,null,23.8,null,null,0,127.2,414.467,267.25,.475,0,106.9,35.332,38.41,2.385,182.505,49.872,0,155.184,null,null,null
23,01/07/1996,02/07/1996,6.005000114440918,null,null,null,28,null,null,7.8,904,null,null,.056,.196,null,23.8,null,null,0,127.2,414.467,267.25,.475,0,106.9,35.332,38.41,2.385,182.505,49.872,0,155.184,null,null,null
24,01/08/1996,02/08/1996,1.5230000019073486,null,null,null,26.5,null,null,8.17,804,null,null,.562,.14,null,27.14,null,null,0,55.5,161.887,102.2,.969,0,40.88,14.325,92.851,28.817,204.338,42.48,0,67.71,null,null,null
25,01/08/1996,02/08/1996,1.5230000019073486,null,null,null,26.5,null,null,8.17,804,null,null,.562,.14,null,27.14,null,null,0,55.5,161.887,102.2,.969,0,40.88,14.325,92.851,28.817,204.338,42.48,0,67.71,null,null,null
26,01/09/1996,02/09/1996,54.439998626708984,null,null,null,26.5,null,null,7.7,670,null,null,.014,.21,null,30.53,null,null,0,50.5,304.418,157.2,.76,0,62.88,35.332,6.509,1.017,148.355,45.456,0,61.61,null,null,null
27,01/09/1996,02/09/1996,54.439998626708984,null,null,null,26.5,null,null,7.7,670,null,null,.014,.21,null,30.53,null,null,0,50.5,304.418,157.2,.76,0,62.88,35.332,6.509,1.017,148.355,45.456,0,61.61,null,null,null
28,01/10/1996,02/10/1996,299.5,null,null,null,26,null,null,7.6,261,null,null,.056,.224,null,10.61,null,null,0,30.3,114.441,74.65,1.083,0,29.86,9.55,2.392,1.212,30.885,38.976,0,36.966,null,null,null
29,01/10/1996,02/10/1996,299.5,null,null,null,26,null,null,7.6,261,null,null,.056,.224,null,10.61,null,null,0,30.3,114.441,74.65,1.083,0,29.86,9.55,2.392,1.212,30.885,38.976,0,36.966,null,null,null
30,01/11/1996,02/11/1996,58.4900016784668,null,null,null,27,null,null,8.17,566,null,null,.014,.196,null,26.02,null,null,0,70.65,209.528,110.05,.817,0,44.02,23.875,26.404,.586,92.69,38.976,0,86.193,null,null,null
31,01/11/1996,02/11/1996,58.4900016784668,null,null,null,27,null,null,8.17,566,null,null,.014,.196,null,26.02,null,null,0,70.65,209.528,110.05,.817,0,44.02,23.875,26.404,.586,92.69,38.976,0,86.193,null,null,null
32,01/12/1996,02/12/1996,34,null,null,null,25.5,null,null,8.13,958,null,null,.056,.112,null,26.02,null,null,0,116.1,415.204,208.3,.874,0,83.32,49.657,4.002,.196,188.292,26.784,0,141.642,null,null,null
33,01/12/1996,02/12/1996,34,null,null,null,25.5,null,null,8.13,958,null,null,.056,.112,null,26.02,null,null,0,116.1,415.204,208.3,.874,0,83.32,49.657,4.002,.196,188.292,26.784,0,141.642,null,null,null
34,01/01/1997,02/01/1997,25,null,null,null,23,null,null,8.26,716,null,null,.028,.126,null,25.72,null,null,0,88.85,249.123,125.75,.95,0,50.3,29.61,49.22,.586,128.404,70.272,0,108.397,null,null,null
35,01/01/1997,02/01/1997,25,null,null,null,23,null,null,8.26,716,null,null,.028,.126,null,25.72,null,null,0,88.85,249.123,125.75,.95,0,50.3,29.61,49.22,.586,128.404,70.272,0,108.397,null,null,null
36,01/02/1997,02/02/1997,7.426000118255615,null,null,null,21,null,null,7.89,1110,null,null,.028,.126,null,28.01,null,null,0,60.55,241.224,121.85,.874,0,48.74,28.65,106.743,7.703,259.079,49.968,0,73.871,null,null,null
37,01/02/1997,02/02/1997,7.426000118255615,null,null,null,21,null,null,7.89,1110,null,null,.028,.126,null,28.01,null,null,0,60.55,241.224,121.85,.874,0,48.74,28.65,106.743,7.703,259.079,49.968,0,73.871,null,null,null
38,01/03/1997,02/03/1997,3.2769999504089355,null,null,null,26,null,null,8,1289,null,null,.028,.07,null,57.03,null,null,0,195.55,512.045,261.35,.893,0,104.54,60.167,49.519,2.19,255.884,48.48,0,238.571,null,null,null
39,01/03/1997,02/03/1997,3.2769999504089355,null,null,null,26,null,null,8,1289,null,null,.028,.07,null,57.03,null,null,0,195.55,512.045,261.35,.893,0,104.54,60.167,49.519,2.19,255.884,48.48,0,238.571,null,null,null
40,01/04/1997,02/04/1997,2.61299991607666,null,null,null,28,null,null,8.24,1650,null,null,.042,.097,null,29.03,null,null,0,155.45,553.467,288.85,.874,0,115.54,63.508,107.847,10.987,418.723,46.992,0,189.649,null,null,null
41,01/04/1997,02/04/1997,2.61299991607666,null,null,null,28,null,null,8.24,1650,null,null,.042,.097,null,29.03,null,null,0,155.45,553.467,288.85,.874,0,115.54,63.508,107.847,10.987,418.723,46.992,0,189.649,null,null,null
42,01/05/1997,02/05/1997,2.944000005722046,null,null,null,28.5,null,null,8.27,992,null,null,.056,.252,null,24.52,null,null,0,22.2,415.204,208.3,1.026,0,83.32,49.657,10.005,1.212,231.744,70.032,0,27.084,null,null,null
43,01/05/1997,02/05/1997,2.944000005722046,null,null,null,28.5,null,null,8.27,992,null,null,.056,.252,null,24.52,null,null,0,22.2,415.204,208.3,1.026,0,83.32,49.657,10.005,1.212,231.744,70.032,0,27.084,null,null,null
44,01/06/1997,02/06/1997,0,null,null,null,29.5,null,null,7.8,894,null,null,.028,.056,null,26.5,null,null,0,81.5,294.013,171.5,1.045,0,68.6,29.403,34.04,2.346,155.845,39.984,0,99.43,null,null,null
45,01/06/1997,02/06/1997,0,null,null,null,29.5,null,null,7.8,894,null,null,.028,.056,null,26.5,null,null,0,81.5,294.013,171.5,1.045,0,68.6,29.403,34.04,2.346,155.845,39.984,0,99.43,null,null,null
46,01/07/1997,02/07/1997,0,null,null,null,null,null,null,null,null,null,null,null,null,null,null,null,null,null,null,null,null,null,null,null,null,null,null,null,null,null,null,null,null,null
47,01/07/1997,02/07/1997,0,null,null,null,null,null,null,null,null,null,null,null,null,null,null,null,null,null,null,null,null,null,null,null,null,null,null,null,null,null,null,null,null,null
48,01/08/1997,02/08/1997,null,null,null,null,null,null,null,null,null,null,null,null,null,null,null,null,null,null,null,null,null,null,null,null,null,null,null,null,null,null,null,null,null,null
49,01/09/1997,02/09/1997,29.739999771118164,null,null,null,28,null,null,7.39,546,null,null,.042,.098,null,17.52,null,null,0,60,231.363,121,.285,0,48.4,26.487,7.13,.391,98.335,30.384,0,73.2,null,null,null
50,01/09/1997,02/09/1997,29.739999771118164,null,null,null,28,null,null,7.39,546,null,null,.042,.098,null,17.52,null,null,0,60,231.363,121,.285,0,48.4,26.487,7.13,.391,98.335,30.384,0,73.2,null,null,null
51,01/10/1997,02/10/1997,106.5,null,null,null,26,null,null,7.03,203,null,null,.042,.14,null,19.5,null,null,0,20,97.025,54.5,.266,0,21.8,10.206,12.88,1.173,64.255,6.384,0,24.4,null,null,null
52,01/10/1997,02/10/1997,106.5,null,null,null,26,null,null,7.03,203,null,null,.042,.14,null,19.5,null,null,0,20,97.025,54.5,.266,0,21.8,10.206,12.88,1.173,64.255,6.384,0,24.4,null,null,null
53,01/11/1997,02/11/1997,62.83000183105469,null,null,null,29,null,null,7.09,622,null,null,.014,.168,null,19.5,null,null,0,66.5,229.131,137.5,.323,0,55,21.992,32.2,.782,130.285,24,0,81.13,null,null,null
54,01/11/1997,02/11/1997,62.83000183105469,null,null,null,29,null,null,7.09,622,null,null,.014,.168,null,19.5,null,null,0,66.5,229.131,137.5,.323,0,55,21.992,32.2,.782,130.285,24,0,81.13,null,null,null
55,01/12/1997,02/12/1997,65.45999908447266,null,null,null,28.5,null,null,7.16,560,null,null,.056,.168,null,21,null,null,0,48.5,182.031,98.5,.437,0,39.4,20.048,943,.391,89.46,7.2,0,59.17,null,null,null
56,01/12/1997,02/12/1997,65.45999908447266,null,null,null,28.5,null,null,7.16,560,null,null,.056,.168,null,21,null,null,0,48.5,182.031,98.5,.437,0,39.4,20.048,943,.391,89.46,7.2,0,59.17,null,null,null
57,01/01/1998,02/01/1998,30,null,null,null,27,null,null,7.78,914,null,null,.042,.154,null,28.01,null,null,0,82.5,250.444,133.5,.646,0,53.4,28.066,76.82,9.384,169.335,44.784,0,100.65,null,null,null
58,01/01/1998,02/01/1998,30,null,null,null,27,null,null,7.78,914,null,null,.042,.154,null,28.01,null,null,0,82.5,250.444,133.5,.646,0,53.4,28.066,76.82,9.384,169.335,44.784,0,100.65,null,null,null
59,01/02/1998,02/02/1998,15,null,null,null,27,null,null,7.45,1153,null,null,.028,.252,null,29.51,null,null,0,84.5,262.469,143.5,.551,0,57.4,28.552,84.64,8.211,203.415,43.104,0,103.09,null,null,null
60,01/02/1998,02/02/1998,15,null,null,null,27,null,null,7.45,1153,null,null,.028,.252,null,29.51,null,null,0,84.5,262.469,143.5,.551,0,57.4,28.552,84.64,8.211,203.415,43.104,0,103.09,null,null,null
61,01/03/1998,02/03/1998,2.700000047683716,null,null,null,28.5,null,null,7.96,1383,null,null,.028,.126,null,36.54,null,null,0,136.5,363.756,181,.361,0,72.4,43.861,114.77,13.294,257.73,52.416,0,166.53,null,null,null
62,01/03/1998,02/03/1998,2.700000047683716,null,null,null,28.5,null,null,7.96,1383,null,null,.028,.126,null,36.54,null,null,0,136.5,363.756,181,.361,0,72.4,43.861,114.77,13.294,257.73,52.416,0,166.53,null,null,null
63,01/04/1998,02/04/1998,0,null,null,null,null,null,null,null,null,null,null,null,null,null,null,null,null,null,null,null,null,null,null,null,null,null,null,null,null,null,null,null,null,null
64,01/04/1998,02/04/1998,0,null,null,null,null,null,null,null,null,null,null,null,null,null,null,null,null,null,null,null,null,null,null,null,null,null,null,null,null,null,null,null,null,null
65,01/05/1998,02/05/1998,10.9399995803833,null,null,null,28,null,null,7.6,1180,null,null,.056,.098,null,20.4,null,null,0,86.5,246.988,126.5,1.026,0,50.6,28.917,86.94,6.256,184.245,49.584,0,105.53,null,null,null
66,01/05/1998,02/05/1998,10.9399995803833,null,null,null,28,null,null,7.6,1180,null,null,.056,.098,null,20.4,null,null,0,86.5,246.988,126.5,1.026,0,50.6,28.917,86.94,6.256,184.245,49.584,0,105.53,null,null,null
67,01/06/1998,02/06/1998,0,null,null,null,null,null,null,null,null,null,null,null,null,null,null,null,null,null,null,null,null,null,null,null,null,null,null,null,null,null,null,null,null,null
68,01/06/1998,02/06/1998,0,null,null,null,null,null,null,null,null,null,null,null,null,null,null,null,null,null,null,null,null,null,null,null,null,null,null,null,null,null,null,null,null,null
69,01/07/1998,02/07/1998,0,null,null,null,null,null,null,null,null,null,null,null,null,null,null,null,null,null,null,null,null,null,null,null,null,null,null,null,null,null,null,null,null,null
70,01/07/1998,02/07/1998,0,null,null,null,null,null,null,null,null,null,null,null,null,null,null,null,null,null,null,null,null,null,null,null,null,null,null,null,null,null,null,null,null,null
71,01/08/1998,02/08/1998,12.8100004196167,null,null,null,28,null,null,7.94,614,null,null,.014,.028,null,11.99,null,null,0,75.5,166.175,111.5,1.045,0,44.6,13.122,42.09,2.737,107.21,15.984,0,92.11,null,null,null
72,01/08/1998,02/08/1998,12.8100004196167,null,null,null,28,null,null,7.94,614,null,null,.014,.028,null,11.99,null,null,0,75.5,166.175,111.5,1.045,0,44.6,13.122,42.09,2.737,107.21,15.984,0,92.11,null,null,null
73,01/09/1998,02/09/1998,72.91999816894531,null,null,null,27.5,null,null,8.2,615,null,null,.028,.028,null,12.41,null,null,0,82,184.238,124.5,.665,0,49.8,14.337,44.62,4.301,117.86,18.624,0,100.04,null,null,null
74,01/09/1998,02/09/1998,72.91999816894531,null,null,null,27.5,null,null,8.2,615,null,null,.028,.028,null,12.41,null,null,0,82,184.238,124.5,.665,0,49.8,14.337,44.62,4.301,117.86,18.624,0,100.04,null,null,null
75,01/10/1998,02/10/1998,970,null,null,null,28,null,null,8.27,492,null,null,.028,.126,null,11.3,null,null,0,68,153.931,78.5,.722,0,31.4,18.104,26.45,1.564,82.715,11.184,0,82.96,null,null,null
76,01/10/1998,02/10/1998,970,null,null,null,28,null,null,8.27,492,null,null,.028,.126,null,11.3,null,null,0,68,153.931,78.5,.722,0,31.4,18.104,26.45,1.564,82.715,11.184,0,82.96,null,null,null
77,01/11/1998,02/11/1998,100,null,null,null,26,null,null,7.3,811,null,null,.028,.154,null,10.61,null,null,0,87,216.725,117.5,1.197,0,47,23.814,67.16,1.955,150.875,40.416,0,106.14,null,null,null
78,01/11/1998,02/11/1998,100,null,null,null,26,null,null,7.3,811,null,null,.028,.154,null,10.61,null,null,0,87,216.725,117.5,1.197,0,47,23.814,67.16,1.955,150.875,40.416,0,106.14,null,null,null
79,01/12/1998,02/12/1998,57.5,null,null,null,26,null,null,8.28,616,null,null,.042,.182,null,7.81,null,null,0,65,164.637,113,.76,0,45.2,12.393,43.01,2.346,105.435,17.616,0,79.3,null,null,null
80,01/12/1998,02/12/1998,57.5,null,null,null,26,null,null,8.28,616,null,null,.042,.182,null,7.81,null,null,0,65,164.637,113,.76,0,45.2,12.393,43.01,2.346,105.435,17.616,0,79.3,null,null,null
81,01/01/1999,02/01/1999,19.920000076293945,null,null,null,20,null,null,8.02,895,null,null,.014,.07,null,20.49,null,null,0,89.5,221.325,114,1.007,0,45.6,25.758,66.93,4.301,137.74,42,0,109.19,null,null,null
82,01/01/1999,02/01/1999,19.920000076293945,null,null,null,20,null,null,8.02,895,null,null,.014,.07,null,20.49,null,null,0,89.5,221.325,114,1.007,0,45.6,25.758,66.93,4.301,137.74,42,0,109.19,null,null,null
83,01/02/1999,02/02/1999,16.829999923706055,null,null,null,22.2,null,null,null,891,null,null,.042,.07,null,14.51,null,null,0,80,223.481,144,1.102,0,57.6,19.076,57.27,7.82,136.32,42.384,0,97.6,null,null,null
84,01/02/1999,02/02/1999,16.829999923706055,null,null,null,22.2,null,null,null,891,null,null,.042,.07,null,14.51,null,null,0,80,223.481,144,1.102,0,57.6,19.076,57.27,7.82,136.32,42.384,0,97.6,null,null,null
85,01/03/1999,02/03/1999,4.579999923706055,null,null,null,26.5,null,null,null,960,null,null,.028,.084,null,18,null,null,0,94,231.169,136.5,.988,0,54.6,22.721,71.3,9.775,153.36,47.184,0,114.68,null,null,null
86,01/03/1999,02/03/1999,4.579999923706055,null,null,null,26.5,null,null,null,960,null,null,.028,.084,null,18,null,null,0,94,231.169,136.5,.988,0,54.6,22.721,71.3,9.775,153.36,47.184,0,114.68,null,null,null
87,01/04/1999,02/04/1999,0.8519999980926514,null,null,null,29,null,null,null,1032,null,null,.014,.098,null,18,null,null,0,102.5,237.175,142,1.045,0,56.8,22.842,91.08,11.73,183.18,39.984,0,125.05,null,null,null
88,01/04/1999,02/04/1999,0.8519999980926514,null,null,null,29,null,null,null,1032,null,null,.014,.098,null,18,null,null,0,102.5,237.175,142,1.045,0,56.8,22.842,91.08,11.73,183.18,39.984,0,125.05,null,null,null
89,01/05/1999,02/05/1999,2.7179999351501465,null,null,null,31,null,null,null,1365,null,null,.042,.056,null,14.51,null,null,0,122,285.7,148,.969,0,59.2,33.048,107.64,16.422,246.725,13.584,0,148.84,null,null,null
90,01/05/1999,02/05/1999,2.7179999351501465,null,null,null,31,null,null,null,1365,null,null,.042,.056,null,14.51,null,null,0,122,285.7,148,.969,0,59.2,33.048,107.64,16.422,246.725,13.584,0,148.84,null,null,null
91,01/06/1999,02/06/1999,2.1040000915527344,null,null,null,29,null,null,7.92,981,null,null,0,0,null,29,null,null,0,72,165.981,86.5,1.045,0,34.6,19.076,105.11,8.602,192.055,40.272,0,87.84,null,null,null
92,01/06/1999,02/06/1999,2.1040000915527344,null,null,null,29,null,null,7.92,981,null,null,0,0,null,29,null,null,0,72,165.981,86.5,1.045,0,34.6,19.076,105.11,8.602,192.055,40.272,0,87.84,null,null,null
93,01/07/1999,02/07/1999,3.428999900817871,null,null,null,28,null,null,7.64,1020,null,null,.014,.056,null,15.3,null,null,0,90,196.337,128.5,.323,0,51.4,16.281,125.12,12.121,241.045,20.496,0,109.8,null,null,null
94,01/07/1999,02/07/1999,3.428999900817871,null,null,null,28,null,null,7.64,1020,null,null,.014,.056,null,15.3,null,null,0,90,196.337,128.5,.323,0,51.4,16.281,125.12,12.121,241.045,20.496,0,109.8,null,null,null
95,01/08/1999,02/08/1999,null,null,null,null,null,null,null,null,null,null,null,null,null,null,null,null,null,null,null,null,null,null,null,null,null,null,null,null,null,null,null,null,null,null
96,01/09/1999,02/09/1999,163.6999969482422,null,null,null,26,null,null,7.74,455,null,null,.014,.084,null,26.5,null,null,0,45,111.525,69,.266,0,27.6,10.206,54.51,3.128,104.37,22.272,0,54.9,null,null,null
97,01/09/1999,02/09/1999,163.6999969482422,null,null,null,26,null,null,7.74,455,null,null,.014,.084,null,26.5,null,null,0,45,111.525,69,.266,0,27.6,10.206,54.51,3.128,104.37,22.272,0,54.9,null,null,null
98,01/10/1999,02/10/1999,42.650001525878906,null,null,null,28,null,null,8.2,714,null,null,.028,.084,null,28.01,null,null,0,60,169.981,90.5,.684,0,36.2,19.076,83.49,3.128,149.455,50.976,0,73.2,null,null,null
99,01/10/1999,02/10/1999,42.650001525878906,null,null,null,28,null,null,8.2,714,null,null,.028,.084,null,28.01,null,null,0,60,169.981,90.5,.684,0,36.2,19.076,83.49,3.128,149.455,50.976,0,73.2,null,null,null
100,01/11/1999,02/11/1999,41.81999969482422,null,null,null,27,null,null,7.48,673,null,null,.028,.112,null,20.31,null,null,0,55,164.95,88,.722,0,35.2,18.468,68.54,5.474,134.9,49.488,0,67.1,null,null,null
101,01/11/1999,02/11/1999,41.81999969482422,null,null,null,27,null,null,7.48,673,null,null,.028,.112,null,20.31,null,null,0,55,164.95,88,.722,0,35.2,18.468,68.54,5.474,134.9,49.488,0,67.1,null,null,null
102,01/12/1999,02/12/1999,63.779998779296875,null,null,null,23.5,null,null,7.81,981,null,null,.056,.07,null,21.82,null,null,0,74,184.019,101.5,.76,0,40.6,19.805,82.34,11.339,157.975,48.48,0,90.28,null,null,null
103,01/12/1999,02/12/1999,63.779998779296875,null,null,null,23.5,null,null,7.81,981,null,null,.056,.07,null,21.82,null,null,0,74,184.019,101.5,.76,0,40.6,19.805,82.34,11.339,157.975,48.48,0,90.28,null,null,null
104,01/01/2000,02/01/2000,76.19999694824219,null,null,null,null,null,null,null,null,null,null,null,null,null,null,null,null,null,null,null,null,null,null,null,null,null,null,null,null,null,null,null,null,null
105,01/01/2000,02/01/2000,76.19999694824219,null,null,null,null,null,null,null,null,null,null,null,null,null,null,null,null,null,null,null,null,null,null,null,null,null,null,null,null,null,null,null,null,null
106,01/02/2000,02/02/2000,54.34000015258789,null,null,null,23,null,null,7.81,1061,null,null,.042,1.121,null,2.19,null,null,0,102,196.675,101.5,.627,0,40.6,22.842,109.94,11.73,193.475,25.008,0,124.44,null,null,null
107,01/02/2000,02/02/2000,54.34000015258789,null,null,null,23,null,null,7.81,1061,null,null,.042,1.121,null,2.19,null,null,0,102,196.675,101.5,.627,0,40.6,22.842,109.94,11.73,193.475,25.008,0,124.44,null,null,null
108,01/03/2000,02/03/2000,0,null,null,null,null,null,null,null,null,null,null,null,null,null,null,null,null,null,null,null,null,null,null,null,null,null,null,null,null,null,null,null,null,null
109,01/03/2000,02/03/2000,0,null,null,null,null,null,null,null,null,null,null,null,null,null,null,null,null,null,null,null,null,null,null,null,null,null,null,null,null,null,null,null,null,null
110,01/04/2000,02/04/2000,null,null,null,null,null,null,null,null,null,null,null,null,null,null,null,null,null,null,null,null,null,null,null,null,null,null,null,null,null,null,null,null,null,null
111,01/05/2000,02/05/2000,1.652999997138977,null,null,null,29,null,null,7.92,842,null,null,.14,.056,null,2.19,null,null,0,78,148.85,80,.988,0,32,16.524,95.22,8.993,178.92,4.992,0,95.16,null,null,null
112,01/05/2000,02/05/2000,1.652999997138977,null,null,null,29,null,null,7.92,842,null,null,.14,.056,null,2.19,null,null,0,78,148.85,80,.988,0,32,16.524,95.22,8.993,178.92,4.992,0,95.16,null,null,null
113,01/06/2005,02/06/2005,1.0770000219345093,null,null,null,null,null,null,null,null,null,null,null,null,null,null,null,null,null,null,null,null,null,null,null,null,null,null,null,null,null,null,null,null,null
114,01/06/2005,02/06/2005,1.0770000219345093,null,null,null,null,null,null,null,null,null,null,null,null,null,null,null,null,null,null,null,null,null,null,null,null,null,null,null,null,null,null,null,null,null
115,01/07/2005,02/07/2005,0,null,null,null,null,null,null,null,null,null,null,null,null,null,null,null,null,null,null,null,null,null,null,null,null,null,null,null,null,null,null,null,null,null
116,01/07/2005,02/07/2005,0,null,null,null,null,null,null,null,null,null,null,null,null,null,null,null,null,null,null,null,null,null,null,null,null,null,null,null,null,null,null,null,null,null
117,01/08/2005,02/08/2005,3.2269999980926514,null,null,null,null,null,null,null,null,null,null,null,null,null,null,null,null,null,null,null,null,null,null,null,null,null,null,null,null,null,null,null,null,null
118,01/08/2005,02/08/2005,3.2269999980926514,null,null,null,null,null,null,null,null,null,null,null,null,null,null,null,null,null,null,null,null,null,null,null,null,null,null,null,null,null,null,null,null,null
119,01/09/2005,02/09/2005,248.5,6,235,5.94,25,Brown,odour free,7.3,475,null,null,null,null,.002,null,null,null,0,64.5,128.5,88,null,null,35.2,9.72,46,null,47.57,5.904,0,78.69,null,null,null
120,01/09/2005,02/09/2005,248.5,6,235,5.94,25,Brown,odour free,7.3,475,null,null,null,null,.002,null,null,null,0,64.5,128.5,88,null,null,35.2,9.72,46,null,47.57,5.904,0,78.69,null,null,null
121,01/10/2005,02/10/2005,298,7,460,5.64,24,Brown,odour free,7.67,465,null,null,null,null,null,null,3.9,null,0,127,114.475,76,.361,null,30.4,9.234,42.55,null,39.05,44.976,0,154.94,null,null,null
122,01/10/2005,02/10/2005,298,7,460,5.64,24,Brown,odour free,7.67,465,null,null,null,null,null,null,3.9,null,0,127,114.475,76,.361,null,30.4,9.234,42.55,null,39.05,44.976,0,154.94,null,null,null
123,02/11/2005,03/11/2005,623.9000244140625,7,460,5.64,23.5,Brown,odour free,7.4,501,null,null,null,null,null,null,2.71,null,0,123,138.825,72,null,null,28.8,16.038,38.41,null,58.22,null,0,150.06,null,null,null
124,02/11/2005,03/11/2005,623.9000244140625,7,460,5.64,23.5,Brown,odour free,7.4,501,null,null,null,null,null,null,2.71,null,0,123,138.825,72,null,null,28.8,16.038,38.41,null,58.22,null,0,150.06,null,null,null
125,01/12/2005,02/12/2005,116.5,7,460,5.54,21,Clear,odour free,7.77,647,null,null,null,null,null,null,1.97,null,0,164.5,165.175,70,null,null,28,22.842,41.86,null,61.06,null,0,200.69,null,null,null
126,01/12/2005,02/12/2005,116.5,7,460,5.54,21,Clear,odour free,7.77,647,null,null,null,null,null,null,1.97,null,0,164.5,165.175,70,null,null,28,22.842,41.86,null,61.06,null,0,200.69,null,null,null
127,02/01/2006,03/01/2006,22.540000915527344,7,450,5.53,19,Clear,odour free,7.54,778,null,null,null,null,null,null,2.93,null,0,164.5,161.1,72,null,null,28.8,21.384,46.69,null,80.23,null,0,200.69,null,null,null
128,02/01/2006,03/01/2006,22.540000915527344,7,450,5.53,19,Clear,odour free,7.54,778,null,null,null,null,null,null,2.93,null,0,164.5,161.1,72,null,null,28.8,21.384,46.69,null,80.23,null,0,200.69,null,null,null
129,01/02/2006,02/02/2006,42.099998474121094,7,455,5.74,19,Clear,odour free,7.85,789,null,null,null,null,null,null,2.93,null,0,160.5,167.325,60,null,null,24,25.758,97.29,null,78.1,79.824,0,195.81,null,null,null
130,01/02/2006,02/02/2006,42.099998474121094,7,455,5.74,19,Clear,odour free,7.85,789,null,null,null,null,null,null,2.93,null,0,160.5,167.325,60,null,null,24,25.758,97.29,null,78.1,79.824,0,195.81,null,null,null
131,01/03/2006,02/03/2006,9.107999801635742,7,460,5.53,24,Clear,odour free,7.92,972,null,null,null,null,null,null,null,null,0,287.5,209.375,98,null,null,39.2,26.73,126.04,null,204.125,74.928,0,350.75,null,null,null
132,01/03/2006,02/03/2006,9.107999801635742,7,460,5.53,24,Clear,odour free,7.92,972,null,null,null,null,null,null,null,null,0,287.5,209.375,98,null,null,39.2,26.73,126.04,null,204.125,74.928,0,350.75,null,null,null
133,01/04/2006,02/04/2006,4.189000129699707,7,466,5.59,28,Clear,odour free,7.98,1580,null,null,null,null,null,null,1.82,null,0,166.5,158.95,82,null,null,32.8,18.468,136.85,null,131.35,null,0,203.13,null,null,null
134,01/04/2006,02/04/2006,4.189000129699707,7,466,5.59,28,Clear,odour free,7.98,1580,null,null,null,null,null,null,1.82,null,0,166.5,158.95,82,null,null,32.8,18.468,136.85,null,131.35,null,0,203.13,null,null,null
135,01/05/2006,02/05/2006,3.9119999408721924,7,467,5.6,26,Clear,odour free,8.13,2040,null,null,null,null,null,null,1.09,null,0,175,165.05,80,null,null,32,20.412,142.6,null,135.255,257.856,0,213.5,null,null,null
136,01/05/2006,02/05/2006,3.9119999408721924,7,467,5.6,26,Clear,odour free,8.13,2040,null,null,null,null,null,null,1.09,null,0,175,165.05,80,null,null,32,20.412,142.6,null,135.255,257.856,0,213.5,null,null,null
137,01/06/2006,01/06/2006,7.853000164031982,6,468,5.6,30,Clear,odour free,8.24,2400,null,null,null,null,null,null,null,null,0,null,181.15,88,0,null,35.2,22.356,170.085,null,164.01,408.96,0,218.38,null,null,null
138,01/06/2006,01/06/2006,7.853000164031982,6,468,5.6,30,Clear,odour free,8.24,2400,null,null,null,null,null,null,null,null,0,null,181.15,88,0,null,35.2,22.356,170.085,null,164.01,408.96,0,218.38,null,null,null
139,01/07/2006,01/07/2006,9.430999755859375,7,468,5.7,27,Clear,odour free,7.64,1540,null,null,null,null,null,null,null,null,0,null,176.85,108,null,null,43.2,16.524,83.444,null,89.709,92.928,0,188.063,null,null,null
140,01/07/2006,01/07/2006,9.430999755859375,7,468,5.7,27,Clear,odour free,7.64,1540,null,null,null,null,null,null,null,null,0,null,176.85,108,null,null,43.2,16.524,83.444,null,89.709,92.928,0,188.063,null,null,null
141,01/08/2006,02/08/2006,59.92599868774414,7,383,6.14,26,Light Brown,odour free,7.62,436,null,null,null,null,null,null,null,null,0,null,157.2,60,null,null,24,23.328,75.624,null,55.309,49.104,0,162.687,null,null,null
142,01/08/2006,02/08/2006,59.92599868774414,7,383,6.14,26,Light Brown,odour free,7.62,436,null,null,null,null,null,null,null,null,0,null,157.2,60,null,null,24,23.328,75.624,null,55.309,49.104,0,162.687,null,null,null
143,01/09/2006,02/09/2006,127.5989990234375,8,395,5.74,26,Light Brown,odour free,7.83,343,null,null,null,null,null,null,null,null,0,null,124.65,72,null,null,28.8,12.636,71.622,null,43.842,28.944,0,149.999,null,null,null
144,01/09/2006,02/09/2006,127.5989990234375,8,395,5.74,26,Light Brown,odour free,7.83,343,null,null,null,null,null,null,null,null,0,null,124.65,72,null,null,28.8,12.636,71.622,null,43.842,28.944,0,149.999,null,null,null
145,03/10/2006,04/10/2006,144.50999450683594,8,402,5.54,26.5,Light Brown,odour free,7.47,475,null,null,null,null,null,null,null,null,0,null,88.575,42,null,null,16.8,11.178,76.636,null,48.635,27.024,0,109.312,null,null,null
146,03/10/2006,04/10/2006,144.50999450683594,8,402,5.54,26.5,Light Brown,odour free,7.47,475,null,null,null,null,null,null,null,null,0,null,88.575,42,null,null,16.8,11.178,76.636,null,48.635,27.024,0,109.312,null,null,null
147,01/11/2006,02/11/2006,107.7020034790039,7,397,5.72,26,Light Brown,odour free,7.74,587,null,null,null,null,null,null,null,null,0,null,112.8,48,null,null,19.2,15.552,75.831,null,66.74,27.6,0,144.875,null,null,null
148,01/11/2006,02/11/2006,107.7020034790039,7,397,5.72,26,Light Brown,odour free,7.74,587,null,null,null,null,null,null,null,null,0,null,112.8,48,null,null,19.2,15.552,75.831,null,66.74,27.6,0,144.875,null,null,null
149,01/12/2006,02/12/2006,56.99700164794922,7,396,5.73,22,Light Brown,odour free,8.03,403,null,null,null,null,null,null,null,null,0,null,160.875,90,null,null,36,17.01,70.426,null,83.886,107.808,0,218.38,null,null,null
150,01/12/2006,02/12/2006,56.99700164794922,7,396,5.73,22,Light Brown,odour free,8.03,403,null,null,null,null,null,null,null,null,0,null,160.875,90,null,null,36,17.01,70.426,null,83.886,107.808,0,218.38,null,null,null
151,02/01/2007,03/01/2007,30.31100082397461,7,395,5.72,23,Clear,odour free,7.95,720,null,null,null,null,null,null,null,null,0,null,181.3,76,null,null,30.4,25.272,78.223,null,91.59,109.776,0,213.5,null,null,null
152,02/01/2007,03/01/2007,30.31100082397461,7,395,5.72,23,Clear,odour free,7.95,720,null,null,null,null,null,null,null,null,0,null,181.3,76,null,null,30.4,25.272,78.223,null,91.59,109.776,0,213.5,null,null,null
153,01/02/2007,02/02/2007,6.559999942779541,7,405,6.14,27,Clear,odour free,7.92,910,null,null,null,null,null,null,null,null,0,null,180.95,104,null,null,41.6,18.468,77.234,null,122.12,117.408,0,239.12,null,null,null
154,01/02/2007,02/02/2007,6.559999942779541,7,405,6.14,27,Clear,odour free,7.92,910,null,null,null,null,null,null,null,null,0,null,180.95,104,null,null,41.6,18.468,77.234,null,122.12,117.408,0,239.12,null,null,null
155,01/03/2007,02/03/2007,0.5789999961853027,7,412,5.72,27,Clear,odour free,7.58,1030,null,null,null,null,null,null,null,null,0,null,120.275,98,null,null,39.2,5.346,79.327,null,119.99,121.152,0,289.75,null,null,null
156,01/03/2007,02/03/2007,0.5789999961853027,7,412,5.72,27,Clear,odour free,7.58,1030,null,null,null,null,null,null,null,null,0,null,120.275,98,null,null,39.2,5.346,79.327,null,119.99,121.152,0,289.75,null,null,null
157,01/04/2007,02/04/2007,null,null,null,null,null,null,null,null,null,null,null,null,null,null,null,null,null,null,null,null,null,null,null,null,null,null,null,null,null,null,null,null,null,null
158,28/05/2007,29/05/2007,4.249000072479248,7,411,5.78,28,Brown,odour free,8.57,604,null,null,null,null,null,null,null,null,7.271,148.1,128.7,72,null,null,28.8,13.608,40.02,null,80.23,83.232,8.76,162.87,null,null,null
159,28/05/2007,29/05/2007,4.249000072479248,7,411,5.78,28,Brown,odour free,8.57,604,null,null,null,null,null,null,null,null,7.271,148.1,128.7,72,null,null,28.8,13.608,40.02,null,80.23,83.232,8.76,162.87,null,null,null
160,01/06/2007,02/06/2007,0.26899999380111694,7,412,5.77,28,Brown,odour free,null,null,null,null,null,null,null,null,1.546,null,0,150,152.975,74,null,null,29.6,18.954,40.02,null,114.452,109.872,0,183,null,null,null
161,01/06/2007,02/06/2007,0.26899999380111694,7,412,5.77,28,Brown,odour free,null,null,null,null,null,null,null,null,1.546,null,0,150,152.975,74,null,null,29.6,18.954,40.02,null,114.452,109.872,0,183,null,null,null
162,02/07/2007,02/07/2007,81.95999908447266,7,413,5.79,27,Brown,odour free,7.77,471,null,null,null,null,null,null,1.906,null,0,129.15,134.6,86,null,null,34.4,11.664,62.836,null,51.475,46.848,0,157.563,null,null,null
163,02/07/2007,02/07/2007,81.95999908447266,7,413,5.79,27,Brown,odour free,7.77,471,null,null,null,null,null,null,1.906,null,0,129.15,134.6,86,null,null,34.4,11.664,62.836,null,51.475,46.848,0,157.563,null,null,null
164,01/08/2007,02/08/2007,84.37699890136719,8,460,6.14,25,Light Brown,odour free,7.28,438,null,null,null,null,null,null,1.71,null,0,141.65,164.8,100,null,null,40,15.552,47.518,null,49.558,51.552,0,172.813,null,null,null
165,01/08/2007,02/08/2007,84.37699890136719,8,460,6.14,25,Light Brown,odour free,7.28,438,null,null,null,null,null,null,1.71,null,0,141.65,164.8,100,null,null,40,15.552,47.518,null,49.558,51.552,0,172.813,null,null,null
166,01/09/2007,02/09/2007,655.6380004882813,7,458,6.12,25,Brown,odour free,7.66,352,null,null,null,null,null,null,2.51,null,0,108.3,112.4,80,null,null,32,7.776,45.425,null,36.245,23.088,0,132.126,null,null,null
167,01/09/2007,02/09/2007,655.6380004882813,7,458,6.12,25,Brown,odour free,7.66,352,null,null,null,null,null,null,2.51,null,0,108.3,112.4,80,null,null,32,7.776,45.425,null,36.245,23.088,0,132.126,null,null,null
168,01/10/2007,02/10/2007,577.4760131835938,7,470,5.64,26,Brown,odour free,7.38,430,null,null,null,null,null,null,1.3,null,0,129.15,140.55,96,null,null,38.4,10.692,48.53,null,40.044,31.728,0,157.563,null,null,null
169,01/10/2007,02/10/2007,577.4760131835938,7,470,5.64,26,Brown,odour free,7.38,430,null,null,null,null,null,null,1.3,null,0,129.15,140.55,96,null,null,38.4,10.692,48.53,null,40.044,31.728,0,157.563,null,null,null
170,01/11/2007,02/11/2007,68.85800170898438,7,397,5.74,22,Light Brown,odour free,8.23,607,null,null,null,null,null,null,1.22,null,0,124.95,177.05,92,null,null,36.8,20.412,49.519,null,59.107,44.736,0,152.439,null,null,null
171,01/11/2007,02/11/2007,68.85800170898438,7,397,5.74,22,Light Brown,odour free,8.23,607,null,null,null,null,null,null,1.22,null,0,124.95,177.05,92,null,null,36.8,20.412,49.519,null,59.107,44.736,0,152.439,null,null,null
172,01/12/2007,02/12/2007,76.85600280761719,7,396,5.75,24,Clear,odour free,7.78,688,null,null,null,null,null,null,1.09,null,0,181.2,185.15,92,null,null,36.8,22.356,42.826,null,57.19,77.04,0,221.064,null,null,null
173,01/12/2007,02/12/2007,76.85600280761719,7,396,5.75,24,Clear,odour free,7.78,688,null,null,null,null,null,null,1.09,null,0,181.2,185.15,92,null,null,36.8,22.356,42.826,null,57.19,77.04,0,221.064,null,null,null
174,01/01/2008,02/01/2008,45.39400100708008,7,460,5.54,21,Clear,odour free,8.42,682,null,null,null,null,null,null,2.04,null,14.517,137.45,110.875,40,null,null,16,17.01,null,null,74.372,69.216,17.49,132.126,null,null,null
175,01/01/2008,02/01/2008,45.39400100708008,7,460,5.54,21,Clear,odour free,8.42,682,null,null,null,null,null,null,2.04,null,14.517,137.45,110.875,40,null,null,16,17.01,null,null,74.372,69.216,17.49,132.126,null,null,null
176,01/02/2008,02/02/2008,15.1850004196167,7,450,5.64,20,Clear,odour free,7.62,715,null,null,null,null,null,null,1.9,null,0,191.65,219.575,92,null,null,36.8,30.618,null,null,93.436,95.088,0,233.813,null,null,null
177,01/02/2008,02/02/2008,15.1850004196167,7,450,5.64,20,Clear,odour free,7.62,715,null,null,null,null,null,null,1.9,null,0,191.65,219.575,92,null,null,36.8,30.618,null,null,93.436,95.088,0,233.813,null,null,null
178,01/03/2008,02/03/2008,8.052000045776367,7,467,5.73,25,Clear,odour free,7.62,831,null,null,null,null,null,null,.64,null,0,212.15,205,124,null,null,49.6,19.44,null,null,94.395,92.544,0,258.823,null,null,null
179,01/03/2008,02/03/2008,8.052000045776367,7,467,5.73,25,Clear,odour free,7.62,831,null,null,null,null,null,null,.64,null,0,212.15,205,124,null,null,49.6,19.44,null,null,94.395,92.544,0,258.823,null,null,null
180,01/04/2008,02/04/2008,12.399999618530273,7,465,5.73,24,Clear,odour free,7.55,817,null,null,null,null,null,null,2.14,null,0,199.95,203.375,92,null,null,36.8,26.73,null,null,102.95,100.032,0,243.939,null,null,null
181,01/04/2008,02/04/2008,12.399999618530273,7,465,5.73,24,Clear,odour free,7.55,817,null,null,null,null,null,null,2.14,null,0,199.95,203.375,92,null,null,36.8,26.73,null,null,102.95,100.032,0,243.939,null,null,null
182,01/05/2008,02/05/2008,4.203000068664551,7,464,5.74,30,Clear,odour free,8.18,924,null,null,null,null,null,null,.58,null,0,179.15,175.2,78,null,null,31.2,23.328,null,null,131.563,101.808,0,218.563,null,null,null
183,01/05/2008,02/05/2008,4.203000068664551,7,464,5.74,30,Clear,odour free,8.18,924,null,null,null,null,null,null,.58,null,0,179.15,175.2,78,null,null,31.2,23.328,null,null,131.563,101.808,0,218.563,null,null,null
184,02/06/2008,03/06/2008,2.4779999256134033,7,464,5.75,29.5,Clear,odour free,8.39,1030,null,null,null,null,null,null,1.48,null,29.033,181.25,171.1,82,null,null,32.8,21.384,null,null,134.439,104.784,34.98,149.999,null,null,null
185,02/06/2008,03/06/2008,2.4779999256134033,7,464,5.75,29.5,Clear,odour free,8.39,1030,null,null,null,null,null,null,1.48,null,29.033,181.25,171.1,82,null,null,32.8,21.384,null,null,134.439,104.784,34.98,149.999,null,null,null
186,23/07/2008,24/07/2008,2.8429999351501465,7,464,5.75,28,Clear,odour free,7.83,430,null,null,null,null,null,null,1.47,null,0,174.95,160.85,92,null,null,36.8,16.524,null,null,137.279,103.008,0,213.439,null,null,null
187,23/07/2008,24/07/2008,2.8429999351501465,7,464,5.75,28,Clear,odour free,7.83,430,null,null,null,null,null,null,1.47,null,0,174.95,160.85,92,null,null,36.8,16.524,null,null,137.279,103.008,0,213.439,null,null,null
188,01/08/2008,02/08/2008,3.6570000648498535,7,462,5.75,25.5,Clear,odour free,8.5,941,null,null,null,null,null,null,.34,null,20.742,168.85,163,82,null,null,32.8,19.44,null,null,133.48,43.296,24.99,155.184,null,null,null
189,01/08/2008,02/08/2008,3.6570000648498535,7,462,5.75,25.5,Clear,odour free,8.5,941,null,null,null,null,null,null,.34,null,20.742,168.85,163,82,null,null,32.8,19.44,null,null,133.48,43.296,24.99,155.184,null,null,null
190,01/09/2008,02/09/2008,20.534000396728516,7,405,6.14,26,Clear,odour free,7.7,663,null,null,null,null,null,null,.82,null,0,183.3,176.9,104,null,null,41.6,17.496,null,null,97.234,null,0,223.626,null,null,null
191,01/09/2008,02/09/2008,20.534000396728516,7,405,6.14,26,Clear,odour free,7.7,663,null,null,null,null,null,null,.82,null,0,183.3,176.9,104,null,null,41.6,17.496,null,null,97.234,null,0,223.626,null,null,null
192,03/10/2008,04/10/2008,105.177001953125,7,395,5.74,25,Light Brown,odour free,7.45,600,null,null,null,null,null,null,2.06,null,0,174.95,160.55,116,null,null,46.4,10.692,null,null,87.72,null,0,213.439,null,null,null
193,03/10/2008,04/10/2008,105.177001953125,7,395,5.74,25,Light Brown,odour free,7.45,600,null,null,null,null,null,null,2.06,null,0,174.95,160.55,116,null,null,46.4,10.692,null,null,87.72,null,0,213.439,null,null,null
194,01/11/2008,02/11/2008,43.45399856567383,7,396,5.57,21,Clear,odour free,7.95,726,null,null,null,null,null,null,.31,null,0,199.95,197.05,112,null,null,44.8,20.412,null,null,101.068,null,0,243.939,null,null,null
195,01/11/2008,02/11/2008,43.45399856567383,7,396,5.57,21,Clear,odour free,7.95,726,null,null,null,null,null,null,.31,null,0,199.95,197.05,112,null,null,44.8,20.412,null,null,101.068,null,0,243.939,null,null,null
196,01/12/2008,02/12/2008,94.06600189208984,7,397,5.27,20,Clear,odour free,7.51,656,null,null,null,null,null,null,.96,null,0,156.2,203.925,48,null,null,19.2,37.422,null,null,83.886,null,0,190.564,null,null,null
197,01/12/2008,02/12/2008,94.06600189208984,7,397,5.27,20,Clear,odour free,7.51,656,null,null,null,null,null,null,.96,null,0,156.2,203.925,48,null,null,19.2,37.422,null,null,83.886,null,0,190.564,null,null,null
198,01/01/2009,02/01/2009,27.479999542236328,7,468,5.64,20,Clear,odour free,8.35,849,null,null,null,null,null,null,.69,null,16.608,177.5,233.95,76,null,null,30.4,37.908,null,null,110.582,null,20.01,175.863,null,null,null
199,01/01/2009,02/01/2009,27.479999542236328,7,468,5.64,20,Clear,odour free,8.35,849,null,null,null,null,null,null,.69,null,16.608,177.5,233.95,76,null,null,30.4,37.908,null,null,110.582,null,20.01,175.863,null,null,null
200,02/02/2009,03/02/2009,7.210999965667725,7,482,5.64,22.5,Clear,odour free,7.5,959,null,null,null,null,null,null,.63,null,0,252.05,233.95,76,null,null,30.4,37.908,null,null,110.582,null,0,307.501,null,null,null
201,02/02/2009,03/02/2009,7.210999965667725,7,482,5.64,22.5,Clear,odour free,7.5,959,null,null,null,null,null,null,.63,null,0,252.05,233.95,76,null,null,30.4,37.908,null,null,110.582,null,0,307.501,null,null,null
202,02/03/2009,03/03/2009,17.290000915527344,7,480,6.14,26.5,Clear,odour free,7.65,916,null,null,null,null,null,null,1.84,null,0,199.95,244,138.7,null,null,55.48,25.272,null,null,108.701,null,0,243.939,null,null,null
203,02/03/2009,03/03/2009,17.290000915527344,7,480,6.14,26.5,Clear,odour free,7.65,916,null,null,null,null,null,null,1.84,null,0,199.95,244,138.7,null,null,55.48,25.272,null,null,108.701,null,0,243.939,null,null,null
204,01/04/2009,02/04/2009,2.013000011444092,7,1010,6.32,26.5,Clear,odour free,7.73,1050,null,null,null,null,null,null,.265,null,0,288.3,160.9,88,null,null,35.2,17.496,179.8,2.901,133.196,118.704,0,351.726,null,null,null
205,01/04/2009,02/04/2009,2.013000011444092,7,1010,6.32,26.5,Clear,odour free,7.73,1050,null,null,null,null,null,null,.265,null,0,288.3,160.9,88,null,null,35.2,17.496,179.8,2.901,133.196,118.704,0,351.726,null,null,null
206,21/05/2009,22/05/2009,9.616000175476074,7,1200,6.14,28,Clear,odour free,8.65,1120,null,null,null,null,null,null,.706,null,38.006,296.809,178.908,73.575,null,null,29.43,25.28,197.087,5.005,137.02,185.904,45.79,269,null,null,null
207,21/05/2009,22/05/2009,9.616000175476074,7,1200,6.14,28,Clear,odour free,8.65,1120,null,null,null,null,null,null,.706,null,38.006,296.809,178.908,73.575,null,null,29.43,25.28,197.087,5.005,137.02,185.904,45.79,269,null,null,null
208,01/06/2009,02/06/2009,2.447000026702881,7,930,6.32,27,Clear,odour free,7.89,950,null,null,null,null,null,null,.882,null,0,220.45,162.55,77.5,null,null,31,20.412,136.068,4.887,118.144,122.4,0,268.949,null,null,null
209,01/06/2009,02/06/2009,2.447000026702881,7,930,6.32,27,Clear,odour free,7.89,950,null,null,null,null,null,null,.882,null,0,220.45,162.55,77.5,null,null,31,20.412,136.068,4.887,118.144,122.4,0,268.949,null,null,null
210,01/07/2009,02/07/2009,1.437999963760376,7,670,6.32,27,Clear,odour free,7.15,685,null,null,null,null,null,null,1.348,null,0,186.55,138.25,77.5,null,null,31,14.58,99.544,3.988,95.282,74.976,0,227.591,null,null,null
211,01/07/2009,02/07/2009,1.437999963760376,7,670,6.32,27,Clear,odour free,7.15,685,null,null,null,null,null,null,1.348,null,0,186.55,138.25,77.5,null,null,31,14.58,99.544,3.988,95.282,74.976,0,227.591,null,null,null
212,20/08/2009,21/08/2009,40.60499954223633,7,457,6.14,28.5,Brown,odour free,8.06,432,null,null,null,null,null,null,3.334,null,0,139.9,122.1,81.6,.644,null,32.64,9.72,57.822,3.089,53.356,57.456,0,170.678,null,null,null
213,20/08/2009,21/08/2009,40.60499954223633,7,457,6.14,28.5,Brown,odour free,8.06,432,null,null,null,null,null,null,3.334,null,0,139.9,122.1,81.6,.644,null,32.64,9.72,57.822,3.089,53.356,57.456,0,170.678,null,null,null
214,01/09/2009,02/09/2009,4.552000045776367,7,590,5.54,27,Light Brown,odour free,7.85,853,null,null,null,null,null,null,1.019,null,0,241.65,252.1,134.65,.77,null,53.86,28.188,85.031,13.998,100.997,112.416,0,294.813,null,null,null
215,01/09/2009,02/09/2009,4.552000045776367,7,590,5.54,27,Light Brown,odour free,7.85,853,null,null,null,null,null,null,1.019,null,0,241.65,252.1,134.65,.77,null,53.86,28.188,85.031,13.998,100.997,112.416,0,294.813,null,null,null
216,01/10/2009,02/10/2009,643.52001953125,7,385,5.74,24,Brown,odour free,7.12,460,null,null,null,null,null,null,3.88,null,0,127.2,146.4,81.6,.562,null,32.64,15.552,35.512,9.501,43.842,67.44,0,155.184,null,null,null
217,01/10/2009,02/10/2009,643.52001953125,7,385,5.74,24,Brown,odour free,7.12,460,null,null,null,null,null,null,3.88,null,0,127.2,146.4,81.6,.562,null,32.64,15.552,35.512,9.501,43.842,67.44,0,155.184,null,null,null
218,03/11/2009,03/11/2009,121.16899871826172,7,560,6.14,24.5,Clear,odour free,7.6,926,null,null,null,null,null,null,1.136,null,0,381.55,215.7,142.8,.665,null,57.12,17.496,160.08,7.781,129.575,68.064,0,465.491,null,null,null
219,03/11/2009,03/11/2009,121.16899871826172,7,560,6.14,24.5,Clear,odour free,7.6,926,null,null,null,null,null,null,1.136,null,0,381.55,215.7,142.8,.665,null,57.12,17.496,160.08,7.781,129.575,68.064,0,465.491,null,null,null
220,01/12/2009,02/12/2009,75.37000274658203,7,510,6.14,24,Light Brown,odour free,7.94,770,null,null,null,null,null,null,1.389,null,0,364.6,223.25,69.35,.561,null,27.74,36.936,137.057,6.295,100.429,72,0,444.812,null,null,null
221,01/12/2009,02/12/2009,75.37000274658203,7,510,6.14,24,Light Brown,odour free,7.94,770,null,null,null,null,null,null,1.389,null,0,364.6,223.25,69.35,.561,null,27.74,36.936,137.057,6.295,100.429,72,0,444.812,null,null,null
222,01/01/2010,02/01/2010,16.391000747680664,7,374,5.74,21,Clear,odour free,7.92,896,null,null,null,null,null,null,2.13,null,0,309.5,206.95,53.05,.665,null,21.22,36.936,152.559,8.485,130.214,107.424,0,377.59,null,null,null
223,01/01/2010,02/01/2010,16.391000747680664,7,374,5.74,21,Clear,odour free,7.92,896,null,null,null,null,null,null,2.13,null,0,309.5,206.95,53.05,.665,null,21.22,36.936,152.559,8.485,130.214,107.424,0,377.59,null,null,null
224,01/02/2010,02/02/2010,25.139999389648438,7,890,6.51,21.5,Clear,odour free,7.8,1007,null,null,null,null,null,null,1.112,null,0,368.85,264.35,150.95,.69,null,60.38,27.216,153.824,10.635,128.333,109.968,0,449.997,null,null,null
225,01/02/2010,02/02/2010,25.139999389648438,7,890,6.51,21.5,Clear,odour free,7.8,1007,null,null,null,null,null,null,1.112,null,0,368.85,264.35,150.95,.69,null,60.38,27.216,153.824,10.635,128.333,109.968,0,449.997,null,null,null
226,01/03/2010,02/03/2010,44.571998596191406,7,861,6.32,23,Clear,odour free,7.7,970,null,null,null,null,null,null,2.871,null,0,356.1,280.55,150.95,.68,null,60.38,31.104,145.567,5.982,128.333,92.976,0,434.442,null,null,null
227,01/03/2010,02/03/2010,44.571998596191406,7,861,6.32,23,Clear,odour free,7.7,970,null,null,null,null,null,null,2.871,null,0,356.1,280.55,150.95,.68,null,60.38,31.104,145.567,5.982,128.333,92.976,0,434.442,null,null,null
228,01/04/2010,02/04/2010,5.4029998779296875,7,1090,7.82,27,Clear,odour free,8.46,1096,null,null,null,null,null,null,.371,null,41.483,324.95,264.1,114.25,.735,null,45.7,35.964,182.574,5.083,159.963,178.272,49.98,294.813,null,null,null
229,01/04/2010,02/04/2010,5.4029998779296875,7,1090,7.82,27,Clear,odour free,8.46,1096,null,null,null,null,null,null,.371,null,41.483,324.95,264.1,114.25,.735,null,45.7,35.964,182.574,5.083,159.963,178.272,49.98,294.813,null,null,null
230,01/05/2010,02/05/2010,7.434000015258789,7,1108,5.62,27.5,Clear,odour free,8.2,1170,null,null,null,null,null,null,.171,null,33.192,295.6,236.25,86.4,.775,null,34.56,35.964,181.079,6.1,169.264,162.672,39.99,279.319,null,null,null
231,01/05/2010,02/05/2010,7.434000015258789,7,1108,5.62,27.5,Clear,odour free,8.2,1170,null,null,null,null,null,null,.171,null,33.192,295.6,236.25,86.4,.775,null,34.56,35.964,181.079,6.1,169.264,162.672,39.99,279.319,null,null,null
232,01/06/2010,01/06/2010,2.427000045776367,7,1110,3.75,32,Clear,odour free,8.25,1200,null,null,null,null,null,null,1.468,null,24.9,255.328,174.3,68.55,.723,null,27.42,25.38,190,8.8,178.33,146.55,30,250.5,null,null,null
233,01/06/2010,01/06/2010,2.427000045776367,7,1110,3.75,32,Clear,odour free,8.25,1200,null,null,null,null,null,null,1.468,null,24.9,255.328,174.3,68.55,.723,null,27.42,25.38,190,8.8,178.33,146.55,30,250.5,null,null,null
234,01/07/2010,01/07/2010,4.343999862670898,7.4,720,3.52,29,Clear,odour free,8.1,1030,null,null,null,null,null,null,.58,null,0,246.418,239.633,93.8,.668,null,37.52,35,155.5,7.3,178.33,142.1,0,300.63,null,null,null
235,01/07/2010,01/07/2010,4.343999862670898,7.4,720,3.52,29,Clear,odour free,8.1,1030,null,null,null,null,null,null,.58,null,0,246.418,239.633,93.8,.668,null,37.52,35,155.5,7.3,178.33,142.1,0,300.63,null,null,null
236,02/08/2010,02/08/2010,132.47300720214844,7.62,526,5.35,29,Light Brown,odour free,7.84,814,null,null,null,null,null,null,.29,null,0,324.238,226.383,118.55,.659,null,47.42,25.88,117.5,5.1,98.96,65.6,0,395.57,null,null,null
237,02/08/2010,02/08/2010,132.47300720214844,7.62,526,5.35,29,Light Brown,odour free,7.84,814,null,null,null,null,null,null,.29,null,0,324.238,226.383,118.55,.659,null,47.42,25.88,117.5,5.1,98.96,65.6,0,395.57,null,null,null
238,01/09/2010,01/09/2010,139.80099487304688,7.68,860,6.81,30,Light Brown,odour free,7.7,721,null,null,null,null,null,null,2.686,null,0,299.648,215.758,118.55,.679,null,47.42,23.33,132.5,4.8,108.47,85.2,0,365.57,null,null,null
239,01/09/2010,01/09/2010,139.80099487304688,7.68,860,6.81,30,Light Brown,odour free,7.7,721,null,null,null,null,null,null,2.686,null,0,299.648,215.758,118.55,.679,null,47.42,23.33,132.5,4.8,108.47,85.2,0,365.57,null,null,null
240,04/10/2010,04/10/2010,94.052001953125,7.62,876,5.53,29,Light Brown,odour free,8.25,664,null,null,null,null,null,null,1.667,null,26.56,276.202,223.558,85.85,.565,null,34.34,33.05,86.6,4,79.93,66.25,32,271.9,null,null,null
241,04/10/2010,04/10/2010,94.052001953125,7.62,876,5.53,29,Light Brown,odour free,8.25,664,null,null,null,null,null,null,1.667,null,26.56,276.202,223.558,85.85,.565,null,34.34,33.05,86.6,4,79.93,66.25,32,271.9,null,null,null
242,01/11/2010,01/11/2010,116.49299621582031,7.54,845,6.81,25,Light Brown,odour free,7.9,672,null,null,null,null,null,null,1.417,null,0,230.533,181.142,98.1,.559,null,39.24,19.93,84.5,4.4,79.93,60.8,0,281.25,null,null,null
243,01/11/2010,01/11/2010,116.49299621582031,7.54,845,6.81,25,Light Brown,odour free,7.9,672,null,null,null,null,null,null,1.417,null,0,230.533,181.142,98.1,.559,null,39.24,19.93,84.5,4.4,79.93,60.8,0,281.25,null,null,null
244,01/12/2010,01/12/2010,101.177001953125,7.48,876,4.66,25.5,Light Brown,odour free,7.71,668,null,null,null,null,null,null,1.949,null,0,209.672,183.2,102.2,.45,null,40.88,19.44,91.2,4.2,88.06,87.4,0,255.8,null,null,null
245,01/12/2010,01/12/2010,101.177001953125,7.48,876,4.66,25.5,Light Brown,odour free,7.71,668,null,null,null,null,null,null,1.949,null,0,209.672,183.2,102.2,.45,null,40.88,19.44,91.2,4.2,88.06,87.4,0,255.8,null,null,null
246,03/01/2011,03/01/2011,74.51399993896484,7.56,910,5.07,26,Light Brown,odour free,7.98,788,null,null,null,null,null,null,.863,null,0,238.582,203.508,106.3,.64,null,42.52,23.33,102.5,5.1,91.89,104.35,0,291.07,null,null,null
247,03/01/2011,03/01/2011,74.51399993896484,7.56,910,5.07,26,Light Brown,odour free,7.98,788,null,null,null,null,null,null,.863,null,0,238.582,203.508,106.3,.64,null,42.52,23.33,102.5,5.1,91.89,104.35,0,291.07,null,null,null
248,01/02/2011,01/02/2011,71.99199676513672,7.61,896,5.88,24,Light Brown,odour free,7.86,805,null,null,null,null,null,null,1.15,null,0,196.254,215.475,85.85,.572,null,34.34,31.11,97.4,5.1,125.36,99.85,0,239.43,null,null,null
249,01/02/2011,01/02/2011,71.99199676513672,7.61,896,5.88,24,Light Brown,odour free,7.86,805,null,null,null,null,null,null,1.15,null,0,196.254,215.475,85.85,.572,null,34.34,31.11,97.4,5.1,125.36,99.85,0,239.43,null,null,null
250,01/03/2011,01/03/2011,67.14199829101563,7.58,986,7.58,25,Clear,odour free,8.12,836,null,null,null,null,null,null,.979,null,0,244.68,217.433,120.225,.572,null,48.09,23.33,106.2,5,107.21,99.85,0,298.51,null,null,null
251,01/03/2011,01/03/2011,67.14199829101563,7.58,986,7.58,25,Clear,odour free,8.12,836,null,null,null,null,null,null,.979,null,0,244.68,217.433,120.225,.572,null,48.09,23.33,106.2,5,107.21,99.85,0,298.51,null,null,null
252,01/04/2011,01/04/2011,7.502999782562256,7.56,1060,4.08,29,Clear,odour free,7.96,1009,null,null,null,null,null,null,1.272,null,0,216,233.442,140.275,.76,null,56.11,22.36,141.7,5,125.71,112.85,0,263.52,null,null,null
253,01/04/2011,01/04/2011,7.502999782562256,7.56,1060,4.08,29,Clear,odour free,7.96,1009,null,null,null,null,null,null,1.272,null,0,216,233.442,140.275,.76,null,56.11,22.36,141.7,5,125.71,112.85,0,263.52,null,null,null
254,02/05/2011,03/05/2011,17.849000930786133,7.51,1086,3.63,29,Clear,odour free,8.25,1006,null,null,null,null,null,null,.646,null,0,204,173.358,76.15,.74,null,30.46,23.33,156.1,6.2,158.79,136.5,0,248.88,null,null,null
255,02/05/2011,03/05/2011,17.849000930786133,7.51,1086,3.63,29,Clear,odour free,8.25,1006,null,null,null,null,null,null,.646,null,0,204,173.358,76.15,.74,null,30.46,23.33,156.1,6.2,158.79,136.5,0,248.88,null,null,null
256,01/06/2011,01/06/2011,4.379000186920166,7.54,1016,3.75,30,Clear,odour free,8.32,1243,null,null,null,null,null,null,.758,null,19.92,192,205.717,84.175,.74,null,33.67,29.17,213.5,9.1,178.64,175.85,24,185.44,null,null,null
257,01/06/2011,01/06/2011,4.379000186920166,7.54,1016,3.75,30,Clear,odour free,8.32,1243,null,null,null,null,null,null,.758,null,19.92,192,205.717,84.175,.74,null,33.67,29.17,213.5,9.1,178.64,175.85,24,185.44,null,null,null
258,01/07/2011,01/07/2011,2.259999990463257,7.54,1026,3.73,30.5,Clear,odour free,8.3,1603,null,null,null,null,null,null,1.5,null,19.92,200,225.825,96.2,.847,null,38.48,31.11,257.5,8.7,221.65,215.89,24,195.2,null,null,null
259,01/07/2011,01/07/2011,2.259999990463257,7.54,1026,3.73,30.5,Clear,odour free,8.3,1603,null,null,null,null,null,null,1.5,null,19.92,200,225.825,96.2,.847,null,38.48,31.11,257.5,8.7,221.65,215.89,24,195.2,null,null,null
260,01/08/2011,01/08/2011,190.89999389648438,7.64,836,5.7,28,Light Brown,odour free,7.86,651,null,null,null,null,null,null,2.4,null,0,120,193.225,112.225,.617,null,44.89,19.44,77.4,6.4,82.71,105.13,0,146.4,null,null,null
261,01/08/2011,01/08/2011,190.89999389648438,7.64,836,5.7,28,Light Brown,odour free,7.86,651,null,null,null,null,null,null,2.4,null,0,120,193.225,112.225,.617,null,44.89,19.44,77.4,6.4,82.71,105.13,0,146.4,null,null,null
262,02/09/2011,02/09/2011,133.72500610351563,7.86,584,5.48,28,Light Brown,odour free,7.75,522,null,null,null,null,null,null,2.28,null,0,148,197.367,104.2,.528,null,41.68,22.36,71,4,72.78,71.17,0,180.56,null,null,null
263,02/09/2011,02/09/2011,133.72500610351563,7.86,584,5.48,28,Light Brown,odour free,7.75,522,null,null,null,null,null,null,2.28,null,0,148,197.367,104.2,.528,null,41.68,22.36,71,4,72.78,71.17,0,180.56,null,null,null
264,01/10/2011,01/10/2011,78.35600280761719,7.2,586,6.03,27,Clear,odour free,8.05,617,null,null,null,null,null,null,1.96,null,0,148,193.692,72.15,.598,null,28.86,29.17,76.3,3.8,76.09,65.38,0,180.56,null,null,null
265,01/10/2011,01/10/2011,78.35600280761719,7.2,586,6.03,27,Clear,odour free,8.05,617,null,null,null,null,null,null,1.96,null,0,148,193.692,72.15,.598,null,28.86,29.17,76.3,3.8,76.09,65.38,0,180.56,null,null,null
266,01/11/2011,01/11/2011,76.45899963378906,7.52,621,5.13,28,Clear,odour free,7.98,799,null,null,null,null,null,null,1.34,null,0,149.762,181.442,80.15,.579,null,32.06,24.31,94.3,3.1,106.53,81.35,0,182.71,null,null,null
267,01/11/2011,01/11/2011,76.45899963378906,7.52,621,5.13,28,Clear,odour free,7.98,799,null,null,null,null,null,null,1.34,null,0,149.762,181.442,80.15,.579,null,32.06,24.31,94.3,3.1,106.53,81.35,0,182.71,null,null,null
268,01/12/2011,01/12/2011,112.61199951171875,7.52,865,5.55,26,Light Brown,odour free,7.79,784,null,null,null,null,null,null,1.36,null,0,155.516,169.5,60.125,.526,null,24.05,26.25,90.5,4,92.78,73.25,0,189.73,null,null,null
269,01/12/2011,01/12/2011,112.61199951171875,7.52,865,5.55,26,Light Brown,odour free,7.79,784,null,null,null,null,null,null,1.36,null,0,155.516,169.5,60.125,.526,null,24.05,26.25,90.5,4,92.78,73.25,0,189.73,null,null,null
270,02/01/2012,03/01/2012,68.9800033569336,7.54,922,4.85,25.5,Clear,odour free,7.54,708,null,null,null,null,null,null,2.01,null,0,138.238,153.15,72.15,.433,null,28.86,19.44,80.6,5,82.47,76.81,0,168.65,null,null,null
271,02/01/2012,03/01/2012,68.9800033569336,7.54,922,4.85,25.5,Clear,odour free,7.54,708,null,null,null,null,null,null,2.01,null,0,138.238,153.15,72.15,.433,null,28.86,19.44,80.6,5,82.47,76.81,0,168.65,null,null,null
272,01/02/2012,02/02/2012,18.339000701904297,7.52,1126,3.27,25.5,Clear,odour free,7.59,774,null,null,null,null,null,null,2.19,null,0,178.557,181.442,80.15,.514,null,32.06,24.31,88.2,15.3,106.53,105.46,0,217.84,null,null,null
273,01/02/2012,02/02/2012,18.339000701904297,7.52,1126,3.27,25.5,Clear,odour free,7.59,774,null,null,null,null,null,null,2.19,null,0,178.557,181.442,80.15,.514,null,32.06,24.31,88.2,15.3,106.53,105.46,0,217.84,null,null,null
274,01/03/2012,02/03/2012,12.324000358581543,7.52,1126,3.27,25.5,Clear,odour free,7.44,986,null,null,null,null,null,null,2.02,null,0,201.598,193.567,80.15,.648,null,32.06,27.22,129.3,18,130.58,147.35,0,245.95,null,null,null
275,01/03/2012,02/03/2012,12.324000358581543,7.52,1126,3.27,25.5,Clear,odour free,7.44,986,null,null,null,null,null,null,2.02,null,0,201.598,193.567,80.15,.648,null,32.06,27.22,129.3,18,130.58,147.35,0,245.95,null,null,null
276,02/04/2012,03/04/2012,1.7209999561309814,7.53,1126,2.67,28,Clear,odour free,6.68,1360,null,null,null,null,null,null,2.05,null,0,241.918,246.092,92.175,.748,null,36.87,36.94,223,7.1,213.06,190.66,0,295.14,null,null,null
277,02/04/2012,03/04/2012,1.7209999561309814,7.53,1126,2.67,28,Clear,odour free,6.68,1360,null,null,null,null,null,null,2.05,null,0,241.918,246.092,92.175,.748,null,36.87,36.94,223,7.1,213.06,190.66,0,295.14,null,null,null
278,01/05/2012,02/05/2012,2.625,7.53,1141,3.42,32.5,Clear,odour free,7.72,1360,null,null,null,null,null,null,2.1,null,0,264.959,217.858,80.15,.754,null,32.06,33.05,228.5,8,189,163.66,0,323.25,null,null,null
279,01/05/2012,02/05/2012,2.625,7.53,1141,3.42,32.5,Clear,odour free,7.72,1360,null,null,null,null,null,null,2.1,null,0,264.959,217.858,80.15,.754,null,32.06,33.05,228.5,8,189,163.66,0,323.25,null,null,null
280,01/06/2012,02/06/2012,2.309000015258789,7.53,1090,3.45,30,Clear,odour free,7.78,1385,737,null,null,null,null,null,2.3,null,0,264.959,237.992,96.2,.772,null,38.48,34.03,261.5,8.9,209.62,183.41,0,323.25,null,null,null
281,01/06/2012,02/06/2012,2.309000015258789,7.53,1090,3.45,30,Clear,odour free,7.78,1385,737,null,null,null,null,null,2.3,null,0,264.959,237.992,96.2,.772,null,38.48,34.03,261.5,8.9,209.62,183.41,0,323.25,null,null,null
282,02/07/2012,02/07/2012,3.6389999389648438,7.53,962,3.94,28.5,Clear,odour free,7.68,1663,886,null,null,null,null,null,2.01,null,0,372.803,254.117,100.2,.797,null,40.08,36.94,301.5,9.5,268.04,151.55,0,454.82,null,null,null
283,02/07/2012,02/07/2012,3.6389999389648438,7.53,962,3.94,28.5,Clear,odour free,7.68,1663,886,null,null,null,null,null,2.01,null,0,372.803,254.117,100.2,.797,null,40.08,36.94,301.5,9.5,268.04,151.55,0,454.82,null,null,null
284,01/08/2012,01/08/2012,11.699000358581543,7.52,872,5.74,29,Light Brown,odour free,8.12,948,505,null,null,null,null,null,.77,null,0,246.984,217.842,84.175,.7,null,33.67,32.08,145.5,6.5,127.15,97.951,0,301.32,null,null,null
285,01/08/2012,01/08/2012,11.699000358581543,7.52,872,5.74,29,Light Brown,odour free,8.12,948,505,null,null,null,null,null,.77,null,0,246.984,217.842,84.175,.7,null,33.67,32.08,145.5,6.5,127.15,97.951,0,301.32,null,null,null
286,01/09/2012,03/09/2012,79.11299896240234,7.52,784,6.71,29,Light Brown,odour free,7.57,757,403,null,null,null,null,null,.79,null,0,138.779,169.392,113.85,1.5,null,45.54,13.33,90.6,3.5,121.83,90.54,0,169.31,null,null,null
287,01/09/2012,03/09/2012,79.11299896240234,7.52,784,6.71,29,Light Brown,odour free,7.57,757,403,null,null,null,null,null,.79,null,0,138.779,169.392,113.85,1.5,null,45.54,13.33,90.6,3.5,121.83,90.54,0,169.31,null,null,null
288,01/10/2012,03/10/2012,11.869999885559082,7.52,910,5.88,28,Clear,odour free,7.38,935,506,null,null,null,null,null,1.22,null,0,151.016,197.283,102.075,1.59,null,40.83,22.85,110,4.3,141.8,115.91,0,184.24,null,null,null
289,01/10/2012,03/10/2012,11.869999885559082,7.52,910,5.88,28,Clear,odour free,7.38,935,506,null,null,null,null,null,1.22,null,0,151.016,197.283,102.075,1.59,null,40.83,22.85,110,4.3,141.8,115.91,0,184.24,null,null,null
290,01/11/2012,02/11/2012,50.7400016784668,7.52,872,6.49,25,Light Brown,odour free,7.43,902,482,null,null,null,null,null,2.64,null,0,171.426,189.017,133.475,1.35,null,53.39,13.33,108.5,3.5,133.12,94.56,0,209.14,null,null,null
291,01/11/2012,02/11/2012,50.7400016784668,7.52,872,6.49,25,Light Brown,odour free,7.43,902,482,null,null,null,null,null,2.64,null,0,171.426,189.017,133.475,1.35,null,53.39,13.33,108.5,3.5,133.12,94.56,0,209.14,null,null,null
292,01/12/2012,01/12/2012,32.19599914550781,7.52,896,5.78,26,Clear,odour free,7.72,959,513,null,null,null,null,null,.55,null,0,195.918,224.583,145.25,1.28,null,58.1,19.04,118,3.1,147.59,96.78,0,239.02,null,null,null
293,01/12/2012,01/12/2012,32.19599914550781,7.52,896,5.78,26,Clear,odour free,7.72,959,513,null,null,null,null,null,.55,null,0,195.918,224.583,145.25,1.28,null,58.1,19.04,118,3.1,147.59,96.78,0,239.02,null,null,null
294,01/01/2013,02/01/2013,23.35099983215332,7.52,921,5.78,26,Clear,odour free,7.64,869,464,null,null,null,null,null,.57,null,0,200,212.567,157.025,1.18,null,62.81,13.33,136,3.6,147.59,86.34,0,244,null,null,null
295,01/01/2013,02/01/2013,23.35099983215332,7.52,921,5.78,26,Clear,odour free,7.64,869,464,null,null,null,null,null,.57,null,0,200,212.567,157.025,1.18,null,62.81,13.33,136,3.6,147.59,86.34,0,244,null,null,null
296,01/02/2013,02/02/2013,7.3480000495910645,7.52,1040,5.07,26,Clear,odour free,7.7,1047,557,null,null,null,null,null,1.26,null,0,191.836,220.8,129.55,1.5,null,51.82,21.9,186,5,208.36,142.46,0,234.04,null,null,null
297,01/02/2013,02/02/2013,7.3480000495910645,7.52,1040,5.07,26,Clear,odour free,7.7,1047,557,null,null,null,null,null,1.26,null,0,191.836,220.8,129.55,1.5,null,51.82,21.9,186,5,208.36,142.46,0,234.04,null,null,null
298,01/03/2013,02/03/2013,4.415999889373779,7.52,1140,4.36,27,Clear,odour free,7.71,1192,634,null,null,null,null,null,1.32,null,0,204.082,236.5,145.25,1.41,null,58.1,21.9,150,4.8,191.02,103.4,0,248.98,null,null,null
299,01/03/2013,02/03/2013,4.415999889373779,7.52,1140,4.36,27,Clear,odour free,7.71,1192,634,null,null,null,null,null,1.32,null,0,204.082,236.5,145.25,1.41,null,58.1,21.9,150,4.8,191.02,103.4,0,248.98,null,null,null
300,01/04/2013,02/04/2013,1.8530000448226929,7.52,1120,4.06,30,Clear,odour free,7.22,1155,613,null,null,null,null,null,.62,null,0,200,216.733,137.4,1.37,null,54.96,19.04,172,8.4,225.72,117.32,0,244,null,null,null
301,01/04/2013,02/04/2013,1.8530000448226929,7.52,1120,4.06,30,Clear,odour free,7.22,1155,613,null,null,null,null,null,.62,null,0,200,216.733,137.4,1.37,null,54.96,19.04,172,8.4,225.72,117.32,0,244,null,null,null
302,01/05/2013,02/05/2013,3.246999979019165,7.54,994,4.26,32,Clear,odour free,7.44,1253,672,null,null,null,null,null,.8,null,0,171.426,187.6,80.475,1.49,null,32.19,25.71,211.5,5.6,269.13,148.33,0,209.14,null,null,null
303,01/05/2013,02/05/2013,3.246999979019165,7.54,994,4.26,32,Clear,odour free,7.44,1253,672,null,null,null,null,null,.8,null,0,171.426,187.6,80.475,1.49,null,32.19,25.71,211.5,5.6,269.13,148.33,0,209.14,null,null,null
304,01/06/2013,02/06/2013,6.304999828338623,7.53,942,5.68,30,Clear,odour free,7.28,1195,635,null,null,null,null,null,1.44,null,0,138.779,172.742,77.7,1.47,null,31.08,22.81,187.5,6.1,240.19,149.74,0,169.31,null,null,null
305,01/06/2013,02/06/2013,6.304999828338623,7.53,942,5.68,30,Clear,odour free,7.28,1195,635,null,null,null,null,null,1.44,null,0,138.779,172.742,77.7,1.47,null,31.08,22.81,187.5,6.1,240.19,149.74,0,169.31,null,null,null
306,01/07/2013,02/07/2013,2.690000057220459,7.54,1086,5.07,28,Clear,odour free,7.25,1325,706,null,null,null,null,null,2.37,null,0,142.869,189.1,96.1,1.5,null,38.44,22.32,210,5.8,272.02,179.6,0,174.3,null,null,null
307,01/07/2013,02/07/2013,2.690000057220459,7.54,1086,5.07,28,Clear,odour free,7.25,1325,706,null,null,null,null,null,2.37,null,0,142.869,189.1,96.1,1.5,null,38.44,22.32,210,5.8,272.02,179.6,0,174.3,null,null,null
308,01/08/2013,02/08/2013,27.34000015258789,7.53,946,6.28,26,Clear,odour free,7.3,1073,570,null,null,null,null,null,2.01,null,0,175.508,247.342,150.3,1.5,null,60.12,23.29,161,6.1,207.03,156.14,0,214.12,null,null,null
309,01/08/2013,02/08/2013,27.34000015258789,7.53,946,6.28,26,Clear,odour free,7.3,1073,570,null,null,null,null,null,2.01,null,0,175.508,247.342,150.3,1.5,null,60.12,23.29,161,6.1,207.03,156.14,0,214.12,null,null,null
310,02/09/2013,02/09/2013,158.1999969482422,7.53,842,7.2,27.5,Light Brown,odour free,7.23,523,277,null,null,null,null,null,1.7,null,0,117.869,138.158,100.2,.41,null,40.08,9.11,62,2.7,82.24,54.25,0,143.8,null,null,null
311,02/09/2013,02/09/2013,158.1999969482422,7.53,842,7.2,27.5,Light Brown,odour free,7.23,523,277,null,null,null,null,null,1.7,null,0,117.869,138.158,100.2,.41,null,40.08,9.11,62,2.7,82.24,54.25,0,143.8,null,null,null
312,01/10/2013,01/10/2013,193,7.52,926,7.3,26,Light Brown,odour free,7.65,594,318,null,null,null,null,null,2.84,null,0,130.492,150.792,104.375,.42,null,41.75,11.14,67.7,2.6,90.75,55.65,0,159.2,null,null,null
313,01/10/2013,01/10/2013,193,7.52,926,7.3,26,Light Brown,odour free,7.65,594,318,null,null,null,null,null,2.84,null,0,130.492,150.792,104.375,.42,null,41.75,11.14,67.7,2.6,90.75,55.65,0,159.2,null,null,null
314,01/11/2013,01/11/2013,287.32598876953125,7.53,982,6.38,26.5,Light Brown,odour free,7.67,603,322,null,null,null,null,null,2.55,null,0,82.131,105.642,48.475,.575,null,19.39,13.72,79.6,3.6,120.3,50,0,100.2,null,null,null
315,01/11/2013,01/11/2013,287.32598876953125,7.53,982,6.38,26.5,Light Brown,odour free,7.67,603,322,null,null,null,null,null,2.55,null,0,82.131,105.642,48.475,.575,null,19.39,13.72,79.6,3.6,120.3,50,0,100.2,null,null,null
316,02/12/2013,02/12/2013,112.0739974975586,7.67,936,6.28,26,Clear,odour free,7.61,934,499,null,null,null,null,null,2.92,null,0,134.918,152.75,67.5,.63,null,27,20.46,120,5.2,155.98,82.07,0,164.6,null,null,null
317,02/12/2013,02/12/2013,112.0739974975586,7.67,936,6.28,26,Clear,odour free,7.61,934,499,null,null,null,null,null,2.92,null,0,134.918,152.75,67.5,.63,null,27,20.46,120,5.2,155.98,82.07,0,164.6,null,null,null
318,01/01/2014,01/01/2014,82.71399688720703,7.52,980,5.68,26,Clear,odour free,7.2,753,399,null,null,null,null,null,2.19,null,0,102.295,131.483,63.275,.56,null,25.31,16.37,95,3.4,124.78,74.84,0,124.8,null,null,null
319,01/01/2014,01/01/2014,82.71399688720703,7.52,980,5.68,26,Clear,odour free,7.2,753,399,null,null,null,null,null,2.19,null,0,102.295,131.483,63.275,.56,null,25.31,16.37,95,3.4,124.78,74.84,0,124.8,null,null,null
