Standard Parameter Analysis Data of : Annavasal (CCA21G5)
Laboratory : CWC CSRO Chennai 
Period : January-2005 To January-2014 
S.No.,Date_of_Collection,Date_of_Receipt,Discharge(cumecs),pH_FLD,EC_FLD(umho/cm),DO(mg/l),Water Temp(deg C),Colour,Odour,pH_GEN,EC_GEN(umho/cm),TDS(mg/l),SS(mg/l),NH3(mg N/l),NO2+NO3(mg N/l),Total_Nutrients(mg P/l),SiO2(mg/l),BOD(mg/l),COD(mg/l),Phen(mg CaCO3/l),Total_Alkallnity(mg CaCO3/l),Total_Hardness(mg CaCO3/l),Ca_Hardness(mg CaCO3/l),F(mg/l),B(mg/l),Ca_Major_Ions(mg/l),Mg(mg/l),Na(mg/l),K(mg/l),Cl(mg/l),SO4(mg/l),CO3(mg/l),HCO3(mg/l),Total_Coliforms(MPN/100ml),Faecal(MPN/100ml),Chlorophyll-A(ug/L)
1,01/06/2005,02/06/2005,null,null,null,null,null,null,null,null,null,null,null,null,null,null,null,null,null,null,null,null,null,null,null,null,null,null,null,null,null,null,null,null,null,null
2,01/07/2005,02/07/2005,null,null,null,null,null,null,null,null,null,null,null,null,null,null,null,null,null,null,null,null,null,null,null,null,null,null,null,null,null,null,null,null,null,null
3,01/08/2005,02/08/2005,null,null,null,null,null,null,null,null,null,null,null,null,null,null,null,null,null,null,null,null,null,null,null,null,null,null,null,null,null,null,null,null,null,null
4,01/09/2005,02/09/2005,1.1269999742507935,null,null,null,31,Clear,odour free,7.43,280,null,null,null,null,null,null,null,null,0,45,86.5,46,null,null,18.4,9.72,23.46,null,31.95,1.392,0,54.9,null,null,null
5,01/09/2005,02/09/2005,1.1269999742507935,null,null,null,31,Clear,odour free,7.43,280,null,null,null,null,null,null,null,null,0,45,86.5,46,null,null,18.4,9.72,23.46,null,31.95,1.392,0,54.9,null,null,null
6,01/10/2005,02/10/2005,4.255000114440918,null,null,null,30,Light Brown,odour free,7.72,311,null,null,null,null,null,null,null,null,0,123,92.025,90,.228,null,36,.486,20.93,null,28.755,7.776,0,150.06,null,null,null
7,01/10/2005,02/10/2005,4.255000114440918,null,null,null,30,Light Brown,odour free,7.72,311,null,null,null,null,null,null,null,null,0,123,92.025,90,.228,null,36,.486,20.93,null,28.755,7.776,0,150.06,null,null,null
8,02/11/2005,03/11/2005,2.078000068664551,null,null,null,29.5,Clear,odour free,7.46,534,null,null,null,null,null,null,null,null,0,148,170.819,64,null,null,25.6,25.636,41.86,null,87.685,null,0,180.56,null,null,null
9,02/11/2005,03/11/2005,2.078000068664551,null,null,null,29.5,Clear,odour free,7.46,534,null,null,null,null,null,null,null,null,0,148,170.819,64,null,null,25.6,25.636,41.86,null,87.685,null,0,180.56,null,null,null
10,01/12/2005,02/12/2005,0.7319999933242798,null,null,null,28.5,Light Brown,odour free,7.4,413,null,null,null,null,null,null,null,null,0,139.5,128.75,68,null,null,27.2,14.58,40.48,null,37.985,null,0,170.19,null,null,null
11,01/12/2005,02/12/2005,0.7319999933242798,null,null,null,28.5,Light Brown,odour free,7.4,413,null,null,null,null,null,null,null,null,0,139.5,128.75,68,null,null,27.2,14.58,40.48,null,37.985,null,0,170.19,null,null,null
12,02/01/2006,03/01/2006,2.322999954223633,null,null,null,28,Clear,odour free,7.63,646,null,null,null,null,null,null,null,null,0,166.5,169.15,76,null,null,30.4,22.356,51.06,null,66.74,null,0,203.13,null,null,null
13,02/01/2006,03/01/2006,2.322999954223633,null,null,null,28,Clear,odour free,7.63,646,null,null,null,null,null,null,null,null,0,166.5,169.15,76,null,null,30.4,22.356,51.06,null,66.74,null,0,203.13,null,null,null
14,01/02/2006,02/02/2006,0.28600001335144043,null,null,null,26,Clear,odour free,7.74,704,null,null,null,null,null,null,null,null,0,212.5,193.375,82,null,null,32.8,26.73,69.46,null,72.42,27.456,0,259.25,null,null,null
15,01/02/2006,02/02/2006,0.28600001335144043,null,null,null,26,Clear,odour free,7.74,704,null,null,null,null,null,null,null,null,0,212.5,193.375,82,null,null,32.8,26.73,69.46,null,72.42,27.456,0,259.25,null,null,null
16,01/03/2006,02/03/2006,null,null,null,null,null,null,null,null,null,null,null,null,null,null,null,null,null,null,null,null,null,null,null,null,null,null,null,null,null,null,null,null,null,null
17,01/04/2006,02/04/2006,null,null,null,null,null,null,null,null,null,null,null,null,null,null,null,null,null,null,null,null,null,null,null,null,null,null,null,null,null,null,null,null,null,null
18,01/05/2006,02/05/2006,null,null,null,null,null,null,null,null,null,null,null,null,null,null,null,null,null,null,null,null,null,null,null,null,null,null,null,null,null,null,null,null,null,null
19,24/06/2006,25/06/2006,0.8679999709129333,null,null,null,null,Clear,odour free,6.94,1080,null,null,null,null,null,null,null,null,0,null,148.85,80,null,null,32,16.524,56.925,null,51.475,32.112,0,238.876,null,null,null
20,24/06/2006,25/06/2006,0.8679999709129333,null,null,null,null,Clear,odour free,6.94,1080,null,null,null,null,null,null,null,null,0,null,148.85,80,null,null,32,16.524,56.925,null,51.475,32.112,0,238.876,null,null,null
21,01/07/2006,01/07/2006,0.1599999964237213,null,null,null,28.5,Clear,odour free,7.49,1080,null,null,null,null,null,null,null,null,0,null,149.025,66,null,null,26.4,19.926,51.612,null,46.718,17.52,0,233.752,null,null,null
22,01/07/2006,01/07/2006,0.1599999964237213,null,null,null,28.5,Clear,odour free,7.49,1080,null,null,null,null,null,null,null,null,0,null,149.025,66,null,null,26.4,19.926,51.612,null,46.718,17.52,0,233.752,null,null,null
23,01/08/2006,01/08/2006,1.4850000143051147,null,null,null,28,Clear,odour free,7.09,327,null,null,null,null,null,null,null,null,0,null,138.725,80,null,null,32,14.094,50.623,null,36.245,13.776,0,188.063,null,null,null
24,01/08/2006,01/08/2006,1.4850000143051147,null,null,null,28,Clear,odour free,7.09,327,null,null,null,null,null,null,null,null,0,null,138.725,80,null,null,32,14.094,50.623,null,36.245,13.776,0,188.063,null,null,null
25,01/09/2006,01/09/2006,1.715000033378601,null,null,null,29.5,Clear,odour free,7.38,216,null,null,null,null,null,null,null,null,0,null,149.25,48,null,null,19.2,24.3,50.83,null,26.696,8.784,0,122,null,null,null
26,01/09/2006,01/09/2006,1.715000033378601,null,null,null,29.5,Clear,odour free,7.38,216,null,null,null,null,null,null,null,null,0,null,149.25,48,null,null,19.2,24.3,50.83,null,26.696,8.784,0,122,null,null,null
27,03/10/2006,03/10/2006,0.9150000214576721,null,null,null,28.5,Clear,odour free,7.63,270,null,null,null,null,null,null,null,null,0,null,84.6,36,null,null,14.4,11.664,52.831,null,27.69,8.832,0,116.876,null,null,null
28,03/10/2006,03/10/2006,0.9150000214576721,null,null,null,28.5,Clear,odour free,7.63,270,null,null,null,null,null,null,null,null,0,null,84.6,36,null,null,14.4,11.664,52.831,null,27.69,8.832,0,116.876,null,null,null
29,01/11/2006,01/11/2006,2.062000036239624,null,null,null,28,Light Brown,odour free,7.21,366,null,null,null,null,null,null,null,null,0,null,108.675,54,null,null,21.6,13.122,58.834,null,38.127,10.512,0,157.563,null,null,null
30,01/11/2006,01/11/2006,2.062000036239624,null,null,null,28,Light Brown,odour free,7.21,366,null,null,null,null,null,null,null,null,0,null,108.675,54,null,null,21.6,13.122,58.834,null,38.127,10.512,0,157.563,null,null,null
31,01/12/2006,01/12/2006,0.3140000104904175,null,null,null,24,Clear,odour free,7.49,572,null,null,null,null,null,null,null,null,0,null,181.125,90,null,null,36,21.87,66.838,null,80.088,33.12,0,226.31,null,null,null
32,01/12/2006,01/12/2006,0.3140000104904175,null,null,null,24,Clear,odour free,7.49,572,null,null,null,null,null,null,null,null,0,null,181.125,90,null,null,36,21.87,66.838,null,80.088,33.12,0,226.31,null,null,null
33,02/01/2007,02/01/2007,0.3179999887943268,null,null,null,25.5,Clear,odour free,7.71,409,null,null,null,null,null,null,null,null,0,null,157,76,null,null,30.4,19.44,52.831,null,47.57,17.28,0,213.5,null,null,null
34,02/01/2007,02/01/2007,0.3179999887943268,null,null,null,25.5,Clear,odour free,7.71,409,null,null,null,null,null,null,null,null,0,null,157,76,null,null,30.4,19.44,52.831,null,47.57,17.28,0,213.5,null,null,null
35,01/02/2007,01/02/2007,3.888000011444092,null,null,null,27.5,Clear,odour free,7.32,425,null,null,null,null,null,null,null,null,0,null,134.725,76,null,null,30.4,14.094,67.827,null,51.475,17.328,0,213.5,null,null,null
36,01/02/2007,01/02/2007,3.888000011444092,null,null,null,27.5,Clear,odour free,7.32,425,null,null,null,null,null,null,null,null,0,null,134.725,76,null,null,30.4,14.094,67.827,null,51.475,17.328,0,213.5,null,null,null
37,01/03/2007,05/03/2007,null,null,null,null,null,null,null,null,null,null,null,null,null,null,null,null,null,0,null,null,null,null,null,null,null,null,null,null,null,0,null,null,null,null
38,01/04/2007,02/04/2007,null,null,null,null,null,null,null,null,null,null,null,null,null,null,null,null,null,null,null,null,null,null,null,null,null,null,null,null,null,null,null,null,null,null
39,01/05/2007,02/05/2007,null,null,null,null,null,null,null,null,null,null,null,null,null,null,null,null,null,null,null,null,null,null,null,null,null,null,null,null,null,null,null,null,null,null
40,01/06/2007,02/06/2007,null,null,null,null,null,null,null,null,null,null,null,null,null,null,null,null,null,null,null,null,null,null,null,null,null,null,null,null,null,null,null,null,null,null
41,02/07/2007,02/07/2007,null,null,null,null,null,null,null,null,null,null,null,null,null,null,null,null,null,null,null,null,null,null,null,null,null,null,null,null,null,null,null,null,null,null
42,01/08/2007,02/08/2007,2.0929999351501465,null,null,null,23.5,Clear,odour free,7.35,259,null,null,null,null,null,null,null,null,0,100,132.65,80,null,null,32,12.636,21.804,null,24.779,7.44,0,122,null,null,null
43,01/08/2007,02/08/2007,2.0929999351501465,null,null,null,23.5,Clear,odour free,7.35,259,null,null,null,null,null,null,null,null,0,100,132.65,80,null,null,32,12.636,21.804,null,24.779,7.44,0,122,null,null,null
44,01/09/2007,02/09/2007,2.6019999980926514,null,null,null,25,Clear,odour free,7.59,236,null,null,null,null,null,null,null,null,0,91.65,108.55,64,null,null,25.6,10.692,20.102,null,26.696,11.616,0,111.813,null,null,null
45,01/09/2007,02/09/2007,2.6019999980926514,null,null,null,25,Clear,odour free,7.59,236,null,null,null,null,null,null,null,null,0,91.65,108.55,64,null,null,25.6,10.692,20.102,null,26.696,11.616,0,111.813,null,null,null
46,03/10/2007,03/10/2007,2.371000051498413,null,null,null,26,Dark Green,odour free,7.53,251,null,null,null,null,null,null,null,null,0,91.65,96.6,48,null,null,19.2,11.664,19.205,null,20.98,8.688,0,111.813,null,null,null
47,03/10/2007,03/10/2007,2.371000051498413,null,null,null,26,Dark Green,odour free,7.53,251,null,null,null,null,null,null,null,null,0,91.65,96.6,48,null,null,19.2,11.664,19.205,null,20.98,8.688,0,111.813,null,null,null
48,01/11/2007,01/11/2007,1.7209999561309814,null,null,null,23,Brown,odour free,7.29,369,null,null,null,null,null,null,null,null,0,104.15,124.65,72,null,null,28.8,12.636,39.813,null,36.245,10.464,0,127.063,null,null,null
49,01/11/2007,01/11/2007,1.7209999561309814,null,null,null,23,Brown,odour free,7.29,369,null,null,null,null,null,null,null,null,0,104.15,124.65,72,null,null,28.8,12.636,39.813,null,36.245,10.464,0,127.063,null,null,null
50,01/12/2007,01/12/2007,0.29600000381469727,null,null,null,22.5,Clear,odour free,7.45,388,null,null,null,null,null,null,null,null,0,158.35,150.9,78,null,null,31.2,17.496,28.704,null,38.127,12.576,0,193.187,null,null,null
51,01/12/2007,01/12/2007,0.29600000381469727,null,null,null,22.5,Clear,odour free,7.45,388,null,null,null,null,null,null,null,null,0,158.35,150.9,78,null,null,31.2,17.496,28.704,null,38.127,12.576,0,193.187,null,null,null
52,01/01/2008,01/01/2008,0.4880000054836273,null,null,null,24,Clear,odour free,7.85,648,null,null,null,null,null,null,null,null,0,120.8,138.525,91.95,null,null,36.78,11.178,null,null,85.803,25.68,0,147.376,null,null,null
53,01/01/2008,01/01/2008,0.4880000054836273,null,null,null,24,Clear,odour free,7.85,648,null,null,null,null,null,null,null,null,0,120.8,138.525,91.95,null,null,36.78,11.178,null,null,85.803,25.68,0,147.376,null,null,null
54,01/02/2008,01/02/2008,0.37599998712539673,null,null,null,25.5,Clear,odour free,8.17,527,null,null,null,null,null,null,null,null,0,177.05,169.1,80,null,null,32,21.384,null,null,63.864,25.2,0,216.001,null,null,null
55,01/02/2008,01/02/2008,0.37599998712539673,null,null,null,25.5,Clear,odour free,8.17,527,null,null,null,null,null,null,null,null,0,177.05,169.1,80,null,null,32,21.384,null,null,63.864,25.2,0,216.001,null,null,null
56,01/03/2008,02/03/2008,null,null,null,null,null,null,null,null,null,null,null,null,null,null,null,null,null,null,null,null,null,null,null,null,null,null,null,null,null,null,null,null,null,null
57,01/04/2008,02/04/2008,0,null,null,null,null,null,null,null,null,null,null,null,null,null,null,null,null,null,null,null,null,null,null,null,null,null,null,null,null,null,null,null,null,null
58,01/04/2008,02/04/2008,0,null,null,null,null,null,null,null,null,null,null,null,null,null,null,null,null,null,null,null,null,null,null,null,null,null,null,null,null,null,null,null,null,null
59,01/05/2008,02/05/2008,null,null,null,null,null,null,null,null,null,null,null,null,null,null,null,null,null,null,null,null,null,null,null,null,null,null,null,null,null,null,null,null,null,null
60,20/06/2008,21/06/2008,1.7039999961853027,7,null,null,28,Clear,odour free,7.48,467,null,null,null,null,null,null,null,null,0,158.3,150.925,76,null,null,30.4,17.982,null,null,51.475,19.68,0,193.126,null,null,null
61,20/06/2008,21/06/2008,1.7039999961853027,7,null,null,28,Clear,odour free,7.48,467,null,null,null,null,null,null,null,null,0,158.3,150.925,76,null,null,30.4,17.982,null,null,51.475,19.68,0,193.126,null,null,null
62,01/07/2008,01/07/2008,0.1379999965429306,7,null,null,25,Clear,odour free,7.33,435,null,null,null,null,null,null,null,null,0,168.7,147.05,62,null,null,24.8,20.412,null,null,45.759,10.224,0,205.814,null,null,null
63,01/07/2008,01/07/2008,0.1379999965429306,7,null,null,25,Clear,odour free,7.33,435,null,null,null,null,null,null,null,null,0,168.7,147.05,62,null,null,24.8,20.412,null,null,45.759,10.224,0,205.814,null,null,null
64,01/08/2008,02/08/2008,null,null,null,null,null,null,null,null,null,null,null,null,null,null,null,null,null,null,null,null,null,null,null,null,null,null,null,null,null,null,null,null,null,null
65,01/09/2008,02/09/2008,1.4809999465942383,7,null,null,29.5,Clear,odour free,7.98,309,null,null,null,null,null,null,null,null,0,127.05,124.269,62,null,null,24.8,14.944,null,null,68.657,null,0,155.001,null,null,null
66,01/09/2008,02/09/2008,1.4809999465942383,7,null,null,29.5,Clear,odour free,7.98,309,null,null,null,null,null,null,null,null,0,127.05,124.269,62,null,null,24.8,14.944,null,null,68.657,null,0,155.001,null,null,null
67,03/10/2008,04/10/2008,2.4639999866485596,7,null,null,29.5,Clear,odour free,7.55,358,null,null,null,null,null,null,null,null,0,124.95,148.925,74,null,null,29.6,17.982,null,null,61.025,null,0,152.439,null,null,null
68,03/10/2008,04/10/2008,2.4639999866485596,7,null,null,29.5,Clear,odour free,7.55,358,null,null,null,null,null,null,null,null,0,124.95,148.925,74,null,null,29.6,17.982,null,null,61.025,null,0,152.439,null,null,null
69,01/11/2008,02/11/2008,null,null,null,null,null,null,null,null,null,null,null,null,null,null,null,null,null,null,null,null,null,null,null,null,null,null,null,null,null,null,null,null,null,null
70,01/12/2008,02/12/2008,9.354000091552734,7,null,null,28.25,Clear,odour free,7.18,311,null,null,null,null,null,null,null,null,0,124.95,128.9,56,null,null,22.4,17.496,null,null,53.392,null,0,152.439,null,null,null
71,01/12/2008,02/12/2008,9.354000091552734,7,null,null,28.25,Clear,odour free,7.18,311,null,null,null,null,null,null,null,null,0,124.95,128.9,56,null,null,22.4,17.496,null,null,53.392,null,0,152.439,null,null,null
72,01/01/2009,01/01/2009,0.41999998688697815,7,null,null,24.25,Clear,odour free,7.47,651,null,null,null,null,null,null,null,null,0,216.6,181.1,92,null,null,36.8,21.384,null,null,95.353,null,0,264.252,null,null,null
73,01/01/2009,01/01/2009,0.41999998688697815,7,null,null,24.25,Clear,odour free,7.47,651,null,null,null,null,null,null,null,null,0,216.6,181.1,92,null,null,36.8,21.384,null,null,95.353,null,0,264.252,null,null,null
74,02/02/2009,03/02/2009,0,null,null,null,null,null,null,null,null,null,null,null,null,null,null,null,null,null,null,null,null,null,null,null,null,null,null,null,null,null,null,null,null,null
75,02/02/2009,03/02/2009,0,null,null,null,null,null,null,null,null,null,null,null,null,null,null,null,null,null,null,null,null,null,null,null,null,null,null,null,null,null,null,null,null,null
76,02/03/2009,03/03/2009,null,null,null,null,null,null,null,null,null,null,null,null,null,null,null,null,null,null,null,null,null,null,null,null,null,null,null,null,null,null,null,null,null,null
77,01/04/2009,02/04/2009,null,null,null,null,null,null,null,null,null,null,null,null,null,null,null,null,null,null,null,null,null,null,null,null,null,null,null,null,null,null,null,null,null,null
78,01/05/2009,02/05/2009,null,null,null,null,null,null,null,null,null,null,null,null,null,null,null,null,null,null,null,null,null,null,null,null,null,null,null,null,null,null,null,null,null,null
79,01/06/2009,02/06/2009,null,null,null,null,null,null,null,null,null,null,null,null,null,null,null,null,null,null,null,null,null,null,null,null,null,null,null,null,null,null,null,null,null,null
80,01/07/2009,02/07/2009,null,null,null,null,null,null,null,null,null,null,null,null,null,null,null,null,null,null,null,null,null,null,null,null,null,null,null,null,null,null,null,null,null,null
81,18/08/2009,18/08/2009,0.7929999828338623,7,null,null,28.5,Clear,odour free,7.3,306,null,null,null,null,null,null,null,null,0,139.9,122,65.3,.285,null,26.12,13.608,32.315,.978,41.925,10.512,0,170.678,null,null,null
82,18/08/2009,18/08/2009,0.7929999828338623,7,null,null,28.5,Clear,odour free,7.3,306,null,null,null,null,null,null,null,null,0,139.9,122,65.3,.285,null,26.12,13.608,32.315,.978,41.925,10.512,0,170.678,null,null,null
83,01/09/2009,02/09/2009,0.4410000145435333,7,null,null,25,Clear,odour free,7.55,342,null,null,null,null,null,null,null,null,0,161.1,109.75,57.1,.268,null,22.84,12.636,38.525,8.016,36.21,10.512,0,196.542,null,null,null
84,01/09/2009,02/09/2009,0.4410000145435333,7,null,null,25,Clear,odour free,7.55,342,null,null,null,null,null,null,null,null,0,161.1,109.75,57.1,.268,null,22.84,12.636,38.525,8.016,36.21,10.512,0,196.542,null,null,null
85,01/10/2009,01/10/2009,null,null,null,null,null,null,null,null,null,null,null,null,null,null,null,null,null,null,null,null,null,null,null,null,null,null,null,null,null,null,null,null,null,null
86,03/11/2009,03/11/2009,1.5080000162124634,7,null,null,27,Light Brown,odour free,7.5,443,null,null,null,null,null,null,1.136,null,0,182.3,122,65.3,.308,null,26.12,13.608,65.021,5.787,76.218,10.56,0,222.406,null,null,null
87,03/11/2009,03/11/2009,1.5080000162124634,7,null,null,27,Light Brown,odour free,7.5,443,null,null,null,null,null,null,1.136,null,0,182.3,122,65.3,.308,null,26.12,13.608,65.021,5.787,76.218,10.56,0,222.406,null,null,null
88,01/12/2009,02/12/2009,0.3190000057220459,7,null,null,24,Light Brown,odour free,8.11,573,null,null,null,null,null,null,.185,null,0,258.6,125.95,57.1,.333,null,22.84,16.524,108.537,9.619,81.827,23.76,0,315.492,null,null,null
89,01/12/2009,02/12/2009,0.3190000057220459,7,null,null,24,Light Brown,odour free,8.11,573,null,null,null,null,null,null,.185,null,0,258.6,125.95,57.1,.333,null,22.84,16.524,108.537,9.619,81.827,23.76,0,315.492,null,null,null
90,01/01/2010,02/01/2010,0.5059999823570251,7,null,null,26,Clear,odour free,7.94,677,null,null,null,null,null,null,.1,null,0,296.75,150.4,77.5,.359,null,31,17.496,110.538,15.014,78.135,30.912,0,362.035,null,null,null
91,01/01/2010,02/01/2010,0.5059999823570251,7,null,null,26,Clear,odour free,7.94,677,null,null,null,null,null,null,.1,null,0,296.75,150.4,77.5,.359,null,31,17.496,110.538,15.014,78.135,30.912,0,362.035,null,null,null
92,01/02/2010,02/02/2010,0.5559999942779541,7,null,null,25.5,Clear,odour free,7.9,562,null,null,null,null,null,null,.371,null,0,301,178.75,77.5,.401,null,31,24.3,97.037,6.608,76.254,16.608,0,367.22,null,null,null
93,01/02/2010,02/02/2010,0.5559999942779541,7,null,null,25.5,Clear,odour free,7.9,562,null,null,null,null,null,null,.371,null,0,301,178.75,77.5,.401,null,31,24.3,97.037,6.608,76.254,16.608,0,367.22,null,null,null
94,01/03/2010,01/03/2010,null,null,null,null,null,null,null,null,null,null,null,null,null,null,null,null,null,null,null,null,null,null,null,null,null,null,null,null,null,null,null,null,null,null
95,01/04/2010,02/04/2010,null,null,null,null,null,null,null,null,null,null,null,null,null,null,null,null,null,null,null,null,null,null,null,null,null,null,null,null,null,null,null,null,null,null
96,01/05/2010,02/05/2010,null,null,null,null,null,null,null,null,null,null,null,null,null,null,null,null,null,null,null,null,null,null,null,null,null,null,null,null,null,null,null,null,null,null
97,01/06/2010,02/06/2010,null,null,null,null,null,null,null,null,null,null,null,null,null,null,null,null,null,null,null,null,null,null,null,null,null,null,null,null,null,null,null,null,null,null
98,01/07/2010,02/07/2010,null,null,null,null,null,null,null,null,null,null,null,null,null,null,null,null,null,null,null,null,null,null,null,null,null,null,null,null,null,null,null,null,null,null
99,30/08/2010,31/08/2010,0.5509999990463257,7,null,null,29.5,Clear,odour free,7.78,504,null,null,null,null,null,null,1.546,null,0,175.59,170.783,73.575,.198,null,29.43,23.33,43.5,6,58.63,22.37,0,214.22,null,null,null
100,30/08/2010,31/08/2010,0.5509999990463257,7,null,null,29.5,Clear,odour free,7.78,504,null,null,null,null,null,null,1.546,null,0,175.59,170.783,73.575,.198,null,29.43,23.33,43.5,6,58.63,22.37,0,214.22,null,null,null
101,01/09/2010,02/09/2010,null,null,null,null,null,null,null,null,null,null,null,null,null,null,null,null,null,null,null,null,null,null,null,null,null,null,null,null,null,null,null,null,null,null
102,04/10/2010,04/10/2010,0.49000000953674316,7,null,null,30.25,Clear,odour free,7.98,457,null,null,null,null,null,null,1.019,null,0,182.91,146.4,65.4,.37,null,26.16,19.44,48,5.7,55.19,20.08,0,223.15,null,null,null
103,04/10/2010,04/10/2010,0.49000000953674316,7,null,null,30.25,Clear,odour free,7.98,457,null,null,null,null,null,null,1.019,null,0,182.91,146.4,65.4,.37,null,26.16,19.44,48,5.7,55.19,20.08,0,223.15,null,null,null
104,01/11/2010,02/11/2010,3.259000062942505,8,null,null,28,Clear,odour free,7.95,398,null,null,null,null,null,null,1.063,null,0,180.418,150.358,53.15,.371,null,21.26,23.33,37.1,4.8,48.06,10.67,0,220.11,null,null,null
105,01/11/2010,02/11/2010,3.259000062942505,8,null,null,28,Clear,odour free,7.95,398,null,null,null,null,null,null,1.063,null,0,180.418,150.358,53.15,.371,null,21.26,23.33,37.1,4.8,48.06,10.67,0,220.11,null,null,null
106,01/12/2010,01/12/2010,4.313000202178955,8,null,null,26,Light Brown,odour free,7.97,420,null,null,null,null,null,null,1.329,null,0,158.648,134.333,69.5,.242,null,27.8,15.56,36.9,6,47.77,16.9,0,193.55,null,null,null
107,01/12/2010,01/12/2010,4.313000202178955,8,null,null,26,Light Brown,odour free,7.97,420,null,null,null,null,null,null,1.329,null,0,158.648,134.333,69.5,.242,null,27.8,15.56,36.9,6,47.77,16.9,0,193.55,null,null,null
108,03/01/2011,03/01/2011,3.2219998836517334,7,null,null,26.25,Light Brown,odour free,8.17,770,null,null,null,null,null,null,.575,null,0,253.992,216.533,98.825,.492,null,39.53,28.25,76.6,8.1,95.72,38.59,0,309.87,null,null,null
109,03/01/2011,03/01/2011,3.2219998836517334,7,null,null,26.25,Light Brown,odour free,8.17,770,null,null,null,null,null,null,.575,null,0,253.992,216.533,98.825,.492,null,39.53,28.25,76.6,8.1,95.72,38.59,0,309.87,null,null,null
110,01/02/2011,01/02/2011,0.7390000224113464,8,null,null,24.5,Light Brown,odour free,8.15,581,null,null,null,null,null,null,2.396,null,0,186.197,154.492,61.325,.463,null,24.53,22.36,60.6,5.7,79.55,19.1,0,227.16,null,null,null
111,01/02/2011,01/02/2011,0.7390000224113464,8,null,null,24.5,Light Brown,odour free,8.15,581,null,null,null,null,null,null,2.396,null,0,186.197,154.492,61.325,.463,null,24.53,22.36,60.6,5.7,79.55,19.1,0,227.16,null,null,null
112,01/03/2011,01/03/2011,0,null,null,null,null,null,null,null,null,null,null,null,null,null,null,null,null,null,null,null,null,null,null,null,null,null,null,null,null,null,null,null,null,null
113,01/03/2011,01/03/2011,0,null,null,null,null,null,null,null,null,null,null,null,null,null,null,null,null,null,null,null,null,null,null,null,null,null,null,null,null,null,null,null,null,null
114,01/04/2011,01/04/2011,null,null,null,null,null,null,null,null,null,null,null,null,null,null,null,null,null,null,null,null,null,null,null,null,null,null,null,null,null,null,null,null,null,null
115,02/05/2011,02/05/2011,null,null,null,null,null,null,null,null,null,null,null,null,null,null,null,null,null,null,null,null,null,null,null,null,null,null,null,null,null,null,null,null,null,null
116,25/06/2011,25/06/2011,1.3569999933242798,7,null,null,25,Clear,odour free,8.3,595,null,null,null,null,null,null,2.412,null,35.856,188,209.717,88.175,.503,null,35.27,29.17,46.1,8.6,66.16,22.28,43.2,141.52,null,null,null
117,25/06/2011,25/06/2011,1.3569999933242798,7,null,null,25,Clear,odour free,8.3,595,null,null,null,null,null,null,2.412,null,35.856,188,209.717,88.175,.503,null,35.27,29.17,46.1,8.6,66.16,22.28,43.2,141.52,null,null,null
118,01/07/2011,01/07/2011,null,null,null,null,null,null,null,null,null,null,null,null,null,null,null,null,null,null,null,null,null,null,null,null,null,null,null,null,null,null,null,null,null,null
119,01/08/2011,01/08/2011,0,null,null,null,null,null,null,null,null,null,null,null,null,null,null,null,null,null,null,null,null,null,null,null,null,null,null,null,null,null,null,null,null,null
120,01/08/2011,01/08/2011,0,null,null,null,null,null,null,null,null,null,null,null,null,null,null,null,null,null,null,null,null,null,null,null,null,null,null,null,null,null,null,null,null,null
121,02/09/2011,02/09/2011,0,null,null,null,null,null,null,null,null,null,null,null,null,null,null,null,null,null,null,null,null,null,null,null,null,null,null,null,null,null,null,null,null,null
122,02/09/2011,02/09/2011,0,null,null,null,null,null,null,null,null,null,null,null,null,null,null,null,null,null,null,null,null,null,null,null,null,null,null,null,null,null,null,null,null,null
123,01/10/2011,01/10/2011,2.111999988555908,8,null,null,29,Light Brown,odour free,8.01,306,null,null,null,null,null,null,2.38,null,0,100,88.6,48.1,.315,null,19.24,9.72,23.3,4.6,29.77,10.83,0,122,null,null,null
124,01/10/2011,01/10/2011,2.111999988555908,8,null,null,29,Light Brown,odour free,8.01,306,null,null,null,null,null,null,2.38,null,0,100,88.6,48.1,.315,null,19.24,9.72,23.3,4.6,29.77,10.83,0,122,null,null,null
125,01/11/2011,01/11/2011,3.1489999294281006,7,null,null,26.5,Light Brown,odour free,8.13,411,null,null,null,null,null,null,1.47,null,0,109.443,108.75,60.125,.276,null,24.05,11.67,40.2,4,54.98,8.19,0,133.52,null,null,null
126,01/11/2011,01/11/2011,3.1489999294281006,7,null,null,26.5,Light Brown,odour free,8.13,411,null,null,null,null,null,null,1.47,null,0,109.443,108.75,60.125,.276,null,24.05,11.67,40.2,4,54.98,8.19,0,133.52,null,null,null
127,01/12/2011,01/12/2011,2.5910000801086426,8,null,null,27.5,Light Brown,odour free,8.3,489,null,null,null,null,null,null,2.12,null,11.471,138.23,128.875,68.125,.262,null,27.25,14.58,44.7,5.7,61.86,.49,13.82,140.54,null,null,null
128,01/12/2011,01/12/2011,2.5910000801086426,8,null,null,27.5,Light Brown,odour free,8.3,489,null,null,null,null,null,null,2.12,null,11.471,138.23,128.875,68.125,.262,null,27.25,14.58,44.7,5.7,61.86,.49,13.82,140.54,null,null,null
129,02/01/2012,02/01/2012,0.7540000081062317,7,null,null,25.5,Clear,odour free,7.37,531,null,null,null,null,null,null,1.83,null,0,161.279,149.125,68.125,.317,null,27.25,19.44,50.5,5.4,65.29,22.42,0,196.76,null,null,null
130,02/01/2012,02/01/2012,0.7540000081062317,7,null,null,25.5,Clear,odour free,7.37,531,null,null,null,null,null,null,1.83,null,0,161.279,149.125,68.125,.317,null,27.25,19.44,50.5,5.4,65.29,22.42,0,196.76,null,null,null
131,01/02/2012,01/02/2012,0.9409999847412109,8,null,null,25.5,Clear,odour free,8.03,481,null,null,null,null,null,null,2.09,null,0,115.197,129,60.125,.34,null,24.05,16.53,43.8,11.6,72.16,17.74,0,140.54,null,null,null
132,01/02/2012,01/02/2012,0.9409999847412109,8,null,null,25.5,Clear,odour free,8.03,481,null,null,null,null,null,null,2.09,null,0,115.197,129,60.125,.34,null,24.05,16.53,43.8,11.6,72.16,17.74,0,140.54,null,null,null
133,01/03/2012,01/03/2012,null,null,null,null,null,null,null,null,null,null,null,null,null,null,null,null,null,null,null,null,null,null,null,null,null,null,null,null,null,null,null,null,null,null
134,02/04/2012,02/04/2012,null,null,null,null,null,null,null,null,null,null,null,null,null,null,null,null,null,null,null,null,null,null,null,null,null,null,null,null,null,null,null,null,null,null
135,01/05/2012,01/05/2012,null,null,null,null,null,null,null,null,null,null,null,null,null,null,null,null,null,null,null,null,null,null,null,null,null,null,null,null,null,null,null,null,null,null
136,01/06/2012,02/06/2012,null,null,null,null,null,null,null,null,null,null,null,null,null,null,null,null,null,null,null,null,null,null,null,null,null,null,null,null,null,null,null,null,null,null
137,02/07/2012,03/07/2012,null,null,null,null,null,null,null,null,null,null,null,null,null,null,null,null,null,null,null,null,null,null,null,null,null,null,null,null,null,null,null,null,null,null
138,01/08/2012,02/08/2012,null,null,null,null,null,null,null,null,null,null,null,null,null,null,null,null,null,null,null,null,null,null,null,null,null,null,null,null,null,null,null,null,null,null
139,27/09/2012,28/09/2012,0.460999995470047,7,null,null,28.5,Clear,odour free,7.27,439,234,null,null,null,null,null,.53,null,0,130.615,142.033,74.575,.83,null,29.83,16.19,36.1,3.8,63.91,18.55,0,159.35,null,null,null
140,27/09/2012,28/09/2012,0.460999995470047,7,null,null,28.5,Clear,odour free,7.27,439,234,null,null,null,null,null,.53,null,0,130.615,142.033,74.575,.83,null,29.83,16.19,36.1,3.8,63.91,18.55,0,159.35,null,null,null
141,01/10/2012,01/10/2012,null,null,null,null,null,null,null,null,null,null,null,null,null,null,null,null,null,null,null,null,null,null,null,null,null,null,null,null,null,null,null,null,null,null
142,01/11/2012,02/11/2012,2.874000072479248,7,null,null,23.5,Clear,odour free,7.4,298,159,null,null,null,null,null,2.07,null,0,77.549,63.117,35.325,.429,null,14.13,6.67,25.6,3.8,31.83,9.3,0,94.61,null,null,null
143,01/11/2012,02/11/2012,2.874000072479248,7,null,null,23.5,Clear,odour free,7.4,298,159,null,null,null,null,null,2.07,null,0,77.549,63.117,35.325,.429,null,14.13,6.67,25.6,3.8,31.83,9.3,0,94.61,null,null,null
144,01/12/2012,01/12/2012,0.5130000114440918,7,null,null,24,Clear,odour free,7.72,437,233,null,null,null,null,null,1.24,null,0,142.861,145.958,78.5,.703,null,31.4,16.19,33.5,3.4,54.98,14.65,0,174.29,null,null,null
145,01/12/2012,01/12/2012,0.5130000114440918,7,null,null,24,Clear,odour free,7.72,437,233,null,null,null,null,null,1.24,null,0,142.861,145.958,78.5,.703,null,31.4,16.19,33.5,3.4,54.98,14.65,0,174.29,null,null,null
146,01/01/2013,02/01/2013,null,null,null,null,null,null,null,null,null,null,null,null,null,null,null,null,null,null,null,null,null,null,null,null,null,null,null,null,null,null,null,null,null,null
147,01/02/2013,02/02/2013,null,null,null,null,null,null,null,null,null,null,null,null,null,null,null,null,null,null,null,null,null,null,null,null,null,null,null,null,null,null,null,null,null,null
148,01/03/2013,02/03/2013,null,null,null,null,null,null,null,null,null,null,null,null,null,null,null,null,null,null,null,null,null,null,null,null,null,null,null,null,null,null,null,null,null,null
149,01/04/2013,01/04/2013,null,null,null,null,null,null,null,null,null,null,null,null,null,null,null,null,null,null,null,null,null,null,null,null,null,null,null,null,null,null,null,null,null,null
150,01/05/2013,01/05/2013,null,null,null,null,null,null,null,null,null,null,null,null,null,null,null,null,null,null,null,null,null,null,null,null,null,null,null,null,null,null,null,null,null,null
151,01/06/2013,01/06/2013,null,null,null,null,null,null,null,null,null,null,null,null,null,null,null,null,null,null,null,null,null,null,null,null,null,null,null,null,null,null,null,null,null,null
152,01/07/2013,01/07/2013,null,null,null,null,null,null,null,null,null,null,null,null,null,null,null,null,null,null,null,null,null,null,null,null,null,null,null,null,null,null,null,null,null,null
153,11/08/2013,11/08/2013,1.5859999656677246,8,null,null,24,Light Brown,odour free,7.78,198,106,null,null,null,null,null,1.46,null,0,73.467,79.533,58.45,.34,null,23.38,5.06,13.6,3.5,25.52,8.94,0,89.63,null,null,null
154,11/08/2013,11/08/2013,1.5859999656677246,8,null,null,24,Light Brown,odour free,7.78,198,106,null,null,null,null,null,1.46,null,0,73.467,79.533,58.45,.34,null,23.38,5.06,13.6,3.5,25.52,8.94,0,89.63,null,null,null
155,01/09/2013,01/09/2013,0,null,null,null,null,null,null,null,null,null,null,null,null,null,null,null,null,null,null,null,null,null,null,null,null,null,null,null,null,null,null,null,null,null
156,01/10/2013,01/10/2013,null,null,null,null,null,null,null,null,null,null,null,null,null,null,null,null,null,null,null,null,null,null,null,null,null,null,null,null,null,null,null,null,null,null
157,01/11/2013,01/11/2013,null,null,null,null,null,null,null,null,null,null,null,null,null,null,null,null,null,null,null,null,null,null,null,null,null,null,null,null,null,null,null,null,null,null
158,01/12/2013,01/12/2013,null,null,null,null,null,null,null,null,null,null,null,null,null,null,null,null,null,null,null,null,null,null,null,null,null,null,null,null,null,null,null,null,null,null
159,01/01/2014,01/01/2014,null,null,null,null,null,null,null,null,null,null,null,null,null,null,null,null,null,null,null,null,null,null,null,null,null,null,null,null,null,null,null,null,null,null
