Standard Parameter Analysis Data of : A.P. Ghat (01-11-01-007)
Laboratory : M.B. Division, CWC, Guwahati 
Period : January-2003 To January-2015 
S.No.,Date_of_Collection,Date_of_Receipt,Discharge(cumecs),pH_FLD,EC_FLD(umho/cm),DO(mg/l),Water Temp(deg C),Colour,Odour,pH_GEN,EC_GEN(umho/cm),TDS(mg/l),SS(mg/l),NH3(mg N/l),NO2+NO3(mg N/l),Total_Nutrients(mg P/l),SiO2(mg/l),BOD(mg/l),COD(mg/l),Phen(mg CaCO3/l),Total_Alkallnity(mg CaCO3/l),Total_Hardness(mg CaCO3/l),Ca_Hardness(mg CaCO3/l),F(mg/l),B(mg/l),Ca_Major_Ions(mg/l),Mg(mg/l),Na(mg/l),K(mg/l),Cl(mg/l),SO4(mg/l),CO3(mg/l),HCO3(mg/l),Total_Coliforms(MPN/100ml),Faecal(MPN/100ml),Chlorophyll-A(ug/L)
1,16/06/2003,17/06/2003,null,null,null,null,26,Light Brown,odour free,8.5,50,400,null,null,null,null,null,null,null,null,null,59.75,null,null,null,10.32,8.26,3.6,1.3,10,null,0,46.36,null,null,null
2,18/08/2003,19/08/2003,null,null,null,null,28,Light Brown,odour free,6.3,94.38,400,null,null,null,null,null,null,null,null,null,51.31,null,null,null,12.04,5.16,4.2,1,14,null,0,26.84,null,null,null
3,15/10/2003,16/10/2003,null,null,null,null,26,Light Brown,odour free,6.9,64.75,360,null,null,null,null,null,null,null,null,null,68.37,null,null,null,15.48,7.22,4.9,1.2,10,null,0,46.36,null,null,null
4,15/12/2003,16/12/2003,null,null,null,null,19,Light Brown,odour free,8,118.9,280,null,null,null,null,null,null,null,null,null,85.71,null,null,null,25.8,5.16,3.6,.6,10,null,0,41.48,null,null,null
5,14/02/2004,15/02/2004,null,null,null,null,20,Clear,odour free,7.06,170.52,310,null,null,null,null,null,null,null,null,null,106.92,null,null,null,25.8,10.32,6,.8,15,null,0,48.8,null,null,null
6,15/04/2004,16/04/2004,null,null,null,null,21,Light Brown,odour free,8.4,54.35,320,null,null,null,null,null,null,null,null,null,51.31,null,null,null,12.04,5.16,3.6,1.2,15,null,0,48.8,null,null,null
7,15/06/2004,16/06/2004,null,null,null,null,15,Light Brown,odour free,8,62.3,300,null,null,null,null,null,null,null,null,null,76.88,null,null,null,15.48,9.29,4.2,.7,15,null,0,36.6,null,null,null
8,15/12/2004,16/12/2004,null,null,null,null,21,silty,odour free,7.09,70,68,null,null,null,null,null,null,null,null,null,72,null,.05,null,15.45,9.98,3,.2,12,2,0,26.84,null,null,null
9,15/02/2005,16/02/2005,null,null,null,null,20,Clear,odour free,7.9,130,98,null,null,null,null,null,null,null,null,null,72,null,null,null,17.29,6.99,3.8,.7,2.01,2,.56,75.43,null,null,null
10,16/04/2005,17/04/2005,null,null,null,null,27,Clear,odour free,7.68,100,90,null,null,null,null,null,null,null,null,null,28,null,.05,null,6.28,2.98,6,1.5,5.65,1.5,.29,111.83,null,null,null
11,15/06/2005,16/06/2005,null,null,null,null,28,silty,odour free,7.04,60,100,null,null,null,null,null,null,null,null,null,40,null,.05,null,6.29,5.9,3.7,1.6,9.25,1,.04,39.99,null,null,null
12,16/08/2005,17/08/2005,null,null,null,null,28,Silty,odour free,6.7,130,120,null,null,null,null,null,null,null,null,null,40,null,.05,null,7.07,5.42,1,1.599,5.54,1.1,.03,67.71,null,null,null
13,17/10/2005,18/10/2005,null,null,null,null,27,Silty,odour free,6.64,80,110,null,null,null,null,null,null,null,null,null,26,null,.5,null,10.2,.108,3.197,1.404,3.02,1,0,20.13,null,null,null
14,15/12/2005,16/12/2005,null,null,null,null,18.5,silty,odour free,8,130,140,null,null,null,null,null,null,null,null,null,60,null,.05,null,16.3,4.56,2.8,1,8.05,1.9,.47,49.48,null,null,null
15,01/04/2006,03/04/2006,null,null,null,null,null,null,null,8.5,null,170,null,null,null,null,null,null,null,null,null,140.5,80,.5,null,32,14.52,6.992,1.911,6.04,null,.9,59.17,null,null,null
16,01/07/2006,03/07/2006,null,null,null,null,27,silty,odour free,8.1,null,null,null,null,null,null,null,null,null,null,null,null,null,null,null,null,null,null,null,null,null,null,null,null,null,null
17,02/10/2006,03/10/2006,null,null,null,null,30,silty,odour free,6.91,null,null,null,null,null,null,null,null,null,null,null,null,null,null,null,null,null,null,null,null,null,null,null,null,null,null
18,01/01/2007,02/01/2007,null,null,null,null,null,null,null,7.64,null,190,null,null,null,null,null,null,null,null,null,36.019,34.5,.5,null,13.8,.364,4.991,.704,12.07,null,0,73.2,null,null,null
19,02/04/2007,03/04/2007,null,null,null,null,null,null,null,7.4,167.1,167,null,null,null,null,null,null,null,null,null,45.631,35,.5,null,14,2.552,null,null,6.39,null,.3,61.61,null,null,null
20,02/07/2007,03/07/2007,null,null,null,null,30,silty,null,7.2,208,207,null,null,null,null,null,null,null,null,null,null,null,null,null,null,null,null,null,null,null,null,null,null,null,null
21,01/10/2007,02/10/2007,null,null,null,null,null,silty,null,8.13,60.5,null,null,null,null,null,null,null,null,null,null,null,null,null,null,null,null,null,null,null,10,null,null,null,null,null
22,01/01/2008,02/04/2008,null,null,null,null,null,null,null,7.34,null,95,null,null,null,null,null,null,null,null,null,null,196,null,null,78.4,null,null,null,19.88,null,null,53.6,null,null,null
23,01/04/2008,02/04/2008,null,null,null,null,32.6,Clear,null,6.85,101.3,68,null,null,null,null,null,null,null,null,null,33.833,28,null,null,11.2,1.4,5.8,1.2,21.08,null,1.2,56.1,null,null,null
24,01/07/2008,02/07/2008,null,null,null,null,31.7,silty,odour free,7.12,59.7,40,null,null,null,null,null,null,null,null,null,null,null,null,null,null,null,null,null,null,null,null,null,null,null,null
25,01/10/2008,21/11/2008,null,null,null,null,28,O/Silty,odour free,7.36,61.5,41,null,null,null,null,null,null,null,null,null,null,null,null,null,null,null,null,null,null,null,null,null,null,null,null
26,01/01/2009,27/04/2009,null,null,null,null,20.4,Clear,odour free,7.71,152.5,102,null,null,null,null,null,null,null,null,null,96.6,49.1,null,null,19.64,11.4,6.63,4.19,8.56,null,.25,51.73,null,null,null
27,01/04/2009,15/06/2009,null,null,null,null,21,Clear,odour free,7.39,141,97,null,null,null,null,null,null,null,null,null,38.717,25.8,null,null,10.32,3.1,8.15,4.25,17,null,2.4,70.76,null,null,null
28,02/07/2009,06/10/2009,null,null,null,null,25, Silty,odour free,7.03,62.8,42,null,null,null,null,null,null,null,null,null,30.092,25.8,null,null,10.32,1.03,3.98,1.84,7,null,0,36.6,null,null,null
29,01/10/2009,20/11/2009,null,null,null,null,27,O/Silty,odour free,7.02,74.9,50,null,null,null,null,null,null,null,0,38,73.117,38.7,null,null,15.48,8.26,3.74,.4,10,null,0,46.36,null,null,null
30,01/01/2010,27/03/2010,null,null,null,null,16,Clear,odour free,7.46,133.1,89,null,null,null,null,null,null,null,0,66,81.717,25.8,null,null,10.32,13.42,6.89,.7,13,null,0,80.52,null,null,null
31,01/04/2010,05/07/2010,null,null,null,null,20,O/Silty,odour free,7.5,71.9,49,null,null,null,null,null,null,null,0,36,38.7,17.2,null,null,6.88,5.16,4.5,.12,8,null,0,43.92,null,null,null
32,01/07/2010,24/09/2010,null,null,null,null,26,O/silty,odour free,7.32,64.2,43,null,null,null,null,null,null,null,0,34,51.583,21.5,null,null,8.6,7.22,6.31,1.12,8,null,0,41.48,null,null,null
33,01/10/2010,25/01/2011,null,null,null,null,26, O/ silty,odour free,7.52,74.3,50,null,null,null,null,null,null,null,0,94,60.2,38.7,null,null,15.48,5.16,4,2.2,7,null,0,114.68,null,null,null
34,01/01/2011,03/05/2011,null,null,null,null,17,Clear,odour free,6.99,130.8,88,null,null,null,null,null,null,null,0,70,90.292,43,null,null,17.2,11.35,1.8,.11,10,null,0,85.4,null,null,null
35,01/02/2011,06/06/2011,null,null,null,null,13,Clear,odour free,6.5,140,94,null,null,null,null,null,null,null,0,72,73.083,64.5,null,null,25.8,2.06,2.37,1,10,null,0,87.84,null,null,null
36,01/03/2011,06/06/2011,null,null,null,null,21,Clear,odour free,6.65,156.2,105,null,null,null,null,null,null,null,0,80,107.5,43,null,null,17.2,15.48,2.82,.22,12,null,0,97.6,null,null,null
37,01/04/2011,06/06/2011,null,null,null,null,22,Clear,odour free,7.46,149.1,100,null,null,null,null,null,null,null,0,88,55.883,47.3,null,null,18.92,2.06,6.25,.18,5,null,0,107.36,null,null,null
38,01/05/2011,11/08/2011,null,null,null,null,25,Clear,odour free,7.27,137.2,92,null,null,null,null,null,null,null,0,68,60.183,51.6,null,null,20.64,2.06,4.36,.16,6,null,0,82.96,null,null,null
39,01/06/2011,12/08/2011,null,null,null,null,27,Clear,0dourless,6.45,63.3,43,null,null,null,null,null,null,null,0,32.295,43.008,25.8,null,null,10.32,4.13,3.9,.2,5,null,0,39.4,null,null,null
40,01/07/2011,13/08/2011,null,null,null,null,28,O/silty,odour free,7.46,61.5,41,null,null,null,null,null,null,null,0,30,64.5,21.5,null,null,8.6,10.32,3.4,.22,5,null,0,36.6,null,null,null
41,01/08/2011,25/11/2011,null,null,null,null,28, O/ silty,odour free,6.5,66.8,44,null,null,null,null,null,null,null,0,40,77.417,21.5,null,null,8.6,13.42,4.3,.15,9,null,0,48.8,null,null,null
42,01/09/2011,26/11/2011,null,null,null,null,28, O/ silty,odour free,6.69,71.6,48,null,null,null,null,null,null,null,0,36,55.917,43,null,null,17.2,3.1,2.7,.17,8,null,0,43.92,null,null,null
43,01/10/2011,27/11/2011,null,null,null,null,27, O/ silty,odour free,7.58,80.7,54,null,null,null,null,null,null,null,0,46,47.3,25.8,null,null,10.32,5.16,4.6,.18,13,null,0,56.12,null,null,null
44,01/11/2011,31/12/2011,null,null,null,null,25,Clear,odour free,6.85,107.1,72,null,null,null,null,null,null,null,0,56,141.908,60.2,null,null,24.08,19.61,1.9,2.3,12,null,0,68.32,null,null,null
45,01/12/2011,26/03/2012,null,null,null,null,23,Clear,odour free,6.7,138.8,93,null,null,null,null,null,null,null,0,70,64.517,30.1,null,null,12.04,8.26,3.7,.76,10,null,0,85.4,null,null,null
46,01/01/2012,27/03/2012,null,null,null,null,19,Clear,odour free,7.48,144.3,96,null,null,null,null,null,null,null,0,122,94.592,47.3,null,null,18.92,11.35,4.62,.18,11,1.5,0,148.84,null,null,null
47,01/02/2012,25/04/2012,null,null,null,null,20,Clear,odour free,7.4,172.7,116,null,null,null,null,null,null,null,0,128,73.108,34.4,null,null,13.76,9.29,2.24,.19,14,1.3,0,156.16,null,null,null
48,01/03/2012,26/04/2012,null,null,null,null,19,Clear,odour free,7.35,152.7,102,null,null,null,null,null,null,null,0,106,90.3,25.8,null,null,10.32,15.48,4.1,.16,13,1.2,0,129.32,null,null,null
49,01/04/2012,04/06/2012,null,null,null,null,26,Clear,odour free,6.94,137.9,92,null,null,null,null,null,null,null,0,66,86.008,47.3,null,null,18.92,9.29,4.3,.17,9,1.12,0,80.52,null,null,null
50,01/05/2012,15/06/2012,null,null,null,null,24,Clear,odour free,6.52,65.6,44,null,null,null,null,null,null,null,0,32,73.083,21.5,null,null,8.6,12.38,3.85,.16,12,1.25,0,39.04,null,null,null
51,01/06/2012,16/07/2012,null,null,null,null,28,Clear,OL,6.3,79.1,53,null,null,null,null,null,null,null,0,40,60.2,38.7,null,null,15.48,5.16,4.2,.23,10,1.17,0,48.8,null,null,null
52,01/07/2012,01/09/2012,null,null,null,null,28,O/Silty,OL,6.9,59.6,40,null,null,null,null,null,null,null,0,36,51.617,17.2,null,null,6.88,8.26,2.1,.14,13,1.1,0,43.92,null,null,null
53,01/08/2012,03/09/2012,null,null,null,null,27,O/Silty,OL,6.86,62.4,42,null,null,null,null,null,null,null,0,40,55.883,25.8,null,null,10.32,7.22,1.9,.18,10,1,0,48.8,null,null,null
54,01/09/2012,05/11/2012,null,null,null,null,28,O/Silty,OL,6.21,56.8,38,null,null,null,null,null,null,null,0,40,103.217,90.3,null,null,36.12,3.1,3.2,.19,12,1.2,0,48.8,null,null,null
55,01/10/2012,07/12/2012,null,null,null,null,28,O/Silty,OL,7.18,63.5,43,null,null,null,null,null,null,null,0,42,55.883,25.8,null,null,10.32,7.22,3,.11,13,1.1,0,51.24,null,null,null
56,01/11/2012,10/12/2012,null,null,null,null,26,Clear,OL,6.45,103.1,69,null,null,null,null,null,null,null,0,68,47.3,25.8,null,null,10.32,5.16,3.6,.17,12,1.17,0,82.96,null,null,null
57,01/12/2012,09/01/2013,null,null,null,null,23,Clear,OL,6.56,125.4,83,null,null,null,null,null,null,null,0,62,64.492,38.7,null,null,15.48,6.19,3.5,.19,15,1.12,0,75.64,null,null,null
58,01/01/2013,12/03/2013,null,null,null,null,21,Clear,OL,7.28,121.7,81,null,null,null,null,null,null,null,0,62,77.383,47.3,null,null,18.92,7.22,3.15,.55,14,1.1,0,75.64,null,null,null
59,01/02/2013,13/03/2013,null,null,null,null,17,Clear,OL,6.82,133.9,90,null,null,null,null,null,null,null,0,64,64.5,21.5,null,null,8.6,10.32,3.35,1.1,10,1,0,78.08,null,null,null
60,01/03/2013,26/03/2013,null,null,null,null,21,Clear,OL,6.65,148.2,99,null,null,null,null,null,null,null,0,78,73.1,30.1,null,null,12.04,10.32,4.1,.19,14,1.17,0,95.16,null,null,null
61,01/04/2013,27/05/2013,null,null,null,null,23,Clear,OL,7.53,114.3,97,null,null,null,null,null,null,null,0,72,64.508,47.3,null,null,18.92,4.13,5,.12,11,1.1,0,87.84,null,null,null
62,01/05/2013,06/07/2013,null,null,null,null,25,Clear,OL,6.85,136.6,92,null,null,null,null,null,null,null,0,70,85.992,60.2,null,null,24.08,6.19,3.4,.23,14,1.29,0,85.4,null,null,null
63,01/06/2013,07/07/2013,null,null,null,null,28, O/Silty,OL,6.56,83.2,56,null,null,null,null,null,null,null,0,52.459,141.883,90.3,null,null,36.12,12.38,3.47,.16,13,1.32,0,64,null,null,null
64,01/07/2013,10/09/2013,null,null,null,null,30,O/Silty, OL,6.79,78.5,52,null,null,null,null,null,null,null,0,40,51.592,47.3,null,null,18.92,1.03,4,.22,11,1.2,0,48.8,null,null,null
65,01/08/2013,25/11/2013,null,null,null,null,28, O/ Silty,     OL,6.51,74.5,50,null,null,null,null,null,null,null,0,56,42.992,38.7,null,null,15.48,1.03,3.39,.2,13,1.2,0,68.32,null,null,null
66,01/09/2013,26/11/2013,null,null,null,null,29,Clear,OL,6.4,77.7,64,null,null,null,null,null,null,null,0,50,51.583,21.5,null,null,8.6,7.22,3.49,.19,16,1.31,0,61,null,null,null
67,01/10/2013,04/12/2013,null,null,null,null,27.5,O/silty,OL,7.02,78.2,52,null,null,null,null,null,null,null,0,44,64.517,51.6,null,null,20.64,3.1,4.25,.19,12,1.16,0,53.68,null,null,null
68,30/11/2013,17/01/2014,null,null,null,null,23,Clear,      OL,6.85,96.4,64,null,null,null,null,null,null,null,0,60,98.892,30.1,null,null,12.04,16.51,4.12,.17,17,1.21,0,73.2,null,null,null
69,31/12/2013,18/01/2014,null,null,null,null,23,Clear,      OL,6.65,119.9,80,null,null,null,null,null,null,null,0,42,81.692,77.4,null,null,30.96,1.03,4.1,.14,15,1.16,0,51.24,null,null,null
70,01/01/2014,07/04/2014,null,null,null,null,18.5,Clear,OL,7.31,124.6,84,null,null,null,null,null,null,null,null,null,85.983,77.4,null,null,30.96,2.06,3.9,.16,9,1.22,0,56.12,null,null,null
71,01/02/2014,01/05/2014,null,null,null,null,null,null,null,null,null,null,null,null,null,null,null,null,null,null,null,null,null,null,null,null,null,null,null,null,null,null,null,null,null,null
72,01/03/2014,02/05/2014,null,null,null,null,20,Clear,OL,6.56,135.3,91,null,null,null,null,null,null,null,0,68,73.092,25.8,null,null,10.32,11.35,3.7,.17,10,1.2,0,82.96,null,null,null
73,01/04/2014,26/05/2014,null,null,null,null,21.5,Clear,OL,7.73,135.1,91,null,null,null,null,null,null,null,0,72,68.792,43,null,null,17.2,6.19,4,.14,11,1.24,0,87.84,null,null,null
74,01/05/2014,16/09/2014,null,null,null,null,23.5,Clear,OL,6.98,153.5,103,null,null,null,null,null,null,null,0,86,81.708,64.5,null,null,25.8,4.13,3.6,.16,15,1.21,0,104.92,null,null,null
75,01/06/2014,17/09/2014,null,null,null,null,23,O/ Silty,OL,6.95,71.1,48,null,null,null,null,null,null,null,0,52,98.9,55.9,null,null,22.36,10.32,4.12,.16,10,1.31,0,63.44,null,null,null
76,01/07/2014,18/09/2014,null,null,null,null,21,Clear,OL,6.87,75.8,51,null,null,null,null,null,null,null,0,44,51.608,12.9,null,null,5.16,9.29,4.1,.21,12,1.25,0,53.68,null,null,null
77,01/08/2014,05/01/2015,null,null,null,null,22,O/silty,OL,6.94,53.3,36,null,null,null,null,null,null,null,0,42,38.717,25.8,null,null,10.32,3.1,3.9,.24,10,1.22,0,51.24,null,null,null
78,01/09/2014,06/01/2015,null,null,null,null,23,O/silty,OL,6.8,70,47,null,null,null,null,null,null,null,0,38,43,21.5,null,null,8.6,5.16,3.42,.2,10,1.23,0,46.36,null,null,null
79,01/10/2014,02/03/2015,null,6.85,89.9,null,22,Clear,OL,6.8,89.9,60,null,null,null,.4,null,null,null,0,52,47.292,43,null,null,17.2,1.03,3.8,.14,11,1.21,0,63.44,null,null,null
80,01/11/2014,02/03/2015,null,null,null,null,22,Clear,OL,7.04,140.3,94,null,null,null,null,null,null,null,0,72,90.292,43,null,null,17.2,11.35,4.12,.17,15,1.16,0,87.84,null,null,null
81,01/12/2014,02/03/2015,null,null,null,null,20,Clear,OL,7.07,128.9,86,null,null,null,null,null,null,null,0,78,85.992,60.2,null,null,24.08,6.19,4.1,.14,10,1.16,0,95.16,null,null,null
82,01/01/2015,07/04/2015,null,null,null,null,20,Clear,OL,7.35,141.9,95,null,null,null,null,null,null,null,0,70,77.408,38.7,null,null,15.48,9.29,7.65,1.13,8,2.9,0,85.4,null,null,null
