Standard Parameter Analysis Data of : Arcot (CQ000I7)
Laboratory : CWC CSRO Chennai 
Period : January-1995 To January-2014 
S.No.,Date_of_Collection,Date_of_Receipt,Discharge(cumecs),pH_FLD,EC_FLD(umho/cm),DO(mg/l),Water Temp(deg C),Colour,Odour,pH_GEN,EC_GEN(umho/cm),TDS(mg/l),SS(mg/l),NH3(mg N/l),NO2+NO3(mg N/l),Total_Nutrients(mg P/l),SiO2(mg/l),BOD(mg/l),COD(mg/l),Phen(mg CaCO3/l),Total_Alkallnity(mg CaCO3/l),Total_Hardness(mg CaCO3/l),Ca_Hardness(mg CaCO3/l),F(mg/l),B(mg/l),Ca_Major_Ions(mg/l),Mg(mg/l),Na(mg/l),K(mg/l),Cl(mg/l),SO4(mg/l),CO3(mg/l),HCO3(mg/l),Total_Coliforms(MPN/100ml),Faecal(MPN/100ml),Chlorophyll-A(ug/L)
1,01/06/1995,02/06/1995,null,null,null,null,null,null,null,null,null,null,null,null,null,null,null,null,null,null,null,null,null,null,null,null,null,null,null,null,null,null,null,null,null,null
2,01/08/1995,02/08/1995,null,null,null,null,null,null,null,null,null,null,null,null,null,null,null,null,null,null,null,null,null,null,null,null,null,null,null,null,null,null,null,null,null,null
3,01/09/1995,02/09/1995,2.382999897003174,null,null,null,26.5,null,null,8.36,1161,null,null,.028,.686,null,20.43,null,null,10.956,166,269.65,136,.665,1.44,54.4,32.076,142.14,5.865,265.895,42.384,13.2,175.68,null,null,null
4,01/09/1995,02/09/1995,2.382999897003174,null,null,null,26.5,null,null,8.36,1161,null,null,.028,.686,null,20.43,null,null,10.956,166,269.65,136,.665,1.44,54.4,32.076,142.14,5.865,265.895,42.384,13.2,175.68,null,null,null
5,01/10/1995,02/10/1995,13.079999923706055,null,null,null,28,null,null,7.93,1372,null,null,.042,.56,null,45.08,null,null,6.474,188.5,318.45,120,.855,1.476,48,47.628,169.97,7.038,293.585,122.4,7.8,214.11,null,null,null
6,01/10/1995,02/10/1995,13.079999923706055,null,null,null,28,null,null,7.93,1372,null,null,.042,.56,null,45.08,null,null,6.474,188.5,318.45,120,.855,1.476,48,47.628,169.97,7.038,293.585,122.4,7.8,214.11,null,null,null
7,01/11/1995,02/11/1995,3.2160000801086426,null,null,null,29,null,null,8.41,1161,null,null,.028,.938,null,44.47,null,null,54.531,219,249.45,132,.133,1.296,52.8,28.188,145.13,4.692,191.7,51.984,65.7,133.59,null,null,null
8,01/11/1995,02/11/1995,3.2160000801086426,null,null,null,29,null,null,8.41,1161,null,null,.028,.938,null,44.47,null,null,54.531,219,249.45,132,.133,1.296,52.8,28.188,145.13,4.692,191.7,51.984,65.7,133.59,null,null,null
9,01/12/1995,02/12/1995,0.40700000524520874,null,null,null,28,null,null,8.77,1055,null,null,.042,1.093,null,51.09,null,null,10.956,232.5,233.45,116,.361,1.62,46.4,28.188,145.13,5.083,181.405,44.496,13.2,256.81,null,null,null
10,01/12/1995,02/12/1995,0.40700000524520874,null,null,null,28,null,null,8.77,1055,null,null,.042,1.093,null,51.09,null,null,10.956,232.5,233.45,116,.361,1.62,46.4,28.188,145.13,5.083,181.405,44.496,13.2,256.81,null,null,null
11,01/01/1996,02/01/1996,null,null,null,null,null,null,null,null,null,null,null,null,null,null,null,null,null,null,null,null,null,null,null,null,null,null,null,null,null,null,null,null,null,null
12,01/02/1996,02/02/1996,null,null,null,null,null,null,null,null,null,null,null,null,null,null,null,null,null,null,null,null,null,null,null,null,null,null,null,null,null,null,null,null,null,null
13,01/03/1996,02/03/1996,null,null,null,null,null,null,null,null,null,null,null,null,null,null,null,null,null,null,null,null,null,null,null,null,null,null,null,null,null,null,null,null,null,null
14,01/04/1996,02/04/1996,null,null,null,null,null,null,null,null,null,null,null,null,null,null,null,null,null,null,null,null,null,null,null,null,null,null,null,null,null,null,null,null,null,null
15,01/05/1996,02/05/1996,null,null,null,null,null,null,null,null,null,null,null,null,null,null,null,null,null,null,null,null,null,null,null,null,null,null,null,null,null,null,null,null,null,null
16,01/06/1996,02/06/1996,null,null,null,null,null,null,null,null,null,null,null,null,null,null,null,null,null,null,null,null,null,null,null,null,null,null,null,null,null,null,null,null,null,null
17,01/07/1996,02/07/1996,null,null,null,null,null,null,null,null,null,null,null,null,null,null,null,null,null,null,null,null,null,null,null,null,null,null,null,null,null,null,null,null,null,null
18,01/08/1996,02/08/1996,null,null,null,null,27.5,null,null,8.01,691,null,null,.056,2.985,null,18.33,null,null,0,123.5,156.8,92,1.045,1.332,36.8,15.552,null,null,134.545,null,0,150.67,null,null,null
19,01/09/1996,02/09/1996,0.18000000715255737,null,null,null,27.5,null,null,7.89,576,null,null,.056,2.662,null,38.46,null,null,0,164.5,156.9,84,.684,1.44,33.6,17.496,null,null,67.805,null,0,200.69,null,null,null
20,01/09/1996,02/09/1996,0.18000000715255737,null,null,null,27.5,null,null,7.89,576,null,null,.056,2.662,null,38.46,null,null,0,164.5,156.9,84,.684,1.44,33.6,17.496,null,null,67.805,null,0,200.69,null,null,null
21,01/10/1996,02/10/1996,119.5,null,null,null,null,null,null,null,null,null,null,null,null,null,null,null,null,null,null,null,null,null,null,null,null,null,null,null,null,null,null,null,null,null
22,01/10/1996,02/10/1996,119.5,null,null,null,null,null,null,null,null,null,null,null,null,null,null,null,null,null,null,null,null,null,null,null,null,null,null,null,null,null,null,null,null,null
23,01/11/1996,02/11/1996,53,null,null,null,24.5,null,null,8.31,786,null,null,.028,3.447,null,23.44,null,null,10.209,186.5,184.9,112,.703,2.196,44.8,17.496,null,null,109.34,null,12.3,202.52,null,null,null
24,01/11/1996,02/11/1996,53,null,null,null,24.5,null,null,8.31,786,null,null,.028,3.447,null,23.44,null,null,10.209,186.5,184.9,112,.703,2.196,44.8,17.496,null,null,109.34,null,12.3,202.52,null,null,null
25,01/12/1996,02/12/1996,9,null,null,null,22,null,null,8.45,1315,null,null,.028,4.204,null,64,null,null,8.217,230,265.95,108,1.311,1.116,43.2,37.908,null,null,228.975,null,9.9,260.47,null,null,null
26,01/12/1996,02/12/1996,9,null,null,null,22,null,null,8.45,1315,null,null,.028,4.204,null,64,null,null,8.217,230,265.95,108,1.311,1.116,43.2,37.908,null,null,228.975,null,9.9,260.47,null,null,null
27,01/01/1997,02/01/1997,36.459999084472656,null,null,null,22,null,null,8.22,1095,null,null,.07,3.069,null,52.29,null,null,14.442,243.5,281.75,140,1.102,1.296,56,34.02,null,null,158.33,85.536,17.4,261.69,null,null,null
28,01/01/1997,02/01/1997,36.459999084472656,null,null,null,22,null,null,8.22,1095,null,null,.07,3.069,null,52.29,null,null,14.442,243.5,281.75,140,1.102,1.296,56,34.02,null,null,158.33,85.536,17.4,261.69,null,null,null
29,01/02/1997,02/02/1997,1.840999960899353,null,null,null,21,null,null,8.71,1252,null,null,.042,4.708,null,40.87,null,null,22.41,294,314.3,128,.741,1.548,51.2,44.712,null,null,215.13,34.896,27,303.78,null,null,null
30,01/02/1997,02/02/1997,1.840999960899353,null,null,null,21,null,null,8.71,1252,null,null,.042,4.708,null,40.87,null,null,22.41,294,314.3,128,.741,1.548,51.2,44.712,null,null,215.13,34.896,27,303.78,null,null,null
31,01/03/1997,02/03/1997,null,null,null,null,null,null,null,null,null,null,null,null,null,null,null,null,null,null,null,null,null,null,null,null,null,null,null,null,null,null,null,null,null,null
32,01/04/1997,02/04/1997,null,null,null,null,null,null,null,null,null,null,null,null,null,null,null,null,null,null,null,null,null,null,null,null,null,null,null,null,null,null,null,null,null,null
33,01/05/1997,02/05/1997,null,null,null,null,null,null,null,null,null,null,null,null,null,null,null,null,null,null,null,null,null,null,null,null,null,null,null,null,null,null,null,null,null,null
34,01/06/1997,02/06/1997,null,null,null,null,null,null,null,null,null,null,null,null,null,null,null,null,null,null,null,null,null,null,null,null,null,null,null,null,null,null,null,null,null,null
35,01/07/1997,02/07/1997,null,null,null,null,null,null,null,null,null,null,null,null,null,null,null,null,null,null,null,null,null,null,null,null,null,null,null,null,null,null,null,null,null,null
36,01/08/1997,02/08/1997,null,null,null,null,null,null,null,null,null,null,null,null,null,null,null,null,null,null,null,null,null,null,null,null,null,null,null,null,null,null,null,null,null,null
37,01/09/1997,02/09/1997,null,null,null,null,null,null,null,null,null,null,null,null,null,null,null,null,null,null,null,null,null,null,null,null,null,null,null,null,null,null,null,null,null,null
38,01/10/1997,02/10/1997,null,null,null,null,null,null,null,null,null,null,null,null,null,null,null,null,null,null,null,null,null,null,null,null,null,null,null,null,null,null,null,null,null,null
39,01/11/1997,02/11/1997,null,null,null,null,null,null,null,null,null,null,null,null,null,null,22.84,null,null,null,null,null,null,null,null,null,null,null,null,null,null,null,null,null,null,null
40,01/12/1997,02/12/1997,15.109999656677246,null,null,null,24,null,null,8.32,3034,null,null,.028,1.149,null,38.16,null,null,12.699,347,653.625,360,.57,1.26,144,70.47,464.6,4.301,841.705,115.92,15.3,392.23,null,null,null
41,01/12/1997,02/12/1997,15.109999656677246,null,null,null,24,null,null,8.32,3034,null,null,.028,1.149,null,38.16,null,null,12.699,347,653.625,360,.57,1.26,144,70.47,464.6,4.301,841.705,115.92,15.3,392.23,null,null,null
42,01/01/1998,02/01/1998,9.340999603271484,null,null,null,22,null,null,8.5,1359,null,null,.042,15.945,null,18.63,null,null,15.687,251.5,265.65,132,.627,1.764,52.8,32.076,194.12,5.865,255.245,67.152,18.9,268.4,null,null,null
43,01/01/1998,02/01/1998,9.340999603271484,null,null,null,22,null,null,8.5,1359,null,null,.042,15.945,null,18.63,null,null,15.687,251.5,265.65,132,.627,1.764,52.8,32.076,194.12,5.865,255.245,67.152,18.9,268.4,null,null,null
44,01/02/1998,02/02/1998,null,null,null,null,null,null,null,null,null,null,null,null,null,null,null,null,null,null,null,null,null,null,null,null,null,null,null,null,null,null,null,null,null,null
45,01/03/1998,02/03/1998,null,null,null,null,null,null,null,null,null,null,null,null,null,null,null,null,null,null,null,null,null,null,null,null,null,null,null,null,null,null,null,null,null,null
46,01/04/1998,02/04/1998,null,null,null,null,null,null,null,null,null,null,null,null,null,null,null,null,null,null,null,null,null,null,null,null,null,null,null,null,null,null,null,null,null,null
47,01/05/1998,02/05/1998,null,null,null,null,null,null,null,null,null,null,null,null,null,null,null,null,null,null,null,null,null,null,null,null,null,null,null,null,null,null,null,null,null,null
48,01/06/1998,02/06/1998,null,null,null,null,null,null,null,null,null,null,null,null,null,null,null,null,null,null,null,null,null,null,null,null,null,null,null,null,null,null,null,null,null,null
49,01/07/1998,02/07/1998,null,null,null,null,null,null,null,null,null,null,null,null,null,null,null,null,null,null,null,null,null,null,null,null,null,null,null,null,null,null,null,null,null,null
50,01/08/1998,02/08/1998,null,null,null,null,null,null,null,null,null,null,null,null,null,null,null,null,null,null,null,null,null,null,null,null,null,null,null,null,null,null,null,null,null,null
51,01/09/1998,02/09/1998,null,null,null,null,null,null,null,null,null,null,null,null,null,null,null,null,null,null,null,null,null,null,null,null,null,null,null,null,null,null,null,null,null,null
52,01/10/1998,02/10/1998,24.200000762939453,null,null,null,23,null,null,7.8,824,null,null,.028,.798,null,34.56,null,null,0,178.5,168.85,100,.817,.792,40,16.524,117.76,5.865,135.965,49.296,0,217.77,null,null,null
53,01/10/1998,02/10/1998,24.200000762939453,null,null,null,23,null,null,7.8,824,null,null,.028,.798,null,34.56,null,null,0,178.5,168.85,100,.817,.792,40,16.524,117.76,5.865,135.965,49.296,0,217.77,null,null,null
54,01/11/1998,02/11/1998,0.30000001192092896,null,null,null,23,null,null,8.48,1233,null,null,.028,2.717,null,35.16,null,null,9.462,247.5,249.45,132,1.216,1.332,52.8,28.188,37.95,6.256,199.51,92.16,11.4,278.77,null,null,null
55,01/11/1998,02/11/1998,0.30000001192092896,null,null,null,23,null,null,8.48,1233,null,null,.028,2.717,null,35.16,null,null,9.462,247.5,249.45,132,1.216,1.332,52.8,28.188,37.95,6.256,199.51,92.16,11.4,278.77,null,null,null
56,01/12/1998,02/12/1998,2.382999897003174,null,null,null,21.5,null,null,8.61,1317,null,null,.028,5.058,null,54.99,null,null,10.458,287.5,289.85,140,.798,2.052,56,35.964,185.38,5.865,197.38,69.744,12.6,325.13,null,null,null
57,01/12/1998,02/12/1998,2.382999897003174,null,null,null,21.5,null,null,8.61,1317,null,null,.028,5.058,null,54.99,null,null,10.458,287.5,289.85,140,.798,2.052,56,35.964,185.38,5.865,197.38,69.744,12.6,325.13,null,null,null
58,01/01/1999,02/01/1999,1.3760000467300415,null,null,null,22,null,null,8.07,1373,null,null,.042,3.741,null,57.47,null,null,0,266.5,251,170,1.026,1.26,68,19.44,189.98,5.865,239.625,72.96,0,325.13,null,null,null
59,01/01/1999,02/01/1999,1.3760000467300415,null,null,null,22,null,null,8.07,1373,null,null,.042,3.741,null,57.47,null,null,0,266.5,251,170,1.026,1.26,68,19.44,189.98,5.865,239.625,72.96,0,325.13,null,null,null
60,01/02/1999,02/02/1999,null,null,null,null,null,null,null,null,null,null,null,null,null,null,null,null,null,null,null,null,null,null,null,null,null,null,null,null,null,null,null,null,null,null
61,01/03/1999,02/03/1999,null,null,null,null,null,null,null,null,null,null,null,null,null,null,null,null,null,null,null,null,null,null,null,null,null,null,null,null,null,null,null,null,null,null
62,01/04/1999,02/04/1999,null,null,null,null,null,null,null,null,null,null,null,null,null,null,null,null,null,null,null,null,null,null,null,null,null,null,null,null,null,null,null,null,null,null
63,01/05/1999,02/05/1999,null,null,null,null,null,null,null,null,null,null,null,null,null,null,null,null,null,null,null,null,null,null,null,null,null,null,null,null,null,null,null,null,null,null
64,01/06/1999,02/06/1999,null,null,null,null,null,null,null,null,null,null,null,null,null,null,null,null,null,null,null,null,null,null,null,null,null,null,null,null,null,null,null,null,null,null
65,01/07/1999,02/07/1999,null,null,null,null,null,null,null,null,null,null,null,null,null,null,null,null,null,null,null,null,null,null,null,null,null,null,null,null,null,null,null,null,null,null
66,01/08/1999,02/08/1999,null,null,null,null,null,null,null,null,null,null,null,null,null,null,null,null,null,null,null,null,null,null,null,null,null,null,null,null,null,null,null,null,null,null
67,01/09/1999,02/09/1999,null,null,null,null,null,null,null,null,null,null,null,null,null,null,null,null,null,null,null,null,null,null,null,null,null,null,null,null,null,null,null,null,null,null
68,01/10/1999,02/10/1999,null,null,null,null,null,null,null,null,null,null,null,null,null,null,null,null,null,null,null,null,null,null,null,null,null,null,null,null,null,null,null,null,null,null
69,01/11/1999,02/11/1999,null,null,null,null,null,null,null,null,null,null,null,null,null,null,null,null,null,null,null,null,null,null,null,null,null,null,null,null,null,null,null,null,null,null
70,01/12/1999,02/12/1999,null,null,null,null,null,null,null,null,null,null,null,null,null,null,null,null,null,null,null,null,null,null,null,null,null,null,null,null,null,null,null,null,null,null
71,01/01/2000,02/01/2000,null,null,null,null,null,null,null,null,null,null,null,null,null,null,null,null,null,null,null,null,null,null,null,null,null,null,null,null,null,null,null,null,null,null
72,01/02/2000,02/02/2000,null,null,null,null,null,null,null,null,null,null,null,null,null,null,null,null,null,null,null,null,null,null,null,null,null,null,null,null,null,null,null,null,null,null
73,01/03/2000,02/03/2000,null,null,null,null,null,null,null,null,null,null,null,null,null,null,null,null,null,null,null,null,null,null,null,null,null,null,null,null,null,null,null,null,null,null
74,01/04/2000,02/04/2000,null,null,null,null,null,null,null,null,null,null,null,null,null,null,null,null,null,null,null,null,null,null,null,null,null,null,null,null,null,null,null,null,null,null
75,01/05/2000,02/05/2000,null,null,null,null,null,null,null,null,null,null,null,null,null,null,null,null,null,null,null,null,null,null,null,null,null,null,null,null,null,null,null,null,null,null
76,01/06/2005,02/06/2005,null,null,null,null,null,null,null,null,null,null,null,null,null,null,null,null,null,null,null,null,null,null,null,null,null,null,null,null,null,null,null,null,null,null
77,01/07/2005,02/07/2005,null,null,null,null,null,null,null,null,null,null,null,null,null,null,null,null,null,null,null,null,null,null,null,null,null,null,null,null,null,null,null,null,null,null
78,01/08/2005,02/08/2005,null,null,null,null,null,null,null,null,null,null,null,null,null,null,null,null,null,null,null,null,null,null,null,null,null,null,null,null,null,null,null,null,null,null
79,01/09/2005,02/09/2005,null,null,null,null,null,null,null,null,null,null,null,null,null,null,null,null,null,null,null,null,null,null,null,null,null,null,null,null,null,null,null,null,null,null
80,01/10/2005,02/10/2005,null,null,null,null,null,null,null,null,null,null,null,null,null,null,null,null,null,null,null,null,null,null,null,null,null,null,null,null,null,null,null,null,null,null
81,02/11/2005,02/11/2005,22.850000381469727,null,null,null,25.25,Light Brown,odour free,7.48,647,null,null,null,null,null,null,null,null,0,131,185.4,72,null,null,28.8,27.216,60.49,null,160.105,null,0,159.82,null,null,null
82,02/11/2005,02/11/2005,22.850000381469727,null,null,null,25.25,Light Brown,odour free,7.48,647,null,null,null,null,null,null,null,null,0,131,185.4,72,null,null,28.8,27.216,60.49,null,160.105,null,0,159.82,null,null,null
83,01/12/2005,01/12/2005,21,null,null,null,25,Clear,odour free,7.68,700,null,null,null,null,null,null,null,null,0,191.5,187.025,104,null,null,41.6,19.926,63.48,null,78.1,null,0,233.63,null,null,null
84,01/12/2005,01/12/2005,21,null,null,null,25,Clear,odour free,7.68,700,null,null,null,null,null,null,null,null,0,191.5,187.025,104,null,null,41.6,19.926,63.48,null,78.1,null,0,233.63,null,null,null
85,02/01/2006,02/01/2006,5.985000133514404,null,null,null,24,Clear,odour free,7.94,1080,null,null,null,null,null,null,null,null,0,221,221.875,70,null,null,28,36.45,67.62,null,41.89,null,0,269.62,null,null,null
86,02/01/2006,02/01/2006,5.985000133514404,null,null,null,24,Clear,odour free,7.94,1080,null,null,null,null,null,null,null,null,0,221,221.875,70,null,null,28,36.45,67.62,null,41.89,null,0,269.62,null,null,null
87,01/02/2006,02/02/2006,null,null,null,null,null,null,null,null,null,null,null,null,null,null,null,null,null,null,null,null,null,null,null,null,null,null,null,null,null,null,null,null,null,null
88,01/03/2006,02/03/2006,null,null,null,null,null,null,null,null,null,null,null,null,null,null,null,null,null,null,null,null,null,null,null,null,null,null,null,null,null,null,null,null,null,null
89,01/04/2006,02/04/2006,null,null,null,null,null,null,null,null,null,null,null,null,null,null,null,null,null,null,null,null,null,null,null,null,null,null,null,null,null,null,null,null,null,null
90,01/05/2006,02/05/2006,null,null,null,null,null,null,null,null,null,null,null,null,null,null,null,null,null,null,null,null,null,null,null,null,null,null,null,null,null,null,null,null,null,null
91,01/06/2006,02/06/2006,null,null,null,null,null,null,null,null,null,null,null,null,null,null,null,null,null,null,null,null,null,null,null,null,null,null,null,null,null,null,null,null,null,null
92,01/07/2006,02/07/2006,null,null,null,null,null,null,null,null,null,null,null,null,null,null,null,null,null,null,null,null,null,null,null,null,null,null,null,null,null,null,null,null,null,null
93,01/08/2006,02/08/2006,null,null,null,null,null,null,null,null,null,null,null,null,null,null,null,null,null,null,null,null,null,null,null,null,null,null,null,null,null,null,null,null,null,null
94,01/09/2006,02/09/2006,null,null,null,null,null,null,null,null,null,null,null,null,null,null,null,null,null,null,null,null,null,null,null,null,null,null,null,null,null,null,null,null,null,null
95,03/10/2006,04/10/2006,null,null,null,null,null,null,null,null,null,null,null,null,null,null,null,null,null,null,null,null,null,null,null,null,null,null,null,null,null,null,null,null,null,null
96,01/11/2006,02/11/2006,null,null,null,null,null,null,null,null,null,null,null,null,null,null,null,null,null,null,null,null,null,null,null,null,null,null,null,null,null,null,null,null,null,null
97,01/12/2006,02/12/2006,null,null,null,null,null,null,null,null,null,null,null,null,null,null,null,null,null,null,null,null,null,null,null,null,null,null,null,null,null,null,null,null,null,null
98,02/01/2007,03/01/2007,null,null,null,null,null,null,null,null,null,null,null,null,null,null,null,null,null,null,null,null,null,null,null,null,null,null,null,null,null,null,null,null,null,null
99,01/02/2007,02/02/2007,null,null,null,null,null,null,null,null,null,null,null,null,null,null,null,null,null,null,null,null,null,null,null,null,null,null,null,null,null,null,null,null,null,null
100,01/03/2007,02/03/2007,null,null,null,null,null,null,null,null,null,null,null,null,null,null,null,null,null,null,null,null,null,null,null,null,null,null,null,null,null,null,null,null,null,null
101,02/04/2007,03/04/2007,null,null,null,null,null,null,null,null,null,null,null,null,null,null,null,null,null,null,null,null,null,null,null,null,null,null,null,null,null,null,null,null,null,null
102,01/05/2007,02/05/2007,null,null,null,null,null,null,null,null,null,null,null,null,null,null,null,null,null,null,null,null,null,null,null,null,null,null,null,null,null,null,null,null,null,null
103,01/06/2007,02/06/2007,null,null,null,null,null,null,null,null,null,null,null,null,null,null,null,null,null,null,null,null,null,null,null,null,null,null,null,null,null,null,null,null,null,null
104,02/07/2007,02/07/2007,null,null,null,null,null,null,null,null,null,null,null,null,null,null,null,null,null,null,null,null,null,null,null,null,null,null,null,null,null,null,null,null,null,null
105,01/08/2007,02/08/2007,null,null,null,null,null,null,null,null,null,null,null,null,null,null,null,null,null,null,null,null,null,null,null,null,null,null,null,null,null,null,null,null,null,null
106,01/09/2007,02/09/2007,null,null,null,null,null,null,null,null,null,null,null,null,null,null,null,null,null,null,null,null,null,null,null,null,null,null,null,null,null,null,null,null,null,null
107,01/10/2007,02/10/2007,null,null,null,null,null,null,null,null,null,null,null,null,null,null,null,null,null,null,null,null,null,null,null,null,null,null,null,null,null,null,null,null,null,null
108,01/11/2007,02/11/2007,null,null,null,null,null,null,null,null,null,null,null,null,null,null,null,null,null,null,null,null,null,null,null,null,null,null,null,null,null,null,null,null,null,null
109,22/12/2007,22/12/2007,5.6620001792907715,null,null,null,22,Clear,odour free,7.94,1090,null,null,null,null,null,null,null,null,0,87.5,134.975,56,null,null,22.4,18.954,43.815,null,196.35,63.696,0,106.75,null,null,null
110,22/12/2007,22/12/2007,5.6620001792907715,null,null,null,22,Clear,odour free,7.94,1090,null,null,null,null,null,null,null,null,0,87.5,134.975,56,null,null,22.4,18.954,43.815,null,196.35,63.696,0,106.75,null,null,null
111,01/01/2008,02/01/2008,0.24400000274181366,null,null,null,25,Clear,odour free,8.37,2020,null,null,null,null,null,null,null,null,10.383,131.25,254.15,80,null,null,32,41.796,null,null,419.468,200.736,12.51,134.688,null,null,null
112,01/01/2008,02/01/2008,0.24400000274181366,null,null,null,25,Clear,odour free,8.37,2020,null,null,null,null,null,null,null,null,10.383,131.25,254.15,80,null,null,32,41.796,null,null,419.468,200.736,12.51,134.688,null,null,null
113,01/02/2008,02/02/2008,null,null,null,null,null,null,null,null,null,null,null,null,null,null,null,null,null,null,null,null,null,null,null,null,null,null,null,null,null,null,null,null,null,null
114,01/03/2008,02/03/2008,null,null,null,null,null,null,null,null,null,null,null,null,null,null,null,null,null,null,null,null,null,null,null,null,null,null,null,null,null,null,null,null,null,null
115,01/04/2008,02/04/2008,null,null,null,null,null,null,null,null,null,null,null,null,null,null,null,null,null,null,null,null,null,null,null,null,null,null,null,null,null,null,null,null,null,null
116,01/05/2008,02/05/2008,null,null,null,null,null,null,null,null,null,null,null,null,null,null,null,null,null,null,null,null,null,null,null,null,null,null,null,null,null,null,null,null,null,null
117,01/06/2008,02/06/2008,null,null,null,null,null,null,null,null,null,null,null,null,null,null,null,null,null,null,null,null,null,null,null,null,null,null,null,null,null,null,null,null,null,null
118,01/07/2008,02/07/2008,null,null,null,null,null,null,null,null,null,null,null,null,null,null,null,null,null,null,null,null,null,null,null,null,null,null,null,null,null,null,null,null,null,null
119,01/08/2008,02/08/2008,null,null,null,null,null,null,null,null,null,null,null,null,null,null,null,null,null,null,null,null,null,null,null,null,null,null,null,null,null,null,null,null,null,null
120,01/09/2008,02/09/2008,null,null,null,null,null,null,null,null,null,null,null,null,null,null,null,null,null,null,null,null,null,null,null,null,null,null,null,null,null,null,null,null,null,null
121,01/10/2008,02/10/2008,null,null,null,null,null,null,null,null,null,null,null,null,null,null,null,null,null,null,null,null,null,null,null,null,null,null,null,null,null,null,null,null,null,null
122,01/11/2008,02/11/2008,null,null,null,null,null,null,null,null,null,null,null,null,null,null,null,null,null,null,null,null,null,null,null,null,null,null,null,null,null,null,null,null,null,null
123,01/12/2008,01/12/2008,0.24400000274181366,7,null,null,27,Clear,odour free,7.09,1160,null,null,null,null,null,null,null,null,0,179.15,249.375,138,null,null,55.2,26.73,null,null,209.734,null,0,218.563,null,null,null
124,01/12/2008,01/12/2008,0.24400000274181366,7,null,null,27,Clear,odour free,7.09,1160,null,null,null,null,null,null,null,null,0,179.15,249.375,138,null,null,55.2,26.73,null,null,209.734,null,0,218.563,null,null,null
125,01/01/2009,02/01/2009,null,null,null,null,null,null,null,null,null,null,null,null,null,null,null,null,null,null,null,null,null,null,null,null,null,null,null,null,null,null,null,null,null,null
126,02/02/2009,03/02/2009,null,null,null,null,null,null,null,null,null,null,null,null,null,null,null,null,null,null,null,null,null,null,null,null,null,null,null,null,null,null,null,null,null,null
127,02/03/2009,03/03/2009,null,null,null,null,null,null,null,null,null,null,null,null,null,null,null,null,null,null,null,null,null,null,null,null,null,null,null,null,null,null,null,null,null,null
128,01/04/2009,02/04/2009,null,null,null,null,null,null,null,null,null,null,null,null,null,null,null,null,null,null,null,null,null,null,null,null,null,null,null,null,null,null,null,null,null,null
129,01/05/2009,02/05/2009,null,null,null,null,null,null,null,null,null,null,null,null,null,null,null,null,null,null,null,null,null,null,null,null,null,null,null,null,null,null,null,null,null,null
130,01/06/2009,02/06/2009,null,null,null,null,null,null,null,null,null,null,null,null,null,null,null,null,null,null,null,null,null,null,null,null,null,null,null,null,null,null,null,null,null,null
131,01/07/2009,02/07/2009,null,null,null,null,null,null,null,null,null,null,null,null,null,null,null,null,null,null,null,null,null,null,null,null,null,null,null,null,null,null,null,null,null,null
132,01/08/2009,02/08/2009,null,null,null,null,null,null,null,null,null,null,null,null,null,null,null,null,null,null,null,null,null,null,null,null,null,null,null,null,null,null,null,null,null,null
133,01/09/2009,01/09/2009,null,null,null,null,null,null,null,null,null,null,null,null,null,null,null,null,null,null,null,null,null,null,null,null,null,null,null,null,null,null,null,null,null,null
134,01/10/2009,01/10/2009,null,null,null,null,null,null,null,null,null,null,null,null,null,null,null,null,null,null,null,null,null,null,null,null,null,null,null,null,null,null,null,null,null,null
135,03/11/2009,03/11/2009,null,null,null,null,null,null,null,null,null,null,null,null,null,null,null,null,null,null,null,null,null,null,null,null,null,null,null,null,null,null,null,null,null,null
136,01/12/2009,02/12/2009,null,null,null,null,null,null,null,null,null,null,null,null,null,null,null,null,null,null,null,null,null,null,null,null,null,null,null,null,null,null,null,null,null,null
137,01/01/2010,01/01/2010,null,null,null,null,null,null,null,null,null,null,null,null,null,null,null,null,null,null,null,null,null,null,null,null,null,null,null,null,null,null,null,null,null,null
138,01/02/2010,01/02/2010,null,null,null,null,null,null,null,null,null,null,null,null,null,null,null,null,null,null,null,null,null,null,null,null,null,null,null,null,null,null,null,null,null,null
139,01/03/2010,02/03/2010,null,null,null,null,null,null,null,null,null,null,null,null,null,null,null,null,null,null,null,null,null,null,null,null,null,null,null,null,null,null,null,null,null,null
140,01/04/2010,02/04/2010,null,null,null,null,null,null,null,null,null,null,null,null,null,null,null,null,null,null,null,null,null,null,null,null,null,null,null,null,null,null,null,null,null,null
141,01/05/2010,02/05/2010,null,null,null,null,null,null,null,null,null,null,null,null,null,null,null,null,null,null,null,null,null,null,null,null,null,null,null,null,null,null,null,null,null,null
142,01/06/2010,01/06/2010,null,null,null,null,null,null,null,null,null,null,null,null,null,null,null,null,null,null,null,null,null,null,null,null,null,null,null,null,null,null,null,null,null,null
143,01/07/2010,01/07/2010,null,null,null,null,null,null,null,null,null,null,null,null,null,null,null,null,null,null,null,null,null,null,null,null,null,null,null,null,null,null,null,null,null,null
144,01/08/2010,01/08/2010,null,null,null,null,null,null,null,null,null,null,null,null,null,null,null,null,null,null,null,null,null,null,null,null,null,null,null,null,null,null,null,null,null,null
145,01/09/2010,01/09/2010,null,null,null,null,null,null,null,null,null,null,null,null,null,null,null,null,null,null,null,null,null,null,null,null,null,null,null,null,null,null,null,null,null,null
146,01/10/2010,01/10/2010,null,null,null,null,null,null,null,null,null,null,null,null,null,null,null,null,null,null,null,null,null,null,null,null,null,null,null,null,null,null,null,null,null,null
147,08/11/2010,09/11/2010,2.3970000743865967,7,null,null,29,Clear,odour free,7.42,1960,null,null,null,null,null,null,.201,null,0,487.623,333.775,175.775,1.02,null,70.31,37.92,360,13.9,362.89,210,0,594.9,null,null,null
148,08/11/2010,09/11/2010,2.3970000743865967,7,null,null,29,Clear,odour free,7.42,1960,null,null,null,null,null,null,.201,null,0,487.623,333.775,175.775,1.02,null,70.31,37.92,360,13.9,362.89,210,0,594.9,null,null,null
149,01/12/2010,01/12/2010,2.566999912261963,7,null,null,25.5,Clear,odour free,7.7,1790,null,null,null,null,null,null,1.347,null,0,460.393,374.475,196.225,.934,null,78.49,42.78,304,14.7,337.55,165,0,561.68,null,null,null
150,01/12/2010,01/12/2010,2.566999912261963,7,null,null,25.5,Clear,odour free,7.7,1790,null,null,null,null,null,null,1.347,null,0,460.393,374.475,196.225,.934,null,78.49,42.78,304,14.7,337.55,165,0,561.68,null,null,null
151,03/01/2011,03/01/2011,0.17000000178813934,7,null,null,25,Clear,odour free,7.74,2230,null,null,null,null,null,null,1.821,null,0,526.688,418.967,188.05,1.26,null,75.22,55.42,348,15.2,400.29,214,0,642.56,null,null,null
152,03/01/2011,03/01/2011,0.17000000178813934,7,null,null,25,Clear,odour free,7.74,2230,null,null,null,null,null,null,1.821,null,0,526.688,418.967,188.05,1.26,null,75.22,55.42,348,15.2,400.29,214,0,642.56,null,null,null
153,01/02/2011,01/02/2011,null,null,null,null,null,null,null,null,null,null,null,null,null,null,null,null,null,null,null,null,null,null,null,null,null,null,null,null,null,null,null,null,null,null
154,01/03/2011,01/03/2011,null,null,null,null,null,null,null,null,null,null,null,null,null,null,null,null,null,null,null,null,null,null,null,null,null,null,null,null,null,null,null,null,null,null
155,01/04/2011,01/04/2011,null,null,null,null,null,null,null,null,null,null,null,null,null,null,null,null,null,null,null,null,null,null,null,null,null,null,null,null,null,null,null,null,null,null
156,02/05/2011,02/05/2011,null,null,null,null,null,null,null,null,null,null,null,null,null,null,null,null,null,null,null,null,null,null,null,null,null,null,null,null,null,null,null,null,null,null
157,01/06/2011,01/06/2011,null,null,null,null,null,null,null,null,null,null,null,null,null,null,null,null,null,null,null,null,null,null,null,null,null,null,null,null,null,null,null,null,null,null
158,01/07/2011,01/07/2011,null,null,null,null,null,null,null,null,null,null,null,null,null,null,null,null,null,null,null,null,null,null,null,null,null,null,null,null,null,null,null,null,null,null
159,01/08/2011,01/08/2011,null,null,null,null,null,null,null,null,null,null,null,null,null,null,null,null,null,null,null,null,null,null,null,null,null,null,null,null,null,null,null,null,null,null
160,01/09/2011,01/09/2011,null,null,null,null,null,null,null,null,null,null,null,null,null,null,null,null,null,null,null,null,null,null,null,null,null,null,null,null,null,null,null,null,null,null
161,01/10/2011,01/10/2011,null,null,null,null,null,null,null,null,null,null,null,null,null,null,null,null,null,null,null,null,null,null,null,null,null,null,null,null,null,null,null,null,null,null
162,01/11/2011,01/11/2011,null,null,null,null,null,null,null,null,null,null,null,null,null,null,null,null,null,null,null,null,null,null,null,null,null,null,null,null,null,null,null,null,null,null
163,01/12/2011,01/12/2011,null,null,null,null,null,null,null,null,null,null,null,null,null,null,null,null,null,null,null,null,null,null,null,null,null,null,null,null,null,null,null,null,null,null
164,02/01/2012,02/01/2012,null,null,null,null,null,null,null,null,null,null,null,null,null,null,null,null,null,null,null,null,null,null,null,null,null,null,null,null,null,null,null,null,null,null
165,01/02/2012,01/02/2012,null,null,null,null,null,null,null,null,null,null,null,null,null,null,null,null,null,null,null,null,null,null,null,null,null,null,null,null,null,null,null,null,null,null
166,01/03/2012,01/03/2012,null,null,null,null,null,null,null,null,null,null,null,null,null,null,null,null,null,null,null,null,null,null,null,null,null,null,null,null,null,null,null,null,null,null
167,02/04/2012,02/04/2012,null,null,null,null,null,null,null,null,null,null,null,null,null,null,null,null,null,null,null,null,null,null,null,null,null,null,null,null,null,null,null,null,null,null
168,01/05/2012,01/05/2012,null,null,null,null,null,null,null,null,null,null,null,null,null,null,null,null,null,null,null,null,null,null,null,null,null,null,null,null,null,null,null,null,null,null
169,01/06/2012,02/06/2012,null,null,null,null,null,null,null,null,null,null,null,null,null,null,null,null,null,null,null,null,null,null,null,null,null,null,null,null,null,null,null,null,null,null
170,02/07/2012,03/07/2012,null,null,null,null,null,null,null,null,null,null,null,null,null,null,null,null,null,null,null,null,null,null,null,null,null,null,null,null,null,null,null,null,null,null
171,01/08/2012,02/08/2012,null,null,null,null,null,null,null,null,null,null,null,null,null,null,null,null,null,null,null,null,null,null,null,null,null,null,null,null,null,null,null,null,null,null
172,01/09/2012,02/09/2012,null,null,null,null,null,null,null,null,null,null,null,null,null,null,null,null,null,null,null,null,null,null,null,null,null,null,null,null,null,null,null,null,null,null
173,01/10/2012,02/10/2012,null,null,null,null,null,null,null,null,null,null,null,null,null,null,null,null,null,null,null,null,null,null,null,null,null,null,null,null,null,null,null,null,null,null
174,01/11/2012,02/11/2012,null,null,null,null,null,null,null,null,null,null,null,null,null,null,null,null,null,null,null,null,null,null,null,null,null,null,null,null,null,null,null,null,null,null
175,01/12/2012,02/12/2012,null,null,null,null,null,null,null,null,null,null,null,null,null,null,null,null,null,null,null,null,null,null,null,null,null,null,null,null,null,null,null,null,null,null
176,01/01/2013,01/01/2013,null,null,null,null,null,null,null,null,null,null,null,null,null,null,null,null,null,null,null,null,null,null,null,null,null,null,null,null,null,null,null,null,null,null
177,01/02/2013,02/02/2013,null,null,null,null,null,null,null,null,null,null,null,null,null,null,null,null,null,null,null,null,null,null,null,null,null,null,null,null,null,null,null,null,null,null
178,01/03/2013,02/03/2013,null,null,null,null,null,null,null,null,null,null,null,null,null,null,null,null,null,null,null,null,null,null,null,null,null,null,null,null,null,null,null,null,null,null
179,01/04/2013,01/04/2013,null,null,null,null,null,null,null,null,null,null,null,null,null,null,null,null,null,null,null,null,null,null,null,null,null,null,null,null,null,null,null,null,null,null
180,01/05/2013,01/05/2013,null,null,null,null,null,null,null,null,null,null,null,null,null,null,null,null,null,null,null,null,null,null,null,null,null,null,null,null,null,null,null,null,null,null
181,01/06/2013,01/06/2013,null,null,null,null,null,null,null,null,null,null,null,null,null,null,null,null,null,null,null,null,null,null,null,null,null,null,null,null,null,null,null,null,null,null
182,01/07/2013,01/07/2013,null,null,null,null,null,null,null,null,null,null,null,null,null,null,null,null,null,null,null,null,null,null,null,null,null,null,null,null,null,null,null,null,null,null
183,01/08/2013,01/08/2013,null,null,null,null,null,null,null,null,null,null,null,null,null,null,null,null,null,null,null,null,null,null,null,null,null,null,null,null,null,null,null,null,null,null
184,01/09/2013,01/09/2013,null,null,null,null,null,null,null,null,null,null,null,null,null,null,null,null,null,null,null,null,null,null,null,null,null,null,null,null,null,null,null,null,null,null
185,01/10/2013,01/10/2013,null,null,null,null,null,null,null,null,null,null,null,null,null,null,null,null,null,null,null,null,null,null,null,null,null,null,null,null,null,null,null,null,null,null
186,01/11/2013,01/11/2013,null,null,null,null,null,null,null,null,null,null,null,null,null,null,null,null,null,null,null,null,null,null,null,null,null,null,null,null,null,null,null,null,null,null
187,01/12/2013,01/12/2013,null,null,null,null,null,null,null,null,null,null,null,null,null,null,null,null,null,null,null,null,null,null,null,null,null,null,null,null,null,null,null,null,null,null
188,01/01/2014,01/01/2014,null,null,null,null,null,null,null,null,null,null,null,null,null,null,null,null,null,null,null,null,null,null,null,null,null,null,null,null,null,null,null,null,null,null
