Standard Parameter Analysis Data of : Birdghat (GGU30F5)
Laboratory : Middle Ganga Division -1 
Period : January-1998 To January-2009 
S.No.,Date_of_Collection,Date_of_Receipt,Discharge(cumecs),pH_FLD,EC_FLD(umho/cm),DO(mg/l),Water Temp(deg C),Colour,Odour,pH_GEN,EC_GEN(umho/cm),TDS(mg/l),SS(mg/l),NH3(mg N/l),NO2+NO3(mg N/l),Total_Nutrients(mg P/l),SiO2(mg/l),BOD(mg/l),COD(mg/l),Phen(mg CaCO3/l),Total_Alkallnity(mg CaCO3/l),Total_Hardness(mg CaCO3/l),Ca_Hardness(mg CaCO3/l),F(mg/l),B(mg/l),Ca_Major_Ions(mg/l),Mg(mg/l),Na(mg/l),K(mg/l),Cl(mg/l),SO4(mg/l),CO3(mg/l),HCO3(mg/l),Total_Coliforms(MPN/100ml),Faecal(MPN/100ml),Chlorophyll-A(ug/L)
1,01/06/1998,03/06/1998,null,null,null,null,25,Clear,odour free,8,1110,null,null,null,null,null,5.6,null,null,11.952,382,503.219,202,.152,.16,80.8,72.293,60.03,10.948,75.97,66.72,14.4,436.76,null,null,null
2,01/06/1998,03/06/1998,null,null,null,8.2,30,Clear,odour free,8,330,null,null,null,null,null,6.2,null,null,3.984,145.5,193.219,94.5,0,.14,37.8,23.692,48.99,8.993,18.105,35.52,4.8,167.75,null,null,null
3,01/07/1998,04/07/1998,null,null,null,8.04,29.5,Brown,odour free,8,220,null,null,null,null,null,5.4,null,null,0,114,145.794,81.5,0,.001,32.6,15.431,40.94,7.82,15.975,33.12,0,139.08,null,null,null
4,01/08/1998,04/08/1998,null,null,null,7.94,30,Brown,odour free,7.5,170,null,null,null,null,null,5,null,null,0,118,133.244,73,0,.001,29.2,14.458,39.1,7.038,13.845,32.16,0,143.96,null,null,null
5,01/09/1998,07/09/1998,null,null,null,7.87,28.5,Brown,odour free,8,170,null,null,null,null,null,4.4,null,null,0,122,124.744,64.5,0,.001,25.8,14.458,43.93,7.038,13.845,29.76,0,148.84,null,null,null
6,03/10/1998,07/10/1998,null,null,null,8.24,28.5,Clear,odour free,7.5,230,null,null,null,null,null,4.9,null,null,0,126,133.35,64.5,0,.002,25.8,16.524,37.95,5.865,15.975,30.24,0,153.72,null,null,null
7,02/11/1998,06/11/1998,null,null,null,null,26,Clear,odour free,8,500,null,null,null,null,null,4.9,null,null,3.984,291.5,279.806,133.5,0,.06,53.4,35.113,26.91,10.948,24.14,32.16,4.8,345.87,null,null,null
8,02/11/1998,06/11/1998,null,null,null,8.24,26.5,Brown,odour free,8,270,null,null,null,null,null,5,null,null,0,189,163.35,94.5,0,.06,37.8,16.524,31.05,7.038,15.975,32.16,0,230.58,null,null,null
9,01/12/1998,04/12/1998,null,null,null,null,23.2,Clear,odour free,8,440,null,null,null,null,null,5.2,null,null,7.968,299.5,292.356,142,0,.08,56.8,36.085,25.07,10.166,30.175,32.16,9.6,345.87,null,null,null
10,01/12/1998,04/12/1998,null,null,null,8.11,21.5,Brown,odour free,8,270,null,null,null,null,null,5,null,null,0,81,172.006,90.5,0,.08,36.2,19.562,26.91,5.083,15.975,28.8,0,98.82,null,null,null
11,01/01/1999,05/01/1999,null,null,null,null,18,Clear,odour free,8,480,null,null,null,null,null,5.3,null,null,7.968,311,309.356,159,0,.09,63.6,36.085,23.92,12.121,40.115,34.56,9.6,359.9,null,null,null
12,01/01/1999,05/01/1999,null,null,null,8.06,17,Clear,odour free,8,290,null,null,null,null,null,5.4,null,null,0,173,172.063,86,0,.09,34.4,20.655,25.99,5.083,18.105,28.8,0,211.06,null,null,null
13,01/02/1999,05/02/1999,null,null,null,null,18,Clear,odour free,8,500,null,null,null,0,null,5.4,null,null,7.968,315,322.413,167.5,0,.1,67,37.179,25.07,12.903,51.83,34.56,9.6,364.78,null,null,null
14,01/02/1999,05/02/1999,null,null,null,8.11,18,Clear,odour free,8,300,null,null,null,null,null,5.1,null,null,0,165,176.113,86,0,.09,34.4,21.627,25.99,5.474,18.105,28.8,0,201.3,null,null,null
15,01/03/1999,05/03/1999,null,null,null,null,21.5,Clear,odour free,8,340,null,null,null,null,null,5.6,null,null,11.952,327,335.519,172,0,.09,68.8,39.244,28.06,12.903,56.09,37.92,14.4,369.66,null,null,null
16,01/03/1999,05/03/1999,null,null,null,8.33,21,Clear,odour free,8,310,null,null,null,null,null,5.4,null,null,0,173,167.563,81.5,0,.1,32.6,20.655,25.99,5.083,15.975,28.8,0,211.06,null,null,null
17,01/04/1999,05/04/1999,null,null,null,null,24,Clear,odour free,8.19,520,null,null,null,null,null,5.5,null,null,7.968,331,331.231,150.5,.114,.07,60.2,43.375,29.9,12.121,51.83,36,9.6,384.3,null,null,null
18,01/04/1999,05/04/1999,null,null,null,8.53,25,Brown,odour free,8.11,270,null,null,null,null,null,5.3,null,null,0,153.5,159.006,77.5,0,.07,31,19.562,25.99,5.865,18.105,30.24,0,187.27,null,null,null
19,01/05/1999,06/05/1999,null,null,null,8.46,28,Clear,odour free,8.26,280,null,null,null,null,null,5.4,null,null,0,153.5,163.006,81.5,0,.08,32.6,19.562,28.06,5.865,18.105,29.76,0,187.27,null,null,null
20,01/05/1999,06/05/1999,null,null,null,null,24.08,Clear,odour free,8.16,540,null,null,null,null,null,5.6,null,null,3.984,334.5,301.306,155,.057,.09,62,35.113,31.05,10.948,62.125,39.36,4.8,398.33,null,null,null
21,01/06/1999,05/06/1999,null,null,null,null,25.5,Clear,odour free,8.04,560,null,null,null,null,.062,5.6,null,null,3.984,338.5,326.913,172,.057,.09,68.8,37.179,31.97,10.166,59.995,38.88,4.8,403.21,null,null,null
22,01/06/1999,05/06/1999,null,null,null,8.31,30.5,Clear,odour free,7.9,260,null,null,null,null,null,5.6,null,null,0,161.5,163.006,81.5,0,.07,32.6,19.562,28.06,5.865,18.105,28.8,0,197.03,null,null,null
23,01/07/1999,03/07/1999,null,null,null,8.17,30.5,Brown,odour free,7.76,190,null,null,null,null,null,5.8,null,null,0,145.5,154.506,73,0,.08,29.2,19.562,25.07,7.82,15.975,28.8,0,177.51,null,null,null
24,02/08/1999,05/08/1999,null,null,null,8.44,31,Brown,odour free,7.66,171,null,null,null,null,null,5.3,null,null,0,118,133.456,56,0,.06,22.4,18.59,20.93,3.91,9.94,25.44,0,143.96,null,null,null
25,01/09/1999,04/09/1999,null,null,null,8.33,30,Brown,odour free,7.44,220,null,null,null,null,null,5.1,null,null,0,94.5,150.244,90,0,.09,36,14.458,20.93,4.692,13.845,23.04,0,115.29,null,null,null
26,01/10/1999,05/10/1999,null,null,null,8.34,30,Brown,odour free,8.05,250,null,null,null,null,null,5.5,null,null,0,98.5,162.9,90,0,.09,36,17.496,12.65,3.128,15.975,21.6,0,120.17,null,null,null
27,01/11/1999,03/11/1999,null,null,null,8.19,28,Brown,odour free,8.02,260,null,null,null,null,null,5.7,null,null,0,126,158.794,94.5,0,.14,37.8,15.431,5.75,2.346,12.07,23.04,0,153.72,null,null,null
28,01/12/1999,04/12/1999,null,null,null,8.03,25,Brown,odour free,8.08,330,null,null,null,null,null,5.6,null,null,0,122,167.4,94.5,0,.14,37.8,17.496,5.98,2.737,13.845,23.04,0,148.84,null,null,null
29,01/01/2000,03/01/2000,null,null,null,8.15,17,Clear,odour free,8.07,320,null,null,null,null,.01,5.8,null,null,0,126,176.563,90.5,0,.14,36.2,20.655,6.67,3.519,13.845,23.04,0,153.72,null,null,null
30,01/02/2000,03/02/2000,null,null,null,8.33,18,Clear,odour free,8.04,330,null,null,null,null,.01,6,null,null,0,134,184.613,94.5,0,.1,37.8,21.627,6.9,3.519,13.845,23.04,0,163.48,null,null,null
31,01/03/2000,03/03/2000,null,null,null,8.35,19,Clear,odour free,8.06,370,null,null,null,null,.01,6,null,null,0,145.5,184.613,94.5,0,.13,37.8,21.627,6.9,3.519,18.105,24,0,177.51,null,null,null
32,01/04/2000,03/04/2000,null,null,null,8.4,25.5,Clear,odour free,8.21,310,null,null,null,null,.01,6.1,null,null,0,157.5,189.113,99,0,.16,39.6,21.627,7.82,3.128,19.88,24,0,192.15,null,null,null
33,01/05/2000,03/05/2000,null,null,null,7.55,28.5,Clear,odour free,8.48,380,null,null,null,null,.01,6,null,null,0,169,193.219,94.5,0,.12,37.8,23.692,8.51,3.91,19.88,24.48,0,206.18,null,null,null
34,01/06/2000,03/06/2000,null,null,null,null,24.5,Clear,odour free,7.96,850,null,null,null,null,null,7,null,null,15.936,237.146,188.825,81.5,.152,.19,32.6,25.758,31.05,12.121,57.865,60.48,19.2,125.05,null,null,null
35,01/06/2000,03/06/2000,null,null,null,6.61,29.5,Clear,odour free,8.15,350,null,null,null,null,null,6.5,null,null,11.952,189.114,137.744,77.5,0,.13,31,14.458,7.59,5.865,22.01,54.24,14.4,100.65,null,null,null
36,01/07/2000,03/07/2000,null,null,null,null,25,Clear,odour free,7.92,740,null,null,null,null,null,7,null,null,11.952,299.158,171.719,73,0,.15,29.2,23.692,57.04,28.152,63.9,67.68,14.4,167.75,null,null,null
37,01/07/2000,03/07/2000,null,null,null,6.89,30,Brown,odour free,8.38,200,null,null,null,null,null,6.5,null,null,11.952,205.12,154.506,73,0,.15,29.2,19.562,4.6,3.519,18.105,16.32,14.4,110.41,null,null,null
38,01/08/2000,02/08/2000,null,null,null,null,26,Clear,odour free,8.08,720,null,null,null,null,null,6.6,null,null,0,559.224,266.806,120.5,0,.1,48.2,35.113,32.89,14.858,66.03,61.92,0,340.99,null,null,null
39,01/08/2000,02/08/2000,null,null,null,6.67,29.5,Light Brown,odour free,8,210,null,null,null,null,null,6.8,null,null,7.968,181.098,116.031,73,0,.1,29.2,10.328,4.6,2.737,13.845,18.24,9.6,100.65,null,null,null
40,01/09/2000,02/09/2000,null,null,null,null,26,Clear,odour free,7.77,830,null,null,null,null,null,null,null,null,null,null,292.444,94.5,0,null,37.8,47.507,28.98,17.986,63.9,58.56,9.6,259.25,null,null,null
41,01/09/2000,02/09/2000,null,null,null,6.67,29,Brown,odour free,8.51,170,null,null,null,null,null,5,null,null,7.968,166.092,129.137,77.5,0,.08,31,12.393,2.53,2.346,12.07,18.24,9.6,91.5,null,null,null
42,03/10/2000,04/10/2000,null,null,null,7.03,30,Brown,odour free,8.28,200,null,null,null,null,null,5,null,null,11.952,181.111,137.744,77.5,0,.08,31,14.458,4.83,2.737,15.975,14.88,14.4,95.77,null,null,null
43,01/11/2000,02/11/2000,null,null,null,null,25,Clear,odour free,7.42,800,null,null,null,null,null,7,null,null,15.936,472.24,309.944,112,0,.1,44.8,47.507,36.11,17.986,75.97,22.56,19.2,268.4,null,null,null
44,01/11/2000,02/11/2000,null,null,null,6.96,26,Brown,odour free,8.13,290,null,null,null,null,null,5,null,null,7.968,221.114,150.4,77.5,0,.1,31,17.496,6.21,3.128,5.325,18.24,9.6,125.05,null,null,null
45,01/12/2000,02/12/2000,null,null,null,null,22.5,Clear,odour free,7.51,780,null,null,null,null,null,null,null,null,null,null,335.494,133.5,0,null,53.4,48.479,39.1,21.114,82.005,25.44,24,283.04,null,null,null
46,01/12/2000,02/12/2000,null,null,null,6.76,23,Clear,odour free,8.11,280,null,null,null,null,null,6,null,null,11.952,236.133,150.35,81.5,0,.1,32.6,16.524,6.9,3.519,18.105,24,14.4,129.32,null,null,null
47,01/01/2001,02/01/2001,null,null,null,null,21,Clear,odour free,7.78,500,null,null,null,null,null,7,null,null,19.92,544.282,322.281,137.5,.095,.12,55,44.347,48.99,12.121,88.04,31.68,24,307.44,null,null,null
48,01/01/2001,02/01/2001,null,null,null,6.7,16,Clear,odour free,8.49,250,null,null,null,null,null,6,null,null,7.968,252.126,150.35,81.5,0,.1,32.6,16.524,9.89,4.301,18.105,25.92,9.6,143.96,null,null,null
49,01/02/2001,03/02/2001,null,null,null,6.58,16,Clear,odour free,8.4,290,null,null,null,null,null,5.6,null,null,11.952,260.142,154.4,81.5,0,.1,32.6,17.496,10.58,5.865,18.105,26.88,14.4,143.96,null,null,null
50,01/03/2001,02/03/2001,null,null,null,6.67,20.5,Clear,odour free,8.44,290,null,null,null,null,null,6,null,null,7.968,268.133,176.563,90.5,0,.1,36.2,20.655,12.65,5.865,22.01,26.4,9.6,153.72,null,null,null
51,03/04/2001,04/04/2001,null,null,null,null,23.5,Clear,odour free,8.39,870,null,null,null,null,null,7,null,null,19.92,654.326,348.281,163.5,.209,.16,65.4,44.347,52.9,21.896,95.85,41.28,24,374.54,null,null,null
52,03/04/2001,04/04/2001,null,null,null,6.47,25.5,Clear,odour free,8.45,290,null,null,null,0,null,5.5,null,null,7.968,268.133,167.506,86,0,.08,34.4,19.562,11.73,5.865,22.01,26.4,9.6,153.72,null,null,null
53,01/05/2001,03/05/2001,null,null,null,6.61,28,Clear,odour free,8.45,290,null,null,null,null,null,6,null,null,11.952,189.114,137.744,77.5,0,.1,31,14.458,7.59,5.865,22.01,54.24,14.4,100.65,null,null,null
54,01/06/2001,04/06/2001,null,null,null,6.5,26,Clear,odour free,8.39,280,null,null,null,null,null,5.5,null,null,15.936,268.158,227.881,116,0,.12,46.4,26.851,11.27,5.865,19.88,27.36,19.2,143.96,null,null,null
55,02/07/2001,03/07/2001,null,null,null,6.56,30,Light Brown,odour free,8.35,190,null,null,null,null,null,5.5,null,null,11.952,260.142,180.506,99,0,.08,39.6,19.562,10.35,6.256,15.975,27.84,14.4,143.96,null,null,null
56,01/08/2001,02/08/2001,null,null,null,7.05,30.5,Light Brown,odour free,8.1,200,null,null,null,null,null,5,null,null,3.984,252.114,163.563,77.5,0,.06,31,20.655,5.29,4.692,19.88,21.6,4.8,148.84,null,null,null
57,01/09/2001,03/09/2001,null,null,null,null,29,Clear,odour free,7.47,900,null,null,null,null,null,6,null,null,0,645.258,236.356,86,0,.14,34.4,36.085,48.07,34.017,63.9,29.28,0,393.45,null,null,null
58,01/09/2001,03/09/2001,null,null,null,7.07,32,Light Brown,odour free,8.12,230,null,null,null,null,null,5,null,null,3.984,260.117,154.506,73,0,.04,29.2,19.562,4.37,3.91,19.88,23.04,4.8,153.72,null,null,null
59,01/10/2001,03/10/2001,null,null,null,null,29,Clear,odour free,7.85,810,null,null,null,null,null,7,null,null,0,630.252,253.462,94.5,0,.12,37.8,38.151,49.91,35.19,73.84,30.24,0,384.3,null,null,null
60,01/10/2001,03/10/2001,null,null,null,6.39,31,Clear,odour free,8.26,270,null,null,null,null,null,6,null,null,3.984,260.117,176.169,81.5,0,.06,32.6,22.721,4.6,4.301,18.105,23.04,4.8,153.72,null,null,null
61,01/11/2001,03/11/2001,null,null,null,null,28,Clear,odour free,7.89,790,null,null,null,null,null,7,null,null,0,504.202,266.519,103,0,.12,41.2,39.244,51.06,35.972,78.1,31.68,0,307.44,null,null,null
62,01/11/2001,03/11/2001,null,null,null,6.6,29,Light Brown,odour free,8.25,260,null,null,null,null,null,6,null,null,11.952,260.142,185.169,90.5,0,.06,36.2,22.721,4.6,4.301,18.105,23.52,14.4,143.96,null,null,null
63,01/12/2001,03/12/2001,null,null,null,null,23.5,Clear,odour free,7.92,800,null,null,null,null,null,6.5,null,null,0,511.204,266.462,107.5,.095,.14,43,38.151,54.05,37.145,82.005,33.12,0,311.71,null,null,null
64,01/12/2001,03/12/2001,null,null,null,6.55,22,Clear,odour free,8.24,270,null,null,null,null,null,5.5,null,null,7.968,268.133,184.613,94.5,0,.04,37.8,21.627,4.83,4.301,18.105,23.52,9.6,153.72,null,null,null
65,01/01/2002,04/01/2002,null,null,null,6.6,17.5,Clear,odour free,8.2,320,null,null,null,null,null,5.5,null,null,7.968,260.13,185.225,86,0,.06,34.4,23.814,4.83,4.692,19.88,23.52,9.6,148.84,null,null,null
66,01/02/2002,02/02/2002,null,null,null,6.5,19.5,Clear,odour free,8.17,280,null,null,null,null,null,5.5,null,null,7.968,315.152,163.456,86,.399,.04,34.4,18.59,3.68,1.173,19.88,26.4,9.6,182.39,null,null,null
67,01/03/2002,04/03/2002,null,null,null,6.5,22.5,Clear,odour free,8.12,320,null,null,null,null,null,5.5,null,null,3.984,299.132,163.006,81.5,.399,.08,32.6,19.562,3.68,1.173,22.01,26.4,4.8,177.51,null,null,null
68,01/04/2002,02/04/2002,null,null,null,6.5,25.5,Clear,odour free,8.33,350,null,null,null,null,null,6.6,null,null,7.968,315.152,180.669,86,.095,.001,34.4,22.721,7.36,2.737,22.01,27.36,9.6,182.39,null,null,null
69,01/05/2002,03/05/2002,null,null,null,null,25,Clear,odour free,7.95,610,null,null,null,null,null,7,null,null,0,700.28,266.462,107.5,.095,.1,43,38.151,52.9,17.204,90.17,43.2,0,427,null,null,null
70,01/05/2002,03/05/2002,null,null,null,6.5,29.5,Clear,odour free,8.32,340,null,null,null,null,null,5.5,null,null,15.936,268.158,180.613,90.5,.095,.12,36.2,21.627,6.9,2.737,19.88,26.88,9.6,177.51,null,null,null
71,01/06/2002,03/06/2002,null,null,null,null,25.5,Clear,odour free,7.89,950,null,null,null,null,null,11.4,null,null,0,842.337,395.494,193.5,0,.001,77.4,48.479,37.95,62.169,73.84,51.84,0,513.62,null,null,null
72,01/06/2002,03/06/2002,null,null,null,6.57,30,Clear,odour free,8.04,350,null,null,null,null,null,5,null,null,0,299.12,176.275,73,.095,.001,29.2,24.786,6.21,2.737,18.105,22.08,0,182.39,null,null,null
73,01/07/2002,03/07/2002,null,null,null,6.83,32,Clear,odour free,8.07,290,null,null,null,null,null,6.6,null,null,3.984,276.123,159.169,64.5,.095,.001,25.8,22.721,5.75,2.737,19.88,21.6,4.8,163.48,null,null,null
74,01/08/2002,02/08/2002,null,null,null,null,27,Clear,odour free,8.19,860,null,null,null,null,null,18,null,null,0,740.296,360.919,124.5,.095,.14,49.8,56.741,31.05,28.934,56.09,18.24,0,451.4,null,null,null
75,01/08/2002,02/08/2002,null,null,null,6.85,31,Clear,odour free,8.4,220,null,null,null,null,null,8,null,null,0,173.069,167.563,81.5,0,.001,32.6,20.655,3.91,1.955,15.975,12.96,0,105.53,null,null,null
76,02/09/2002,04/09/2002,null,null,null,null,27.5,Clear,odour free,7.47,810,null,null,null,null,null,16,null,null,0,708.283,348.313,120.5,.095,.08,48.2,54.675,60.95,50.048,51.83,16.8,0,431.88,null,null,null
77,02/09/2002,04/09/2002,null,null,null,6.64,32.5,Clear,odour free,8.4,220,null,null,null,null,null,6.6,null,null,0,181.072,184.825,77.5,0,.06,31,25.758,7.59,5.474,15.975,15.84,0,110.41,null,null,null
78,01/10/2002,03/10/2002,null,null,null,null,27,Clear,odour free,7.7,840,null,null,null,null,null,12,null,null,0,692.277,352.419,116,.114,.1,46.4,56.741,66.93,47.311,50.055,18.24,0,422.12,null,null,null
79,01/10/2002,03/10/2002,null,null,null,6.81,30,Clear,odour free,8.1,230,null,null,null,null,null,6.6,null,null,0,181.072,189.219,90.5,0,.1,36.2,23.692,7.36,5.083,15.975,15.84,0,110.41,null,null,null
80,01/11/2002,02/11/2002,null,null,null,6.93,26.5,Clear,odour free,8.55,280,null,null,null,null,null,6.6,null,null,0,181.072,180.669,86,0,.1,34.4,22.721,7.59,5.083,19.88,16.32,0,110.41,null,null,null
81,02/12/2002,03/12/2002,null,null,null,7.12,22.5,Clear,odour free,8.49,300,null,null,null,null,null,10,null,null,3.984,307.136,202.169,107.5,0,.1,43,22.721,6.9,6.256,19.88,21.12,4.8,182.39,null,null,null
82,01/01/2003,03/01/2003,null,null,null,null,20,Clear,odour free,8.27,700,null,null,null,null,null,23,null,null,0,740.296,365.806,219.5,.304,.14,87.8,35.113,69.92,52.003,91.945,34.56,0,451.4,null,null,null
83,01/01/2003,03/01/2003,null,null,null,6.9,17.5,Clear,odour free,8.49,290,null,null,null,null,null,7,null,null,3.984,315.139,206.219,107.5,.095,.1,43,23.692,6.44,6.256,19.88,22.08,4.8,187.27,null,null,null
84,01/02/2003,03/02/2003,null,null,null,null,19.5,Clear,odour free,8.22,810,null,null,null,null,null,18,null,null,3.984,756.315,373.856,223.5,.399,.12,89.4,36.085,37.49,40.273,100.11,41.76,4.8,456.28,null,null,null
85,01/02/2003,03/02/2003,null,null,null,6.9,17,Clear,odour free,8.24,320,null,null,null,null,null,7,null,null,3.984,323.142,210.775,107.5,0,.12,43,24.786,7.36,2.346,19.88,24,4.8,192.15,null,null,null
86,01/03/2003,03/03/2003,null,null,null,6.88,24,Clear,odour free,8.46,320,null,null,null,null,null,7,null,null,3.984,323.142,210.325,103,0,.1,41.2,25.758,7.36,3.519,18.105,24.48,4.8,192.15,null,null,null
87,01/04/2003,02/04/2003,null,null,null,null,25.5,Clear,odour free,8.23,1260,null,null,null,null,null,30,null,null,7.968,779.337,390.962,232,.209,.18,92.8,38.151,139.15,44.183,113.955,48.96,9.6,465.43,null,null,null
88,01/04/2003,02/04/2003,null,null,null,6.62,23,Clear,odour free,8.44,330,null,null,null,null,null,8,null,null,3.984,331.145,214.881,103,0,.12,41.2,26.851,6.9,3.519,19.88,24.48,4.8,197.03,null,null,null
89,01/05/2003,02/05/2003,null,null,null,6.68,28.5,Clear,odour free,8.4,400,null,null,null,null,null,8.6,null,null,3.984,338.148,206.325,99,0,.12,39.6,25.758,7.59,3.519,19.88,25.44,4.8,201.3,null,null,null
90,02/06/2003,03/06/2003,null,null,null,6.62,30.5,Clear,odour free,8.24,600,null,null,null,null,null,7.4,null,null,0,330.132,202.038,77.5,0,.06,31,29.889,17.48,7.429,25.915,33.12,0,201.3,null,null,null
91,01/07/2003,02/07/2003,null,null,null,6.82,31,Light Brown,odour free,8.04,280,null,null,null,0,null,3.5,null,null,0,189.076,171.719,73,0,.001,29.2,23.692,3.45,2.737,13.845,28.8,0,115.29,null,null,null
92,01/08/2003,02/08/2003,null,null,null,7.3,31,Brown,odour free,7.93,310,null,null,null,null,null,4.5,null,null,0,212.085,180.881,69,0,.1,27.6,26.851,3.91,2.346,18.105,26.88,0,129.32,null,null,null
93,01/09/2003,02/09/2003,null,null,null,6.72,31.05,Brown,odour free,8.4,290,null,null,null,null,null,5,null,null,0,220.088,159.063,73,0,.1,29.2,20.655,1.61,1.564,13.845,24,0,134.2,null,null,null
94,01/10/2003,03/10/2003,null,null,null,6.82,30,Clear,odour free,8.35,310,null,null,null,null,null,5.3,null,null,0,228.091,154.4,81.5,0,.1,32.6,17.496,4.6,1.955,15.975,25.44,0,139.08,null,null,null
95,01/11/2003,03/11/2003,null,null,null,null,27,Clear,odour free,7.7,1210,null,null,null,null,null,47,null,null,0,519.208,416.994,215,.247,.2,86,48.479,54.05,17.595,90.17,103.2,0,316.59,null,null,null
96,01/11/2003,03/11/2003,null,null,null,6.92,27.5,Clear,odour free,8.17,400,null,null,null,null,null,5.1,null,null,0,244.098,167.506,86,0,.1,34.4,19.562,7.82,1.564,18.105,25.92,0,148.84,null,null,null
97,01/12/2003,02/12/2003,null,null,null,null,22,Clear,odour free,7.93,990,null,null,null,null,null,.02,null,null,0,881.352,412.731,232,.114,.2,92.8,43.375,53.13,21.114,57.865,105.12,0,537.41,null,null,null
98,01/12/2003,02/12/2003,null,null,null,6.57,20.5,Clear,odour free,8.1,400,null,null,null,null,null,5.2,null,null,0,393.157,180.613,90.5,0,.2,36.2,21.627,10.35,2.737,18.105,25.92,0,239.73,null,null,null
99,01/01/2004,03/01/2004,null,null,null,null,16,Clear,odour free,7.97,910,null,null,null,null,null,16,null,null,7.968,889.381,430.337,241,.114,.2,96.4,45.441,54.28,23.46,66.03,107.04,9.6,532.53,null,null,null
100,01/01/2004,03/01/2004,null,null,null,6.7,13,Clear,odour free,8.05,370,null,null,null,null,null,5.4,null,null,0,409.164,189.169,94.5,0,.2,37.8,22.721,10.81,2.737,22.01,26.4,0,249.49,null,null,null
101,03/02/2004,05/02/2004,null,null,null,null,13.5,Clear,odour free,7.99,920,null,null,null,null,null,16,null,null,3.984,858.356,438.388,245,.57,.2,98,46.413,60.26,27.761,68.16,111.84,4.8,518.5,null,null,null
102,03/02/2004,05/02/2004,null,null,null,6.62,12.5,Clear,odour free,8.07,360,null,null,null,null,null,5.6,null,null,0,401.16,193.219,94.5,0,.2,37.8,23.692,11.5,3.128,22.01,26.4,0,244.61,null,null,null
103,01/03/2004,03/03/2004,null,null,null,null,15,Clear,odour free,7.95,1430,null,null,null,null,null,32,null,null,7.968,937.4,451.494,249.5,.209,.3,99.8,48.479,61.41,28.152,69.935,115.2,9.6,561.81,null,null,null
104,01/03/2004,03/03/2004,null,null,null,6.65,20,Clear,odour free,8.2,430,null,null,null,null,null,5.7,null,null,3.984,417.18,206.325,99,0,.2,39.6,25.758,11.5,3.128,18.105,27.84,4.8,249.49,null,null,null
105,01/04/2004,02/04/2004,null,null,null,null,15,Clear,odour free,8.1,1690,null,null,null,null,null,32,null,null,11.952,953.42,468.6,258,.209,.4,103.2,50.544,71.3,31.671,90.17,122.88,14.4,566.69,null,null,null
106,01/04/2004,02/04/2004,null,null,null,6.57,16,Clear,odour free,8.27,500,null,null,null,null,null,5.9,null,null,3.984,425.183,219.381,107.5,0,.2,43,26.851,12.19,3.91,19.88,32.16,4.8,254.37,null,null,null
107,01/05/2004,06/05/2004,null,null,null,6.57,15.5,Clear,odour free,8.27,570,null,null,null,null,null,6.3,null,null,3.984,441.189,219.381,107.5,.095,.2,43,26.851,14.95,5.083,22.01,30.24,4.8,264.13,null,null,null
108,01/06/2004,02/06/2004,null,null,null,6.48,29,Clear,odour free,8.09,460,null,null,null,null,null,6,null,null,0,409.164,197.775,94.5,0,.2,37.8,24.786,11.5,6.647,22.01,31.2,0,249.49,null,null,null
109,01/07/2004,03/07/2004,null,null,null,null,28,Clear,odour free,7.9,1100,null,null,null,null,null,21.2,null,null,35.856,583.348,279.25,137.5,.171,.1,55,34.02,120.06,40.273,151.94,21.12,43.2,311.71,null,null,null
110,01/07/2004,03/07/2004,null,null,null,6.6,31.5,Clear,odour free,8.25,350,null,null,null,null,null,4.5,null,null,0,252.101,171.956,94.5,0,.1,37.8,18.59,5.06,3.128,19.88,22.56,0,153.72,null,null,null
111,02/08/2004,03/08/2004,null,null,null,null,26.5,Clear,odour free,7.55,1220,null,null,null,null,null,20,null,null,7.968,1007.428,258.094,129,.171,.1,51.6,30.983,113.39,47.311,66.03,25.44,9.6,604.51,null,null,null
112,02/08/2004,03/08/2004,null,null,null,6.65,30,Brown,odour free,7.82,370,null,null,null,null,null,4,null,null,0,338.135,154.344,86,0,.2,34.4,16.403,3.45,3.128,15.975,23.52,0,206.18,null,null,null
113,01/09/2004,02/09/2004,null,null,null,null,27.5,Clear,odour free,7.56,1060,null,null,null,null,null,23.5,null,null,0,1432.573,301.275,198,0,.6,79.2,24.786,49.45,31.671,56.09,3.36,0,873.52,null,null,null
114,01/09/2004,02/09/2004,null,null,null,6.66,30,Light Brown,odour free,8,350,null,null,null,null,null,3.3,null,null,0,315.126,121.094,73,0,.4,29.2,11.542,3.91,2.737,13.845,34.08,0,192.15,null,null,null
115,01/10/2004,04/10/2005,null,null,null,null,26,Clear,odour free,7.8,1070,null,null,0,null,null,16.5,null,null,51.792,1292.683,335.444,137.5,0,.5,55,47.507,52.9,37.145,59.995,1.44,62.4,724.68,null,null,null
116,01/10/2004,04/10/2004,null,null,null,6.65,30.5,Clear,odour free,8,380,null,null,null,null,null,3.6,null,null,15.936,418.218,159.063,73,0,.5,29.2,20.655,5.29,3.128,15.975,24,19.2,235.46,null,null,null
117,01/11/2004,03/11/2004,null,null,null,null,25,Clear,odour free,7.6,1200,null,null,null,null,null,17.5,null,null,7.968,2141.882,279.594,150.5,0,.3,60.2,30.983,54.97,39.1,63.9,2.88,9.6,1296.25,null,null,null
118,01/11/2004,03/11/2004,null,null,null,6.67,24,Clear,odour free,8.45,420,null,null,null,null,null,3.8,null,null,23.904,371.225,172.006,90.5,0,.1,36.2,19.562,5.06,3.519,12.07,25.44,28.8,197.03,null,null,null
119,01/12/2004,03/12/2004,null,null,null,null,22.5,Clear,odour free,7.73,1340,null,null,null,null,null,17,null,null,11.952,1653.7,279.487,159,0,.4,63.6,28.917,65.09,44.965,62.125,7.2,14.4,993.69,null,null,null
120,01/12/2004,03/12/2004,null,null,null,6.65,22,Light Brown,odour free,8.37,430,null,null,null,null,null,4.7,null,null,23.904,378.228,172.006,90.5,0,.2,36.2,19.562,4.83,3.519,13.845,24,28.8,201.3,null,null,null
121,01/01/2005,04/01/2005,null,null,null,null,19.5,Clear,odour free,7.85,1310,null,null,null,null,null,11,null,null,0,1401.56,778.338,589,0,.2,235.6,45.441,66.01,41.055,75.97,36.96,0,854.61,null,null,null
122,01/01/2005,04/01/2005,null,null,null,6.47,15.5,Light Brown,odour free,8.21,330,null,null,null,null,null,3.9,null,null,0,496.198,210.669,116,0,.2,46.4,22.721,10.81,3.519,15.975,19.2,0,302.56,null,null,null
123,01/02/2005,02/02/2005,null,null,null,null,19.5,Clear,odour free,7.97,1540,null,null,null,null,null,18,null,null,0,1298.519,838.419,602,0,.2,240.8,56.741,71.99,42.228,82.005,35.52,0,791.78,null,null,null
124,01/02/2005,02/02/2005,null,null,null,6.86,17.5,Clear,odour free,8.26,420,null,null,null,null,null,4.7,null,null,7.968,402.186,193.775,90.5,0,.2,36.2,24.786,11.04,3.519,18.105,20.64,9.6,235.46,null,null,null
125,01/03/2005,02/03/2005,null,null,null,6.86,21.5,Clear,odour free,8.06,480,null,null,null,null,null,5,null,null,11.952,425.208,197.719,99,0,.2,39.6,23.692,10.58,6.256,19.88,34.08,14.4,244.61,null,null,null
126,01/04/2005,02/04/2005,null,null,null,null,null,null,null,null,null,null,null,null,null,null,null,null,null,null,null,null,null,null,null,null,null,null,null,null,null,null,null,null,null,null
127,01/04/2005,02/04/2005,null,null,null,6.86,24,Clear,odour free,8.21,420,null,null,null,null,null,4.9,null,null,15.936,433.224,189.169,94.5,0,.21,37.8,22.721,10.35,5.865,18.105,34.56,19.2,244.61,null,null,null
128,02/05/2005,04/05/2005,null,null,null,6.27,27,Clear,odour free,8.1,560,null,null,null,null,null,5,null,null,15.936,449.231,197.719,99,0,.2,39.6,23.692,10.81,5.865,19.88,35.04,19.2,254.37,null,null,null
129,01/06/2005,02/06/2005,null,8,530,6.67,31,Clear,odour free,8.16,530,234,null,null,null,null,5.9,null,null,15.936,323.18,205.769,103,0,.13,41.2,24.664,14.26,5.083,19.88,33.6,19.2,177.51,null,null,null
130,01/07/2005,02/07/2005,null,7.4,532,null,28.5,Clear,odour free,8.25,420,232,null,null,null,null,4.7,null,null,11.952,352.179,193.325,86,.152,.14,34.4,25.758,14.49,5.474,19.88,27.36,14.4,200.08,null,null,null
131,01/08/2005,02/08/2005,null,null,null,null,26.5,Other,odour free,7.25,2200,null,null,null,null,null,15,null,null,null,null,447.125,275,.266,.14,110,41.31,43.47,39.882,73.84,360,0,775.92,null,null,null
132,01/08/2005,02/08/2005,null,7.62,null,6.81,29,Other,odour free,8.11,360,192,null,null,null,null,6,null,null,0,312.125,158.794,94.5,.057,.22,37.8,15.431,5.75,4.301,22.01,20.64,0,190.32,null,null,null
133,02/08/2005,03/08/2005,null,null,null,null,null,null,null,null,null,null,null,null,null,null,null,null,null,null,null,null,null,null,null,null,null,null,null,null,null,null,null,null,null,null
134,01/09/2005,02/09/2005,null,null,null,null,25.5,Clear,odour free,7.92,1320,null,null,null,null,null,15,null,null,null,null,339.388,146,.209,.15,58.4,46.413,41.4,31.28,46.15,83.52,38.4,463.6,null,null,null
135,01/09/2005,02/09/2005,null,7.72,null,6.86,30,Other,odour free,8.21,260,186,null,null,null,null,4.6,null,null,0,328.131,98.869,69,.057,.001,27.6,7.168,3.91,1.955,12.07,13.44,0,200.08,null,null,null
136,01/10/2005,03/10/2005,null,null,null,null,26.5,Clear,odour free,8.03,1074,null,null,null,null,null,42,null,null,null,null,180.881,69,.057,.2,27.6,26.851,43.01,27.761,56.09,27.36,24,805.2,null,null,null
137,01/10/2005,03/10/2005,null,null,null,null,30.5,Other,odour free,8.23,273,189,null,null,null,null,8.8,null,null,0,328.131,102.869,73,0,.001,29.2,7.168,6.9,4.301,9.94,20.16,0,200.08,null,null,null
138,01/11/2005,03/11/2005,null,null,null,null,null,null,null,null,null,null,null,null,null,null,null,null,null,null,null,null,null,null,null,null,null,null,null,null,null,null,null,null,null,null
139,02/11/2005,03/11/2005,null,null,null,null,25.5,Clear,odour free,8.32,1028,null,null,null,null,null,42,null,null,null,null,356.837,167.5,.057,.15,67,45.441,44.16,28.152,57.865,27.36,28.8,800.32,null,null,null
140,02/11/2005,03/11/2005,null,null,null,6.77,25.5,Clear,odour free,8.55,341,190,null,null,null,null,8.8,null,null,15.936,416.218,111.369,81.5,0,.001,32.6,7.168,7.36,4.301,12.07,20.64,19.2,234.24,null,null,null
141,01/12/2005,02/12/2005,null,null,null,null,20.5,Clear,odour free,7.66,881,null,null,null,null,null,24,null,null,null,null,550.05,60,0,.2,24,117.612,47.61,32.062,63.9,4.8,0,961.36,null,null,null
142,01/12/2005,02/12/2005,null,null,null,6.86,20.5,Clear,odour free,7.66,274,207,null,null,null,null,8.8,null,null,0,504.202,258.094,129,0,.001,51.6,30.983,14.72,3.128,12.07,9.6,0,307.44,null,null,null
143,02/01/2006,03/01/2006,null,null,null,null,18,Clear,odour free,8.41,814,null,null,null,null,null,19,null,null,null,null,559.025,314,.002,.25,125.6,58.806,3.91,8.602,73.84,6.72,24,653.92,null,null,null
144,02/01/2006,03/01/2006,null,7,null,6.67,17.5,Clear,odour free,7.98,297,225,null,null,null,null,7.45,null,null,15.936,480.243,206.006,124.5,.228,.1,49.8,19.562,10.81,3.519,9.94,8.64,19.2,273.28,null,null,null
145,01/02/2006,02/02/2006,null,null,null,null,19.5,Clear,odour free,8.7,900,null,null,null,null,null,19,null,null,null,null,318.294,51.5,.004,.4,20.6,64.031,4.6,8.993,78.1,10.08,19.2,673.44,null,null,null
146,01/02/2006,02/02/2006,null,7.22,612,6.86,17,Clear,odour free,7.15,310,214,null,null,null,null,7.34,null,null,15.936,488.246,215.063,129,.247,.1,51.6,20.655,11.04,3.519,12.07,9.12,19.2,278.16,null,null,null
147,01/03/2006,02/03/2006,null,null,null,null,22,Clear,odour free,8.12,1095,null,null,null,null,null,20,null,null,null,null,451.388,258,.006,.4,103.2,46.413,59.11,43.401,88.04,13.44,19.2,683.2,null,null,null
148,01/03/2006,02/03/2006,null,7.22,null,null,23.5,Clear,odour free,8.29,382,222,null,null,null,null,8.32,null,null,11.952,424.208,189.456,112,.247,.15,44.8,18.59,7.13,4.692,9.94,24,14.4,244,null,null,null
149,01/04/2006,03/04/2006,null,null,null,null,22.5,Clear,odour free,8.19,1446,null,null,null,null,null,22,null,null,null,null,326.506,245,.006,.4,98,19.562,54.97,40.273,177.855,24.96,33.6,488,null,null,null
150,01/04/2006,03/04/2006,null,7.26,null,6.86,25,Clear,odour free,8.44,440,226,null,null,null,null,8.4,null,null,15.936,376.202,154.775,51.5,.304,.15,20.6,24.786,11.27,3.519,8.165,39.84,19.2,209.84,null,null,null
151,01/05/2006,02/05/2006,null,null,null,7.06,31.5,Clear,odour free,8.5,425,236,null,null,null,null,9,null,null,15.936,368.198,193.381,81.5,.228,.2,32.6,26.851,11.04,3.519,9.94,39.84,19.2,204.96,null,null,null
152,01/06/2006,03/06/2006,null,7.22,662,9.32,31,Clear,odour free,8.4,430,null,null,null,null,null,8.5,null,null,13.944,404.206,184.75,43,null,.1,17.2,34.02,10.58,1.564,8.875,37.92,16.8,229.36,null,null,null
153,01/07/2006,03/07/2006,null,null,null,null,28.5,Clear,odour free,8.3,2170,null,null,null,null,null,20,null,null,0,1632.653,330.75,189,null,.25,75.6,34.02,11.04,2.346,151.94,39.84,0,995.52,null,null,null
154,01/07/2006,03/07/2006,null,null,null,null,30,Clear,odour free,8.3,219,null,null,null,null,null,8,null,null,0,128.051,86.244,26,null,.01,10.4,14.458,13.8,6.647,8.165,51.84,0,78.08,null,null,null
155,01/08/2006,02/08/2006,null,null,null,null,27,Clear,odour free,8.1,2152,null,null,null,null,null,22,null,null,0,1584.634,314.094,185,null,.2,74,30.983,13.11,2.737,148.035,37.92,0,966.24,null,null,null
156,01/08/2006,02/08/2006,null,null,null,null,31,Brown,odour free,8.2,216,null,null,null,null,null,7.5,null,null,0,232.093,59.975,21.5,null,.013,8.6,9.234,16.79,11.73,9.94,35.04,0,141.52,null,null,null
157,01/09/2006,02/09/2006,null,null,null,null,25.5,Clear,odour free,8.2,2170,null,null,null,null,null,.83,null,null,0,1560.624,318.094,189,null,.024,75.6,30.983,14.03,3.128,150.165,39.84,0,951.6,null,null,null
158,01/09/2006,02/09/2006,null,null,null,7.15,28.5,Brown,odour free,8.1,212,null,null,null,null,null,7.8,null,null,0,240.096,64.425,30,null,.012,12,8.262,24.84,13.685,12.07,36.96,0,146.4,null,null,null
159,03/10/2006,04/10/2006,null,null,null,null,27,Clear,odour free,7.49,1308,null,null,null,null,null,26,null,null,3.984,1640.669,327.094,198,null,.025,79.2,30.983,17.02,5.474,151.94,22.56,4.8,995.52,null,null,null
160,03/10/2006,04/10/2006,null,null,null,null,31,Brown,odour free,8,318,null,null,null,null,null,8.3,null,null,0,248.099,68.369,38.5,null,.015,15.4,7.168,17.94,9.775,15.975,23.52,0,151.28,null,null,null
161,01/11/2006,02/11/2006,null,null,null,null,25.5,Clear,odour free,7.5,1318,null,null,null,null,null,28,null,null,3.984,1640.669,344.2,206.5,null,.03,82.6,33.048,22.08,5.865,161.88,24,4.8,995.52,null,null,null
162,01/11/2006,02/11/2006,null,null,null,null,26,Clear,odour free,8.25,458,null,null,null,null,null,9.4,null,null,3.984,256.115,85.975,47.5,null,.015,19,9.234,12.65,5.865,18.105,25.44,4.8,151.28,null,null,null
163,01/12/2006,02/12/2006,null,null,null,null,22,Clear,odour free,7.48,1322,null,null,null,null,null,30,null,null,7.968,1624.675,356.75,215,null,.04,86,34.02,25.07,6.256,164.01,24.96,9.6,980.88,null,null,null
164,01/12/2006,02/12/2006,null,null,null,null,19,Clear,odour free,8.27,462,null,null,null,null,null,9.8,null,null,3.984,272.122,94.531,51.5,null,.02,20.6,10.328,12.19,5.474,19.88,25.92,4.8,161.04,null,null,null
165,02/01/2007,03/01/2007,null,null,null,null,18,Clear,odour free,7.5,1320,null,null,null,null,null,32,null,null,7.968,1696.704,373.856,223.5,null,.045,89.4,36.085,25.76,7.038,170.045,24.96,9.6,1024.8,null,null,null
166,02/01/2007,03/01/2007,null,null,null,null,18,Clear,odour free,8.3,464,null,null,null,null,null,10,null,null,3.984,272.122,103.081,56,null,.025,22.4,11.3,10.12,4.692,22.01,26.4,4.8,161.04,null,null,null
167,01/02/2007,07/02/2007,null,null,null,null,15,Clear,odour free,7.52,1330,null,null,null,null,null,34,null,null,7.968,1736.72,361.306,215,null,.04,86,35.113,26.45,7.82,172.175,25.92,9.6,1049.2,null,null,null
168,01/02/2007,07/02/2007,null,null,null,null,17,Clear,odour free,8.18,330,null,null,null,null,null,10.2,null,null,3.984,272.122,107.637,56,null,.02,22.4,12.393,9.89,4.692,24.14,26.4,4.8,161.04,null,null,null
169,01/03/2007,02/03/2007,null,null,null,null,17.5,Clear,odour free,7.48,1340,null,null,null,null,null,36,null,null,11.952,1688.714,348.25,206.5,0,.045,82.6,34.02,27.14,8.211,167.915,27.84,14.4,1015.04,null,null,null
170,01/03/2007,02/03/2007,null,null,null,null,18,Clear,odour free,7.9,352,null,null,null,null,null,10.4,null,null,3.984,264.118,115.688,60,.342,.015,24,13.365,9.2,4.301,22.01,27.84,4.8,156.16,null,null,null
171,02/04/2007,03/04/2007,null,null,null,null,25,Clear,odour free,7.88,350,null,null,null,null,null,10.2,null,null,3.984,272.122,124.744,64.5,.114,.02,25.8,14.458,8.97,3.91,19.88,27.36,4.8,161.04,null,null,null
172,01/05/2007,03/05/2007,null,null,null,null,25,Clear,odour free,7.92,355,null,null,null,null,null,10.4,null,null,3.984,256.115,120.244,60,.095,.015,24,14.458,8.28,3.91,18.105,26.88,4.8,151.28,null,null,null
173,01/06/2007,02/06/2007,null,7.9,350,6.11,27,null,null,7.9,350,null,null,null,null,null,9.6,null,null,0,240.096,81.475,43,.114,.05,17.2,9.234,8.05,3.519,15.975,24.48,0,146.4,null,null,null
174,02/07/2007,03/07/2007,null,null,null,6.62,27,Brown,odour free,7.88,360,null,null,null,null,null,9.4,null,null,0,232.093,98.925,64.5,.133,.08,25.8,8.262,7.82,3.519,13.845,24,0,141.52,null,null,null
175,01/08/2007,02/08/2007,null,null,null,6.62,25.5,Brown,odour free,8.04,206,null,null,null,null,null,9.6,null,null,4.731,319.643,110.125,100,null,.09,40,2.43,8.05,3.519,19.88,20.16,5.7,189.1,null,null,null
176,01/09/2007,03/09/2007,null,null,null,null,25,Clear,odour free,7.7,1800,null,null,null,null,null,32,null,null,28.884,815.419,300.237,200,null,.12,80,24.057,29.9,10.166,35.145,35.04,34.8,461.77,null,null,null
177,01/09/2007,03/09/2007,null,null,null,6.72,25.5,Brown,odour free,8.06,208,null,null,null,null,null,9.8,null,null,9.711,329.663,120.125,110,0,.1,44,2.43,8.28,3.91,9.94,9.12,11.7,189.1,null,null,null
178,01/10/2007,03/10/2007,null,null,null,null,24,Clear,odour free,7.49,1308,null,null,null,null,null,32,null,null,24.153,843.915,310.237,210,null,.12,84,24.057,31.97,12.121,40.115,36.96,29.1,484.95,null,null,null
179,01/10/2007,03/10/2007,null,null,null,6.72,25.5,Light Brown,odour free,8.04,210,null,null,null,null,null,10,null,null,9.711,368.679,130.25,110,null,.1,44,4.86,8.05,3.519,14.91,9.6,11.7,212.89,null,null,null
180,01/11/2007,02/11/2007,null,null,null,null,23.5,Clear,odour free,7.76,1780,null,null,null,null,null,34,null,null,24.153,863.923,320.237,220,null,.12,88,24.057,36.11,14.076,45.085,38.88,29.1,497.15,null,null,null
181,01/11/2007,02/11/2007,null,null,null,6.82,24.5,Brown,odour free,8.06,212,null,null,null,null,null,10.2,null,null,9.711,388.687,130.25,110,null,.12,44,4.86,8.05,3.91,19.88,10.08,11.7,225.09,null,null,null
182,01/12/2007,03/12/2007,null,null,null,null,19,Clear,odour free,7.78,1790,null,null,null,null,null,36,null,null,28.884,873.442,329.856,220,null,.14,88,26.365,37.95,14.858,50.055,42.24,34.8,497.15,null,null,null
183,01/12/2007,03/12/2007,null,null,null,6.82,16,Clear,odour free,8.04,214,null,null,null,null,null,10.4,null,null,9.711,407.694,160.119,110,null,.14,44,12.028,8.28,3.91,24.85,11.04,11.7,236.68,null,null,null
184,01/01/2008,02/01/2008,null,null,null,6.92,13.5,Clear,odour free,8.06,216,null,null,null,null,null,10.6,null,null,9.711,426.702,160.244,100,null,.16,40,14.458,8.51,4.301,30.175,12,11.7,248.27,null,null,null
185,01/02/2008,02/02/2008,null,null,null,null,16,Clear,odour free,7.82,1830,null,null,null,null,null,40,null,null,33.864,941.485,359.856,250,null,.18,100,26.365,42.09,19.941,69.935,46.08,40.8,532.53,null,null,null
186,01/02/2008,02/02/2008,null,null,null,6.65,13,Clear,odour free,8.08,218,null,null,null,null,null,10.8,null,null,4.731,455.697,169.863,100,null,.16,40,16.767,8.51,4.301,35.145,13.92,5.7,272.06,null,null,null
187,01/03/2008,03/03/2008,null,null,null,null,16,Clear,odour free,7.9,1850,null,null,null,null,null,42,null,null,33.864,980.501,379.981,260,null,.2,104,28.795,46,24.242,79.875,49.92,40.8,556.32,null,null,null
188,01/03/2008,03/03/2008,null,null,null,6.65,15.5,Clear,odour free,8.12,222,null,null,null,null,null,11,null,null,9.711,485.725,169.863,100,null,.18,40,16.767,110.4,4.692,35.145,15.84,11.7,284.26,null,null,null
189,01/04/2008,02/04/2008,null,null,null,null,19,Clear,odour free,7.92,1860,null,null,null,null,null,44,null,null,33.864,1019.516,390.106,260,null,.22,104,31.226,48.07,26.197,90.17,51.84,40.8,580.11,null,null,null
190,01/04/2008,02/04/2008,null,null,null,6.65,21.5,Clear,odour free,8.16,226,null,null,null,null,null,11.2,null,null,9.711,504.733,180.244,120,null,.2,48,14.458,9.66,5.083,40.115,18.24,11.7,295.85,null,null,null
191,01/05/2008,02/05/2008,null,null,null,6.57,24,Dark Green,odour free,8.18,228,null,null,null,null,null,9.8,null,null,4.731,494.713,170.119,120,null,.18,48,12.028,9.2,5.083,35.145,18.24,5.7,295.85,null,null,null
192,02/06/2008,03/06/2008,null,null,null,7.1,25,Clear,odour free,8.16,224,208,null,null,.223,null,10,null,null,4.731,242.5,170.119,120,.152,.18,48,12.028,8.97,4.692,30.175,20.16,5.7,284.26,null,null,null
193,01/07/2008,03/07/2008,null,null,null,null,23,Clear,odour free,7.2,1890,410,null,null,null,null,44,null,null,5.976,308.142,379.981,260,null,.22,104,28.795,41.17,4.301,139.87,58.08,7.2,180.56,null,null,null
194,01/07/2008,03/07/2008,null,null,null,6.18,24.5,Light Brown,odour free,7.94,302,192,null,null,.168,null,9.2,null,null,9.711,329.663,100.125,90,.133,.16,36,2.43,8.74,4.301,14.91,13.92,11.7,189.1,null,null,null
195,01/08/2008,02/08/2008,null,null,null,6.25,27,Light Brown,odour free,7.92,304,194,null,null,.168,null,8.4,null,null,4.731,300.635,99.869,70,.114,.14,28,7.168,8.51,3.91,9.94,13.92,5.7,177.51,null,null,null
196,01/09/2008,03/09/2008,null,null,null,6.35,26,Light Brown,odour free,7.9,306,192,null,null,.168,null,8.2,null,null,4.731,281.628,110.25,90,.114,.14,36,4.86,8.51,3.91,14.91,13.92,5.7,165.92,null,null,null
197,01/10/2008,04/10/2008,null,null,null,7.18,26,Light Brown,odour free,7.92,308,194,null,null,.168,null,8,null,null,4.731,135.5,110.25,90,.133,.16,36,4.86,8.28,3.519,9.94,15.84,5.7,153.72,null,null,null
198,01/11/2008,03/11/2008,null,null,null,null,22.5,Clear,odour free,7.18,1910,404,null,null,null,null,44,null,null,3.984,304.134,272.981,153,.22,null,61.2,28.795,18.17,5.083,104.015,54.24,4.8,180.56,null,null,null
199,01/11/2008,03/11/2008,null,null,null,7.1,22,Clear,odour free,7.82,310,196,null,null,.097,null,8.2,null,null,4.98,270,119.869,90,.133,.18,36,7.168,9.89,3.519,9.94,7.68,6,317.2,null,null,null
200,01/12/2008,02/12/2008,null,null,null,7.1,18,Clear,odour free,7.92,316,200,null,null,.181,null,8.4,null,null,4.98,270,196.288,92,.152,.18,36.8,25.029,10.35,3.128,12.07,9.12,6,317.2,null,null,null
201,01/01/2009,03/01/2009,null,null,null,7.25,13,Clear,odour free,8.24,341,202,null,null,.167,null,1.76,null,null,9.96,270,190.238,90,.152,.097,36,24.057,12.88,3.128,15.975,9.6,12,305,null,null,null
