Standard Parameter Analysis Data of : Byaladahalli (AKLB0D3)
Laboratory : CWC CSRO Bangalore 
Period : January-1986 To January-2013 
S.No.,Date_of_Collection,Date_of_Receipt,Discharge(cumecs),pH_FLD,EC_FLD(umho/cm),DO(mg/l),Water Temp(deg C),Colour,Odour,pH_GEN,EC_GEN(umho/cm),TDS(mg/l),SS(mg/l),NH3(mg N/l),NO2+NO3(mg N/l),Total_Nutrients(mg P/l),SiO2(mg/l),BOD(mg/l),COD(mg/l),Phen(mg CaCO3/l),Total_Alkallnity(mg CaCO3/l),Total_Hardness(mg CaCO3/l),Ca_Hardness(mg CaCO3/l),F(mg/l),B(mg/l),Ca_Major_Ions(mg/l),Mg(mg/l),Na(mg/l),K(mg/l),Cl(mg/l),SO4(mg/l),CO3(mg/l),HCO3(mg/l),Total_Coliforms(MPN/100ml),Faecal(MPN/100ml),Chlorophyll-A(ug/L)
1,02/06/1986,03/06/1986,2.5999999046325684,null,null,null,null,Light Brown,odour free,8.13,860,600,null,null,null,null,null,null,null,0,293.56,269.167,127.5,null,null,51,34,56.1,14.9,109,null,0,179,null,null,null
2,02/06/1986,03/06/1986,2.5999999046325684,null,null,null,null,Light Brown,odour free,8.13,860,600,null,null,null,null,null,null,null,0,293.56,269.167,127.5,null,null,51,34,56.1,14.9,109,null,0,179,null,null,null
3,01/07/1986,02/07/1986,1.5,null,null,null,null,Light Brown,odour free,7.39,840,460,null,null,null,null,null,null,null,0,234.52,144.167,65,null,null,26,19,84,3,77,null,0,143,null,null,null
4,01/07/1986,02/07/1986,1.5,null,null,null,null,Light Brown,odour free,7.39,840,460,null,null,null,null,null,null,null,0,234.52,144.167,65,null,null,26,19,84,3,77,null,0,143,null,null,null
5,15/07/1986,16/07/1986,1.399999976158142,null,null,null,null,Light Brown,odour free,7.44,1100,520,null,null,null,null,null,null,null,0,241.08,143.333,60,null,null,24,20,105,3,97,null,0,147,null,null,null
6,15/07/1986,16/07/1986,1.399999976158142,null,null,null,null,Light Brown,odour free,7.44,1100,520,null,null,null,null,null,null,null,0,241.08,143.333,60,null,null,24,20,105,3,97,null,0,147,null,null,null
7,01/08/1986,02/08/1986,31.600000381469727,null,null,null,null,Light Brown,odour free,8.26,600,330,null,null,null,null,null,null,null,0,170.56,115,77.5,null,null,31,9,86.9,3.3,63,null,0,104,null,null,null
8,01/08/1986,02/08/1986,31.600000381469727,null,null,null,null,Light Brown,odour free,8.26,600,330,null,null,null,null,null,null,null,0,170.56,115,77.5,null,null,31,9,86.9,3.3,63,null,0,104,null,null,null
9,16/08/1986,17/08/1986,14.600000381469727,null,null,null,null,Brown,odour free,8.24,550,310,null,null,null,null,null,null,null,0,175.48,126.667,72.5,null,null,29,13,75.9,2.2,48,null,0,107,null,null,null
10,16/08/1986,17/08/1986,14.600000381469727,null,null,null,null,Brown,odour free,8.24,550,310,null,null,null,null,null,null,null,0,175.48,126.667,72.5,null,null,29,13,75.9,2.2,48,null,0,107,null,null,null
11,01/09/1986,02/09/1986,3.5,null,null,null,null,Light Brown,odour free,7.3,730,550,null,null,null,null,null,null,null,0,237.8,155,80,null,null,32,18,86.9,4.4,63,null,0,145,null,null,null
12,01/09/1986,02/09/1986,3.5,null,null,null,null,Light Brown,odour free,7.3,730,550,null,null,null,null,null,null,null,0,237.8,155,80,null,null,32,18,86.9,4.4,63,null,0,145,null,null,null
13,15/09/1986,16/09/1986,10.5,null,null,null,null,Brown,odour free,7.07,670,470,null,null,null,null,null,null,null,0,209.92,146.667,80,null,null,32,16,77,3.3,63,null,0,128,null,null,null
14,15/09/1986,16/09/1986,10.5,null,null,null,null,Brown,odour free,7.07,670,470,null,null,null,null,null,null,null,0,209.92,146.667,80,null,null,32,16,77,3.3,63,null,0,128,null,null,null
15,01/10/1986,02/10/1986,26.299999237060547,null,null,null,null,Brown,odour free,7.68,490,320,null,null,null,null,null,null,null,0,196.8,143.333,85,null,null,34,14,67.1,3.3,36,null,0,120,null,null,null
16,01/10/1986,02/10/1986,26.299999237060547,null,null,null,null,Brown,odour free,7.68,490,320,null,null,null,null,null,null,null,0,196.8,143.333,85,null,null,34,14,67.1,3.3,36,null,0,120,null,null,null
17,15/10/1986,16/10/1986,8.300000190734863,null,null,null,null,Brown,odour free,7.56,520,360,null,null,null,null,null,null,null,0,205,159.167,80,null,null,32,19,77,3.3,36,null,0,125,null,null,null
18,15/10/1986,16/10/1986,8.300000190734863,null,null,null,null,Brown,odour free,7.56,520,360,null,null,null,null,null,null,null,0,205,159.167,80,null,null,32,19,77,3.3,36,null,0,125,null,null,null
19,03/11/1986,04/11/1986,75.4000015258789,null,null,null,null,Light Brown,odour free,7.19,400,196,null,null,null,null,null,null,null,0,195.16,134.167,92.5,null,null,37,10,53.9,6.6,36,null,0,119,null,null,null
20,03/11/1986,04/11/1986,75.4000015258789,null,null,null,null,Light Brown,odour free,7.19,400,196,null,null,null,null,null,null,null,0,195.16,134.167,92.5,null,null,37,10,53.9,6.6,36,null,0,119,null,null,null
21,01/12/1986,02/12/1986,9.699999809265137,null,null,null,null,Clear,odour free,7.13,460,295,null,null,null,null,null,null,null,0,183.68,146.667,80,null,null,32,16,68,10.2,36,null,0,112,null,null,null
22,01/12/1986,02/12/1986,9.699999809265137,null,null,null,null,Clear,odour free,7.13,460,295,null,null,null,null,null,null,null,0,183.68,146.667,80,null,null,32,16,68,10.2,36,null,0,112,null,null,null
23,02/02/1987,03/02/1987,3.200000047683716,null,null,null,null,Clear,odour free,7.4,730,403,null,null,null,null,null,null,null,null,null,148.333,65,null,null,26,20,100.1,5.2,70,null,null,null,null,null,null
24,02/02/1987,03/02/1987,3.200000047683716,null,null,null,null,Clear,odour free,7.4,730,403,null,null,null,null,null,null,null,null,null,148.333,65,null,null,26,20,100.1,5.2,70,null,null,null,null,null,null
25,02/03/1987,03/03/1987,4.199999809265137,null,null,null,null,Clear,odour free,7.7,850,520,null,null,null,null,null,null,null,null,null,134.167,80,null,null,32,13,62.4,2.6,72,null,null,null,null,null,null
26,02/03/1987,03/03/1987,4.199999809265137,null,null,null,null,Clear,odour free,7.7,850,520,null,null,null,null,null,null,null,null,null,134.167,80,null,null,32,13,62.4,2.6,72,null,null,null,null,null,null
27,01/04/1987,02/04/1987,1.100000023841858,null,null,null,null,Clear,odour free,8.55,920,580,null,null,null,null,null,null,null,24.9,137.705,138.333,80,null,null,32,14,510,6,102,null,30,107,null,null,null
28,01/04/1987,02/04/1987,1.100000023841858,null,null,null,null,Clear,odour free,8.55,920,580,null,null,null,null,null,null,null,24.9,137.705,138.333,80,null,null,32,14,510,6,102,null,30,107,null,null,null
29,01/05/1987,02/05/1987,1.2000000476837158,null,null,null,null,Clear,odour free,7.44,930,600,null,null,null,null,null,null,null,0,267.32,149.167,57.5,null,null,23,22,528,6,98,null,0,163,null,null,null
30,01/05/1987,02/05/1987,1.2000000476837158,null,null,null,null,Clear,odour free,7.44,930,600,null,null,null,null,null,null,null,0,267.32,149.167,57.5,null,null,23,22,528,6,98,null,0,163,null,null,null
31,01/07/1987,01/07/1987,7.974999904632568,null,null,null,24,Light Brown,odour free,7.03,611,null,null,0,null,null,18.9,null,null,0,367.147,99.169,45,null,null,18,13,48.07,2.737,70.9,34.08,0,223.87,null,null,null
32,01/07/1987,01/07/1987,7.974999904632568,null,null,null,24,Light Brown,odour free,7.03,611,null,null,0,null,null,18.9,null,null,0,367.147,99.169,45,null,null,18,13,48.07,2.737,70.9,34.08,0,223.87,null,null,null
33,01/03/1988,01/03/1988,1.0230000019073486,null,null,null,23.5,Clear,odour free,7.31,758,null,null,0,null,null,18,null,null,0,486.194,173.375,102.5,.019,null,41,17.01,199.64,1.173,103.868,64.8,0,296.46,null,null,null
34,01/03/1988,01/03/1988,1.0230000019073486,null,null,null,23.5,Clear,odour free,7.31,758,null,null,0,null,null,18,null,null,0,486.194,173.375,102.5,.019,null,41,17.01,199.64,1.173,103.868,64.8,0,296.46,null,null,null
35,01/04/1988,01/04/1988,1.100000023841858,null,null,null,26.5,Light Brown,odour free,7.33,907,null,null,.014,null,null,21,null,null,0,526.21,160.837,52.5,.019,null,21,26.001,204.01,3.128,120.53,48,0,320.86,null,null,null
36,01/04/1988,01/04/1988,1.100000023841858,null,null,null,26.5,Light Brown,odour free,7.33,907,null,null,.014,null,null,21,null,null,0,526.21,160.837,52.5,.019,null,21,26.001,204.01,3.128,120.53,48,0,320.86,null,null,null
37,01/05/1988,01/05/1988,3.799999952316284,null,null,null,25.5,Clear,odour free,7.33,662,null,null,.042,null,null,11.1,null,null,0,425.17,144.012,102.5,.019,null,41,9.963,71.99,1.564,75.154,17.76,0,259.25,null,null,null
38,01/05/1988,01/05/1988,3.799999952316284,null,null,null,25.5,Clear,odour free,7.33,662,null,null,.042,null,null,11.1,null,null,0,425.17,144.012,102.5,.019,null,41,9.963,71.99,1.564,75.154,17.76,0,259.25,null,null,null
39,01/06/1988,02/06/1988,5.632999897003174,null,null,null,25,Clear,odour free,7.53,1179,null,null,.056,null,null,7.8,null,null,null,null,188.106,17.5,null,null,7,40.945,147.66,3.519,129.393,56.16,null,380.64,null,null,null
40,01/06/1988,02/06/1988,5.632999897003174,null,null,null,25,Clear,odour free,7.53,1179,null,null,.056,null,null,7.8,null,null,null,null,188.106,17.5,null,null,7,40.945,147.66,3.519,129.393,56.16,null,380.64,null,null,null
41,01/07/1988,02/07/1988,0.9559999704360962,null,null,null,25,Clear,odour free,7.53,1179,null,null,.056,.014,null,7.8,null,null,0,624.25,188.106,17.5,.019,null,7,40.945,147.66,3.519,129.575,56.16,0,380.64,null,null,null
42,01/07/1988,02/07/1988,0.9559999704360962,null,null,null,25,Clear,odour free,7.53,1179,null,null,.056,.014,null,7.8,null,null,0,624.25,188.106,17.5,.019,null,7,40.945,147.66,3.519,129.575,56.16,0,380.64,null,null,null
43,01/08/1988,02/08/1988,2.5989999771118164,null,null,null,24,Light Brown,odour free,7.3,1018,null,null,null,null,null,null,null,null,null,null,158.144,25,.076,null,10,31.955,129.03,2.346,101.387,71.04,null,323.91,null,null,null
44,01/08/1988,02/08/1988,2.5989999771118164,null,null,null,24,Light Brown,odour free,7.3,1018,null,null,null,null,null,null,null,null,null,null,158.144,25,.076,null,10,31.955,129.03,2.346,101.387,71.04,null,323.91,null,null,null
45,01/09/1988,02/09/1988,49.59000015258789,null,null,null,24,Light Brown,odour free,7.99,461,null,null,null,null,null,6.3,null,null,null,null,88.256,67.5,null,null,27,4.982,45.54,1.955,44.313,26.88,null,170.8,null,null,null
46,01/09/1988,02/09/1988,49.59000015258789,null,null,null,24,Light Brown,odour free,7.99,461,null,null,null,null,null,6.3,null,null,null,null,88.256,67.5,null,null,27,4.982,45.54,1.955,44.313,26.88,null,170.8,null,null,null
47,01/10/1988,02/10/1988,26.100000381469727,null,null,null,24,Clear,odour free,7.57,556,null,null,null,null,null,7.5,null,null,null,null,92.425,17.5,null,null,7,17.982,36.11,1.173,41.831,19.2,null,228.75,null,null,null
48,01/10/1988,02/10/1988,26.100000381469727,null,null,null,24,Clear,odour free,7.57,556,null,null,null,null,null,7.5,null,null,null,null,92.425,17.5,null,null,7,17.982,36.11,1.173,41.831,19.2,null,228.75,null,null,null
49,01/11/1988,02/11/1988,5.65500020980835,null,null,null,22,Clear,odour free,7.03,634,null,null,null,null,null,7.5,null,null,null,null,168.144,35,null,null,14,31.955,90.16,1.173,51.048,17.28,null,247.66,null,null,null
50,01/11/1988,02/11/1988,5.65500020980835,null,null,null,22,Clear,odour free,7.03,634,null,null,null,null,null,7.5,null,null,null,null,168.144,35,null,null,14,31.955,90.16,1.173,51.048,17.28,null,247.66,null,null,null
51,01/12/1988,02/12/1988,17.899999618530273,null,null,null,23,Clear,odour free,7.79,700,null,null,null,null,null,6,null,null,null,null,84.012,42.5,null,null,17,9.963,54.97,.782,50.339,13.44,null,222.04,null,null,null
52,01/12/1988,02/12/1988,17.899999618530273,null,null,null,23,Clear,odour free,7.79,700,null,null,null,null,null,6,null,null,null,null,84.012,42.5,null,null,17,9.963,54.97,.782,50.339,13.44,null,222.04,null,null,null
53,01/01/1989,02/01/1989,2.630000114440918,null,null,null,24,Clear,odour free,7.72,877,null,null,null,null,null,9.6,null,null,null,null,118.412,85,null,null,34,8.019,80.04,3.128,94.651,38.88,null,200.08,null,null,null
54,01/01/1989,02/01/1989,2.630000114440918,null,null,null,24,Clear,odour free,7.72,877,null,null,null,null,null,9.6,null,null,null,null,118.412,85,null,null,34,8.019,80.04,3.128,94.651,38.88,null,200.08,null,null,null
55,01/02/1989,02/02/1989,0.9290000200271606,null,null,null,22,Clear,odour free,7.54,1050,null,null,null,null,null,14.1,null,null,null,null,140.719,82.5,null,null,33,13.972,145.59,2.737,111.313,45.12,null,245.22,null,null,null
56,01/02/1989,02/02/1989,0.9290000200271606,null,null,null,22,Clear,odour free,7.54,1050,null,null,null,null,null,14.1,null,null,null,null,140.719,82.5,null,null,33,13.972,145.59,2.737,111.313,45.12,null,245.22,null,null,null
57,01/03/1989,02/03/1989,0.2329999953508377,null,null,null,19.5,Clear,odour free,7.5,1286,null,null,null,null,null,20.4,null,null,null,null,124.012,82.5,null,null,33,9.963,151.57,3.128,151.372,84,null,333.06,null,null,null
58,01/03/1989,02/03/1989,0.2329999953508377,null,null,null,19.5,Clear,odour free,7.5,1286,null,null,null,null,null,20.4,null,null,null,null,124.012,82.5,null,null,33,9.963,151.57,3.128,151.372,84,null,333.06,null,null,null
59,01/04/1989,02/04/1989,10.470000267028809,null,null,null,22.5,Clear,odour free,7.63,816,null,null,null,null,null,12.3,null,null,null,null,80.156,67.5,null,null,27,3.037,96.14,3.91,88.979,43.68,null,245.22,null,null,null
60,01/04/1989,02/04/1989,10.470000267028809,null,null,null,22.5,Clear,odour free,7.63,816,null,null,null,null,null,12.3,null,null,null,null,80.156,67.5,null,null,27,3.037,96.14,3.91,88.979,43.68,null,245.22,null,null,null
61,01/05/1989,02/05/1989,1.4609999656677246,null,null,null,24,Clear,odour free,7.68,1109,null,null,null,null,null,13.5,null,null,null,null,123.063,77.5,1.14,null,31,10.935,106.26,.782,119.466,46.08,null,333.06,null,null,null
62,01/05/1989,02/05/1989,1.4609999656677246,null,null,null,24,Clear,odour free,7.68,1109,null,null,null,null,null,13.5,null,null,null,null,123.063,77.5,1.14,null,31,10.935,106.26,.782,119.466,46.08,null,333.06,null,null,null
63,01/06/1989,02/06/1989,1.5920000076293945,null,null,null,25,Light Brown,odour free,7.46,1206,null,null,.253,null,null,1.5,null,null,0,583.233,134.363,105,1.178,null,42,7.047,100.05,.391,115.922,12.48,0,355.63,null,null,null
64,01/06/1989,02/06/1989,1.5920000076293945,null,null,null,25,Light Brown,odour free,7.46,1206,null,null,.253,null,null,1.5,null,null,0,583.233,134.363,105,1.178,null,42,7.047,100.05,.391,115.922,12.48,0,355.63,null,null,null
65,01/07/1989,02/07/1989,0.3499999940395355,null,null,null,24,Light Brown,odour free,7.69,1267,null,null,.154,null,null,1.2,null,null,0,351.14,238.144,105,1.178,null,42,31.955,100.05,1.173,132.583,33.12,0,214.11,null,null,null
66,01/07/1989,02/07/1989,0.3499999940395355,null,null,null,24,Light Brown,odour free,7.69,1267,null,null,.154,null,null,1.2,null,null,0,351.14,238.144,105,1.178,null,42,31.955,100.05,1.173,132.583,33.12,0,214.11,null,null,null
67,01/08/1989,02/08/1989,5.031000137329102,null,null,null,24,Brown,odour free,8.2,660,null,null,.239,null,null,.9,null,null,0,200.08,157.581,70,.912,null,28,21.02,8.05,.782,72.673,7.2,0,122,null,null,null
68,01/08/1989,02/08/1989,5.031000137329102,null,null,null,24,Brown,odour free,8.2,660,null,null,.239,null,null,.9,null,null,0,200.08,157.581,70,.912,null,28,21.02,8.05,.782,72.673,7.2,0,122,null,null,null
69,01/09/1989,02/09/1989,13.649999618530273,null,null,null,24,Brown,odour free,7.82,377,null,null,.309,null,null,.9,null,null,0,215.086,129.169,75,1.007,null,30,13,6.9,.391,131.874,4.8,0,131.15,null,null,null
70,01/09/1989,02/09/1989,13.649999618530273,null,null,null,24,Brown,odour free,7.82,377,null,null,.309,null,null,.9,null,null,0,215.086,129.169,75,1.007,null,30,13,6.9,.391,131.874,4.8,0,131.15,null,null,null
71,01/10/1989,02/10/1989,21.399999618530273,null,null,null,25.5,Brown,odour free,8.06,594,null,null,.534,null,null,.3,null,null,0,218.087,155.119,105,.95,null,42,12.028,5.98,.391,48.212,20.64,0,132.98,null,null,null
72,01/10/1989,02/10/1989,21.399999618530273,null,null,null,25.5,Brown,odour free,8.06,594,null,null,.534,null,null,.3,null,null,0,218.087,155.119,105,.95,null,42,12.028,5.98,.391,48.212,20.64,0,132.98,null,null,null
73,01/11/1989,02/11/1989,50.72999954223633,null,null,null,24,Light Brown,odour free,8.17,480,null,null,.842,null,null,1.2,null,null,0,210.084,167.3,102.5,.646,null,41,15.552,5.98,.391,28.36,21.6,0,128.1,null,null,null
74,01/11/1989,02/11/1989,50.72999954223633,null,null,null,24,Light Brown,odour free,8.17,480,null,null,.842,null,null,1.2,null,null,0,210.084,167.3,102.5,.646,null,41,15.552,5.98,.391,28.36,21.6,0,128.1,null,null,null
75,01/12/1989,02/12/1989,10.630000114440918,null,null,null,24,Clear,odour free,8.18,630,null,null,1.095,null,null,1.5,null,null,0,251.1,140.563,95,.589,null,38,10.935,5.98,.391,48.212,12.48,0,153.11,null,null,null
76,01/12/1989,02/12/1989,10.630000114440918,null,null,null,24,Clear,odour free,8.18,630,null,null,1.095,null,null,1.5,null,null,0,251.1,140.563,95,.589,null,38,10.935,5.98,.391,48.212,12.48,0,153.11,null,null,null
77,01/01/1990,02/01/1990,4.276000022888184,null,null,null,22,Clear,odour free,7.88,610,null,null,1.025,null,null,.3,null,null,0,244.098,145.119,95,1.691,null,38,12.028,5.98,1.564,70.191,23.04,0,148.84,null,null,null
78,01/01/1990,02/01/1990,4.276000022888184,null,null,null,22,Clear,odour free,7.88,610,null,null,1.025,null,null,.3,null,null,0,244.098,145.119,95,1.691,null,38,12.028,5.98,1.564,70.191,23.04,0,148.84,null,null,null
79,01/02/1990,02/02/1990,0.8199999928474426,null,null,null,18.5,Clear,odour free,8.04,797,null,null,.576,null,null,.9,null,null,0,164.066,149.731,50,.798,null,20,23.935,11.04,.391,97.488,57.6,0,100.04,null,null,null
80,01/02/1990,02/02/1990,0.8199999928474426,null,null,null,18.5,Clear,odour free,8.04,797,null,null,.576,null,null,.9,null,null,0,164.066,149.731,50,.798,null,20,23.935,11.04,.391,97.488,57.6,0,100.04,null,null,null
81,01/03/1990,02/03/1990,5.9710001945495605,null,null,null,19,Clear,odour free,7.8,740,null,null,.758,null,null,.9,null,null,0,238.095,183.438,107.5,.874,null,43,18.225,8.97,.391,75.508,53.76,0,145.18,null,null,null
82,01/03/1990,02/03/1990,5.9710001945495605,null,null,null,19,Clear,odour free,7.8,740,null,null,.758,null,null,.9,null,null,0,238.095,183.438,107.5,.874,null,43,18.225,8.97,.391,75.508,53.76,0,145.18,null,null,null
83,01/04/1990,02/04/1990,3,null,null,null,25.5,Clear,odour free,7.67,862,null,null,.716,null,null,.9,null,null,0,274.11,185.081,97.5,1.159,null,39,21.02,10.12,.391,80.117,28.8,0,167.14,null,null,null
84,01/04/1990,02/04/1990,3,null,null,null,25.5,Clear,odour free,7.67,862,null,null,.716,null,null,.9,null,null,0,274.11,185.081,97.5,1.159,null,39,21.02,10.12,.391,80.117,28.8,0,167.14,null,null,null
85,01/05/1990,02/05/1990,6.544000148773193,null,null,null,25,Clear,odour free,7.83,803,null,null,.309,null,null,1.2,null,null,0,280.112,166.825,100,1.045,null,40,16.038,8.05,.391,99.969,26.4,0,170.8,null,null,null
86,01/05/1990,02/05/1990,6.544000148773193,null,null,null,25,Clear,odour free,7.83,803,null,null,.309,null,null,1.2,null,null,0,280.112,166.825,100,1.045,null,40,16.038,8.05,.391,99.969,26.4,0,170.8,null,null,null
87,01/06/1990,02/06/1990,5.563000202178955,null,null,null,23,Clear,odour free,7.61,662,null,null,.014,.056,null,8.1,null,null,0,72.5,143.919,69.5,.893,null,27.8,17.861,80.73,3.128,74.195,22.608,0,88.45,null,null,null
88,01/06/1990,02/06/1990,5.563000202178955,null,null,null,23,Clear,odour free,7.61,662,null,null,.014,.056,null,8.1,null,null,0,72.5,143.919,69.5,.893,null,27.8,17.861,80.73,3.128,74.195,22.608,0,88.45,null,null,null
89,01/07/1990,02/07/1990,19.5,null,null,null,24,Light Brown,odour free,7.46,569,null,null,.014,.056,null,11.4,null,null,0,96,126.15,73.5,.209,null,29.4,12.636,40.71,1.955,64.255,18.384,0,117.12,null,null,null
90,01/07/1990,02/07/1990,19.5,null,null,null,24,Light Brown,odour free,7.46,569,null,null,.014,.056,null,11.4,null,null,0,96,126.15,73.5,.209,null,29.4,12.636,40.71,1.955,64.255,18.384,0,117.12,null,null,null
91,01/08/1990,02/08/1990,10.670000076293945,null,null,null,24,Light Brown,odour free,7.51,611,null,null,0,.112,null,11.1,null,null,0,34.5,135.744,75.5,1.045,null,30.2,14.458,5.52,2.737,59.285,22.992,0,42.09,null,null,null
92,01/08/1990,02/08/1990,10.670000076293945,null,null,null,24,Light Brown,odour free,7.51,611,null,null,0,.112,null,11.1,null,null,0,34.5,135.744,75.5,1.045,null,30.2,14.458,5.52,2.737,59.285,22.992,0,42.09,null,null,null
93,01/09/1990,02/09/1990,40,null,null,null,25,Light Brown,odour free,7.46,509,null,null,.014,.112,null,6,null,null,0,86,128.175,73.5,.817,null,29.4,13.122,3.91,.782,44.375,21.504,0,104.92,null,null,null
94,01/09/1990,02/09/1990,40,null,null,null,25,Light Brown,odour free,7.46,509,null,null,.014,.112,null,6,null,null,0,86,128.175,73.5,.817,null,29.4,13.122,3.91,.782,44.375,21.504,0,104.92,null,null,null
95,01/10/1990,02/10/1990,15.6899995803833,null,null,null,26,Light Brown,odour free,7.5,594,null,null,.014,.084,null,2.7,null,null,0,50.5,141.819,75.5,1.007,null,30.2,15.917,52.21,2.346,106.855,19.488,0,61.61,null,null,null
96,01/10/1990,02/10/1990,15.6899995803833,null,null,null,26,Light Brown,odour free,7.5,594,null,null,.014,.084,null,2.7,null,null,0,50.5,141.819,75.5,1.007,null,30.2,15.917,52.21,2.346,106.855,19.488,0,61.61,null,null,null
97,01/12/1990,02/12/1990,4.126999855041504,null,null,null,24,Light Green,odour free,7.55,552,null,null,.042,.14,null,12.9,null,null,0,106,139.844,71.5,.665,null,28.6,16.403,9.89,3.128,59.995,16.992,0,129.32,null,null,null
98,01/12/1990,02/12/1990,4.126999855041504,null,null,null,24,Light Green,odour free,7.55,552,null,null,.042,.14,null,12.9,null,null,0,106,139.844,71.5,.665,null,28.6,16.403,9.89,3.128,59.995,16.992,0,129.32,null,null,null
99,01/01/1991,02/01/1991,11.600000381469727,null,null,null,24,Clear,odour free,7.76,569,null,null,.028,.07,null,7.2,null,null,0,101,126.662,73,.703,null,29.2,12.879,53.82,2.737,38.695,8.88,0,123.22,null,null,null
100,01/01/1991,02/01/1991,11.600000381469727,null,null,null,24,Clear,odour free,7.76,569,null,null,.028,.07,null,7.2,null,null,0,101,126.662,73,.703,null,29.2,12.879,53.82,2.737,38.695,8.88,0,123.22,null,null,null
101,01/02/1991,02/02/1991,8.140999794006348,null,null,null,23.5,Clear,odour free,7.402,645,null,null,0,.07,null,11.4,null,null,0,108,130.113,80.5,.893,null,32.2,11.907,67.16,3.128,66.74,28.992,0,131.76,null,null,null
102,01/02/1991,02/02/1991,8.140999794006348,null,null,null,23.5,Clear,odour free,7.402,645,null,null,0,.07,null,11.4,null,null,0,108,130.113,80.5,.893,null,32.2,11.907,67.16,3.128,66.74,28.992,0,131.76,null,null,null
103,01/03/1991,02/03/1991,7.868000030517578,null,null,null,25,Clear,odour free,7.37,798,null,null,.056,.112,null,10.8,null,null,0,113,150.387,78.5,1.102,null,31.4,17.253,64.86,3.519,76.68,24.72,0,137.86,null,null,null
104,01/03/1991,02/03/1991,7.868000030517578,null,null,null,25,Clear,odour free,7.37,798,null,null,.056,.112,null,10.8,null,null,0,113,150.387,78.5,1.102,null,31.4,17.253,64.86,3.519,76.68,24.72,0,137.86,null,null,null
105,01/04/1991,02/04/1991,6.074999809265137,null,null,null,27,Clear,odour free,7.43,781,null,null,.042,.07,null,12.3,null,null,0,122,156.556,71,1.406,null,28.4,20.534,54.74,3.91,56.8,24.096,0,148.84,null,null,null
106,01/04/1991,02/04/1991,6.074999809265137,null,null,null,27,Clear,odour free,7.43,781,null,null,.042,.07,null,12.3,null,null,0,122,156.556,71,1.406,null,28.4,20.534,54.74,3.91,56.8,24.096,0,148.84,null,null,null
107,01/05/1991,02/05/1991,25.5,null,null,null,26,Clear,odour free,7.51,535,null,null,.07,.056,null,9.9,null,null,0,94.5,130.087,82.5,.741,null,33,11.421,34.04,1.955,60.705,13.488,0,115.29,null,null,null
108,01/05/1991,02/05/1991,25.5,null,null,null,26,Clear,odour free,7.51,535,null,null,.07,.056,null,9.9,null,null,0,94.5,130.087,82.5,.741,null,33,11.421,34.04,1.955,60.705,13.488,0,115.29,null,null,null
109,01/06/1991,02/06/1991,11.109999656677246,null,null,null,25,Clear,odour free,7.9,595,null,null,.084,.967,null,35.1,null,null,0,94,122.6,74,.608,null,29.6,11.664,66.01,8.602,60.705,150.384,0,114.68,null,null,null
110,01/06/1991,02/06/1991,11.109999656677246,null,null,null,25,Clear,odour free,7.9,595,null,null,.084,.967,null,35.1,null,null,0,94,122.6,74,.608,null,29.6,11.664,66.01,8.602,60.705,150.384,0,114.68,null,null,null
111,01/07/1991,02/07/1991,43.90999984741211,null,null,null,24.5,Light Brown,odour free,7.56,484,null,null,.028,.042,null,10.8,null,null,0,83.5,118.55,74,.532,null,29.6,10.692,54.05,3.128,10.65,14.976,0,101.87,null,null,null
112,01/07/1991,02/07/1991,43.90999984741211,null,null,null,24.5,Light Brown,odour free,7.56,484,null,null,.028,.042,null,10.8,null,null,0,83.5,118.55,74,.532,null,29.6,10.692,54.05,3.128,10.65,14.976,0,101.87,null,null,null
113,01/08/1991,02/08/1991,61.97999954223633,null,null,null,24.5,Light Brown,odour free,7.24,535,null,null,.014,.084,null,8.7,null,null,0,88.5,121.581,74.5,.608,null,29.8,11.3,62.1,2.737,58.93,20.304,0,107.97,null,null,null
114,01/08/1991,02/08/1991,61.97999954223633,null,null,null,24.5,Light Brown,odour free,7.24,535,null,null,.014,.084,null,8.7,null,null,0,88.5,121.581,74.5,.608,null,29.8,11.3,62.1,2.737,58.93,20.304,0,107.97,null,null,null
115,01/09/1991,02/09/1991,15.819999694824219,null,null,null,25,Clear,odour free,8.3,594,null,null,.07,.098,null,6.6,null,null,0,100,135.95,99.5,.646,null,39.8,8.748,39.56,.782,51.12,13.248,0,122,null,null,null
116,01/09/1991,02/09/1991,15.819999694824219,null,null,null,25,Clear,odour free,8.3,594,null,null,.07,.098,null,6.6,null,null,0,100,135.95,99.5,.646,null,39.8,8.748,39.56,.782,51.12,13.248,0,122,null,null,null
117,01/10/1991,02/10/1991,6.863999843597412,null,null,null,25.5,Clear,odour free,7.33,654,null,null,.07,.112,null,3.9,null,null,0,111.5,148.85,80,.703,null,32,16.524,11.04,1.564,23.43,14.592,0,136.03,null,null,null
118,01/10/1991,02/10/1991,6.863999843597412,null,null,null,25.5,Clear,odour free,7.33,654,null,null,.07,.112,null,3.9,null,null,0,111.5,148.85,80,.703,null,32,16.524,11.04,1.564,23.43,14.592,0,136.03,null,null,null
119,01/11/1991,02/11/1991,35.349998474121094,null,null,null,24.5,Light Brown,odour free,7.47,679,null,null,0,.14,null,6.9,null,null,0,102,120.175,65.5,.608,null,26.2,13.122,70.38,2.737,66.385,18.72,0,124.44,null,null,null
120,01/11/1991,02/11/1991,35.349998474121094,null,null,null,24.5,Light Brown,odour free,7.47,679,null,null,0,.14,null,6.9,null,null,0,102,120.175,65.5,.608,null,26.2,13.122,70.38,2.737,66.385,18.72,0,124.44,null,null,null
121,01/12/1991,02/12/1991,1.25,null,null,null,19.5,Clear,odour free,7.82,705,null,null,0,.112,null,9.9,null,null,0,123.5,148.988,69,.779,null,27.6,19.197,64.86,3.91,69.58,21.696,0,150.67,null,null,null
122,01/12/1991,02/12/1991,1.25,null,null,null,19.5,Clear,odour free,7.82,705,null,null,0,.112,null,9.9,null,null,0,123.5,148.988,69,.779,null,27.6,19.197,64.86,3.91,69.58,21.696,0,150.67,null,null,null
123,01/01/1992,02/01/1992,0.6700000166893005,null,null,null,18,Clear,odour free,8,1443,null,null,0,.196,null,45.6,null,null,0,145.5,191.137,99,.893,null,39.6,22.113,99.13,3.91,105.435,16.08,0,177.51,null,null,null
124,01/01/1992,02/01/1992,0.6700000166893005,null,null,null,18,Clear,odour free,8,1443,null,null,0,.196,null,45.6,null,null,0,145.5,191.137,99,.893,null,39.6,22.113,99.13,3.91,105.435,16.08,0,177.51,null,null,null
125,01/02/1992,02/02/1992,0.6700000166893005,null,null,null,19.5,Clear,odour free,8.02,1698,null,null,0,.056,null,18,null,null,0,139,259.375,67,.95,null,26.8,46.17,115.46,3.91,119.635,92.928,0,169.58,null,null,null
126,01/02/1992,02/02/1992,0.6700000166893005,null,null,null,19.5,Clear,odour free,8.02,1698,null,null,0,.056,null,18,null,null,0,139,259.375,67,.95,null,26.8,46.17,115.46,3.91,119.635,92.928,0,169.58,null,null,null
127,01/06/1992,02/06/1992,0.6859999895095825,null,null,null,25,Light Brown,odour free,7.39,662,null,null,0,.028,null,12.6,null,null,0,220.088,128.081,81,.893,null,32.4,11.3,62.33,3.91,63.456,44.256,0,134.2,null,null,null
128,01/06/1992,02/06/1992,0.6859999895095825,null,null,null,25,Light Brown,odour free,7.39,662,null,null,0,.028,null,12.6,null,null,0,220.088,128.081,81,.893,null,32.4,11.3,62.33,3.91,63.456,44.256,0,134.2,null,null,null
129,01/07/1992,02/07/1992,2.0350000858306885,null,null,null,26,Light Brown,odour free,7.64,662,null,null,.014,.084,null,13.8,null,null,0,216.086,133.781,70.5,.741,null,28.2,15.188,73.6,4.301,21.979,33.984,0,131.76,null,null,null
130,01/07/1992,02/07/1992,2.0350000858306885,null,null,null,26,Light Brown,odour free,7.64,662,null,null,.014,.084,null,13.8,null,null,0,216.086,133.781,70.5,.741,null,28.2,15.188,73.6,4.301,21.979,33.984,0,131.76,null,null,null
131,01/08/1992,02/08/1992,14.720000267028809,null,null,null,25.5,Light Brown,odour free,7.54,594,null,null,.028,.042,null,10.5,null,null,0,200.08,102.269,80.5,.893,null,32.2,5.225,96.6,3.91,59.556,3.456,0,122,null,null,null
132,01/08/1992,02/08/1992,14.720000267028809,null,null,null,25.5,Light Brown,odour free,7.54,594,null,null,.028,.042,null,10.5,null,null,0,200.08,102.269,80.5,.893,null,32.2,5.225,96.6,3.91,59.556,3.456,0,122,null,null,null
133,01/09/1992,02/09/1992,28.31999969482422,null,null,null,25,Light Brown,odour free,7.49,552,null,null,.056,.126,null,7.2,null,null,0,380.152,173.85,145.5,.836,null,58.2,6.804,57.04,2.737,47.857,17.808,0,231.8,null,null,null
134,01/09/1992,02/09/1992,28.31999969482422,null,null,null,25,Light Brown,odour free,7.49,552,null,null,.056,.126,null,7.2,null,null,0,380.152,173.85,145.5,.836,null,58.2,6.804,57.04,2.737,47.857,17.808,0,231.8,null,null,null
135,01/10/1992,02/10/1992,137.89999389648438,null,null,null,25,Brown,odour free,6.5,680,null,null,.014,.14,null,15,null,null,0,340.136,254.9,141.5,.133,null,56.6,27.216,54.97,3.128,42.54,9.984,0,207.4,null,null,null
136,01/10/1992,02/10/1992,137.89999389648438,null,null,null,25,Brown,odour free,6.5,680,null,null,.014,.14,null,15,null,null,0,340.136,254.9,141.5,.133,null,56.6,27.216,54.97,3.128,42.54,9.984,0,207.4,null,null,null
137,01/11/1992,02/11/1992,15.460000038146973,null,null,null,26,Light Brown,odour free,8,569,null,null,.014,.154,null,15.9,null,null,0,306.122,129.756,68.5,.247,null,27.4,14.701,60.49,3.519,48.212,9.984,0,186.66,null,null,null
138,01/11/1992,02/11/1992,15.460000038146973,null,null,null,26,Light Brown,odour free,8,569,null,null,.014,.154,null,15.9,null,null,0,306.122,129.756,68.5,.247,null,27.4,14.701,60.49,3.519,48.212,9.984,0,186.66,null,null,null
139,01/12/1992,02/12/1992,16.299999237060547,null,null,null,24,Clear,odour free,7.8,212,null,null,.014,10.08,null,15.3,null,null,0,137.055,125.806,101,.399,null,40.4,5.953,22.08,1.564,38.64,9.984,0,83.57,null,null,null
140,01/12/1992,02/12/1992,16.299999237060547,null,null,null,24,Clear,odour free,7.8,212,null,null,.014,10.08,null,15.3,null,null,0,137.055,125.806,101,.399,null,40.4,5.953,22.08,1.564,38.64,9.984,0,83.57,null,null,null
141,01/01/1993,02/01/1993,2.128999948501587,null,null,null,19.5,Clear,odour free,7.9,594,null,null,.014,3.402,null,28.2,null,null,0,141.056,141.994,102,.608,null,40.8,9.599,41.4,3.128,65.582,16.512,0,86.01,null,null,null
142,01/01/1993,02/01/1993,2.128999948501587,null,null,null,19.5,Clear,odour free,7.9,594,null,null,.014,3.402,null,28.2,null,null,0,141.056,141.994,102,.608,null,40.8,9.599,41.4,3.128,65.582,16.512,0,86.01,null,null,null
143,01/02/1993,02/02/1993,1.1419999599456787,null,null,null,22,Clear,odour free,8.2,280,null,null,.07,6.292,null,26.1,null,null,0,235.094,165.538,122,.589,null,48.8,10.449,37.03,1.173,79.053,33.168,0,143.35,null,null,null
144,01/02/1993,02/02/1993,1.1419999599456787,null,null,null,22,Clear,odour free,8.2,280,null,null,.07,6.292,null,26.1,null,null,0,235.094,165.538,122,.589,null,48.8,10.449,37.03,1.173,79.053,33.168,0,143.35,null,null,null
145,01/03/1993,02/03/1993,1.4600000381469727,null,null,null,23,Light Brown,odour free,7.8,849,null,null,.098,6.356,null,33,null,null,0,282.113,196.681,141.5,.266,null,56.6,13.243,35.65,1.955,100.324,42.096,0,172.02,null,null,null
146,01/03/1993,02/03/1993,1.4600000381469727,null,null,null,23,Light Brown,odour free,7.8,849,null,null,.098,6.356,null,33,null,null,0,282.113,196.681,141.5,.266,null,56.6,13.243,35.65,1.955,100.324,42.096,0,172.02,null,null,null
147,01/04/1993,02/04/1993,1.843000054359436,null,null,null,25.5,Light Brown,odour free,7.7,509,null,null,.028,.21,null,33.3,null,null,0,296.118,136.488,97,.513,null,38.8,9.477,47.38,1.173,96.424,14.88,0,180.56,null,null,null
148,01/04/1993,02/04/1993,1.843000054359436,null,null,null,25.5,Light Brown,odour free,7.7,509,null,null,.028,.21,null,33.3,null,null,0,296.118,136.488,97,.513,null,38.8,9.477,47.38,1.173,96.424,14.88,0,180.56,null,null,null
149,01/05/1993,02/05/1993,2.9719998836517334,null,null,null,27,Clear,odour free,8.15,790,null,null,.028,.21,null,35.4,null,null,0,297.119,136.319,70,.551,null,28,15.917,35.19,1.955,51.048,16.512,0,181.17,null,null,null
150,01/05/1993,02/05/1993,2.9719998836517334,null,null,null,27,Clear,odour free,8.15,790,null,null,.028,.21,null,35.4,null,null,0,297.119,136.319,70,.551,null,28,15.917,35.19,1.955,51.048,16.512,0,181.17,null,null,null
151,01/06/1993,02/06/1993,2.013000011444092,null,382,null,25,Light Brown,odour free,8.3,382,null,null,.056,.056,null,48.45,null,null,5.976,77.05,209.569,82.5,.646,null,33,30.497,10.12,2.346,66.646,21.264,7.2,39.65,null,null,null
152,01/06/1993,02/06/1993,2.013000011444092,null,382,null,25,Light Brown,odour free,8.3,382,null,null,.056,.056,null,48.45,null,null,5.976,77.05,209.569,82.5,.646,null,33,30.497,10.12,2.346,66.646,21.264,7.2,39.65,null,null,null
153,01/07/1993,02/07/1993,0.38499999046325684,null,594,null,26,Light Brown,odour free,7.9,594,null,null,.112,.056,null,48.33,null,null,0,81.032,197.031,113.5,.627,null,45.4,20.048,10.35,5.083,105.995,33.6,0,49.41,null,null,null
154,01/07/1993,02/07/1993,0.38499999046325684,null,594,null,26,Light Brown,odour free,7.9,594,null,null,.112,.056,null,48.33,null,null,0,81.032,197.031,113.5,.627,null,45.4,20.048,10.35,5.083,105.995,33.6,0,49.41,null,null,null
155,01/08/1993,02/08/1993,43.470001220703125,null,552,null,24.5,Light Brown,odour free,7.9,552,null,null,.056,.056,null,57.12,null,null,0,40.016,121.944,86,.475,null,34.4,8.627,5.29,3.519,48.212,4.512,0,24.4,null,null,null
156,01/08/1993,02/08/1993,43.470001220703125,null,552,null,24.5,Light Brown,odour free,7.9,552,null,null,.056,.056,null,57.12,null,null,0,40.016,121.944,86,.475,null,34.4,8.627,5.29,3.519,48.212,4.512,0,24.4,null,null,null
157,01/09/1993,02/09/1993,51.79999923706055,null,501,null,24.5,Light Brown,odour free,7.2,501,null,null,0,.056,null,9.18,null,null,0,61.024,130.087,82.5,.646,null,33,11.421,10.81,1.564,40.413,15.168,0,37.21,null,null,null
158,01/09/1993,02/09/1993,51.79999923706055,null,501,null,24.5,Light Brown,odour free,7.2,501,null,null,0,.056,null,9.18,null,null,0,61.024,130.087,82.5,.646,null,33,11.421,10.81,1.564,40.413,15.168,0,37.21,null,null,null
159,01/10/1993,02/10/1993,34.63999938964844,null,535,null,23.5,Brown,odour free,7.2,535,null,null,0,0,null,9.9,null,null,0,65.026,117.744,98,.665,null,39.2,4.739,11.04,4.692,81.89,null,0,39.65,null,null,null
160,01/10/1993,02/10/1993,34.63999938964844,null,535,null,23.5,Brown,odour free,7.2,535,null,null,0,0,null,9.9,null,null,0,65.026,117.744,98,.665,null,39.2,4.739,11.04,4.692,81.89,null,0,39.65,null,null,null
161,01/11/1993,02/11/1993,11.920000076293945,null,543,null,23,Light Brown,odour free,7.4,543,null,null,0,.028,null,10.23,null,null,0,57.023,149.281,86,.722,null,34.4,15.188,11.04,3.91,38.64,14.352,0,34.77,null,null,null
162,01/11/1993,02/11/1993,11.920000076293945,null,543,null,23,Light Brown,odour free,7.4,543,null,null,0,.028,null,10.23,null,null,0,57.023,149.281,86,.722,null,34.4,15.188,11.04,3.91,38.64,14.352,0,34.77,null,null,null
163,01/12/1993,02/12/1993,9.720000267028809,null,484,null,22.5,Clear,odour free,7.7,484,null,null,.098,.952,null,11.25,null,null,0,69.028,117.744,98,.684,null,39.2,4.739,13.8,5.083,38.64,20.4,0,42.09,null,null,null
164,01/12/1993,02/12/1993,9.720000267028809,null,484,null,22.5,Clear,odour free,7.7,484,null,null,.098,.952,null,11.25,null,null,0,69.028,117.744,98,.684,null,39.2,4.739,13.8,5.083,38.64,20.4,0,42.09,null,null,null
165,01/01/1994,02/01/1994,1.4809999465942383,null,576,null,22,Clear,odour free,7.8,576,null,null,.126,1.246,null,2.1,null,null,0,52.021,137.781,74.5,.684,null,29.8,15.188,13.11,3.128,57.784,24.48,0,31.72,null,null,null
166,01/01/1994,02/01/1994,1.4809999465942383,null,576,null,22,Clear,odour free,7.8,576,null,null,.126,1.246,null,2.1,null,null,0,52.021,137.781,74.5,.684,null,29.8,15.188,13.11,3.128,57.784,24.48,0,31.72,null,null,null
167,01/02/1994,02/02/1994,1.4809999465942383,null,1187,null,22,Clear,odour free,8.2,1187,null,null,.084,1.498,null,.6,null,null,0,89.036,177.788,114,.684,null,45.6,15.309,109.02,199.019,77.281,8.496,0,54.29,null,null,null
168,01/02/1994,02/02/1994,1.4809999465942383,null,1187,null,22,Clear,odour free,8.2,1187,null,null,.084,1.498,null,.6,null,null,0,89.036,177.788,114,.684,null,45.6,15.309,109.02,199.019,77.281,8.496,0,54.29,null,null,null
169,01/03/1994,02/03/1994,4.267000198364258,null,1102,null,24.5,Clear,odour free,8.2,1102,null,null,.14,.672,null,25.98,null,null,0,85.034,107.356,78.5,.665,null,31.4,6.925,3.91,3.128,154.208,9.216,0,51.85,null,null,null
170,01/03/1994,02/03/1994,4.267000198364258,null,1102,null,24.5,Clear,odour free,8.2,1102,null,null,.14,.672,null,25.98,null,null,0,85.034,107.356,78.5,.665,null,31.4,6.925,3.91,3.128,154.208,9.216,0,51.85,null,null,null
171,01/04/1994,02/04/1994,4.585999965667725,null,1274,null,25.5,Clear,odour free,7.9,1274,null,null,.154,.588,null,20.22,null,null,0,81.032,380.438,102,.684,null,40.8,66.825,49.22,13.294,59.91,23.232,0,49.41,null,null,null
172,01/04/1994,02/04/1994,4.585999965667725,null,1274,null,25.5,Clear,odour free,7.9,1274,null,null,.154,.588,null,20.22,null,null,0,81.032,380.438,102,.684,null,40.8,66.825,49.22,13.294,59.91,23.232,0,49.41,null,null,null
173,01/05/1994,02/05/1994,3.1050000190734863,null,1273,null,28,Clear,odour free,8,1273,null,null,.126,.07,null,12.99,null,null,0,101.04,163.45,86.5,.665,null,34.6,18.468,57.96,1.564,53.884,25.008,0,61.61,null,null,null
174,01/05/1994,02/05/1994,3.1050000190734863,null,1273,null,28,Clear,odour free,8,1273,null,null,.126,.07,null,12.99,null,null,0,101.04,163.45,86.5,.665,null,34.6,18.468,57.96,1.564,53.884,25.008,0,61.61,null,null,null
175,01/06/1994,01/06/1994,8.812999725341797,null,null,null,27,Light Brown,odour free,7,739,null,null,.042,.043,null,48.6,null,null,0,48.019,137.625,86,.665,null,34.4,12.39,70.15,7.04,48.21,18,0,29.28,null,null,null
176,01/06/1994,01/06/1994,8.812999725341797,null,null,null,27,Light Brown,odour free,7,739,null,null,.042,.043,null,48.6,null,null,0,48.019,137.625,86,.665,null,34.4,12.39,70.15,7.04,48.21,18,0,29.28,null,null,null
177,01/07/1994,01/07/1994,6.883999824523926,null,null,null,25,Light Brown,odour free,7,705,null,null,.112,.098,null,72.3,null,null,0,73.029,192.875,121.5,.3,null,48.6,17.13,91.54,48.88,53.88,24.82,0,44.53,null,null,null
178,01/07/1994,01/07/1994,6.883999824523926,null,null,null,25,Light Brown,odour free,7,705,null,null,.112,.098,null,72.3,null,null,0,73.029,192.875,121.5,.3,null,48.6,17.13,91.54,48.88,53.88,24.82,0,44.53,null,null,null
179,01/08/1994,01/08/1994,43.900001525878906,null,null,null,25,Light Brown,odour free,7,484,null,null,.056,.056,null,28.2,null,null,0,69.028,85.375,55,.247,null,22,7.29,60.49,3.13,44.31,4.46,0,42.09,null,null,null
180,01/08/1994,01/08/1994,43.900001525878906,null,null,null,25,Light Brown,odour free,7,484,null,null,.056,.056,null,28.2,null,null,0,69.028,85.375,55,.247,null,22,7.29,60.49,3.13,44.31,4.46,0,42.09,null,null,null
181,01/09/1994,01/09/1994,37,null,null,null,24.5,Brown,odour free,7,577,null,null,0,.056,null,9.3,null,null,0,81.032,63.042,59,.646,null,23.6,.97,58.88,.391,34.74,15.41,0,49.41,null,null,null
182,01/09/1994,01/09/1994,37,null,null,null,24.5,Brown,odour free,7,577,null,null,0,.056,null,9.3,null,null,0,81.032,63.042,59,.646,null,23.6,.97,58.88,.391,34.74,15.41,0,49.41,null,null,null
183,01/10/1994,01/10/1994,36.459999084472656,null,null,null,26,Brown,odour free,7,303,null,null,.056,.168,null,9.9,null,null,0,60.024,90.542,47,.665,null,18.8,10.45,17.94,13.29,38.64,47.04,0,36.6,null,null,null
184,01/10/1994,01/10/1994,36.459999084472656,null,null,null,26,Brown,odour free,7,303,null,null,.056,.168,null,9.9,null,null,0,60.024,90.542,47,.665,null,18.8,10.45,17.94,13.29,38.64,47.04,0,36.6,null,null,null
185,01/11/1994,01/11/1994,36.29999923706055,null,null,null,23,Brown,odour free,7,288,null,null,0,0,null,10.2,null,null,0,40.016,84.833,57,.722,null,22.8,6.68,46.23,6.65,34.74,13.49,0,24.4,null,null,null
186,01/11/1994,01/11/1994,36.29999923706055,null,null,null,23,Brown,odour free,7,288,null,null,0,0,null,10.2,null,null,0,40.016,84.833,57,.722,null,22.8,6.68,46.23,6.65,34.74,13.49,0,24.4,null,null,null
187,01/12/1994,01/12/1994,2.4489998817443848,null,null,null,25,Clear,odour free,8.1,379,null,null,.098,1.54,null,11.4,null,null,0,28.011,153.917,78.5,6.84,null,31.4,18.1,29.44,3.91,212.7,21.17,0,17.08,null,null,null
188,01/12/1994,01/12/1994,2.4489998817443848,null,null,null,25,Clear,odour free,8.1,379,null,null,.098,1.54,null,11.4,null,null,0,28.011,153.917,78.5,6.84,null,31.4,18.1,29.44,3.91,212.7,21.17,0,17.08,null,null,null
189,01/01/1995,01/01/1995,1.399999976158142,null,null,null,20,Clear,odour free,8.29,758,null,null,.056,1.246,null,1.8,null,null,0,52.021,125.958,90,7.03,null,36,8.63,49.22,9.38,59.91,24.24,0,31.72,null,null,null
190,01/01/1995,01/01/1995,1.399999976158142,null,null,null,20,Clear,odour free,8.29,758,null,null,.056,1.246,null,1.8,null,null,0,52.021,125.958,90,7.03,null,36,8.63,49.22,9.38,59.91,24.24,0,31.72,null,null,null
191,01/02/1995,01/02/1995,5.960000038146973,null,null,null,23,Clear,odour free,7,405,null,null,.056,1.526,null,.6,null,null,0,52.021,805.842,388.175,7.03,null,155.27,100.24,23.46,3.52,64.16,8.35,0,31.72,null,null,null
192,01/02/1995,01/02/1995,5.960000038146973,null,null,null,23,Clear,odour free,7,405,null,null,.056,1.526,null,.6,null,null,0,52.021,805.842,388.175,7.03,null,155.27,100.24,23.46,3.52,64.16,8.35,0,31.72,null,null,null
193,01/03/1995,01/03/1995,5.789000034332275,null,null,null,23,Clear,odour free,7,823,null,null,.14,.7,null,26.7,null,null,0,60.024,150.208,94.5,6.46,null,37.8,13.37,29.67,1.56,30.84,9.31,0,36.6,null,null,null
194,01/03/1995,01/03/1995,5.789000034332275,null,null,null,23,Clear,odour free,7,823,null,null,.14,.7,null,26.7,null,null,0,60.024,150.208,94.5,6.46,null,37.8,13.37,29.67,1.56,30.84,9.31,0,36.6,null,null,null
195,01/04/1995,01/04/1995,2.4739999771118164,null,null,null,24,Clear,odour free,7,1052,null,null,.154,.574,null,18.3,null,null,0,52.021,166.708,110,6.84,null,44,13.61,66.01,3.13,73.38,23.09,0,31.72,null,null,null
196,01/04/1995,01/04/1995,2.4739999771118164,null,null,null,24,Clear,odour free,7,1052,null,null,.154,.574,null,18.3,null,null,0,52.021,166.708,110,6.84,null,44,13.61,66.01,3.13,73.38,23.09,0,31.72,null,null,null
197,01/05/1995,01/05/1995,3.8320000171661377,null,null,null,24.5,Clear,odour free,7,1201,null,null,.126,.07,null,12.9,null,null,0,48.019,169.875,98.5,6.65,null,39.4,17.13,84.64,3.13,80.83,25.5,0,29.28,null,null,null
198,01/05/1995,01/05/1995,3.8320000171661377,null,null,null,24.5,Clear,odour free,7,1201,null,null,.126,.07,null,12.9,null,null,0,48.019,169.875,98.5,6.65,null,39.4,17.13,84.64,3.13,80.83,25.5,0,29.28,null,null,null
199,01/06/1995,02/06/1995,2.309999942779541,null,null,null,24,Clear,odour free,6.8,1151,null,null,.07,.07,null,60.9,null,null,0,53.021,98.6,90.5,.532,null,36.2,1.944,74.75,10.948,44.312,16.8,0,32.33,null,null,null
200,01/06/1995,02/06/1995,2.309999942779541,null,null,null,24,Clear,odour free,6.8,1151,null,null,.07,.07,null,60.9,null,null,0,53.021,98.6,90.5,.532,null,36.2,1.944,74.75,10.948,44.312,16.8,0,32.33,null,null,null
201,01/08/1995,02/08/1995,13.630000114440918,null,null,null,23,Light Brown,odour free,7.5,484,null,null,.042,.056,null,24.6,null,null,0,67.027,98.6,90.5,.684,null,36.2,1.944,60.49,3.128,44.312,22.08,0,40.87,null,null,null
202,01/08/1995,02/08/1995,13.630000114440918,null,null,null,23,Light Brown,odour free,7.5,484,null,null,.042,.056,null,24.6,null,null,0,67.027,98.6,90.5,.684,null,36.2,1.944,60.49,3.128,44.312,22.08,0,40.87,null,null,null
203,01/09/1995,02/09/1995,47.459999084472656,null,null,null,23,Brown,odour free,8,484,null,null,0,.014,null,32.1,null,null,0,69.028,98.6,90.5,.722,null,36.2,1.944,60.49,3.128,44.312,20.16,0,42.09,null,null,null
204,01/09/1995,02/09/1995,47.459999084472656,null,null,null,23,Brown,odour free,8,484,null,null,0,.014,null,32.1,null,null,0,69.028,98.6,90.5,.722,null,36.2,1.944,60.49,3.128,44.312,20.16,0,42.09,null,null,null
205,01/10/1995,02/10/1995,5,null,null,null,24.5,Brown,odour free,8.28,739,null,null,0,0,null,17.4,null,null,0,49.02,138.137,86.5,.684,null,34.6,12.393,70.15,7.038,48.212,16.32,0,29.89,null,null,null
206,01/10/1995,02/10/1995,5,null,null,null,24.5,Brown,odour free,8.28,739,null,null,0,0,null,17.4,null,null,0,49.02,138.137,86.5,.684,null,34.6,12.393,70.15,7.038,48.212,16.32,0,29.89,null,null,null
207,01/11/1995,02/11/1995,11.289999961853027,null,null,null,24.5,Light Brown,odour free,7.71,354,null,null,.014,.014,null,16.5,null,null,0,61.024,91.044,47,.608,null,18.8,10.571,30.82,41.055,38.64,12,0,37.21,null,null,null
208,01/11/1995,02/11/1995,11.289999961853027,null,null,null,24.5,Light Brown,odour free,7.71,354,null,null,.014,.014,null,16.5,null,null,0,61.024,91.044,47,.608,null,18.8,10.571,30.82,41.055,38.64,12,0,37.21,null,null,null
209,01/12/1995,02/12/1995,10.109999656677246,null,null,null,24.5,Clear,odour free,7.94,288,null,null,.098,.014,null,14.4,null,null,0,40.016,86.844,59,.684,null,23.6,6.682,46.23,6.647,34.741,7.68,0,24.4,null,null,null
210,01/12/1995,02/12/1995,10.109999656677246,null,null,null,24.5,Clear,odour free,7.94,288,null,null,.098,.014,null,14.4,null,null,0,40.016,86.844,59,.684,null,23.6,6.682,46.23,6.647,34.741,7.68,0,24.4,null,null,null
211,01/02/1996,02/02/1996,1.7089999914169312,null,null,null,23.5,Clear,odour free,8.1,369,null,null,.028,0,null,.3,null,null,0,53.021,178.081,90.5,.741,null,36.2,21.02,97.52,26.197,59.91,6.24,0,32.33,null,null,null
212,01/02/1996,02/02/1996,1.7089999914169312,null,null,null,23.5,Clear,odour free,8.1,369,null,null,.028,0,null,.3,null,null,0,53.021,178.081,90.5,.741,null,36.2,21.02,97.52,26.197,59.91,6.24,0,32.33,null,null,null
213,01/03/1996,02/03/1996,4.495999813079834,null,null,null,24,Clear,odour free,8.24,344,null,null,.028,.014,null,14.1,null,null,0,61.024,122.294,98.5,.684,null,39.4,5.71,103.96,20.723,77.281,6.72,0,37.21,null,null,null
214,01/03/1996,02/03/1996,4.495999813079834,null,null,null,24,Clear,odour free,8.24,344,null,null,.028,.014,null,14.1,null,null,0,61.024,122.294,98.5,.684,null,39.4,5.71,103.96,20.723,77.281,6.72,0,37.21,null,null,null
215,01/04/1996,02/04/1996,1.7999999523162842,null,null,null,24.5,Clear,odour free,7.56,1181,null,null,.056,.014,null,10.2,null,null,0,77.031,205.479,110,.779,null,44,22.915,98.9,16.813,96.424,4.32,0,46.97,null,null,null
216,01/04/1996,02/04/1996,1.7999999523162842,null,null,null,24.5,Clear,odour free,7.56,1181,null,null,.056,.014,null,10.2,null,null,0,77.031,205.479,110,.779,null,44,22.915,98.9,16.813,96.424,4.32,0,46.97,null,null,null
217,01/06/1996,02/06/1996,8.053999900817871,null,null,null,25,Light Brown,odour free,7.38,730,null,null,.028,.056,null,39,null,null,0,72.5,209.631,118,1.235,null,47.2,21.992,54.97,4.692,116.795,27.36,0,88.45,null,null,null
218,01/06/1996,02/06/1996,8.053999900817871,null,null,null,25,Light Brown,odour free,7.38,730,null,null,.028,.056,null,39,null,null,0,72.5,209.631,118,1.235,null,47.2,21.992,54.97,4.692,116.795,27.36,0,88.45,null,null,null
219,01/08/1996,02/08/1996,13.829999923706055,null,null,null,24,Light Brown,odour free,7.89,860,null,null,.028,.266,null,43.5,null,null,0,70.5,268.975,149.5,.969,null,59.8,28.674,57.5,5.083,160.46,9.12,0,86.01,null,null,null
220,01/08/1996,02/08/1996,13.829999923706055,null,null,null,24,Light Brown,odour free,7.89,860,null,null,.028,.266,null,43.5,null,null,0,70.5,268.975,149.5,.969,null,59.8,28.674,57.5,5.083,160.46,9.12,0,86.01,null,null,null
221,01/09/1996,02/09/1996,16,null,null,null,24,Brown,odour free,8.19,597,null,null,.014,.238,null,18,null,null,0,62.5,185.837,118,1.14,null,47.2,16.281,48.07,3.128,118.57,24,0,76.25,null,null,null
222,01/09/1996,02/09/1996,16,null,null,null,24,Brown,odour free,8.19,597,null,null,.014,.238,null,18,null,null,0,62.5,185.837,118,1.14,null,47.2,16.281,48.07,3.128,118.57,24,0,76.25,null,null,null
223,01/10/1996,02/10/1996,116,null,null,null,24,Brown,odour free,7.79,410,null,null,.028,.224,null,15.6,null,null,0,64.5,126.688,71,.361,null,28.4,13.365,37.72,6.256,81.295,4.8,0,78.69,null,null,null
224,01/10/1996,02/10/1996,116,null,null,null,24,Brown,odour free,7.79,410,null,null,.028,.224,null,15.6,null,null,0,64.5,126.688,71,.361,null,28.4,13.365,37.72,6.256,81.295,4.8,0,78.69,null,null,null
225,01/11/1996,02/11/1996,15.510000228881836,null,null,null,28.5,Light Brown,odour free,8.15,527,null,null,.028,.238,null,20.1,null,null,0,56.5,177.981,98.5,.437,null,39.4,19.076,21.85,.782,85.2,16.32,0,68.93,null,null,null
226,01/11/1996,02/11/1996,15.510000228881836,null,null,null,28.5,Light Brown,odour free,8.15,527,null,null,.028,.238,null,20.1,null,null,0,56.5,177.981,98.5,.437,null,39.4,19.076,21.85,.782,85.2,16.32,0,68.93,null,null,null
227,01/12/1996,02/12/1996,9.100000381469727,null,null,null,27,Clear,odour free,8.28,452,null,null,.112,.056,null,18,null,null,0,40.5,158.134,86.5,.532,null,34.6,17.192,17.94,2.346,75.97,12,0,49.41,null,null,null
228,01/12/1996,02/12/1996,9.100000381469727,null,null,null,27,Clear,odour free,8.28,452,null,null,.112,.056,null,18,null,null,0,40.5,158.134,86.5,.532,null,34.6,17.192,17.94,2.346,75.97,12,0,49.41,null,null,null
229,01/02/1997,02/02/1997,2.3440001010894775,null,null,null,23.5,Clear,odour free,7.54,513,null,null,.028,.042,null,24,null,null,0,32.5,170.082,86.5,.038,null,34.6,20.06,25.53,1.564,73.485,47.04,0,39.65,null,null,null
230,01/02/1997,02/02/1997,2.3440001010894775,null,null,null,23.5,Clear,odour free,7.54,513,null,null,.028,.042,null,24,null,null,0,32.5,170.082,86.5,.038,null,34.6,20.06,25.53,1.564,73.485,47.04,0,39.65,null,null,null
231,01/03/1997,02/03/1997,2.799999952316284,null,null,null,29,Clear,odour free,7.83,873,null,null,.014,.14,null,38.4,null,null,0,85,237.374,118,.38,null,47.2,28.65,60.03,3.128,118.57,47.52,0,103.7,null,null,null
232,01/03/1997,02/03/1997,2.799999952316284,null,null,null,29,Clear,odour free,7.83,873,null,null,.014,.14,null,38.4,null,null,0,85,237.374,118,.38,null,47.2,28.65,60.03,3.128,118.57,47.52,0,103.7,null,null,null
233,01/04/1997,02/04/1997,4.61899995803833,null,null,null,24.5,Clear,odour free,7.88,534,null,null,.028,.14,null,20.1,null,null,0,68.5,201.478,102,.266,null,40.8,23.875,30.13,1.955,89.105,32.64,0,83.57,null,null,null
234,01/04/1997,02/04/1997,4.61899995803833,null,null,null,24.5,Clear,odour free,7.88,534,null,null,.028,.14,null,20.1,null,null,0,68.5,201.478,102,.266,null,40.8,23.875,30.13,1.955,89.105,32.64,0,83.57,null,null,null
235,01/05/1997,02/05/1997,5.895999908447266,null,null,null,25,Clear,odour free,7.89,569,null,null,.028,3.615,null,28.47,null,null,0,48.5,256.822,129.5,.57,null,51.8,30.557,9.43,.391,96.56,28.464,0,59.17,null,null,null
236,01/05/1997,02/05/1997,5.895999908447266,null,null,null,25,Clear,odour free,7.89,569,null,null,.028,3.615,null,28.47,null,null,0,48.5,256.822,129.5,.57,null,51.8,30.557,9.43,.391,96.56,28.464,0,59.17,null,null,null
237,01/06/1997,01/06/1997,1.2000000476837158,null,null,null,26,Clear,odour free,8.28,816,null,null,.028,.154,null,19.47,null,null,0,81.5,227.813,121.5,.627,null,48.6,25.515,59.34,4.301,141.091,40.8,0,99.43,null,null,null
238,01/06/1997,01/06/1997,1.2000000476837158,null,null,null,26,Clear,odour free,8.28,816,null,null,.028,.154,null,19.47,null,null,0,81.5,227.813,121.5,.627,null,48.6,25.515,59.34,4.301,141.091,40.8,0,99.43,null,null,null
239,01/07/1997,02/07/1997,30.610000610351563,null,null,null,24.5,Light Brown,odour free,6.55,537,null,null,.014,.056,null,20.07,null,null,0,68.5,133.156,80,1.197,null,32,12.757,56.35,1.955,102.451,21.216,0,83.57,null,null,null
240,01/07/1997,02/07/1997,30.610000610351563,null,null,null,24.5,Light Brown,odour free,6.55,537,null,null,.014,.056,null,20.07,null,null,0,68.5,133.156,80,1.197,null,32,12.757,56.35,1.955,102.451,21.216,0,83.57,null,null,null
241,01/08/1997,02/08/1997,63.43000030517578,null,null,null,23.5,Light Brown,odour free,7.8,582,null,null,0,.07,null,15.99,null,null,0,51,161.869,91.5,.646,null,36.6,16.889,45.31,.782,97.133,46.416,0,62.22,null,null,null
242,01/08/1997,02/08/1997,63.43000030517578,null,null,null,23.5,Light Brown,odour free,7.8,582,null,null,0,.07,null,15.99,null,null,0,51,161.869,91.5,.646,null,36.6,16.889,45.31,.782,97.133,46.416,0,62.22,null,null,null
243,01/09/1997,02/09/1997,12,null,null,null,24,Brown,odour free,7.4,541,null,null,.028,.084,null,17.97,null,null,0,69,139.163,85.5,.703,null,34.2,12.879,42.78,1.173,83.662,25.584,0,84.18,null,null,null
244,01/09/1997,02/09/1997,12,null,null,null,24,Brown,odour free,7.4,541,null,null,.028,.084,null,17.97,null,null,0,69,139.163,85.5,.703,null,34.2,12.879,42.78,1.173,83.662,25.584,0,84.18,null,null,null
245,01/10/1997,02/10/1997,9.048999786376953,null,null,null,24.5,Dark Brown,odour free,7.17,566,null,null,.112,.07,null,17.1,null,null,0,55,136.313,70.5,.608,null,28.2,15.795,34.27,1.955,77.99,27.984,0,67.1,null,null,null
246,01/10/1997,02/10/1997,9.048999786376953,null,null,null,24.5,Dark Brown,odour free,7.17,566,null,null,.112,.07,null,17.1,null,null,0,55,136.313,70.5,.608,null,28.2,15.795,34.27,1.955,77.99,27.984,0,67.1,null,null,null
247,01/11/1997,02/11/1997,39.849998474121094,null,null,null,24,Light Brown,odour free,6.63,262,null,null,.028,.112,null,15.99,null,null,0,26,68.313,43,.646,null,17.2,6.075,23.92,.782,52.111,7.2,0,31.72,null,null,null
248,01/11/1997,02/11/1997,39.849998474121094,null,null,null,24,Light Brown,odour free,6.63,262,null,null,.028,.112,null,15.99,null,null,0,26,68.313,43,.646,null,17.2,6.075,23.92,.782,52.111,7.2,0,31.72,null,null,null
249,01/12/1997,02/12/1997,28.829999923706055,null,null,null,26,Clear,odour free,6.29,345,null,null,.056,.098,null,16.98,null,null,0,30,76.212,59,.608,null,23.6,4.131,30.82,1.173,49.985,26.784,0,36.6,null,null,null
250,01/12/1997,02/12/1997,28.829999923706055,null,null,null,26,Clear,odour free,6.29,345,null,null,.056,.098,null,16.98,null,null,0,30,76.212,59,.608,null,23.6,4.131,30.82,1.173,49.985,26.784,0,36.6,null,null,null
251,01/01/1998,02/01/1998,0.7710000276565552,null,null,null,22,Clear,odour free,7.29,728,null,null,.028,.112,null,21.96,null,null,0,76.5,183.006,101.5,.665,null,40.6,19.562,48.07,6.256,98.551,42.96,0,93.33,null,null,null
252,01/01/1998,02/01/1998,0.7710000276565552,null,null,null,22,Clear,odour free,7.29,728,null,null,.028,.112,null,21.96,null,null,0,76.5,183.006,101.5,.665,null,40.6,19.562,48.07,6.256,98.551,42.96,0,93.33,null,null,null
253,01/03/1998,02/03/1998,3.5999999046325684,null,null,null,24,Clear,odour free,7.09,953,null,null,.028,.112,null,23.97,null,null,0,81,225.325,118,.456,null,47.2,25.758,67.16,8.211,158.816,45.168,0,98.82,null,null,null
254,01/03/1998,02/03/1998,3.5999999046325684,null,null,null,24,Clear,odour free,7.09,953,null,null,.028,.112,null,23.97,null,null,0,81,225.325,118,.456,null,47.2,25.758,67.16,8.211,158.816,45.168,0,98.82,null,null,null
255,01/06/1998,02/06/1998,3.1059999465942383,null,null,null,24.5,Light Brown,odour free,8.24,460,null,null,.028,.084,null,13.47,null,null,0,53,117.219,59,.589,null,23.6,13.972,34.27,.391,69.128,26.4,0,64.66,null,null,null
256,01/06/1998,02/06/1998,3.1059999465942383,null,null,null,24.5,Light Brown,odour free,8.24,460,null,null,.028,.084,null,13.47,null,null,0,53,117.219,59,.589,null,23.6,13.972,34.27,.391,69.128,26.4,0,64.66,null,null,null
257,01/08/1998,02/08/1998,39,null,null,null,23.5,Light Brown,odour free,7.64,539,null,null,.028,.112,null,11.19,null,null,0,67.5,153.881,82.5,.969,null,33,17.132,41.4,3.128,91.815,32.016,0,82.35,null,null,null
258,01/08/1998,02/08/1998,39,null,null,null,23.5,Light Brown,odour free,7.64,539,null,null,.028,.112,null,11.19,null,null,0,67.5,153.881,82.5,.969,null,33,17.132,41.4,3.128,91.815,32.016,0,82.35,null,null,null
259,01/09/1998,02/09/1998,15.829999923706055,null,null,null,23.5,Brown,odour free,7.79,444,null,null,.042,.098,null,9.9,null,null,0,58,138.238,78.5,1.235,null,31.4,14.337,25.99,.391,67.001,25.584,0,70.76,null,null,null
260,01/09/1998,02/09/1998,15.829999923706055,null,null,null,23.5,Brown,odour free,7.79,444,null,null,.042,.098,null,9.9,null,null,0,58,138.238,78.5,1.235,null,31.4,14.337,25.99,.391,67.001,25.584,0,70.76,null,null,null
261,01/10/1998,02/10/1998,117,null,null,null,23.5,Dark Brown,odour free,8.03,450,null,null,.028,.042,null,10.5,null,null,0,60,124.8,60,1.026,null,24,15.552,37.49,.782,69.128,28.224,0,73.2,null,null,null
262,01/10/1998,02/10/1998,117,null,null,null,23.5,Dark Brown,odour free,8.03,450,null,null,.028,.042,null,10.5,null,null,0,60,124.8,60,1.026,null,24,15.552,37.49,.782,69.128,28.224,0,73.2,null,null,null
263,01/11/1998,02/11/1998,17,null,null,null,23.5,Light Brown,odour free,7.85,614,null,null,.028,.028,null,12.27,null,null,0,70,155.406,82,.19,null,32.8,17.618,45.77,1.955,95.36,36.384,0,85.4,null,null,null
264,01/11/1998,02/11/1998,17,null,null,null,23.5,Light Brown,odour free,7.85,614,null,null,.028,.028,null,12.27,null,null,0,70,155.406,82,.19,null,32.8,17.618,45.77,1.955,95.36,36.384,0,85.4,null,null,null
265,01/03/1999,02/03/1999,1.9129999876022339,null,null,null,20,Clear,odour free,8.24,882,null,null,.042,.098,null,13.98,null,null,0,82,204.137,112,1.026,null,44.8,22.113,63.02,7.038,129.038,46.416,0,100.04,null,null,null
266,01/03/1999,02/03/1999,1.9129999876022339,null,null,null,20,Clear,odour free,8.24,882,null,null,.042,.098,null,13.98,null,null,0,82,204.137,112,1.026,null,44.8,22.113,63.02,7.038,129.038,46.416,0,100.04,null,null,null
267,01/04/1999,02/04/1999,4.419000148773193,null,null,null,24,Clear,odour free,8.28,740,null,null,.028,.112,null,13.98,null,null,0,76,184.531,101,1.045,null,40.4,20.048,53.13,3.128,103.514,42.384,0,92.72,null,null,null
268,01/04/1999,02/04/1999,4.419000148773193,null,null,null,24,Clear,odour free,8.28,740,null,null,.028,.112,null,13.98,null,null,0,76,184.531,101,1.045,null,40.4,20.048,53.13,3.128,103.514,42.384,0,92.72,null,null,null
269,01/05/1999,02/05/1999,12.300000190734863,null,null,null,25,Clear,odour free,7.8,1615,null,null,.028,.042,null,18.48,null,null,0,74,172.581,85,.646,null,34,21.02,45.31,5.474,96.424,36.384,0,90.28,null,null,null
270,01/05/1999,02/05/1999,12.300000190734863,null,null,null,25,Clear,odour free,7.8,1615,null,null,.028,.042,null,18.48,null,null,0,74,172.581,85,.646,null,34,21.02,45.31,5.474,96.424,36.384,0,90.28,null,null,null
271,01/06/1999,02/06/1999,3.0339999198913574,null,null,null,24,7,odour free,7.66,556,null,null,.028,.196,null,13.47,null,null,0,74,180.3,115.5,.437,null,46.2,15.552,31.05,5.083,99.4,20.832,0,90.28,null,null,null
272,01/06/1999,02/06/1999,3.0339999198913574,null,null,null,24,7,odour free,7.66,556,null,null,.028,.196,null,13.47,null,null,0,74,180.3,115.5,.437,null,46.2,15.552,31.05,5.083,99.4,20.832,0,90.28,null,null,null
273,02/08/1999,03/08/1999,16.149999618530273,null,null,null,22,7,odour free,7.74,542,null,null,.028,.042,null,12.99,null,null,0,60,174.256,113,.437,null,45.2,14.701,29.44,5.474,88.75,39.696,0,73.2,null,null,null
274,02/08/1999,03/08/1999,16.149999618530273,null,null,null,22,7,odour free,7.74,542,null,null,.028,.042,null,12.99,null,null,0,60,174.256,113,.437,null,45.2,14.701,29.44,5.474,88.75,39.696,0,73.2,null,null,null
275,01/09/1999,02/09/1999,40.650001525878906,null,null,null,23,7,odour free,7.68,445,null,null,.028,.042,null,12.48,null,null,0,54,162.212,104.5,.456,null,41.8,13.851,28.29,.313,78.1,41.76,0,65.88,null,null,null
276,01/09/1999,02/09/1999,40.650001525878906,null,null,null,23,7,odour free,7.68,445,null,null,.028,.042,null,12.48,null,null,0,54,162.212,104.5,.456,null,41.8,13.851,28.29,.313,78.1,41.76,0,65.88,null,null,null
277,04/10/1999,05/10/1999,168.5,null,null,null,22.5,7,odour free,8.18,361,null,null,.028,.042,null,12.99,null,null,0,50,133.637,82,.855,null,32.8,12.393,27.14,1.955,83.425,8.976,0,61,null,null,null
278,04/10/1999,05/10/1999,168.5,null,null,null,22.5,7,odour free,8.18,361,null,null,.028,.042,null,12.99,null,null,0,50,133.637,82,.855,null,32.8,12.393,27.14,1.955,83.425,8.976,0,61,null,null,null
279,01/11/1999,02/11/1999,31.56999969482422,null,null,null,22.5,7,odour free,7.72,340,null,null,.014,.042,null,15.27,null,null,0,46,132.681,77.5,.893,null,31,13.243,18.63,1.173,70.645,9.504,0,56.12,null,null,null
280,01/11/1999,02/11/1999,31.56999969482422,null,null,null,22.5,7,odour free,7.72,340,null,null,.014,.042,null,15.27,null,null,0,46,132.681,77.5,.893,null,31,13.243,18.63,1.173,70.645,9.504,0,56.12,null,null,null
281,01/12/1999,02/12/1999,7.349999904632568,null,null,null,21.5,7,odour free,7.96,318,null,null,.042,.056,null,15.57,null,null,0,42.5,125.137,73.5,.95,null,29.4,12.393,17.25,1.173,57.865,10.512,0,51.85,null,null,null
282,01/12/1999,02/12/1999,7.349999904632568,null,null,null,21.5,7,odour free,7.96,318,null,null,.042,.056,null,15.57,null,null,0,42.5,125.137,73.5,.95,null,29.4,12.393,17.25,1.173,57.865,10.512,0,51.85,null,null,null
283,01/03/2000,02/03/2000,12.130000114440918,null,null,null,21,7,odour free,7.72,893,null,null,.014,.112,null,4.59,null,null,0,93,259.337,151,.874,null,60.4,26.001,54.05,3.91,133.125,31.2,0,113.46,null,null,null
284,01/03/2000,02/03/2000,12.130000114440918,null,null,null,21,7,odour free,7.72,893,null,null,.014,.112,null,4.59,null,null,0,93,259.337,151,.874,null,60.4,26.001,54.05,3.91,133.125,31.2,0,113.46,null,null,null
285,01/06/2000,02/06/2000,2.75,null,null,null,24,Light Brown,odour free,8.2,620,null,null,0,.084,null,1.5,null,null,0,84.5,226.813,120.5,.532,null,48.2,25.515,34.04,1.564,65.675,109.92,0,103.09,null,null,null
286,01/06/2000,02/06/2000,2.75,null,null,null,24,Light Brown,odour free,8.2,620,null,null,0,.084,null,1.5,null,null,0,84.5,226.813,120.5,.532,null,48.2,25.515,34.04,1.564,65.675,109.92,0,103.09,null,null,null
287,01/07/2000,02/07/2000,4.5,null,null,null,22.5,Brown,odour free,7.82,545,null,null,0,.07,null,3.3,null,null,0,35,181.581,94,.399,null,37.6,21.02,23.92,6.647,57.865,109.92,0,42.7,null,null,null
288,01/07/2000,02/07/2000,4.5,null,null,null,22.5,Brown,odour free,7.82,545,null,null,0,.07,null,3.3,null,null,0,35,181.581,94,.399,null,37.6,21.02,23.92,6.647,57.865,109.92,0,42.7,null,null,null
289,01/08/2000,02/08/2000,4.242000102996826,null,null,null,22.5,Dark Brown,odour free,7.8,605,null,null,0,.07,null,.6,null,null,0,120,200.731,101,.817,null,40.4,23.935,39.56,5.865,105.79,8.016,0,146.4,null,null,null
290,01/08/2000,02/08/2000,4.242000102996826,null,null,null,22.5,Dark Brown,odour free,7.8,605,null,null,0,.07,null,.6,null,null,0,120,200.731,101,.817,null,40.4,23.935,39.56,5.865,105.79,8.016,0,146.4,null,null,null
291,01/09/2000,02/09/2000,28,null,null,null,25,Light Brown,odour free,7.86,484,null,null,0,.07,null,2.1,null,null,0,110,134.288,70.5,1.691,null,28.2,15.309,40.02,7.82,72.065,2.976,0,134.2,null,null,null
292,01/09/2000,02/09/2000,28,null,null,null,25,Light Brown,odour free,7.86,484,null,null,0,.07,null,2.1,null,null,0,110,134.288,70.5,1.691,null,28.2,15.309,40.02,7.82,72.065,2.976,0,134.2,null,null,null
293,01/10/2000,02/10/2000,45.5,null,null,null,23.4,Brown,odour free,7.07,389,null,null,0,.084,null,.9,null,null,0,120,129.256,68,.798,null,27.2,14.701,27.14,3.519,38.695,8.976,0,146.4,null,null,null
294,01/10/2000,02/10/2000,45.5,null,null,null,23.4,Brown,odour free,7.07,389,null,null,0,.084,null,.9,null,null,0,120,129.256,68,.798,null,27.2,14.701,27.14,3.519,38.695,8.976,0,146.4,null,null,null
295,01/11/2000,02/11/2000,15.609999656677246,null,null,null,23,Light Brown,odour free,7.78,397,null,null,0,.07,null,.9,null,null,0,97,130.238,70.5,1.596,null,28.2,14.337,24.15,1.173,40.47,19.968,0,118.34,null,null,null
296,01/11/2000,02/11/2000,15.609999656677246,null,null,null,23,Light Brown,odour free,7.78,397,null,null,0,.07,null,.9,null,null,0,97,130.238,70.5,1.596,null,28.2,14.337,24.15,1.173,40.47,19.968,0,118.34,null,null,null
297,01/12/2000,02/12/2000,11.5,null,null,null,22,Clear,odour free,7.08,351,null,null,0,.014,null,.3,null,null,0,39,134.288,70.5,.399,null,28.2,15.309,16.79,2.346,77.745,10.992,0,47.58,null,null,null
298,01/12/2000,02/12/2000,11.5,null,null,null,22,Clear,odour free,7.08,351,null,null,0,.014,null,.3,null,null,0,39,134.288,70.5,.399,null,28.2,15.309,16.79,2.346,77.745,10.992,0,47.58,null,null,null
299,01/05/2001,02/05/2001,3.740999937057495,null,null,null,28.5,Light Brown,odour free,6.93,256,null,null,0,.084,null,14.1,null,null,0,24,94.494,54.5,.532,null,21.8,9.599,17.25,.391,48.28,25.92,0,29.28,null,null,null
300,01/05/2001,02/05/2001,3.740999937057495,null,null,null,28.5,Light Brown,odour free,6.93,256,null,null,0,.084,null,14.1,null,null,0,24,94.494,54.5,.532,null,21.8,9.599,17.25,.391,48.28,25.92,0,29.28,null,null,null
301,01/06/2001,02/06/2001,6.320000171661377,null,null,null,27,Light Brown,odour free,8.2,286,null,null,0,.196,null,16.8,null,null,0,146.058,103.537,60,.38,null,24,10.449,23.92,3.128,42.6,15.84,0,89.06,null,null,null
302,01/06/2001,02/06/2001,6.320000171661377,null,null,null,27,Light Brown,odour free,8.2,286,null,null,0,.196,null,16.8,null,null,0,146.058,103.537,60,.38,null,24,10.449,23.92,3.128,42.6,15.84,0,89.06,null,null,null
303,01/08/2001,02/08/2001,53.367000579833984,null,null,null,23,Light Brown,odour free,7.6,342,null,null,0,.14,null,16.8,null,null,0,94,113.525,71,.399,0,28.4,10.206,34.04,2.346,61.06,.48,0,114.68,null,null,null
304,01/08/2001,02/08/2001,53.367000579833984,null,null,null,23,Light Brown,odour free,7.6,342,null,null,0,.14,null,16.8,null,null,0,94,113.525,71,.399,0,28.4,10.206,34.04,2.346,61.06,.48,0,114.68,null,null,null
305,01/09/2001,02/09/2001,14.519000053405762,null,null,null,23,Brown,odour free,8,374,null,null,0,.364,null,9,null,null,0,185.074,117.131,66,.437,null,26.4,12.271,40.94,1.564,66.03,9.6,0,112.85,null,null,null
306,01/09/2001,02/09/2001,14.519000053405762,null,null,null,23,Brown,odour free,8,374,null,null,0,.364,null,9,null,null,0,185.074,117.131,66,.437,null,26.4,12.271,40.94,1.564,66.03,9.6,0,112.85,null,null,null
307,01/10/2001,02/10/2001,82.83200073242188,null,null,null,23.5,Dark Brown,odour free,7.9,387,null,null,0,.196,null,25.5,null,null,0,163.065,118.137,66.5,.342,.05,26.6,12.393,43.93,1.173,78.1,10.08,0,99.43,null,null,null
308,01/10/2001,02/10/2001,82.83200073242188,null,null,null,23.5,Dark Brown,odour free,7.9,387,null,null,0,.196,null,25.5,null,null,0,163.065,118.137,66.5,.342,.05,26.6,12.393,43.93,1.173,78.1,10.08,0,99.43,null,null,null
309,01/11/2001,02/11/2001,7.623000144958496,null,null,null,25,Light Brown,odour free,7.7,388,null,null,0,.266,null,6.6,null,null,0,213.085,114.037,70.5,.133,.01,28.2,10.449,46,1.564,68.16,3.84,0,129.93,null,null,null
310,01/11/2001,02/11/2001,7.623000144958496,null,null,null,25,Light Brown,odour free,7.7,388,null,null,0,.266,null,6.6,null,null,0,213.085,114.037,70.5,.133,.01,28.2,10.449,46,1.564,68.16,3.84,0,129.93,null,null,null
311,01/03/2002,02/03/2002,0.5509999990463257,null,null,null,null,null,null,null,null,null,null,null,null,null,null,null,null,null,null,null,null,null,null,null,null,null,null,null,null,null,null,null,null,null
312,01/03/2002,02/03/2002,0.5509999990463257,null,null,null,null,null,null,null,null,null,null,null,null,null,null,null,null,null,null,null,null,null,null,null,null,null,null,null,null,null,null,null,null,null
313,01/06/2002,02/06/2002,2.864000082015991,null,null,null,23.6,Light Brown,odour free,7.9,550,null,null,0,.981,null,67.2,null,null,0,112.5,179.575,92.5,1.064,.28,37,20.898,57.04,2.737,80.94,49.92,0,137.25,null,null,null
314,01/06/2002,02/06/2002,2.864000082015991,null,null,null,23.6,Light Brown,odour free,7.9,550,null,null,0,.981,null,67.2,null,null,0,112.5,179.575,92.5,1.064,.28,37,20.898,57.04,2.737,80.94,49.92,0,137.25,null,null,null
315,01/07/2002,02/07/2002,0.6690000295639038,null,null,null,26.5,Light Brown,odour free,7.8,538,null,null,0,.28,null,27.9,null,null,0,200.08,163.031,79.5,.798,null,31.8,20.048,61.41,1.955,84.135,49.92,0,122,null,null,null
316,01/07/2002,02/07/2002,0.6690000295639038,null,null,null,26.5,Light Brown,odour free,7.8,538,null,null,0,.28,null,27.9,null,null,0,200.08,163.031,79.5,.798,null,31.8,20.048,61.41,1.955,84.135,49.92,0,122,null,null,null
317,01/09/2002,02/09/2002,1.4709999561309814,null,null,null,26,Brown,odour free,7.8,629,null,null,0,.56,null,null,null,null,0,140.5,196.325,89,.551,null,35.6,25.758,68.08,3.91,91.235,49.92,0,171.41,null,null,null
318,01/09/2002,02/09/2002,1.4709999561309814,null,null,null,26,Brown,odour free,7.8,629,null,null,0,.56,null,null,null,null,0,140.5,196.325,89,.551,null,35.6,25.758,68.08,3.91,91.235,49.92,0,171.41,null,null,null
319,01/10/2002,02/10/2002,1.3179999589920044,null,null,null,27,Dark Brown,odour free,7.9,531,null,null,0,.56,null,null,null,null,0,174,197.681,102,1.045,null,40.8,22.963,43.93,1.955,58.22,9.12,0,212.28,null,null,null
320,01/10/2002,02/10/2002,1.3179999589920044,null,null,null,27,Dark Brown,odour free,7.9,531,null,null,0,.56,null,null,null,null,0,174,197.681,102,1.045,null,40.8,22.963,43.93,1.955,58.22,9.12,0,212.28,null,null,null
321,01/11/2002,02/11/2002,65.26000213623047,null,null,null,25.5,Light Brown,odour free,7.9,523,null,null,0,.56,null,null,null,null,0,121.5,144.262,82.5,1.444,null,33,14.823,66.01,2.737,97.98,8.64,0,148.23,null,null,null
322,01/11/2002,02/11/2002,65.26000213623047,null,null,null,25.5,Light Brown,odour free,7.9,523,null,null,0,.56,null,null,null,null,0,121.5,144.262,82.5,1.444,null,33,14.823,66.01,2.737,97.98,8.64,0,148.23,null,null,null
323,01/12/2002,02/12/2002,8.918000221252441,null,null,null,24,Clear,odour free,8,383,null,null,0,.56,null,33.6,null,null,0,124,149.881,78.5,1.444,null,31.4,17.132,28.06,1.564,47.925,8.64,0,151.28,null,null,null
324,01/12/2002,02/12/2002,8.918000221252441,null,null,null,24,Clear,odour free,8,383,null,null,0,.56,null,33.6,null,null,0,124,149.881,78.5,1.444,null,31.4,17.132,28.06,1.564,47.925,8.64,0,151.28,null,null,null
325,01/01/2003,02/01/2003,0.12099999934434891,null,null,null,20,Clear,odour free,8.2,401,null,null,0,.56,null,33.6,null,null,0,115,189.631,98,.76,null,39.2,21.992,12.65,3.91,22.01,53.76,0,140.3,null,null,null
326,01/01/2003,02/01/2003,0.12099999934434891,null,null,null,20,Clear,odour free,8.2,401,null,null,0,.56,null,33.6,null,null,0,115,189.631,98,.76,null,39.2,21.992,12.65,3.91,22.01,53.76,0,140.3,null,null,null
327,01/10/2003,02/10/2003,null,null,null,null,26,Light Brown,odour free,6.6,390,null,null,0,.28,null,22.5,null,null,0,76.5,138.313,72.5,.361,null,29,15.795,24.15,3.519,44.02,36.48,0,93.33,null,null,null
328,04/10/2004,05/10/2004,5.449999809265137,null,null,null,26,Brown,odour free,8.13,589,null,null,null,4.35,null,4.8,null,null,0,163.016,181.581,94,.741,.13,37.6,21.02,51.19,25.806,88,20,0,198.88,null,null,null
329,04/10/2004,05/10/2004,5.449999809265137,null,null,null,26,Brown,odour free,8.13,589,null,null,null,4.35,null,4.8,null,null,0,163.016,181.581,94,.741,.13,37.6,21.02,51.19,25.806,88,20,0,198.88,null,null,null
330,01/11/2004,03/11/2004,4.349999904632568,null,null,null,25,Light Brown,odour free,8.04,549,null,null,null,4.2,null,12.6,null,null,0,155.697,118.188,62.5,.536,null,25,13.365,55.2,51.612,78.28,21,0,189.95,null,null,null
331,01/11/2004,03/11/2004,4.349999904632568,null,null,null,25,Light Brown,odour free,8.04,549,null,null,null,4.2,null,12.6,null,null,0,155.697,118.188,62.5,.536,null,25,13.365,55.2,51.612,78.28,21,0,189.95,null,null,null
332,01/08/2005,02/08/2005,10.899999618530273,null,null,null,22.5,Light Brown,odour free,7.66,385,null,null,0,4.904,null,6.6,null,null,0,146,126.238,66.5,.34,null,26.6,14.337,41.17,46.138,55.735,25.92,0,178.12,null,null,null
333,01/08/2005,02/08/2005,10.899999618530273,null,null,null,22.5,Light Brown,odour free,7.66,385,null,null,0,4.904,null,6.6,null,null,0,146,126.238,66.5,.34,null,26.6,14.337,41.17,46.138,55.735,25.92,0,178.12,null,null,null
334,01/09/2005,02/09/2005,32.93000030517578,null,null,null,25,Light Brown,odour free,7.72,380,null,null,null,null,null,2.4,null,null,0,46,63.394,31.5,.44,.24,12.6,7.655,28.29,1.955,38.695,21.12,0,56.12,null,null,null
335,01/09/2005,02/09/2005,32.93000030517578,null,null,null,25,Light Brown,odour free,7.72,380,null,null,null,null,null,2.4,null,null,0,46,63.394,31.5,.44,.24,12.6,7.655,28.29,1.955,38.695,21.12,0,56.12,null,null,null
336,03/10/2005,04/10/2005,23.06999969482422,null,null,null,25.5,Light Brown,odour free,7.93,440,null,null,null,null,null,1.2,null,null,0,42.623,67.575,39.325,.55,.2,15.73,6.78,73,4.1,98.56,33.3,0,52,null,null,null
337,03/10/2005,04/10/2005,23.06999969482422,null,null,null,25.5,Light Brown,odour free,7.93,440,null,null,null,null,null,1.2,null,null,0,42.623,67.575,39.325,.55,.2,15.73,6.78,73,4.1,98.56,33.3,0,52,null,null,null
338,02/11/2005,03/11/2005,23.40999984741211,null,null,null,24.5,Clear,odour free,7.36,1084,null,null,null,.556,null,3.2,null,null,0,98.361,153.117,90.45,.361,null,36.18,15.04,72.3,22.7,121.5,36.51,0,120,null,null,null
339,02/11/2005,03/11/2005,23.40999984741211,null,null,null,24.5,Clear,odour free,7.36,1084,null,null,null,.556,null,3.2,null,null,0,98.361,153.117,90.45,.361,null,36.18,15.04,72.3,22.7,121.5,36.51,0,120,null,null,null
340,01/12/2005,02/12/2005,6.78000020980835,null,null,null,22.5,Clear,odour free,8.22,427,null,null,null,null,null,1.8,null,null,0,121.312,118.142,58.975,.28,.16,23.59,14.2,100,29.7,147.56,12.2,0,148,null,null,null
341,01/12/2005,02/12/2005,6.78000020980835,null,null,null,22.5,Clear,odour free,8.22,427,null,null,null,null,null,1.8,null,null,0,121.312,118.142,58.975,.28,.16,23.59,14.2,100,29.7,147.56,12.2,0,148,null,null,null
342,01/05/2006,02/05/2006,1.2699999809265137,null,null,null,28.5,Clear,odour free,7.4,273,null,null,1,null,null,.98,null,null,0,152.459,182.417,89.5,.3,.12,35.8,22.3,85.7,14.1,123.4,43.89,0,186,null,null,null
343,01/05/2006,02/05/2006,1.2699999809265137,null,null,null,28.5,Clear,odour free,7.4,273,null,null,1,null,null,.98,null,null,0,152.459,182.417,89.5,.3,.12,35.8,22.3,85.7,14.1,123.4,43.89,0,186,null,null,null
344,01/05/2008,02/05/2008,3.059000015258789,null,null,null,27,Clear,odour free,7.8,653,null,null,null,1.233,null,38.625,null,null,0,198.852,213.262,111,.304,.118,44.4,24.543,51.98,7.038,71.62,13.728,0,242.6,null,null,null
345,01/05/2008,02/05/2008,3.059000015258789,null,null,null,27,Clear,odour free,7.8,653,null,null,null,1.233,null,38.625,null,null,0,198.852,213.262,111,.304,.118,44.4,24.543,51.98,7.038,71.62,13.728,0,242.6,null,null,null
346,02/06/2008,03/06/2008,4.5279998779296875,null,null,null,26.5,Clear,odour free,8.02,432,null,null,null,.42,null,null,null,null,0,115.5,116.35,88,.532,null,35.2,6.804,42.26,4.301,56.8,14.88,0,140.91,null,null,null
347,02/06/2008,03/06/2008,4.5279998779296875,null,null,null,26.5,Clear,odour free,8.02,432,null,null,null,.42,null,null,null,null,0,115.5,116.35,88,.532,null,35.2,6.804,42.26,4.301,56.8,14.88,0,140.91,null,null,null
348,01/08/2008,02/08/2008,29.110000610351563,null,null,null,24.8,Light Brown,odour free,8.2,696,null,null,null,.897,null,null,null,null,0,161.5,189.05,104,.076,null,41.6,20.412,66.738,6.1,88.573,63.456,0,197.03,null,null,null
349,01/08/2008,02/08/2008,29.110000610351563,null,null,null,24.8,Light Brown,odour free,8.2,696,null,null,null,.897,null,null,null,null,0,161.5,189.05,104,.076,null,41.6,20.412,66.738,6.1,88.573,63.456,0,197.03,null,null,null
350,01/09/2008,02/09/2008,27.31999969482422,null,null,null,25,Light Brown,odour free,7.82,422,null,null,null,2.494,null,null,null,null,0,119.2,92.25,72,.779,null,28.8,4.86,48.53,5.552,44.304,26.096,0,145.424,null,null,null
351,01/09/2008,02/09/2008,27.31999969482422,null,null,null,25,Light Brown,odour free,7.82,422,null,null,null,2.494,null,null,null,null,0,119.2,92.25,72,.779,null,28.8,4.86,48.53,5.552,44.304,26.096,0,145.424,null,null,null
352,03/10/2008,04/10/2008,4.514999866485596,null,null,null,26.3,Clear,odour free,7.84,623,null,null,null,.699,null,9.13,null,null,0,210,165.05,80,.855,.36,32,20.412,78.2,2.737,59.64,23.52,0,256.2,null,null,null
353,03/10/2008,04/10/2008,4.514999866485596,null,null,null,26.3,Clear,odour free,7.84,623,null,null,null,.699,null,9.13,null,null,0,210,165.05,80,.855,.36,32,20.412,78.2,2.737,59.64,23.52,0,256.2,null,null,null
354,03/11/2008,04/11/2008,11.609999656677246,null,null,null,24.8,Clear,odour free,8.01,493,null,null,null,.462,null,10.228,null,null,0,185.5,140.7,84,.627,.172,33.6,13.608,57.73,3.128,41.18,13.968,0,226.31,null,null,null
355,03/11/2008,04/11/2008,11.609999656677246,null,null,null,24.8,Clear,odour free,8.01,493,null,null,null,.462,null,10.228,null,null,0,185.5,140.7,84,.627,.172,33.6,13.608,57.73,3.128,41.18,13.968,0,226.31,null,null,null
356,01/12/2008,02/12/2008,35.54999923706055,null,null,null,24.5,Clear,odour free,8.16,614,null,null,null,.504,null,11.543,null,null,0,195.5,173,92,.475,.148,36.8,19.44,58.65,2.346,61.77,26.112,0,238.51,null,null,null
357,01/12/2008,02/12/2008,35.54999923706055,null,null,null,24.5,Clear,odour free,8.16,614,null,null,null,.504,null,11.543,null,null,0,195.5,173,92,.475,.148,36.8,19.44,58.65,2.346,61.77,26.112,0,238.51,null,null,null
358,01/06/2009,02/06/2009,15.067000389099121,null,null,null,25.6,Clear,odour free,7.94,546,null,null,null,.49,null,14.088,null,null,0,173,144.8,80,.646,.09,32,15.552,59.34,5.083,50.765,20.256,0,211.06,null,null,null
359,01/06/2009,02/06/2009,15.067000389099121,null,null,null,25.6,Clear,odour free,7.94,546,null,null,null,.49,null,14.088,null,null,0,173,144.8,80,.646,.09,32,15.552,59.34,5.083,50.765,20.256,0,211.06,null,null,null
360,03/08/2009,04/08/2009,14.402000427246094,null,null,null,22.25,Clear,odour free,8.08,722,null,null,null,.742,null,14.775,null,null,0,225,176.95,100,.836,.143,40,18.468,94.438,5.787,70.006,54.048,0,274.5,null,null,null
361,03/08/2009,04/08/2009,14.402000427246094,null,null,null,22.25,Clear,odour free,8.08,722,null,null,null,.742,null,14.775,null,null,0,225,176.95,100,.836,.143,40,18.468,94.438,5.787,70.006,54.048,0,274.5,null,null,null
362,01/09/2009,02/09/2009,18.30500030517578,null,null,null,25,Clear,odour free,7.72,530,null,null,null,2.592,null,9.599,null,null,0,169.2,140.75,80,.817,.057,32,14.58,59.915,5.318,44.304,35.088,0,206.424,null,null,null
363,01/09/2009,02/09/2009,18.30500030517578,null,null,null,25,Clear,odour free,7.72,530,null,null,null,2.592,null,9.599,null,null,0,169.2,140.75,80,.817,.057,32,14.58,59.915,5.318,44.304,35.088,0,206.424,null,null,null
364,05/10/2009,06/10/2009,48.255001068115234,null,null,null,24.5,Light Brown,odour free,7.87,393,null,null,null,1.05,null,8.702,null,null,0,141.15,120.6,72,.475,.135,28.8,11.664,37.306,4.418,32.731,11.376,0,172.203,null,null,null
365,05/10/2009,06/10/2009,48.255001068115234,null,null,null,24.5,Light Brown,odour free,7.87,393,null,null,null,1.05,null,8.702,null,null,0,141.15,120.6,72,.475,.135,28.8,11.664,37.306,4.418,32.731,11.376,0,172.203,null,null,null
366,03/11/2009,04/11/2009,13.579000473022461,null,null,null,27,Clear,odour free,7.57,520,null,null,null,.785,null,9.262,null,null,0,188.2,152.85,84,.589,.157,33.6,16.524,58.236,3.519,48.599,21.648,0,229.604,null,null,null
367,03/11/2009,04/11/2009,13.579000473022461,null,null,null,27,Clear,odour free,7.57,520,null,null,null,.785,null,9.262,null,null,0,188.2,152.85,84,.589,.157,33.6,16.524,58.236,3.519,48.599,21.648,0,229.604,null,null,null
368,01/12/2009,02/12/2009,4.620999813079834,null,null,null,25,Clear,odour free,7.81,644,null,null,null,1.049,null,10.787,null,null,0,229.1,168.85,100,.57,.129,40,16.524,80.638,4.184,57.758,29.712,0,279.502,null,null,null
369,01/12/2009,02/12/2009,4.620999813079834,null,null,null,25,Clear,odour free,7.81,644,null,null,null,1.049,null,10.787,null,null,0,229.1,168.85,100,.57,.129,40,16.524,80.638,4.184,57.758,29.712,0,279.502,null,null,null
370,01/01/2010,02/01/2010,6.671999931335449,null,null,null,23.5,Clear,odour free,8.22,552,null,null,0,.994,null,11.856,null,null,0,174.75,136.85,68,.494,.083,27.2,16.524,62.836,4.418,60.279,23.616,0,213.195,null,null,null
371,01/01/2010,02/01/2010,6.671999931335449,null,null,null,23.5,Clear,odour free,8.22,552,null,null,0,.994,null,11.856,null,null,0,174.75,136.85,68,.494,.083,27.2,16.524,62.836,4.418,60.279,23.616,0,213.195,null,null,null
372,01/07/2010,01/07/2010,2.9579999446868896,null,null,null,26.5,Clear,odour free,8,695,null,null,null,null,null,null,null,null,0,229.1,181.05,96,0,null,38.4,20.412,88.849,3.284,69.331,41.856,0,279.502,null,null,null
373,01/07/2010,01/07/2010,2.9579999446868896,null,null,null,26.5,Clear,odour free,8,695,null,null,null,null,null,null,null,null,0,229.1,181.05,96,0,null,38.4,20.412,88.849,3.284,69.331,41.856,0,279.502,null,null,null
374,02/08/2010,02/08/2010,27.40999984741211,null,null,null,24.5,Light Brown,odour free,7.89,565,null,null,null,1.317,null,13.234,null,null,0,169.2,148.8,84,.893,.085,33.6,15.552,67.827,2.502,51.972,39.6,0,206.424,null,null,null
375,02/08/2010,02/08/2010,27.40999984741211,null,null,null,24.5,Light Brown,odour free,7.89,565,null,null,null,1.317,null,13.234,null,null,0,169.2,148.8,84,.893,.085,33.6,15.552,67.827,2.502,51.972,39.6,0,206.424,null,null,null
376,01/09/2010,01/09/2010,48.33000183105469,null,null,null,25.8,Light Brown,odour free,7.54,451,null,null,null,1.373,null,7.502,null,null,0,156.1,132.7,76,.76,null,30.4,13.608,46,5.513,38.162,13.776,0,190.442,null,null,null
377,01/09/2010,01/09/2010,48.33000183105469,null,null,null,25.8,Light Brown,odour free,7.54,451,null,null,null,1.373,null,7.502,null,null,0,156.1,132.7,76,.76,null,30.4,13.608,46,5.513,38.162,13.776,0,190.442,null,null,null
378,04/10/2010,04/10/2010,48.29999923706055,null,null,null,27,Light Brown,odour free,7.8,549,null,null,null,1.035,null,8.691,null,null,0,157.65,165.1,76,.57,null,30.4,21.384,38.41,4.809,57.758,17.28,0,192.333,null,null,null
379,04/10/2010,04/10/2010,48.29999923706055,null,null,null,27,Light Brown,odour free,7.8,549,null,null,null,1.035,null,8.691,null,null,0,157.65,165.1,76,.57,null,30.4,21.384,38.41,4.809,57.758,17.28,0,192.333,null,null,null
380,01/11/2010,01/11/2010,25.8700008392334,null,null,null,28.5,Light Brown,odour free,7.79,474,null,null,null,.686,null,5.912,null,null,0,165.35,138.6,90,.437,.278,36,11.664,47.61,2.581,43.665,16.301,0,201.727,null,null,null
381,01/11/2010,01/11/2010,25.8700008392334,null,null,null,28.5,Light Brown,odour free,7.79,474,null,null,null,.686,null,5.912,null,null,0,165.35,138.6,90,.437,.278,36,11.664,47.61,2.581,43.665,16.301,0,201.727,null,null,null
382,01/12/2010,01/12/2010,31.270000457763672,null,null,null,29,Light Brown,odour free,7.99,517,null,null,null,.714,null,10.58,null,null,0,162.85,145.75,85,.361,.04,34,14.58,49.22,5.709,57.155,12.096,0,198.677,null,null,null
383,01/12/2010,01/12/2010,31.270000457763672,null,null,null,29,Light Brown,odour free,7.99,517,null,null,null,.714,null,10.58,null,null,0,162.85,145.75,85,.361,.04,34,14.58,49.22,5.709,57.155,12.096,0,198.677,null,null,null
384,03/01/2011,03/01/2011,0.9470000267028809,null,null,null,28.5,Clear,odour free,7.81,820,null,null,null,1.639,null,14.494,null,null,0,242.4,209.25,108,.684,.097,43.2,24.3,97.244,5.982,97.625,54.24,0,295.728,null,null,null
385,03/01/2011,03/01/2011,0.9470000267028809,null,null,null,28.5,Clear,odour free,7.81,820,null,null,null,1.639,null,14.494,null,null,0,242.4,209.25,108,.684,.097,43.2,24.3,97.244,5.982,97.625,54.24,0,295.728,null,null,null
386,01/06/2011,02/06/2011,27.360000610351563,null,null,null,29,Light Brown,odour free,7.69,637,null,null,null,.883,null,9.979,null,null,0,197.6,152.85,84,.779,.047,33.6,16.524,73.232,4.809,64.255,42.096,0,241.072,null,null,null
387,01/06/2011,02/06/2011,27.360000610351563,null,null,null,29,Light Brown,odour free,7.69,637,null,null,null,.883,null,9.979,null,null,0,197.6,152.85,84,.779,.047,33.6,16.524,73.232,4.809,64.255,42.096,0,241.072,null,null,null
388,01/07/2011,02/07/2011,3.5139999389648438,null,null,null,28.5,Light Brown,odour free,7.94,685,null,null,null,1.275,null,9.102,null,null,0,210.9,176.85,108,.931,.052,43.2,16.524,82.225,4.887,70.29,58.752,0,257.298,null,null,null
389,01/07/2011,02/07/2011,3.5139999389648438,null,null,null,28.5,Light Brown,odour free,7.94,685,null,null,null,1.275,null,9.102,null,null,0,210.9,176.85,108,.931,.052,43.2,16.524,82.225,4.887,70.29,58.752,0,257.298,null,null,null
390,01/08/2011,02/08/2011,9.920999526977539,null,null,null,28,Light Brown,odour free,7.86,632,null,null,null,.827,null,15.732,null,null,0,193.4,160.85,92,.418,.055,36.8,16.524,71.829,5.982,66.03,25.488,0,235.948,null,null,null
391,01/08/2011,02/08/2011,9.920999526977539,null,null,null,28,Light Brown,odour free,7.86,632,null,null,null,.827,null,15.732,null,null,0,193.4,160.85,92,.418,.055,36.8,16.524,71.829,5.982,66.03,25.488,0,235.948,null,null,null
392,02/09/2011,03/09/2011,34.380001068115234,null,null,null,28,Light Brown,odour free,7.73,516,null,null,null,1.961,null,10.592,null,null,0,169.4,132.75,72,.855,null,28.8,14.58,59.432,4.809,50.765,19.584,0,206.668,null,null,null
393,02/09/2011,03/09/2011,34.380001068115234,null,null,null,28,Light Brown,odour free,7.73,516,null,null,null,1.961,null,10.592,null,null,0,169.4,132.75,72,.855,null,28.8,14.58,59.432,4.809,50.765,19.584,0,206.668,null,null,null
394,04/10/2011,05/10/2011,32.869998931884766,null,null,null,29,Light Brown,odour free,7.32,526,null,null,null,1.653,null,7.516,null,null,0,189.25,148.8,84,null,null,33.6,15.552,59.225,2.385,46.505,13.68,0,230.885,null,null,null
395,04/10/2011,05/10/2011,32.869998931884766,null,null,null,29,Light Brown,odour free,7.32,526,null,null,null,1.653,null,7.516,null,null,0,189.25,148.8,84,null,null,33.6,15.552,59.225,2.385,46.505,13.68,0,230.885,null,null,null
396,01/11/2011,02/11/2011,13.187999725341797,null,null,null,28.5,Light Brown,odour free,7.3,504,null,null,null,1.316,null,null,null,null,null,null,112.3,88,null,null,35.2,5.832,60.421,1.916,22.72,15.456,0,235.399,null,null,null
397,01/11/2011,02/11/2011,13.187999725341797,null,null,null,28.5,Light Brown,odour free,7.3,504,null,null,null,1.316,null,null,null,null,null,null,112.3,88,null,null,35.2,5.832,60.421,1.916,22.72,15.456,0,235.399,null,null,null
398,02/12/2011,03/12/2011,0.5130000114440918,null,null,null,28.5,Light Brown,odour free,7.33,911,null,null,null,1.597,null,11.351,null,null,0,294.1,217.25,116,null,null,46.4,24.3,124.246,4.184,92.655,47.52,0,358.802,null,null,null
399,02/12/2011,03/12/2011,0.5130000114440918,null,null,null,28.5,Light Brown,odour free,7.33,911,null,null,null,1.597,null,11.351,null,null,0,294.1,217.25,116,null,null,46.4,24.3,124.246,4.184,92.655,47.52,0,358.802,null,null,null
400,01/05/2012,02/05/2012,40.28099822998047,null,null,null,29.5,Clear,odour free,7.5,531,null,null,null,2.605,null,null,null,null,0,180.65,161,80,.836,null,32,19.44,54.027,4.184,47.925,19.056,0,220.393,null,null,null
401,01/05/2012,02/05/2012,40.28099822998047,null,null,null,29.5,Clear,odour free,7.5,531,null,null,null,2.605,null,null,null,null,0,180.65,161,80,.836,null,32,19.44,54.027,4.184,47.925,19.056,0,220.393,null,null,null
