Standard Parameter Analysis Data of : Chapra (GBI00H1)
Laboratory : BEHRAMPORE 
Period : January-2001 To January-2015 
S.No.,Date_of_Collection,Date_of_Receipt,Discharge(cumecs),pH_FLD,EC_FLD(umho/cm),DO(mg/l),Water Temp(deg C),Colour,Odour,pH_GEN,EC_GEN(umho/cm),TDS(mg/l),SS(mg/l),NH3(mg N/l),NO2+NO3(mg N/l),Total_Nutrients(mg P/l),SiO2(mg/l),BOD(mg/l),COD(mg/l),Phen(mg CaCO3/l),Total_Alkallnity(mg CaCO3/l),Total_Hardness(mg CaCO3/l),Ca_Hardness(mg CaCO3/l),F(mg/l),B(mg/l),Ca_Major_Ions(mg/l),Mg(mg/l),Na(mg/l),K(mg/l),Cl(mg/l),SO4(mg/l),CO3(mg/l),HCO3(mg/l),Total_Coliforms(MPN/100ml),Faecal(MPN/100ml),Chlorophyll-A(ug/L)
1,01/06/2001,02/06/2001,null,null,null,null,null,null,null,null,null,null,null,null,null,null,null,null,null,null,null,null,null,null,null,null,null,null,null,null,null,null,null,null,null,null
2,01/07/2001,02/07/2001,null,8.1,335,null,30,null,odour free,null,null,null,null,null,null,null,null,null,null,.066,3.863,8.225,3.225,null,null,1.29,1.2,.52,.07,.45,.16,.08,4.55,null,null,null
3,01/08/2001,02/08/2001,null,8.2,211,null,30,null,odour free,null,null,null,null,null,null,null,null,null,null,.133,1.972,6.808,3.225,null,null,1.29,.86,.26,.09,.33,.18,.16,2.08,null,null,null
4,01/09/2001,02/09/2001,null,8,227,null,31,null,odour free,null,null,null,null,null,null,null,null,null,null,.133,2.103,7.025,4.525,null,null,1.81,.6,.26,.1,.4,.52,.16,2.24,null,null,null
5,01/10/2001,02/10/2001,null,8,253,null,30.5,null,odour free,null,null,null,null,null,null,null,null,null,null,.133,.586,8.108,4.525,null,null,1.81,.86,.34,.13,.33,.22,.16,.39,null,null,null
6,01/11/2001,02/11/2001,null,7.7,329,null,28,null,odour free,null,null,null,null,null,null,null,null,null,null,.066,2.74,8.908,4.95,null,null,1.98,.95,.4,.11,.38,.13,.08,3.18,null,null,null
7,01/12/2001,02/12/2001,null,7.8,538,null,24,null,odour free,null,null,null,null,null,null,null,null,null,null,null,null,15.325,10.325,null,null,4.13,1.2,.62,.11,.39,.12,null,6.47,null,null,null
8,01/02/2002,02/02/2002,null,8.3,591,null,21.5,null,odour free,null,null,null,null,null,null,null,null,null,null,.332,5.47,13.042,5.875,null,null,2.35,1.72,.7,.1,.54,.02,.4,5.86,null,null,null
9,01/03/2002,02/03/2002,null,7.9,632,null,26,null,odour free,null,null,null,null,null,null,null,null,null,null,.133,4.742,13.275,7.525,null,null,3.01,1.38,.79,.1,.51,.09,.16,5.46,null,null,null
10,01/04/2002,02/04/2002,null,8,531,null,29,null,odour free,null,null,null,null,null,null,null,null,null,null,.332,5.273,12.25,6.875,null,null,2.75,1.29,.85,.13,.54,.02,.4,5.62,null,null,null
11,01/05/2002,02/05/2002,null,8.1,547,null,31,null,odour free,null,null,null,null,null,null,null,null,null,null,.332,4.552,12.05,6.675,null,null,2.67,1.29,.79,.49,.57,.16,.4,4.74,null,null,null
12,01/06/2002,02/06/2002,null,8.2,506,null,33,null,odour free,null,null,null,null,null,null,null,null,null,null,.531,4.788,11.4,6.025,null,null,2.41,1.29,.75,.11,.54,.1,.64,4.54,null,null,null
13,01/07/2002,02/07/2002,null,8.1,456,null,31,null,odour free,null,null,null,null,null,null,null,null,null,null,.332,4.224,11.183,4.725,null,null,1.89,1.55,.57,.11,.46,.07,.4,4.34,null,null,null
14,01/08/2002,02/08/2002,null,8.1,211,null,31,null,odour free,null,null,null,null,null,null,null,null,null,null,.199,1.933,5.867,4.075,null,null,1.63,.43,.23,.13,.5,.28,.24,1.87,null,null,null
15,01/09/2002,02/09/2002,null,7.9,253,null,30.5,null,odour free,null,null,null,null,null,null,null,null,null,null,null,null,6.75,3.875,null,null,1.55,.69,.41,.15,.28,.28,null,2.31,null,null,null
16,01/10/2002,02/10/2002,null,8.1,253,null,30.5,null,odour free,null,null,null,null,null,null,null,null,null,null,.066,1.928,7.175,4.3,null,null,1.72,.69,.43,.11,.33,.26,.08,2.19,null,null,null
17,01/11/2002,02/11/2002,null,8.2,532,null,28,null,odour free,null,null,null,null,null,null,null,null,null,null,.133,4.644,13.017,6.225,null,null,2.49,1.63,.7,.12,.46,.17,.16,5.34,null,null,null
18,01/12/2002,02/12/2002,null,8.2,656,null,25.5,null,odour free,null,null,null,null,null,null,null,null,null,null,.058,5.297,16.408,10.325,null,null,4.13,1.46,1.04,.11,.51,.09,.07,6.32,null,null,null
19,01/01/2003,02/01/2003,null,8.1,666,null,20.5,null,odour free,null,null,null,null,null,null,null,null,null,null,null,null,16.633,7.3,null,null,2.92,2.24,1,.12,.51,.01,null,6.29,null,null,null
20,01/02/2003,02/02/2003,null,7.9,617,null,21,null,odour free,null,null,null,null,null,null,null,null,null,null,.116,4.578,14.558,5.6,null,null,2.24,2.15,1.02,.11,.49,.09,.14,5.3,null,null,null
21,01/03/2003,03/03/2003,null,8,641,null,29,null,odour free,null,null,null,null,null,null,null,null,null,null,.232,4.524,18.225,7.1,null,null,2.84,2.67,1,.13,.51,.1,.28,4.95,null,null,null
22,01/04/2003,02/04/2003,null,8.1,562,null,29,null,odour free,null,null,null,null,null,null,null,null,null,null,.357,4.577,15.55,7.3,null,null,2.92,1.98,1.13,.13,.58,.02,.43,4.71,null,null,null
23,01/05/2003,02/05/2003,null,8,534,null,30.5,null,odour free,null,null,null,null,null,null,null,null,null,null,.299,4.461,13.667,6.875,null,null,2.75,1.63,1.3,.13,.58,.17,.36,4.71,null,null,null
24,01/06/2003,02/06/2003,null,8.1,497,null,33.5,null,odour free,null,null,null,null,null,null,null,null,null,null,.357,4.192,8.733,5.15,null,null,2.06,.86,1.3,.14,.58,.02,.43,4.24,null,null,null
25,01/07/2003,02/07/2003,null,8.5,401,null,30.5,null,odour free,null,null,null,null,null,null,null,null,null,null,.299,3.698,11.467,4.3,null,null,1.72,1.72,1.05,.1,.58,.09,.36,3.78,null,null,null
26,01/08/2003,02/08/2003,null,8.3,210,null,30,null,odour free,null,null,null,null,null,null,null,null,null,null,.116,1.766,6.658,3.45,null,null,1.38,.77,.5,.11,.36,.52,.14,1.87,null,null,null
27,01/09/2003,02/09/2003,null,8,203,null,31,null,odour free,null,null,null,null,null,null,null,null,null,null,.241,1.983,6.375,3.875,null,null,1.55,.6,.57,.14,.29,.17,.29,1.83,null,null,null
28,01/10/2003,02/10/2003,null,8.4,226,null,30,null,odour free,null,null,null,null,null,null,null,null,null,null,.183,2.047,8.317,3.65,null,null,1.46,1.12,.53,.11,.34,.17,.22,2.05,null,null,null
29,01/11/2003,02/11/2003,null,8.2,255,null,29,null,odour free,null,null,null,null,null,null,null,null,null,null,.116,2.504,7.025,4.525,null,null,1.81,.6,.73,.12,.27,.12,.14,2.77,null,null,null
30,01/12/2003,02/12/2003,null,8.2,504,null,23.5,null,odour free,null,null,null,null,null,null,null,null,null,null,.183,4.703,12.783,8.825,null,null,3.53,.95,.76,.12,.39,.07,.22,5.29,null,null,null
31,01/01/2004,02/01/2004,null,8.2,583,null,22.5,null,odour free,null,null,null,null,null,null,null,null,null,null,.241,5.762,14.392,10.1,null,null,4.04,1.03,.74,.11,.41,.09,.29,6.44,null,null,null
32,01/02/2004,02/02/2004,null,8.1,602,null,23,null,odour free,null,null,null,null,null,null,null,null,null,null,.183,5.817,15.717,8.175,null,null,3.27,1.81,1.43,.11,.49,.04,.22,6.65,null,null,null
33,01/03/2004,02/03/2004,null,8.1,592,null,25.5,null,odour free,null,null,null,null,null,null,null,null,null,null,.241,5.934,15.917,8.375,null,null,3.35,1.81,1,.11,.41,.07,.29,6.65,null,null,null
34,01/04/2004,02/04/2004,null,8.2,447,null,30,null,odour free,null,null,null,null,null,null,null,null,null,null,.241,4.377,11.483,7.525,null,null,3.01,.95,1,11,.56,.09,.29,4.75,null,null,null
35,01/05/2004,02/05/2004,null,8.4,444,null,32.5,null,odour free,null,null,null,null,null,null,null,null,null,null,.481,4.295,11.9,3.65,null,null,1.46,1.98,1.39,.12,.51,null,.58,4.06,null,null,null
36,01/06/2004,02/06/2004,null,8.5,438,null,32,null,odour free,null,null,null,null,null,null,null,null,null,null,.539,4.387,11.892,4.725,null,null,1.89,1.72,1.24,.11,.56,.04,.65,4.03,null,null,null
37,01/07/2004,02/07/2004,null,8.3,368,null,33,null,odour free,null,null,null,null,null,null,null,null,null,null,.589,3.675,10.542,3,null,null,1.2,1.81,1.27,.09,.5,null,.71,3.04,null,null,null
38,01/08/2004,02/08/2004,null,8,211,null,31.5,null,odour free,null,null,null,null,null,null,null,null,null,null,.174,2.022,5.875,3,null,null,1.2,.69,.61,.12,.31,.17,.21,2.04,null,null,null
39,01/09/2004,02/09/2004,null,8.1,214,null,31,null,odour free,null,null,null,null,null,null,null,null,null,null,.116,2.078,290.725,3.225,null,null,1.29,69,.57,.1,.29,.26,.14,2.25,null,null,null
40,01/10/2004,02/10/2004,null,7.8,250,null,31,null,odour free,null,null,null,null,null,null,null,null,null,null,null,null,6.95,4.075,null,null,1.63,.69,.72,.11,.3,.11,null,2.64,null,null,null
41,01/11/2004,02/11/2004,null,7.9,319,null,27.5,null,odour free,null,null,null,null,null,null,null,null,null,null,null,null,10.467,5.8,null,null,2.32,1.12,.7,.09,.37,.04,null,4.32,null,null,null
42,01/12/2004,02/12/2004,null,8.3,601,null,25,null,odour free,null,null,null,null,null,null,null,null,null,null,.357,6.487,15.483,9.025,null,null,3.61,1.55,1.21,.11,.47,.04,.43,7.04,null,null,null
43,01/01/2005,02/01/2005,null,8.1,501,null,22,null,odour free,null,null,null,null,null,null,null,null,null,null,null,null,12.6,10.1,null,null,4.04,.6,1.15,.09,.47,.1,null,7.96,null,null,null
44,01/02/2005,02/02/2005,null,8.2,601,null,22,null,odour free,null,null,null,null,null,null,null,null,null,null,.241,6.369,15.758,9.675,null,null,3.87,1.46,1.13,.09,.47,.02,.29,7.18,null,null,null
45,01/03/2005,02/03/2005,null,8.1,604,null,26,null,odour free,null,null,null,null,null,null,null,null,null,null,.241,5.639,14.9,9.9,null,null,3.96,1.2,1.1,.09,.47,.02,.29,6.29,null,null,null
46,01/04/2005,02/04/2005,null,8,547,null,29.5,null,odour free,null,null,null,null,null,null,null,null,null,null,null,null,13.608,7.525,null,null,3.01,1.46,.9,.09,.49,.02,null,5.96,null,null,null
47,01/05/2005,02/05/2005,null,8.2,517,null,31,null,odour free,null,null,null,null,null,null,null,null,null,null,.299,4.666,8.183,7.1,null,null,2.84,.26,1.31,.1,.54,.03,.36,4.96,null,null,null
48,01/07/2005,02/07/2005,null,8.5,339,null,31,null,odour free,null,null,null,null,null,null,null,null,null,null,.174,2.981,12.033,3.45,null,null,1.38,2.06,1.17,.08,.61,.01,.21,3.21,null,null,null
49,01/08/2005,02/08/2005,null,8.2,187,null,31.5,null,odour free,null,null,null,null,null,null,null,null,null,null,.183,1.695,8.542,3.875,null,null,1.55,1.12,.57,.09,.28,.53,.22,1.62,null,null,null
50,01/09/2005,02/09/2005,null,7.9,194,null,30.5,null,odour free,null,null,null,null,null,null,null,null,null,null,.174,1.67,7.608,3.65,null,null,1.46,.95,.57,.09,.33,.29,.21,1.61,null,null,null
51,01/10/2005,02/10/2005,null,8,220,null,29,null,odour free,null,null,null,null,null,null,null,null,null,null,.232,2.073,7.283,4.075,null,null,1.63,.77,.74,.11,.37,.53,.28,1.96,null,null,null
52,01/11/2005,02/11/2005,null,8.2,273,null,28,null,odour free,null,null,null,null,null,null,null,null,null,null,.174,2.391,9.892,5.6,null,null,2.24,1.03,.82,.1,.35,.05,.21,2.49,null,null,null
53,01/12/2005,02/12/2005,null,8.2,407,null,24,null,odour free,null,null,null,null,null,null,null,null,null,null,.232,4.549,16.7,8.825,null,null,3.53,1.89,1.03,.09,.45,.03,.28,4.98,null,null,null
54,01/01/2006,02/01/2006,null,8.1,581,null,21.5,null,odour free,null,null,null,null,null,null,null,null,null,null,null,null,14.317,7.525,null,null,3.01,1.63,1.05,.1,.42,.02,null,8.67,null,null,null
55,01/02/2006,02/02/2006,null,8,598,null,23,null,odour free,null,null,null,null,null,null,null,null,null,null,.232,5.27,15.392,8.6,null,null,3.44,1.63,.96,.09,.49,.03,.28,5.86,null,null,null
56,01/03/2006,02/03/2006,null,8,624,null,29.5,null,odour free,null,null,null,null,null,null,null,null,null,null,.349,5.126,12.783,8.825,null,null,3.53,.95,.96,.1,.52,.02,.42,5.4,null,null,null
57,01/04/2006,02/04/2006,null,7.9,575,null,31,null,odour free,null,null,null,null,null,null,null,null,null,null,.282,4.55,15.883,7.3,null,null,2.92,2.06,1.3,.1,.56,.04,.34,4.86,null,null,null
58,01/05/2006,02/05/2006,null,8.1,541,null,32,null,odour free,null,null,null,null,null,null,null,null,null,null,.232,4.081,12.75,7.75,null,null,3.1,1.2,1.07,.09,.08,.18,.28,4.41,null,null,null
59,01/06/2006,02/06/2006,null,8.3,382,null,31,null,odour free,null,null,null,null,null,null,null,null,null,null,null,null,13.033,4.075,null,null,1.63,2.15,1.13,.09,.49,.02,null,3.76,null,null,null
60,01/07/2006,02/07/2006,null,8.1,337,null,32.5,null,odour free,null,null,null,null,null,null,null,null,null,null,.34,2.946,2647.167,2637.5,null,null,1055,2.32,1.28,.12,.51,.01,.41,2.76,null,null,null
61,01/08/2006,02/08/2006,null,8.1,236,null,31,null,odour free,null,null,null,null,null,null,null,null,null,null,.34,1.929,5.433,4.725,null,null,1.89,.17,.78,.1,.33,.23,.41,1.52,null,null,null
62,01/09/2006,02/09/2006,null,8.2,220,null,30,null,odour free,null,null,null,null,null,null,null,null,null,null,.232,1.77,7.283,4.075,null,null,1.63,.77,.74,.09,.33,.36,.28,1.59,null,null,null
63,01/10/2006,02/10/2006,null,8.2,240,null,31,null,odour free,null,null,null,null,null,null,null,null,null,null,.24,2.211,9.45,4.075,null,null,1.63,1.29,.74,.1,.37,.07,.289,2.11,null,null,null
64,01/11/2006,02/11/2006,null,8,416,null,28.58,null,odour free,null,null,null,null,null,null,null,null,null,null,.174,3.112,11.975,6.225,null,null,2.49,1.38,.91,.09,.42,.03,.21,3.37,null,null,null
65,01/12/2006,02/12/2006,null,8.1,641,null,23,null,odour free,null,null,null,null,null,null,null,null,null,null,null,null,109.25,101,null,null,40.4,1.98,.96,.1,.47,.01,null,6.01,null,null,null
66,01/01/2007,02/01/2007,null,7.9,691,null,21.5,null,odour free,null,null,null,null,null,null,null,null,null,null,null,null,17.442,9.9,null,null,3.96,1.81,1.06,.9,.45,.01,null,5.72,null,null,null
67,01/02/2007,02/02/2007,null,8.1,559,null,23.5,null,odour free,null,null,null,null,null,null,null,null,null,null,.183,4.645,14.45,9.45,null,null,3.78,1.2,.92,.11,.52,.01,.22,5.22,null,null,null
68,01/03/2007,02/03/2007,null,7.9,554,null,26,null,odour free,null,null,null,null,null,null,null,null,null,null,.241,4.549,17.2,6.45,null,null,2.58,2.58,1.13,.07,.47,.01,.29,4.96,null,null,null
69,01/04/2007,02/04/2007,null,8.1,539,null,30,null,odour free,null,null,null,null,null,null,null,null,null,null,.415,4.251,13.992,6.45,null,null,2.58,1.81,1.21,.12,.52,.01,.5,4.17,null,null,null
70,01/05/2007,02/05/2007,null,8.1,474,null,32,null,odour free,null,null,null,null,null,null,null,null,null,null,.481,4.213,14.1,6.225,null,null,2.49,1.89,1.22,.09,.58,.01,.58,3.96,null,null,null
71,01/06/2007,02/06/2007,null,7.2,1327,null,27,null,odour free,null,null,null,null,null,null,null,null,null,null,null,null,24.075,13.325,null,null,5.33,2.58,4.46,.18,2.41,1.06,null,7.84,null,null,null
72,01/07/2007,02/07/2007,null,7.5,1275,null,27,null,odour free,null,null,null,null,null,null,null,null,null,null,null,null,19.858,15.9,null,null,6.36,.95,6.65,.63,2.5,1.02,null,7.81,null,null,null
73,01/08/2007,02/08/2007,null,7.6,1279,null,27,null,odour free,null,null,null,null,null,null,null,null,null,null,null,null,23.8,12.675,null,null,5.07,2.67,14.87,1.31,2.77,1.22,null,8.44,null,null,null
74,01/09/2007,02/09/2007,null,7.4,1674,null,27,null,odour free,null,null,null,null,null,null,null,null,null,null,null,null,16.058,12.475,null,null,4.99,.86,24,1.62,2.97,1.44,null,9.52,null,null,null
75,01/10/2007,02/10/2007,null,7.2,1937,null,27,null,odour free,null,null,null,null,null,null,null,null,null,null,null,null,19.108,15.9,null,null,6.36,.77,23.74,2.09,3.37,1.5,null,10.41,null,null,null
76,01/11/2007,02/11/2007,null,7.3,2430,27,null,null,odour free,null,null,null,null,null,null,null,null,null,null,null,null,25.3,17.425,null,null,6.97,1.89,25.04,2.42,5.06,1.63,null,10.7,null,null,null
77,01/12/2007,02/12/2007,null,7.2,2090,null,26,null,odour free,null,null,null,null,null,null,null,null,null,null,.365,8.168,24.375,16.125,null,null,6.45,1.98,13.04,1.08,3.88,1.48,.44,9.07,null,null,null
78,01/01/2008,02/01/2008,null,7.5,606,null,23.5,null,odour free,null,null,null,null,null,null,null,null,null,null,.307,4.682,15.283,8.825,null,null,3.53,1.55,1.54,.08,.59,.02,.37,4.96,null,null,null
79,01/02/2008,02/02/2008,null,7,1640,null,22,null,odour free,null,null,null,null,null,null,null,null,null,null,null,null,18.633,15.05,null,null,6.02,.86,11.87,.49,3.33,1.27,null,8.89,null,null,null
80,01/03/2008,02/03/2008,null,6.5,1351,null,24.5,null,odour free,null,null,null,null,null,null,null,null,null,null,null,null,20.008,13.55,null,null,5.42,1.55,4.57,.42,2.76,1,null,7.81,null,null,null
81,01/04/2008,02/04/2008,null,7.7,1049,null,26,null,odour free,null,null,null,null,null,null,null,null,null,null,null,null,24.792,12.25,null,null,4.9,3.01,5.29,.17,2.63,.82,null,6.22,null,null,null
82,01/05/2008,02/05/2008,null,7.9,1055,null,27,null,odour free,null,null,null,null,null,null,null,null,null,null,null,null,20.867,7.95,null,null,3.18,3.1,4.52,.18,2.66,.3,null,6.37,null,null,null
83,01/06/2008,02/06/2008,null,8.2,438,null,32.5,null,odour free,null,null,null,null,null,null,null,null,null,null,.183,4.285,15.358,6.025,null,null,2.41,2.24,1,.09,.64,.01,.22,4.78,null,null,null
84,01/07/2008,02/07/2008,null,8,503,null,29.5,null,odour free,null,null,null,null,null,null,null,null,null,null,null,null,14.925,6.675,null,null,2.67,1.98,1.01,.11,.62,.02,null,4.78,null,null,null
85,01/08/2008,02/08/2008,null,8.4,189,null,30.5,null,odour free,null,null,null,null,null,null,null,null,null,null,.124,1.922,7.175,4.3,null,null,1.72,.69,.96,.09,.3,.11,.15,2.04,null,null,null
86,01/09/2008,02/09/2008,null,8.3,245,null,31,null,odour free,null,null,null,null,null,null,null,null,null,null,.058,1.936,8.367,4.075,null,null,1.63,1.03,.74,.09,.46,.05,.07,2.22,null,null,null
87,01/10/2008,02/10/2008,null,8.5,263,null,30.5,null,odour free,null,null,null,null,null,null,null,null,null,null,.058,1.969,8.65,3.65,null,null,1.46,1.2,.78,.11,.35,.1,.07,2.26,null,null,null
88,01/11/2008,02/11/2008,null,8,474,null,28,null,odour free,null,null,null,null,null,null,null,null,null,null,null,null,14.208,7.75,null,null,3.1,1.55,1.07,.07,.48,.02,null,4.56,null,null,null
89,01/12/2008,02/12/2008,null,8.1,615,null,25.5,null,odour free,null,null,null,null,null,null,null,null,null,null,.183,5.375,17.983,9.025,null,null,3.61,2.15,1.54,.09,.56,.03,.22,6.11,null,null,null
90,01/01/2009,02/01/2009,null,7.9,637,null,22,null,odour free,null,null,null,null,null,null,null,null,null,null,.183,5.342,21.025,9.9,null,null,3.96,2.67,1.09,.1,.52,.04,.22,6.07,null,null,null
91,01/02/2009,02/02/2009,null,7.9,578,null,23,null,odour free,null,null,null,null,null,null,null,null,null,null,null,null,18.692,9.025,null,null,3.61,2.32,1.09,.1,.6,.01,null,6.58,null,null,null
92,01/03/2009,02/03/2009,null,8.2,521,null,26,null,odour free,null,null,null,null,null,null,null,null,null,null,.241,4.975,17.617,7.95,null,null,3.18,2.32,1.16,.11,.65,.01,.29,5.48,null,null,null
93,01/04/2009,02/04/2009,null,7.9,702,null,29,null,odour free,null,null,null,null,null,null,null,null,null,null,.241,6.664,17.375,8.375,null,null,3.35,2.16,1.09,.09,.76,.02,.29,7.54,null,null,null
94,01/05/2009,02/05/2009,null,8.1,526,null,31.5,null,odour free,null,null,null,null,null,null,null,null,null,null,.423,3.866,14.933,5.6,null,null,2.24,2.24,.93,.09,.7,.01,.51,3.68,null,null,null
95,01/06/2009,02/06/2009,null,8.4,470,null,29,null,odour free,null,null,null,null,null,null,null,null,null,null,.307,2.994,12.542,5.375,null,null,2.15,1.72,1,.06,.76,.01,.37,2.9,null,null,null
96,01/07/2009,02/07/2009,null,7.9,389,null,31,null,odour free,null,null,null,null,null,null,null,null,null,null,.124,2.209,9.625,3.875,null,null,1.55,1.38,.78,.06,.6,.01,.15,2.39,null,null,null
97,01/08/2009,02/08/2009,null,8,419,null,32,null,odour free,null,null,null,null,null,null,null,null,null,null,.183,2.473,5.1,4.725,null,null,1.89,.09,.26,.1,.6,.02,.22,2.57,null,null,null
98,01/09/2009,02/09/2009,null,8.1,247,null,31,null,odour free,null,null,null,null,null,null,null,null,null,null,.124,1.398,8.258,4.3,null,null,1.72,.95,.83,.11,.29,.08,.15,1.4,null,null,null
99,01/10/2009,02/10/2009,null,7.8,350,null,30.5,null,odour free,null,null,null,null,null,null,null,null,null,null,null,null,8.533,4.95,null,null,1.98,.86,1.08,.1,.38,.02,null,2.81,null,null,null
100,01/11/2009,02/12/2009,null,8,438,null,28,null,odour free,null,null,null,null,null,null,null,null,null,null,null,null,11.967,7.3,null,null,2.92,1.12,1.22,.11,.4,.01,null,3.38,null,null,null
101,01/12/2009,02/12/2009,null,7.8,552,null,22,null,odour free,null,null,null,null,null,null,null,null,null,null,null,null,18.292,10.75,null,null,4.3,1.81,1.53,.09,.59,.01,null,5.07,null,null,null
102,01/01/2010,02/01/2010,null,7.8,627,null,17,null,odour free,null,null,null,null,null,null,null,null,null,null,.183,4.26,18.483,9.9,null,null,3.96,2.06,1.18,.09,.63,.01,.22,4.75,null,null,null
103,01/02/2010,02/02/2010,null,8.2,54,null,20,null,odour free,null,null,null,null,null,null,null,null,null,null,null,null,16.05,8.175,null,null,3.27,1.89,1.19,.11,.49,.01,null,4.39,null,null,null
104,01/03/2010,02/03/2010,null,8,610,null,20.5,null,odour free,null,null,null,null,null,null,null,null,null,null,.299,4.256,17.2,6.45,null,null,2.58,2.58,1.17,.12,.61,.01,.36,4.46,null,null,null
105,01/04/2010,02/04/2010,null,8.1,570,null,32.5,null,odour free,null,null,null,null,null,null,null,null,null,null,.116,3.651,15.35,7.1,null,null,2.84,1.98,1.17,.1,.59,.01,.14,4.17,null,null,null
106,01/05/2010,02/05/2010,null,8.1,543,null,22.5,null,odour free,null,null,null,null,null,null,null,null,null,null,.108,2.774,13.142,5.6,null,null,2.24,1.81,1.04,.1,.56,.01,.13,3.12,null,null,null
107,01/06/2010,02/06/2010,null,8.5,443,null,32.5,null,odour free,null,null,null,null,null,null,null,null,null,null,.631,3.98,11.192,3.65,null,null,1.46,1.81,.98,.07,.56,.01,.76,3.31,null,null,null
108,01/07/2010,02/07/2010,null,7.9,null,null,32,null,odour free,null,null,null,null,null,null,null,null,null,null,.108,1.995,9.958,3.875,null,null,1.55,1.46,1,.13,.49,.04,.13,2.17,null,null,null
109,01/08/2010,02/08/2010,null,8.3,262,null,32,null,odour free,null,null,null,null,null,null,null,null,null,null,.108,2.249,6.092,4.3,null,null,1.72,.43,1.15,.13,.28,.17,.13,2.48,null,null,null
110,01/09/2010,02/09/2010,null,8,244,null,31,null,odour free,null,null,null,null,null,null,null,null,null,null,.158,2.038,6.033,4.95,null,null,1.98,.26,null,null,.35,.28,.19,2.1,null,null,null
111,01/10/2010,02/10/2010,null,8.5,257,null,33.5,null,odour free,null,null,null,null,null,null,null,null,null,null,.108,1.963,324.908,4.075,.24,null,1.63,77,null,null,.35,18,.13,2.13,null,null,null
112,01/11/2010,02/11/2010,null,8.2,311,null,27,null,odour free,null,null,null,null,null,null,null,null,null,null,.241,3.196,7.542,5.375,.22,null,2.15,.52,null,null,.39,.14,.29,3.31,null,null,null
113,01/12/2010,,null,null,null,null,null,null,null,null,null,null,null,null,null,null,null,null,null,null,null,null,null,null,null,null,null,null,null,null,null,null,null,null,null,null
114,01/01/2011,02/01/2011,null,8.5,340,null,19.09,null,odour free,null,null,null,null,null,null,null,null,null,null,.365,4.848,13.5,7.75,.2,null,3.1,1.38,null,null,.44,.01,.44,5.02,null,null,null
115,01/02/2011,02/02/2011,null,8.4,484,null,22,null,odour free,null,null,null,null,null,null,null,null,null,null,.423,4.727,11.6,6.225,.27,null,2.49,1.29,null,null,.42,.01,.51,4.73,null,null,null
116,01/03/2011,02/03/2011,null,8.4,428,null,24,null,odour free,null,null,null,null,null,null,null,null,null,null,.365,4.963,11.408,4.95,.21,null,1.98,1.55,null,null,.55,.01,.44,5.16,null,null,null
117,01/04/2011,02/04/2011,null,8.4,541,null,26,null,odour free,null,null,null,null,null,null,null,null,null,null,.183,5.408,12.25,6.875,.22,null,2.75,1.29,null,null,.47,.01,.22,6.15,null,null,null
118,01/05/2011,02/05/2011,null,7.9,414,null,29.5,null,odour free,null,null,null,null,null,null,null,null,null,null,.241,4.992,13.908,4.95,.16,null,1.98,2.15,null,null,.5,.01,.29,5.5,null,null,null
119,01/06/2011,02/06/2011,null,8.2,388,null,32,null,odour free,null,null,null,null,null,null,null,null,null,null,.481,4.147,11.325,3.45,.16,null,1.38,1.89,null,null,.5,.01,.58,3.88,null,null,null
120,01/07/2011,02/07/2011,null,7.9,278,null,31,null,odour free,null,null,null,null,null,null,null,null,null,null,.49,3.934,9.367,2.575,.15,null,1.03,1.63,null,null,.48,.02,.59,3.6,null,null,null
121,01/08/2011,02/08/2011,null,7.8,246,null,32,null,odour free,null,null,null,null,null,null,null,null,null,null,null,null,8.542,3.875,.13,null,1.55,1.12,null,null,.46,.19,null,2.79,null,null,null
122,01/09/2011,02/09/2011,null,7.5,251,null,32,null,odour free,null,null,null,null,null,null,null,null,null,null,null,null,7.225,4.725,.14,null,1.89,.6,null,null,.32,.07,null,3.12,null,null,null
123,01/10/2011,02/10/2011,null,7.5,265,null,32,null,odour free,null,null,null,null,null,null,null,null,null,null,null,null,7.225,4.725,.14,null,1.89,.6,null,null,.38,.02,null,3.86,null,null,null
124,01/11/2011,02/11/2011,null,7.5,456,null,28,null,odour free,null,null,null,null,null,null,null,null,null,null,.241,5.967,12.667,8.375,.16,null,3.35,1.03,null,null,.54,.01,.29,6.69,null,null,null
125,01/12/2011,02/12/2011,null,7.7,407,null,24.5,null,odour free,null,null,null,null,null,null,null,null,null,null,.423,8.383,17.15,11.4,.16,null,4.56,1.38,null,null,.64,.01,.51,9.19,null,null,null
126,01/01/2012,02/01/2012,null,7.5,512,null,22.5,null,odour free,null,null,null,null,null,null,null,null,null,null,null,null,16.558,10.1,.16,null,4.04,1.55,null,null,.67,.04,null,9.08,null,null,null
127,01/02/2012,02/02/2012,null,7.4,521,null,22,null,odour free,null,null,null,null,null,null,null,null,null,null,.423,7.506,16.042,9.25,.18,null,3.7,1.63,null,null,.64,.02,.51,8.12,null,null,null
128,01/03/2012,02/03/2012,null,7.4,497,null,26,null,odour free,null,null,null,null,null,null,null,null,null,null,.183,6.481,14.467,7.3,.17,null,2.92,1.72,null,null,.67,.01,.22,7.46,null,null,null
129,01/04/2012,02/04/2012,null,7.4,631,null,31,null,odour free,null,null,null,null,null,null,null,null,null,null,.539,7.067,13.183,7.1,null,null,2.84,1.46,null,null,.67,.01,.65,7.3,null,null,null
130,01/05/2012,02/05/2012,null,7.7,491,null,32,null,odour free,null,null,null,null,null,null,null,null,null,null,.357,4.192,12.267,4.725,null,null,1.89,1.81,null,null,.54,.01,.43,4.24,null,null,null
131,01/06/2012,02/06/2012,null,7.6,469,null,34,null,odour free,null,null,null,null,null,null,null,null,null,null,.456,4.113,10.758,4.3,null,null,1.72,1.55,.59,.09,.56,.01,.55,3.9,null,null,null
132,01/07/2012,02/07/2012,null,7.9,93,null,32,null,odour free,null,null,null,null,null,null,null,null,null,null,.232,3.401,12.667,3,null,null,1.2,2.32,.5,.08,.56,.02,.28,3.58,null,null,null
133,01/08/2012,02/08/2012,null,7.7,242,null,31,null,odour free,null,null,null,null,null,null,null,null,null,null,.232,1.934,6.15,3.65,null,null,1.46,.6,.14,.07,.48,.04,.28,1.79,null,null,null
134,01/09/2012,02/09/2012,null,7.5,233,null,32,null,odour free,null,null,null,null,null,null,null,null,null,null,.149,2.03,6.525,3.65,null,null,1.46,.69,.17,.06,.43,.11,.18,2.11,null,null,null
135,01/10/2012,02/10/2012,null,7.6,224,null,30,null,odour free,null,null,null,null,null,null,null,null,null,null,.158,2.071,6.575,4.075,null,null,1.63,.6,.17,.06,.56,null,.19,2.14,null,null,null
136,01/11/2012,02/11/2012,null,7.9,97,null,27.5,null,odour free,null,null,null,null,null,null,null,null,null,null,.158,2.374,8.367,4.075,null,null,1.63,1.03,.22,.06,.53,.11,.19,2.51,null,null,null
137,01/12/2012,02/12/2012,null,7.7,407,null,26,null,odour free,null,null,null,null,null,null,null,null,null,null,.241,3.557,9.65,3.9,null,null,1.56,1.38,.26,.08,.64,.01,.29,3.75,null,null,null
138,01/01/2013,02/01/2013,null,8,143,null,21.5,null,odour free,null,null,null,null,null,null,null,null,null,null,null,null,6.1,3.225,null,null,1.29,.69,.7,.09,.37,null,null,.113,null,null,null
139,01/02/2013,02/02/2013,null,7.4,189,null,24.5,null,odour free,null,null,null,null,null,null,null,null,null,null,null,null,6.208,3,null,null,1.2,.77,.72,.09,.47,null,null,.134,null,null,null
140,01/03/2013,02/03/2013,null,7.7,180,null,30,null,odour free,null,null,null,null,null,null,null,null,null,null,.004,.154,9.617,4.95,null,null,1.98,1.12,.65,.07,.6,null,.005,.178,null,null,null
141,01/04/2013,02/04/2013,null,7.6,180,null,32,null,odour free,null,null,null,null,null,null,null,null,null,null,.017,.189,7.933,4.725,null,null,1.89,.77,.78,.12,.7,null,.02,.19,null,null,null
142,01/05/2013,02/05/2013,null,8.5,187,null,31,null,odour free,null,null,null,null,null,null,null,null,null,null,.002,.059,3.658,2.575,null,null,1.03,.26,.7,.12,.34,.06,.002,.068,null,null,null
143,01/06/2013,02/06/2013,null,7.8,140,null,31,null,odour free,null,null,null,null,null,null,null,null,null,null,null,null,193.917,192.5,null,null,77,.34,.68,.11,.34,.1,null,.075,null,null,null
144,01/07/2013,02/07/2013,null,7.8,186,null,32,null,odour free,null,null,null,null,null,null,null,null,null,null,.002,.087,9.2,3.45,null,null,1.38,1.38,.39,.08,.37,.38,.002,.102,null,null,null
145,01/08/2013,02/08/2013,null,7.7,247,null,31.5,null,odour free,null,null,null,null,null,null,null,null,null,null,null,null,8.592,4.3,null,null,1.72,1.03,.26,.09,.48,.31,null,.102,null,null,null
146,01/09/2013,02/09/2013,null,7.6,232,null,32,null,odour free,null,null,null,null,null,null,null,null,null,null,null,null,null,4.525,null,null,1.81,null,.23,.08,.4,.25,null,.131,null,null,null
147,01/10/2013,02/10/2013,null,7.6,250,null,31,null,odour free,null,null,null,null,null,null,null,null,null,null,null,null,2641.458,2637.5,null,null,1055,.95,.17,.07,.34,.15,null,.146,null,null,null
148,01/11/2013,02/11/2013,null,7.3,301,null,29,null,odour free,null,null,null,null,null,null,null,null,null,null,.001,.121,16.258,4.3,null,null,1.72,2.87,.43,.09,.53,.29,.001,.146,null,null,null
149,01/12/2013,02/12/2013,null,8.4,337,null,25,null,odour free,null,null,null,null,null,null,null,null,null,null,.002,.135,17.85,4.725,null,null,1.89,3.15,.5,.08,.5,.29,.003,.159,null,null,null
150,01/01/2014,02/01/2014,null,8.4,412,null,20,null,odour free,null,null,null,null,null,null,null,null,null,null,.002,.134,14.275,6.025,null,null,2.41,1.98,.26,.05,.5,.42,.003,.157,null,null,null
151,01/02/2014,02/02/2014,null,7.2,345,null,null,null,odour free,null,null,null,null,null,null,null,null,null,null,.003,.132,11.833,5.375,null,null,2.15,1.55,.74,.11,.47,.35,.004,.153,null,null,null
152,01/03/2014,02/03/2014,null,7,370,null,null,null,odour free,null,null,null,null,null,null,null,null,null,null,.003,.153,9.617,4.95,null,null,1.98,1.12,.74,.1,.6,.71,.004,.178,null,null,null
153,01/04/2014,02/04/2014,null,8.3,325,null,30,null,odour free,null,null,null,null,null,null,null,null,null,null,.002,.156,9.958,3.875,null,null,1.55,1.46,.41,.07,.52,.4,.003,.184,null,null,null
154,01/05/2014,02/05/2014,null,8.9,340,null,33,null,odour free,null,null,null,null,null,null,null,null,null,null,.002,.153,9.45,4.075,null,null,1.63,1.29,.7,.09,.63,.4,.003,.181,null,null,null
155,01/06/2014,02/06/2014,null,8.2,285,null,31,null,odour free,null,null,null,null,null,null,null,null,null,null,.003,.106,6.958,3,null,null,1.2,.95,.65,.08,.121,.38,.004,.121,null,null,null
156,01/07/2014,02/07/2014,null,7.7,188,null,32.5,null,odour free,null,null,null,null,null,null,null,null,null,null,.043,.169,5.617,3.45,null,null,1.38,.52,.65,.08,.39,.38,.052,.1,null,null,null
157,01/08/2014,02/08/2014,null,7.5,250,null,33,null,odour free,null,null,null,null,null,null,null,null,null,null,null,null,8.967,4.3,null,null,1.72,1.12,.39,.08,.47,.31,null,.13,null,null,null
158,01/09/2014,02/09/2014,null,7,345,null,32,null,odour free,null,null,null,null,null,null,null,null,null,null,null,null,270.375,270,null,null,108,.09,.47,.09,.47,.27,null,.14,null,null,null
159,01/10/2014,02/10/2014,null,7.5,252,null,28,null,odour free,null,null,null,null,null,null,null,null,null,null,null,null,7.833,3.875,null,null,1.55,.95,.23,.08,.37,.15,null,.15,null,null,null
160,01/11/2014,02/11/2014,null,8.3,305,null,39,null,odour free,null,null,null,null,null,null,null,null,null,null,.002,.126,7.6,4.725,null,null,1.89,.69,.23,.06,.5,.4,.002,.15,null,null,null
161,01/12/2014,02/12/2014,null,8,330,null,23,null,odour free,null,null,null,null,null,null,null,null,null,null,.002,.134,9.675,4.3,null,null,1.72,1.29,.24,.06,.5,.38,.002,.16,null,null,null
162,01/01/2015,02/01/2015,null,8.3,410,null,19.5,null,odour free,null,null,null,null,null,null,null,null,null,null,null,null,14.383,5.8,null,null,2.32,2.06,.74,.09,.52,.48,null,.146,null,null,null
