Standard Parameter Analysis Data of : Dabri (GGHOOC9)
Laboratory : MGD-II,LUCKNOW 
Period : January-1985 To January-2015 
S.No.,Date_of_Collection,Date_of_Receipt,Discharge(cumecs),pH_FLD,EC_FLD(umho/cm),DO(mg/l),Water Temp(deg C),Colour,Odour,pH_GEN,EC_GEN(umho/cm),TDS(mg/l),SS(mg/l),NH3(mg N/l),NO2+NO3(mg N/l),Total_Nutrients(mg P/l),SiO2(mg/l),BOD(mg/l),COD(mg/l),Phen(mg CaCO3/l),Total_Alkallnity(mg CaCO3/l),Total_Hardness(mg CaCO3/l),Ca_Hardness(mg CaCO3/l),F(mg/l),B(mg/l),Ca_Major_Ions(mg/l),Mg(mg/l),Na(mg/l),K(mg/l),Cl(mg/l),SO4(mg/l),CO3(mg/l),HCO3(mg/l),Total_Coliforms(MPN/100ml),Faecal(MPN/100ml),Chlorophyll-A(ug/L)
1,01/08/1985,,null,null,null,null,null,null,null,8,250,null,null,null,null,null,8,null,null,0,120,137.6,51.6,null,null,20.64,20.64,5,1.2,10,27,0,146.4,null,null,null
2,02/09/1985,,null,null,null,null,null,null,null,8.1,330,null,null,null,null,null,5,null,null,0,152,167.7,60.2,null,null,24.08,25.8,3,1,12,40,0,185.44,null,null,null
3,01/10/1985,,null,null,null,null,null,null,null,8,370,null,null,null,null,null,6,null,null,0,168,180.583,64.5,null,null,25.8,27.86,6,2,12,44,0,204.96,null,null,null
4,01/11/1985,,null,null,null,null,null,null,null,8.2,440,null,null,null,null,null,7,null,null,0,200.393,189.217,68.8,null,null,27.52,28.9,15,2,14,47,0,244.48,null,null,null
5,02/12/1985,,null,null,null,null,null,null,null,8.1,440,null,null,null,null,null,6,null,null,0,188,189.217,68.8,null,null,27.52,28.9,14,2,14,45,0,229.36,null,null,null
6,02/01/1990,04/01/1990,null,null,null,null,15.5,Brown,odour free,8.2,460,null,null,null,null,null,.07,null,null,0,164,193.144,60,null,null,24,31.955,22.08,3.128,9.94,36.96,0,200.08,null,null,null
7,01/02/1990,03/02/1990,null,null,null,null,20,Brown,odour free,8.21,460,null,null,null,null,null,.2,null,null,0,172,201.694,64.5,null,null,25.8,32.926,19.55,3.128,12.07,37.92,0,209.84,null,null,null
8,01/03/1990,03/03/1990,null,null,null,null,19,Brown,odour free,7.2,480,null,null,null,null,null,.17,null,null,0,172,189.094,60,null,null,24,30.983,22.08,3.128,12.07,43.2,0,209.84,null,null,null
9,02/04/1990,04/04/1990,null,null,null,null,25,Brown,odour free,8.22,590,null,null,null,null,null,.2,null,null,0,220,223.406,69,null,null,27.6,37.057,28.06,5.083,19.88,49.92,0,268.4,null,null,null
10,02/05/1990,04/05/1990,null,null,null,null,26.5,Brown,odour free,8.2,400,null,null,null,null,null,.1,null,null,0,152,176.488,56,null,null,22.4,28.917,17.02,3.128,9.94,35.04,0,185.44,null,null,null
11,01/06/1990,03/06/1990,null,null,null,6.93,29.5,Brown,odour free,8.1,650,null,null,null,null,null,.2,null,null,0,212,210.3,64.5,null,null,25.8,34.992,24.61,3.91,15.975,48.96,0,258.64,null,null,null
12,02/07/1990,04/07/1990,null,null,null,5.72,33,Brown,odour free,8.15,580,null,null,null,null,null,.2,null,null,0,200,201.694,64.5,null,null,25.8,32.926,23.92,3.91,13.845,45.12,0,244,null,null,null
13,01/08/1990,03/08/1990,null,null,null,7.32,33,Brown,odour free,8.1,300,null,null,null,null,null,.1,null,null,0,112,171.931,56,null,null,22.4,27.823,9.43,1.955,8.165,24.96,0,136.64,null,null,null
14,01/09/1990,03/09/1990,null,null,null,6.73,33,Brown,odour free,8.1,390,null,null,null,null,null,.17,null,null,0,156,189.094,60,null,null,24,30.983,16.1,2.737,9.94,32.16,0,190.32,null,null,null
15,01/10/1990,03/10/1990,null,null,null,null,31,Brown,odour free,8.2,525,null,null,null,null,null,.2,null,null,0,196,206.25,64.5,null,null,25.8,34.02,22.54,5.083,13.845,45.12,0,239.12,null,null,null
16,01/11/1990,03/11/1990,null,null,null,6.93,28,Brown,odour free,8.2,520,null,null,null,null,null,.17,null,null,0,200,210.3,64.5,null,null,25.8,34.992,20.93,3.91,13.845,43.2,0,244,null,null,null
17,01/12/1990,03/12/1990,null,null,null,7.12,19.5,Brown,odour free,8.14,470,null,null,null,null,null,.13,null,null,0,180,193.144,60,null,null,24,31.955,18.4,3.128,12.07,36.96,0,219.6,null,null,null
18,01/01/1991,03/01/1991,null,null,null,6.8,16.5,Brown,odour free,8.08,480,null,null,null,null,null,.13,null,null,0,180,189.094,60,null,null,24,30.983,20.93,3.91,12.07,39.84,0,219.6,null,null,null
19,01/02/1991,03/02/1991,null,null,null,7.38,20,Brown,odour free,8.2,490,null,null,null,null,null,.17,null,null,0,200,193.144,60,null,null,24,31.955,22.54,3.91,12.07,42.24,0,244,null,null,null
20,02/03/1991,04/03/1991,null,null,null,null,23,Brown,odour free,8.21,510,null,null,null,null,null,.2,null,null,0,208,206.25,64.5,null,null,25.8,34.02,24.61,5.083,13.845,43.2,0,253.76,null,null,null
21,01/04/1991,03/04/1991,null,null,null,7.12,27.5,Brown,odour free,8.15,520,null,null,null,null,null,.17,null,null,0,212,219.356,69,null,null,27.6,36.085,25.99,3.91,12.07,44.16,0,258.64,null,null,null
22,01/05/1991,03/05/1991,null,null,null,6.8,28,Brown,odour free,8.17,560,null,null,null,null,null,.17,null,null,0,208,214.856,64.5,null,null,25.8,36.085,25.07,4.692,12.07,45.12,0,253.76,null,null,null
23,01/06/1991,03/06/1991,null,null,null,7.06,29,Brown,odour free,8.14,620,null,null,null,null,null,.17,null,null,0,220,206.25,64.5,null,null,25.8,34.02,25.99,5.083,15.975,46.08,0,268.4,null,null,null
24,01/07/1991,03/07/1991,null,null,null,6.73,29.5,Brown,odour free,8.07,460,null,null,null,null,null,.13,null,null,0,176,189.094,60,null,null,24,30.983,20.93,3.91,9.94,38.88,0,214.72,null,null,null
25,01/08/1991,03/08/1991,null,null,null,6.8,28,Brown,odour free,8.06,460,null,null,null,null,null,null,.1,null,0,180,184.538,60,null,null,24,29.889,20.01,3.128,9.94,39.84,0,219.6,null,null,null
26,03/09/1991,05/09/1991,null,null,null,6.93,26.5,Brown,odour free,8.05,325,null,null,null,null,null,.1,null,null,0,124,167.881,56,null,null,22.4,26.851,7.59,1.955,8.165,23.04,0,151.28,null,null,null
27,01/10/1991,03/10/1991,null,null,null,7.38,24.5,Brown,odour free,8.04,550,null,null,null,null,null,.17,null,null,0,204,193.144,60,null,null,24,31.955,25.07,3.128,13.845,45.12,0,248.88,null,null,null
28,01/11/1991,03/11/1991,null,null,null,7.06,23,Clear,odour free,8.06,420,null,null,null,null,null,.13,null,null,0,160,171.931,56,null,null,22.4,27.823,16.1,3.128,9.94,36,0,195.2,null,null,null
29,02/12/1991,04/12/1991,null,null,null,6.86,22.5,Brown,odour free,8.02,420,null,null,null,null,null,.13,null,null,0,156,171.931,56,null,null,22.4,27.823,14.95,2.346,8.165,34.08,0,190.32,null,null,null
30,01/01/1992,03/01/1992,null,null,null,7.06,17.5,Brown,odour free,8.02,380,null,null,null,null,null,.1,null,null,0,141.5,167.881,56,null,null,22.4,26.851,13.57,2.346,8.165,24.96,0,172.63,null,null,null
31,01/02/1992,03/02/1992,null,null,null,6.92,18.5,Brown,odour free,7.94,420,null,null,null,null,null,.13,null,null,0,151,184.538,60,null,null,24,29.889,13.57,2.346,9.94,27.84,0,184.22,null,null,null
32,03/03/1992,05/03/1992,null,null,null,6.92,18.5,Clear,odour free,8.06,550,null,null,null,null,null,.17,null,null,0,208,206.25,64.5,null,null,25.8,34.02,21.39,3.128,15.975,39.84,0,253.76,null,null,null
33,01/04/1992,03/04/1992,null,null,null,6.99,19,Brown,odour free,8.05,610,null,null,null,null,null,.13,null,null,0,228,210.806,64.5,null,null,25.8,35.113,28.06,3.128,15.975,45.12,0,278.16,null,null,null
34,01/05/1992,03/05/1992,null,null,null,6.95,25,Clear,odour free,8.1,540,null,null,null,null,null,.2,null,null,0,204,189.094,60,null,null,24,30.983,25.76,3.519,12.07,42.24,0,248.88,null,null,null
35,01/06/1992,03/06/1992,null,null,null,7.25,29,Brown,odour free,8.06,660,null,null,null,null,null,.2,null,null,0,236,206.25,64.5,null,null,25.8,34.02,25.3,3.91,15.975,47.04,0,287.92,null,null,null
36,01/07/1992,03/07/1992,null,null,null,7.08,27.5,Brown,odour free,8.02,680,null,null,null,null,null,.27,null,null,0,248,219.356,69,null,null,27.6,36.085,31.51,6.647,18.105,46.08,0,302.56,null,null,null
37,01/08/1992,03/08/1992,null,null,null,6.75,27,Brown,odour free,8.03,360,null,null,null,null,null,.2,null,null,0,136,184.538,60,null,null,24,29.889,14.03,2.346,13.845,27.84,0,165.92,null,null,null
38,01/09/1992,03/09/1992,null,null,null,7.25,28,Brown,odour free,8.22,270,null,null,null,null,null,.17,null,null,0,104,159.275,56,null,null,22.4,24.786,6.9,3.128,12.07,23.04,0,126.88,null,null,null
39,01/10/1992,03/10/1992,null,null,null,7.5,30.5,Brown,odour free,8.05,500,null,null,null,null,null,.23,null,null,0,200,193.594,64.5,null,null,25.8,30.983,20.7,3.128,13.845,35.04,0,244,null,null,null
40,02/11/1992,04/11/1992,null,null,null,7.25,27,Brown,odour free,8.05,350,null,null,null,null,null,.13,null,null,0,140,154.719,56,null,null,22.4,23.692,9.89,2.346,9.94,26.88,0,170.8,null,null,null
41,01/12/1992,03/12/1992,null,null,null,7.25,20,Brown,odour free,8.06,325,null,null,null,null,null,.17,null,null,0,128,159.275,56,null,null,22.4,24.786,9.43,2.737,12.07,25.92,0,156.16,null,null,null
42,01/01/1993,03/01/1993,null,null,null,6.86,19,Brown,odour free,8.1,350,null,null,null,null,null,.13,null,null,0,136,163.275,60,null,null,24,24.786,11.04,2.346,12.07,25.92,0,165.92,null,null,null
43,01/02/1993,03/02/1993,null,null,null,6.47,19,Brown,odour free,8.12,600,null,null,null,null,null,.2,null,null,0,240,184.988,64.5,null,null,25.8,28.917,35.42,7.429,22.01,48.96,0,292.8,null,null,null
44,01/03/1993,03/03/1993,null,null,null,7.06,19,Clear,odour free,8.22,400,null,null,null,null,null,.17,null,null,0,164,171.881,60,null,null,24,26.851,16.56,3.128,13.845,35.04,0,200.08,null,null,null
45,01/04/1993,03/04/1993,null,null,null,6.86,20,Clear,odour free,8.13,400,null,null,null,null,null,.13,null,null,0,160,223.569,56,null,null,22.4,40.216,17.02,3.128,12.07,38.88,0,195.2,null,null,null
46,01/05/1993,03/05/1993,null,null,null,6.66,25,Other,odour free,8.14,500,null,null,null,null,null,.27,null,null,0,156,176.488,56,0,null,22.4,28.917,19.09,5.083,12.07,45.12,0,190.32,null,null,null
47,01/06/1993,03/06/1993,null,null,null,7.06,27,Clear,odour free,8.1,750,null,null,null,null,null,.27,null,null,0,308,232.413,77.5,.494,null,31,37.179,42.09,8.211,31.95,63.84,0,375.76,null,null,null
48,02/07/1993,04/07/1993,null,null,null,7.06,26,Clear,odour free,8.24,310,null,null,null,null,null,.13,null,null,0,116,150.669,56,0,null,22.4,22.721,4.14,1.564,13.845,23.04,0,141.52,null,null,null
49,02/08/1993,04/08/1993,null,null,null,7.25,31,Brown,odour free,7.84,325,null,null,null,null,null,.07,null,null,0,140,150.669,56,0,null,22.4,22.721,10.12,2.737,9.94,24,0,170.8,null,null,null
50,01/09/1993,03/09/1993,null,null,null,7.64,28,Brown,odour free,8.02,225,null,null,.014,null,null,.07,null,null,0,104,142.063,56,0,null,22.4,20.655,8.51,2.737,9.94,20.16,0,126.88,null,null,null
51,01/10/1993,03/10/1993,null,null,null,7.64,34,Brown,odour free,8.08,400,null,null,.253,null,null,.04,null,null,0,208,189.488,69,0,null,27.6,28.917,8.74,3.128,24.14,24,0,253.76,null,null,null
52,01/11/1993,03/11/1993,null,null,null,7.84,28,Brown,odour free,7.74,360,null,null,.098,null,null,.04,null,null,0,184,171.825,64.5,0,null,25.8,25.758,10.12,3.128,19.88,21.12,0,224.48,null,null,null
53,02/12/1993,04/12/1993,null,null,null,7.45,20,Clear,odour free,8.1,350,null,null,0,null,null,.04,null,null,0,224,172.275,69,0,null,27.6,24.786,9.43,6.256,18.105,20.64,0,273.28,null,null,null
54,01/01/1994,03/01/1994,null,null,null,7.25,18,Clear,odour free,7.88,475,null,null,0,null,null,5.6,null,null,0,232,193.488,73,0,null,29.2,28.917,21.85,5.865,25.915,25.92,0,283.04,null,null,null
55,01/02/1994,03/02/1994,null,null,null,6.86,18,Clear,odour free,7.76,500,null,null,.126,null,null,6.4,null,null,0,244,206.594,77.5,0,null,31,30.983,22.31,7.038,28.045,28.32,0,297.68,null,null,null
56,01/03/1994,03/03/1994,null,null,null,6.86,18.5,Brown,odour free,7.86,570,null,null,.267,null,null,7.5,null,null,0,280,214.644,81.5,0,null,32.6,31.955,18.63,4.692,34.08,32.64,0,341.6,null,null,null
57,02/04/1994,04/04/1994,null,null,null,6.27,21,Clear,odour free,7.9,630,null,null,.407,null,null,7.8,null,null,0,292,190.288,86,0,null,34.4,25.029,32.43,8.211,35.855,36.48,0,356.24,null,null,null
58,02/05/1994,04/05/1994,null,null,null,6.08,24,Clear,odour free,7.96,630,null,null,.477,null,null,5.5,null,null,0,284,215.038,90.5,.152,null,36.2,29.889,31.97,6.256,35.855,36.96,0,346.48,null,null,null
59,01/06/1994,03/06/1994,null,null,null,null,30,Clear,odour free,8.35,660,null,null,.154,null,null,6.7,null,null,7.968,296,215.094,86,.133,null,34.4,30.983,33.58,8.211,40.115,39.36,9.6,341.6,null,null,null
60,01/07/1994,03/07/1994,null,null,null,null,27,Brown,odour free,7.77,370,null,null,0,null,null,7.5,null,null,0,204,159.169,64.5,.133,null,25.8,22.721,14.95,5.474,24.14,15.36,0,248.88,null,null,null
61,02/08/1994,04/08/1994,null,null,null,null,27,Brown,odour free,8,225,null,null,.337,null,null,3.6,null,null,0,132,154.669,60,.152,null,24,22.721,10.81,4.301,15.975,22.56,0,161.04,null,null,null
62,01/09/1994,03/09/1994,null,null,null,null,27,Brown,odour free,7.72,350,null,null,0,null,null,5.2,null,null,0,188,163.219,64.5,.247,null,25.8,23.692,17.48,6.647,19.88,12.48,0,229.36,null,null,null
63,01/10/1994,03/10/1994,null,null,null,null,23,Clear,odour free,7.89,470,null,null,.365,null,null,5.5,null,null,0,232,163.669,69,.247,null,27.6,22.721,20.01,10.166,28.045,15.84,0,283.04,null,null,null
64,01/11/1994,03/11/1994,null,null,null,null,27,Clear,odour free,7.69,400,null,null,0,null,null,5.2,null,null,0,204,120.244,60,.228,null,24,14.458,18.86,6.256,28.045,11.52,0,248.88,null,null,null
65,01/12/1994,03/12/1994,null,null,null,null,20,Clear,odour free,7.61,530,null,null,0,null,null,6.2,null,null,0,240,133.294,69,.133,null,27.6,15.431,22.54,10.948,31.95,13.44,0,292.8,null,null,null
66,02/01/1995,04/01/1995,null,null,null,null,16,Clear,odour free,7.92,450,null,null,.435,null,null,5.8,null,null,0,232,154.4,81.5,.171,null,32.6,17.496,20.01,9.384,22.01,12,0,283.04,null,null,null
67,01/02/1995,03/02/1995,null,null,null,null,16,Clear,odour free,7.84,480,null,null,.323,null,null,6.5,null,null,0,248,171.956,94.5,.171,null,37.8,18.59,24.61,6.647,24.14,31.2,0,302.56,null,null,null
68,01/03/1995,03/03/1995,null,null,null,null,21,Clear,odour free,8.05,465,null,null,.477,null,null,7.9,null,null,0,272,185.063,99,.266,null,39.6,20.655,19.32,5.865,22.01,27.84,0,331.84,null,null,null
69,01/04/1995,03/04/1995,null,null,null,null,21,Clear,odour free,7.9,650,null,null,.477,null,null,8.2,null,null,0,320,206.219,107.5,.266,null,43,23.692,23.69,8.211,30.175,43.68,0,390.4,null,null,null
70,01/05/1995,03/05/1995,null,null,null,null,28,Clear,odour free,7.98,670,null,null,.856,null,null,9.5,null,null,0,344,236.431,120.5,.304,null,48.2,27.823,28.75,10.948,34.08,50.4,0,419.68,null,null,null
71,01/06/1995,03/06/1995,null,null,null,null,28,Clear,odour free,7.94,760,null,null,.758,null,null,10.8,null,null,0,380,249.488,129,.437,null,51.6,28.917,40.25,11.339,40.115,57.6,0,463.6,null,null,null
72,01/07/1995,03/07/1995,null,null,null,null,26,Clear,odour free,7.97,500,null,null,.477,null,null,6.7,null,null,0,276,189.219,90.5,.114,null,36.2,23.692,23.46,5.474,35.855,28.32,0,336.72,null,null,null
73,01/08/1995,03/08/1995,null,null,null,null,20,Brown,odour free,8.11,350,null,null,.66,null,null,6.4,null,null,0,212,167.613,77.5,0,null,31,21.627,13.11,6.256,22.01,29.76,0,258.64,null,null,null
74,01/09/1995,03/09/1995,null,null,null,null,23,Brown,odour free,8,250,null,null,.505,null,null,5.9,null,null,0,172,159.063,73,0,null,29.2,20.655,5.29,5.083,18.105,22.08,0,209.84,null,null,null
75,04/10/1995,06/10/1995,null,null,null,null,24,Clear,odour free,8,570,null,null,.519,null,null,6.6,null,null,0,300,163.456,86,.171,null,34.4,18.59,22.77,8.993,34.08,42.72,0,366,null,null,null
76,01/11/1995,03/11/1995,null,null,null,null,20,Clear,odour free,8.1,480,null,null,.519,null,null,6.7,null,null,0,260,146.35,77.5,1.52,null,31,16.524,20.01,7.429,31.95,35.04,0,317.2,null,null,null
77,01/12/1995,03/12/1995,null,null,null,null,19,Clear,odour free,8.15,450,null,null,.716,null,null,12.1,null,null,0,240,133.294,69,0,null,27.6,15.431,16.79,6.647,30.175,22.08,0,292.8,null,null,null
78,01/01/1996,03/01/1996,null,null,null,null,16,Clear,odour free,8.2,410,null,null,.407,.028,null,9.6,null,null,0,228,128.794,64.5,.095,null,25.8,15.431,14.95,7.038,28.045,17.28,0,278.16,null,null,null
79,01/02/1996,03/02/1996,null,null,null,null,16,Clear,odour free,8.13,500,null,null,.786,null,null,9.2,null,null,0,268,154.956,77.5,.133,null,31,18.59,23.23,9.775,34.08,23.52,0,326.96,null,null,null
80,01/03/1996,03/03/1996,null,null,null,null,18,Clear,odour free,8.23,470,null,null,.758,null,null,11.6,null,null,0,252,184.931,69,.133,null,27.6,27.823,27.37,12.903,28.045,20.64,0,307.44,null,null,null
81,02/04/1996,04/04/1996,null,null,null,null,18,Clear,odour free,8.02,560,null,null,.73,null,null,14.4,null,null,0,288,206.594,77.5,.247,null,31,30.983,20.93,10.557,35.855,29.28,0,351.36,null,null,null
82,01/05/1996,03/05/1996,null,null,null,null,21,Clear,odour free,8.11,500,null,null,.913,null,12.6,11.6,null,null,0,268,193.431,77.5,0,null,31,27.823,19.09,10.166,34.08,16.32,0,326.96,null,null,null
83,01/06/1996,03/06/1996,null,null,null,null,22,Clear,odour free,8.07,600,null,null,1.039,null,null,14,null,null,0,304,227.75,86,.323,null,34.4,34.02,19.09,12.903,40.115,21.6,0,370.88,null,null,null
84,01/07/1996,03/07/1996,null,null,null,null,28.5,Light Brown,odour free,8.16,500,null,null,.8,null,null,15.6,null,null,0,264,189.381,77.5,.437,null,31,26.851,16.1,10.166,35.855,17.76,0,322.08,null,null,null
85,01/08/1996,03/08/1996,null,null,null,null,29,Other,odour free,8.24,420,null,null,.534,null,null,13.6,null,null,0,184,180.825,73.5,.456,null,29.4,25.758,11.04,8.211,31.95,22.08,0,224.48,null,null,null
86,02/09/1996,04/09/1996,null,null,null,null,20,Brown,odour free,8.2,270,null,null,.604,null,null,12.8,null,null,0,140,155.063,69,.133,null,27.6,20.655,6.21,4.692,30.175,15.84,0,170.8,null,null,null
87,01/10/1996,03/10/1996,null,null,null,null,21,Brown,odour free,8.11,580,null,null,.73,null,null,14.6,null,null,0,220,184.775,81.5,.342,null,32.6,24.786,17.25,6.256,40.115,23.04,0,268.4,null,null,null
88,01/11/1996,03/11/1996,null,null,null,null,20,Clear,odour free,8.14,580,null,null,.758,null,null,13.6,null,null,0,224,176.113,86,.304,null,34.4,21.627,16.1,3.519,25.915,23.52,0,273.28,null,null,null
89,02/12/1996,04/12/1996,null,null,null,null,20,Clear,odour free,8.07,480,null,null,.716,null,null,14.6,null,null,0,220,185.063,99,.266,null,39.6,20.655,15.87,3.128,24.14,16.32,0,268.4,null,null,null
90,01/01/1997,03/01/1997,null,null,null,null,20,Clear,odour free,8.12,440,null,null,.716,null,null,16,null,null,0,212,185.063,99,.323,null,39.6,20.655,14.95,3.91,22.01,23.52,0,258.64,null,null,null
91,01/02/1997,03/02/1997,null,null,null,null,20,Clear,odour free,7.97,600,null,null,.786,null,null,18.6,null,null,0,272,206.669,112,.627,null,44.8,22.721,17.71,5.865,25.915,35.52,0,331.84,null,null,null
92,01/03/1997,03/03/1997,null,null,null,null,20,Clear,odour free,7.98,590,null,null,.59,null,null,14,null,null,0,264,197.613,107.5,.494,null,43,21.627,18.86,7.429,30.175,10.08,0,322.08,null,null,null
93,01/04/1997,03/04/1997,null,null,null,null,21,Clear,odour free,8.12,540,null,null,.505,null,null,14.2,null,null,0,260,176.456,99,.266,null,39.6,18.59,18.17,6.647,30.175,10.08,0,317.2,null,null,null
94,01/05/1997,03/05/1997,null,null,null,null,21,Clear,odour free,8.01,590,null,null,.646,null,null,15,null,null,0,272,210.719,112,.437,null,44.8,23.692,18.17,7.038,34.08,12.96,0,331.84,null,null,null
95,02/06/1997,04/06/1997,null,null,null,null,22,Clear,odour free,8.12,570,null,null,.477,null,null,15,null,null,0,264,206.219,107.5,.266,null,43,23.692,16.79,6.647,31.95,12.96,0,322.08,null,null,null
96,01/07/1997,03/07/1997,null,null,null,null,22,BC,odour free,8.1,570,null,null,.548,null,null,14.8,null,null,0,252,206.669,112,.228,null,44.8,22.721,17.25,7.038,34.08,17.76,0,307.44,null,null,null
97,01/08/1997,03/08/1997,null,null,null,null,28,Brown,odour free,8.17,350,null,null,0,null,null,11.6,null,null,0,172,137.294,73,.152,null,29.2,15.431,11.5,5.865,25.915,12,0,209.84,null,null,null
98,01/09/1997,03/09/1997,null,null,null,null,28,Brown,odour free,8.14,380,null,null,.421,null,null,11,null,null,0,176,146.35,77.5,.133,null,31,16.524,13.57,6.256,28.045,12,0,214.72,null,null,null
99,01/10/1997,03/10/1997,null,null,null,null,29,Brown,odour free,8.1,500,null,null,.646,null,null,12.2,null,null,0,228,176.006,94.5,.323,null,37.8,19.562,16.1,8.211,31.95,16.32,0,278.16,null,null,null
100,01/11/1997,03/11/1997,null,null,null,null,29,Clear,odour free,8.03,560,null,null,.772,null,null,12,null,null,0,252,185.063,99,.437,null,39.6,20.655,17.71,8.211,35.855,20.64,0,307.44,null,null,null
101,01/12/1997,03/12/1997,null,null,null,null,null,null,null,null,null,null,null,null,null,null,null,null,null,null,null,null,null,null,null,null,null,null,null,null,null,null,null,null,null,null
102,01/01/1998,03/01/1998,null,null,null,null,19,Clear,odour free,8.19,450,null,null,.534,null,null,9.8,null,null,0,204,150.4,77.5,.247,null,31,17.496,15.87,7.429,31.95,20.16,0,248.88,null,null,null
103,02/02/1998,04/02/1998,null,null,null,null,20,Light Brown,odour free,8.13,510,null,null,.618,null,null,10.2,null,null,0,240,176.006,94.5,.285,null,37.8,19.562,17.71,9.384,40.115,20.16,0,292.8,null,null,null
104,02/03/1998,04/03/1998,null,null,null,null,18,Clear,odour free,8.15,500,null,null,.646,null,null,9.8,null,null,0,224,180.506,99,.323,null,39.6,19.562,16.1,8.211,40.115,21.6,0,273.28,null,null,null
105,01/04/1998,03/04/1998,null,null,null,null,26,Clear,odour free,8.16,500,null,null,.646,null,null,9.6,null,null,0,228,180.506,99,.304,null,39.6,19.562,15.41,8.211,40.115,20.16,0,278.16,null,null,null
106,01/05/1998,03/05/1998,null,null,null,null,25,Clear,odour free,8.12,625,null,null,.66,null,null,10.8,null,null,0,276,202.169,107.5,.152,null,43,22.721,16.1,9.384,46.15,24.96,0,336.72,null,null,null
107,01/06/1998,05/06/1998,null,null,null,null,null,null,null,null,null,null,null,null,null,null,null,null,null,null,null,null,null,null,null,null,null,null,null,null,null,null,null,null,null,null
108,01/06/1998,05/06/1998,null,null,null,null,null,null,null,null,null,null,null,null,null,null,null,null,null,null,null,null,null,null,null,null,null,null,null,null,null,null,null,null,null,null
109,01/07/1998,03/07/1998,null,null,null,null,null,null,null,null,null,null,null,null,null,null,null,null,null,null,null,null,null,null,null,null,null,null,null,null,null,null,null,null,null,null
110,01/08/1998,04/08/1998,null,null,null,null,null,null,null,null,null,null,null,null,null,null,null,null,null,null,null,null,null,null,null,null,null,null,null,null,null,null,null,null,null,null
111,01/08/1998,04/08/1998,null,null,null,null,null,null,null,null,null,null,null,null,null,null,null,null,null,null,null,null,null,null,null,null,null,null,null,null,null,null,null,null,null,null
112,01/09/1998,04/09/1998,null,null,null,null,null,null,null,null,null,null,null,null,null,null,null,null,null,null,null,null,null,null,null,null,null,null,null,null,null,null,null,null,null,null
113,03/10/1998,07/10/1998,null,null,null,null,null,null,null,null,null,null,null,null,null,null,null,null,null,null,null,null,null,null,null,null,null,null,null,null,null,null,null,null,null,null
114,02/11/1998,05/11/1998,null,null,null,null,null,null,null,null,null,null,null,null,null,null,null,null,null,null,null,null,null,null,null,null,null,null,null,null,null,null,null,null,null,null
115,02/11/1998,05/11/1999,null,null,null,null,null,null,null,null,null,null,null,null,null,null,null,null,null,null,null,null,null,null,null,null,null,null,null,null,null,null,null,null,null,null
116,01/12/1998,04/12/1998,null,null,null,null,null,null,null,null,null,null,null,null,null,null,null,null,null,null,null,null,null,null,null,null,null,null,null,null,null,null,null,null,null,null
117,01/01/1999,04/01/1999,null,null,null,null,null,null,null,null,null,null,null,null,null,null,null,null,null,null,null,null,null,null,null,null,null,null,null,null,null,null,null,null,null,null
118,01/02/1999,03/02/1999,null,null,null,null,null,null,null,null,null,null,null,null,null,null,null,null,null,null,null,null,null,null,null,null,null,null,null,null,null,null,null,null,null,null
119,01/03/1999,05/03/1999,null,null,null,null,null,null,null,null,null,null,null,null,null,null,null,null,null,null,null,null,null,null,null,null,null,null,null,null,null,null,null,null,null,null
120,01/04/1999,05/04/1999,null,null,null,null,null,null,null,null,null,null,null,null,null,null,null,null,null,null,null,null,null,null,null,null,null,null,null,null,null,null,null,null,null,null
121,01/05/1999,04/05/1999,null,null,null,null,null,null,null,null,null,null,null,null,null,null,null,null,null,null,null,null,null,null,null,null,null,null,null,null,null,null,null,null,null,null
122,01/05/1999,04/05/1999,null,null,null,null,null,null,null,null,null,null,null,null,null,null,null,null,null,null,null,null,null,null,null,null,null,null,null,null,null,null,null,null,null,null
123,01/06/1999,03/06/1999,null,null,null,null,26,Clear,odour free,7.9,960,null,null,.646,null,null,7,null,null,0,356,197.613,107.5,.475,null,43,21.627,22.77,13.294,50.055,18.24,0,434.32,null,null,null
124,01/06/1999,02/06/1999,null,8.5,null,6.66,25,Clear,odour free,7.95,600,null,null,.969,null,null,12,null,null,0,268,202.169,107.5,.475,null,43,22.721,13.11,13.294,37.985,19.2,0,326.96,null,null,null
125,01/07/1999,03/07/1999,null,8,null,6.66,25,Clear,odour free,8.1,450,null,null,.87,null,null,12.4,null,null,0,196,163.4,90.5,.285,null,36.2,17.496,10.35,8.993,28.045,1.584,0,239.12,null,null,null
126,01/07/1999,03/07/1999,null,null,null,null,24,Clear,odour free,7.91,950,null,null,.716,null,null,7.5,null,null,0,344,193.113,103,.285,null,41.2,21.627,16.79,13.294,41.89,15.84,0,419.68,null,null,null
127,02/08/1999,04/08/1999,null,null,null,null,24,Clear,odour free,7.85,1050,null,null,.87,null,null,8.5,null,null,0,356,240.431,124.5,.285,null,49.8,27.823,20.01,14.858,50.055,18.72,0,434.32,null,null,null
128,02/08/1999,04/08/1999,null,8,null,6.66,25,Brown,odour free,8.3,350,null,null,.716,null,null,12,null,null,0,160,124.637,73,.133,null,29.2,12.393,9.89,8.211,25.915,14.88,0,195.2,null,null,null
129,01/09/1999,04/09/1999,null,8,null,6.66,27,Brown,odour free,8.2,370,null,null,.548,null,null,10,null,null,0,168,171.719,73,.171,null,29.2,23.692,11.27,6.256,25.915,14.88,0,204.96,null,null,null
130,01/09/1999,04/09/1999,null,null,null,null,26,Clear,odour free,7.94,800,null,null,.337,null,null,12,null,null,null,null,257.962,99,.171,null,39.6,38.151,17.94,12.121,37.985,16.8,0,439.2,null,null,null
131,01/10/1999,06/10/1999,null,8,null,6.66,26,Brown,odour free,7.92,370,null,null,.337,null,null,10,null,null,0,168,154.85,86,.114,null,34.4,16.524,4.6,4.301,22.01,14.88,0,204.96,null,null,null
132,01/10/1999,06/10/1999,null,null,null,null,26,Clear,odour free,7.96,750,null,null,.197,null,null,10.5,null,null,0,324,184.719,86,.114,null,34.4,23.692,12.19,16.031,34.08,12.96,0,395.28,null,null,null
133,01/11/1999,03/11/1999,null,8.5,null,6.46,25,Brown,odour free,8.03,470,null,null,.379,null,null,10.8,null,null,0,200,180.506,99,.266,null,39.6,19.562,10.81,8.993,24.14,16.32,0,244,null,null,null
134,01/11/1999,03/11/1999,null,null,null,null,25,Clear,odour free,7.99,650,null,null,.183,null,null,9.5,null,null,0,288,167.613,77.5,.266,null,31,21.627,12.19,17.204,31.95,12.48,0,351.36,null,null,null
135,01/12/1999,03/12/1999,null,null,null,null,23,Clear,odour free,8.02,650,null,null,0,null,null,9.5,null,null,0,284,176.219,77.5,.323,null,31,23.692,12.19,16.031,31.95,13.44,0,346.48,null,null,null
136,01/12/1999,03/12/1999,null,8.5,null,6.46,24,Clear,odour free,7.94,550,null,null,.393,null,null,11.6,null,null,0,232,163.244,103,.228,null,41.2,14.458,12.19,9.775,31.95,18.24,0,283.04,null,null,null
137,01/01/2000,05/12/2000,null,null,null,null,20,Clear,odour free,8.12,650,null,null,0,null,null,10,null,null,0,280,188.825,81.5,.38,null,32.6,25.758,11.96,15.64,31.95,15.36,0,341.6,null,null,null
138,01/01/2000,06/01/2000,null,8,null,6.6,19,Clear,odour free,8.21,440,null,null,.225,null,null,10.8,null,null,0,188,163.35,94.5,.114,null,37.8,16.524,9.2,9.775,24.14,16.32,0,229.36,null,null,null
139,01/02/2000,03/02/2000,null,null,null,null,20,Clear,odour free,8.15,650,null,null,0,null,null,9.5,null,null,0,280,180.219,81.5,.342,null,32.6,23.692,12.88,13.294,34.08,13.92,0,341.6,null,null,null
140,01/02/2000,03/02/2000,null,8,null,6.66,20,Clear,odour free,8.14,500,null,null,.183,null,null,12,null,null,0,212,167.85,99,.228,null,39.6,16.524,12.88,9.384,25.915,16.8,0,258.64,null,null,null
141,01/03/2000,03/03/2000,null,null,null,null,21,Clear,odour free,7.91,850,null,null,0,null,null,12,null,null,0,332,197.825,90.5,.228,null,36.2,25.758,15.18,13.294,40.115,15.84,0,405.04,null,null,null
142,01/03/2000,03/03/2000,null,8,null,6.66,21,Clear,odour free,8.12,510,null,null,.183,null,null,12,null,null,0,216,175.9,103,.228,null,41.2,17.496,10.81,9.384,28.045,15.84,0,263.52,null,null,null
143,01/04/2000,05/04/2000,null,null,null,null,23,Clear,odour free,7.84,930,null,null,0,null,null,10,null,null,0,348,206.381,94.5,.247,null,37.8,26.851,16.33,12.903,46.15,14.88,0,424.56,null,null,null
144,01/04/2000,05/04/2000,null,8,null,6.46,24,Clear,odour free,8,600,null,null,.197,null,null,12.4,null,null,0,252,184.956,107.5,.247,null,43,18.59,11.04,9.775,30.175,14.88,0,307.44,null,null,null
145,01/05/2000,03/05/2000,null,null,null,null,27,Clear,odour free,7.76,1050,null,null,0,null,null,11,null,null,0,372,214.881,103,.247,null,41.2,26.851,20.01,15.249,47.925,15.84,0,453.84,null,null,null
146,01/05/2000,03/05/2000,null,8,null,6.6,28,Clear,odour free,8.02,580,null,null,.197,null,null,11.2,null,null,0,244,180.456,103,.247,null,41.2,18.59,9.89,8.602,28.045,12.96,0,297.68,null,null,null
147,01/06/2000,05/06/2000,null,null,null,null,null,null,null,null,null,null,null,null,null,null,null,null,null,null,null,null,null,null,null,null,null,null,null,null,null,null,null,null,null,null
148,01/06/2000,05/06/2000,null,8.5,null,6.6,28,Clear,odour free,8.15,530,null,null,.197,null,null,11.2,null,null,0,220,163.35,94.5,.209,null,37.8,16.524,8.05,6.647,25.915,14.4,0,268.4,null,null,null
149,01/07/2000,04/07/2000,null,null,null,null,null,null,null,null,null,null,null,null,null,null,null,null,null,null,null,null,null,null,null,null,null,null,null,null,null,null,null,null,null,null
150,01/07/2000,04/07/2000,null,8.5,null,6.6,27,Brown,odour free,8.13,450,null,null,.365,null,null,10,null,null,0,188,150.294,86,.342,null,34.4,15.431,5.75,5.474,24.14,13.44,0,229.36,null,null,null
151,01/08/2000,03/08/2000,null,null,null,null,null,null,null,null,null,null,null,null,null,null,null,null,null,null,null,null,null,null,null,null,null,null,null,null,null,null,null,null,null,null
152,01/08/2000,03/08/2000,null,8,null,6.46,27,Brown,odour free,8.19,330,null,null,.225,null,null,10.4,null,null,27.39,199,79.912,6,.247,null,2.4,17.739,0,8.993,18.105,11.52,33,175.68,null,null,null
153,01/09/2000,04/09/2000,null,null,null,null,null,null,null,null,null,null,null,null,null,null,null,null,null,null,null,null,null,null,null,null,null,null,null,null,null,null,null,null,null,null
154,01/09/2000,04/09/2000,null,8.5,null,6.46,26,Brown,odour free,8.25,230,null,null,.225,null,null,9.4,null,null,0,100,120.637,69,.152,null,27.6,12.393,5.29,3.91,13.845,9.6,0,122,null,null,null
155,03/10/2000,05/10/2000,null,null,null,null,null,null,null,null,null,null,null,null,null,null,null,null,null,null,null,null,null,null,null,null,null,null,null,null,null,null,null,null,null,null
156,03/10/2000,05/10/2000,null,8,null,6.46,24,Clear,odour free,8.12,400,null,null,.225,null,null,11.4,null,null,0,172,133.188,77.5,.247,null,31,13.365,6.44,4.692,19.88,12,0,209.84,null,null,null
157,01/11/2000,03/11/2000,null,null,null,null,null,null,null,null,null,null,null,null,null,null,null,null,null,null,null,null,null,null,null,null,null,null,null,null,null,null,null,null,null,null
158,01/11/2000,03/11/2000,null,8,null,6.6,22,Brown,odour free,8.07,500,null,null,210.6,null,null,null,null,null,0,208,146.244,86,.342,null,34.4,14.458,7.13,5.083,22.01,11.52,0,253.76,null,null,null
159,01/12/2000,05/12/2000,null,null,null,null,20,Clear,odour free,7.91,800,null,null,.211,null,null,7,null,null,0,308,232.094,103,.114,null,41.2,30.983,15.41,8.993,47.925,10.56,0,375.76,null,null,null
160,01/12/2000,05/12/2000,null,8,null,6.6,21,Brown,odour free,8.13,450,null,null,.211,null,null,null,null,null,0,188,145.244,85,.342,null,34,14.458,6.67,4.692,20.59,10.56,0,229.36,null,null,null
161,01/01/2001,03/01/2001,null,null,null,null,19,Clear,odour free,7.92,800,null,null,.112,null,null,7,null,null,0,296,218.931,103,.228,null,41.2,27.823,14.49,8.211,50.055,13.44,0,361.12,null,null,null
162,01/01/2001,03/01/2001,null,8.5,null,6.66,18,Clear,odour free,8.15,400,null,null,.112,null,null,9.6,null,null,0,164,141.688,86,.228,null,34.4,13.365,5.98,4.301,18.105,11.04,0,200.08,null,null,null
163,01/02/2001,03/02/2001,null,null,null,null,18,Clear,odour free,7.97,780,null,null,0,null,null,7,null,null,0,292,214.931,99,.228,null,39.6,27.823,13.57,7.82,46.15,12.96,0,356.24,null,null,null
164,01/02/2001,03/02/2201,null,8,null,6.46,17,Clear,odour free,8.1,450,null,null,.112,null,null,10.8,null,null,0,188,154.744,94.5,.342,null,37.8,14.458,6.21,4.692,22.01,13.44,0,229.36,null,null,null
165,01/03/2001,03/03/2001,null,null,null,null,18,Clear,odour free,8.1,700,null,null,0,null,null,7,null,null,0,264,197.825,90.5,.228,null,36.2,25.758,12.88,6.647,41.89,11.04,0,322.08,null,null,null
166,01/03/2001,03/03/2201,null,8,null,6.46,19,Clear,odour free,8.05,510,null,null,.211,null,null,12,null,null,0,216,163.294,99,.475,null,39.6,15.431,6.9,5.474,25.915,15.84,0,263.52,null,null,null
167,03/04/2001,07/04/2001,null,null,null,null,20,Clear,odour free,7.97,840,null,null,.112,null,null,10.5,null,null,0,304,232.094,103,.342,null,41.2,30.983,14.03,7.038,47.925,14.88,0,370.88,null,null,null
168,03/04/2001,07/04/2001,null,7.5,null,6.46,19,Clear,odour free,8,600,null,null,.281,null,null,15.6,null,null,0,252,189.006,107.5,.608,null,43,19.562,8.05,5.865,30.175,16.32,0,307.44,null,null,null
169,02/05/2001,03/05/2001,null,null,null,null,24,Clear,odour free,7.93,900,null,null,0,null,null,17,null,null,0,324,245.2,107.5,.342,null,43,33.048,15.18,7.429,52.185,14.4,0,395.28,null,null,null
170,02/05/2001,03/05/2001,null,8,null,6.66,25,Clear,odour free,7.96,640,null,null,.281,null,null,15.6,null,null,0,268,198.063,112,.741,null,44.8,20.655,8.05,5.865,31.95,16.8,0,326.96,null,null,null
171,02/06/2001,04/06/2001,null,null,null,null,null,null,null,null,null,null,null,null,null,null,null,null,null,null,null,null,null,null,null,null,null,null,null,null,null,null,null,null,null,null
172,03/07/2001,04/07/2001,null,null,null,null,26,Clear,odour free,7.86,860,null,null,.225,null,null,12,null,null,0,308,240.644,107.5,.209,null,43,31.955,14.49,6.647,52.54,10.56,0,375.76,null,null,null
173,03/07/2001,04/07/2001,null,null,null,null,null,null,null,null,null,null,null,null,null,null,null,null,null,null,null,null,null,null,null,null,null,null,null,null,null,null,null,null,null,null
174,02/08/2001,03/08/2001,null,null,null,null,26,Clear,odour free,7.91,750,null,null,0,null,null,10.5,null,null,0,280,214.931,99,0,null,39.6,27.823,12.42,5.865,41.89,8.16,0,341.6,null,null,null
175,02/08/2001,03/08/2001,null,null,null,null,null,null,null,null,null,null,null,null,null,null,null,null,null,null,null,null,null,null,null,null,null,null,null,null,null,null,null,null,null,null
176,03/09/2001,04/09/2001,null,null,null,null,26,Clear,odour free,7.81,820,null,null,.239,null,null,14.5,null,null,0,304,206.381,94.5,.247,null,37.8,26.851,13.34,6.256,44.02,13.44,0,370.88,null,null,null
177,03/09/2001,04/09/2001,null,null,null,null,null,null,null,null,null,null,null,null,null,null,null,null,null,null,null,null,null,null,null,null,null,null,null,null,null,null,null,null,null,null
178,03/10/2001,05/10/2001,null,null,null,null,24,Clear,odour free,7.78,1000,null,null,.365,null,null,17,null,null,0,324,236.594,107.5,.494,null,43,30.983,14.72,6.647,56.09,15.36,0,395.28,null,null,null
179,03/10/2001,04/10/2001,null,null,null,null,null,null,null,null,null,null,null,null,null,null,null,null,null,null,null,null,null,null,null,null,null,null,null,null,null,null,null,null,null,null
180,02/11/2001,03/11/2001,null,null,null,null,null,null,null,null,null,null,null,null,null,null,null,null,null,null,null,null,null,null,null,null,null,null,null,null,null,null,null,null,null,null
181,02/11/2001,03/11/2001,null,null,null,null,24,Clear,odour free,7.87,1050,null,null,.211,null,null,12,null,null,0,352,253.7,116,.133,null,46.4,33.048,15.41,7.038,56.09,11.04,0,429.44,null,null,null
182,01/12/2001,05/12/2001,null,null,null,null,null,null,null,null,null,null,null,null,null,null,null,null,null,null,null,null,null,null,null,null,null,null,null,null,null,null,null,null,null,null
183,03/12/2001,05/12/2001,null,null,null,null,23,Clear,odour free,7.9,950,null,null,.211,null,null,10,null,null,0,336,241.094,112,.133,null,44.8,30.983,12.65,6.647,52.185,10.08,0,409.92,null,null,null
184,03/12/2001,05/12/2001,null,8,null,6.66,24,Clear,odour free,8.15,510,null,null,.014,null,null,13.8,null,null,0,212,171.9,99,.133,null,39.6,17.496,6.9,5.865,30.175,12,0,258.64,null,null,null
185,02/01/2002,03/01/2002,null,null,null,null,19,Clear,odour free,7.95,780,null,null,0,null,null,10,null,null,0,288,214.931,99,.304,null,39.6,27.823,10.58,7.038,46.15,10.08,0,351.36,null,null,null
186,02/01/2002,03/01/2002,null,null,null,null,null,null,null,null,null,null,null,null,null,null,null,null,null,null,null,null,null,null,null,null,null,null,null,null,null,null,null,null,null,null
187,02/02/2002,04/02/2002,null,null,null,null,19,Clear,odour free,8.03,900,null,null,0,null,null,12,null,null,0,332,249.144,116,0,null,46.4,31.955,11.27,7.429,52.185,12.96,0,405.04,null,null,null
188,02/02/2002,04/02/2002,null,null,null,null,null,null,null,null,null,null,null,null,null,null,null,null,null,null,null,null,null,null,null,null,null,null,null,null,null,null,null,null,null,null
189,01/03/2002,04/03/2002,null,null,null,null,20,Clear,odour free,7.94,950,null,null,.07,null,null,14,null,null,null,null,258.2,120.5,.095,null,48.2,33.048,12.88,7.82,53.96,13.92,0,444.08,null,null,null
190,01/03/2002,04/03/2002,null,null,null,null,null,null,null,null,null,null,null,null,null,null,null,null,null,null,null,null,null,null,null,null,null,null,null,null,null,null,null,null,null,null
191,01/04/2002,03/04/2002,null,null,null,null,23,Clear,odour free,7.84,1100,null,null,.323,null,null,14,null,null,0,384,279.356,129,.304,null,51.6,36.085,13.11,7.429,59.995,14.4,0,468.48,null,null,null
192,01/04/2002,03/04/2002,null,null,null,null,null,null,null,null,null,null,null,null,null,null,null,null,null,null,null,null,null,null,null,null,null,null,null,null,null,null,null,null,null,null
193,01/05/2002,,null,null,null,null,null,null,null,null,null,null,null,null,null,null,null,null,null,null,null,null,null,null,null,null,null,null,null,null,null,null,null,null,null,null
194,01/05/2002,03/05/2002,null,null,null,null,null,null,null,null,null,null,null,null,null,null,null,null,null,null,null,null,null,null,null,null,null,null,null,null,null,null,null,null,null,null
195,03/06/2002,04/06/2002,null,null,null,null,null,null,null,null,null,null,null,null,null,null,null,null,null,null,null,null,null,null,null,null,null,null,null,null,null,null,null,null,null,null
196,03/06/2002,04/06/2002,null,8.5,null,6.66,28,Clear,odour free,8.02,650,null,null,.028,null,null,15,null,null,0,268,193.563,107.5,.532,null,43,20.655,8.74,6.647,40.115,14.88,0,326.96,null,null,null
197,02/07/2002,03/07/2002,null,null,null,null,null,null,null,null,null,null,null,null,null,null,null,null,null,null,null,null,null,null,null,null,null,null,null,null,null,null,null,null,null,null
198,02/07/2002,03/07/2002,null,8,null,6.6,25,Clear,odour free,8.18,300,null,null,.056,null,null,12.4,null,null,0,132,163.35,94.5,0,null,37.8,16.524,8.05,6.647,24.14,9.6,0,161.04,null,null,null
199,02/08/2002,03/08/2002,null,null,null,null,null,null,null,null,null,null,null,null,null,null,null,null,null,null,null,null,null,null,null,null,null,null,null,null,null,null,null,null,null,null
200,02/08/2002,03/08/2002,null,8,null,6.66,30,Brown,odour free,7.88,350,null,null,0,null,null,8.6,null,null,0,198,176.456,99,.456,null,39.6,18.59,9.66,7.038,25.915,10.08,0,241.56,null,null,null
201,03/09/2002,04/09/2002,null,8.5,null,6.46,24,Brown,odour free,7.85,420,null,null,.211,null,null,8.4,null,null,0,null,193.113,103,.285,null,41.2,21.627,10.58,7.82,28.045,9.12,0,214.72,null,null,null
202,03/10/2002,04/10/2002,null,null,null,null,23,Clear,odour free,8.01,800,null,null,.211,null,null,9,null,null,0,296,226.159,112,.589,null,44.8,27.398,13.34,8.993,46.15,9.12,0,361.12,null,null,null
203,03/10/2002,04/10/2002,null,8.5,null,6.46,24,Brown,odour free,7.93,480,null,null,.323,null,null,9.4,null,null,0,200,206.219,107.5,.437,null,43,23.692,11.5,8.602,30.175,9.6,0,244,null,null,null
204,02/11/2002,06/11/2002,null,8,null,6.66,23,Clear,odour free,8.32,550,null,null,.337,null,null,11,null,null,11.952,252,215.275,112,.57,null,44.8,24.786,12.88,9.384,31.95,14.4,14.4,278.16,null,null,null
205,03/12/2002,04/12/2002,null,8.5,null,6.6,22,Clear,odour free,7.92,540,null,null,.211,null,null,11,null,null,0,220,193.113,103,.418,null,41.2,21.627,13.57,10.166,31.95,13.44,0,268.4,null,null,null
206,02/01/2003,04/01/2003,null,null,null,null,18,Clear,odour free,7.85,800,null,null,.211,null,null,11.5,null,null,0,308,232.038,107.5,.285,null,43,29.889,14.26,14.467,47.925,12.96,0,375.76,null,null,null
207,02/01/2003,04/01/2003,null,8,null,6.66,17,Clear,odour free,7.8,450,null,null,.211,null,null,10,null,null,0,216,185.063,99,.285,null,39.6,20.655,13.11,10.166,30.175,12,0,263.52,null,null,null
208,03/02/2003,04/02/2003,null,8,null,7.86,16,Clear,odour free,8.35,500,null,null,.351,null,null,12.8,null,null,11.952,236,193.113,103,.589,null,41.2,21.627,14.72,14.467,34.08,14.88,14.4,258.64,null,null,null
209,03/03/2003,04/03/2003,null,8,null,6.6,19,Other,odour free,7.91,370,null,null,.225,null,null,8.8,null,null,0,152,184.719,86,.285,null,34.4,23.692,9.2,7.038,25.915,10.08,0,185.44,null,null,null
210,03/03/2003,04/03/2003,null,null,null,null,20,Clear,odour free,7.98,920,null,null,.225,null,null,12,null,null,0,344,253.7,116,.285,null,46.4,33.048,19.32,10.166,53.96,1.392,0,419.68,null,null,null
211,01/04/2003,03/04/2003,null,8,null,6.6,24,Brown,odour free,7.8,600,null,null,1.025,null,null,12.2,null,null,0,256,240.7,103,.741,null,41.2,33.048,22.77,8.602,30.175,16.8,0,312.32,null,null,null
212,01/05/2003,03/05/2003,null,8,null,6.66,27,Clear,odour free,7.79,610,null,null,.112,null,null,12.2,null,null,0,264.5,240.644,107.5,.874,null,43,31.955,23,8.993,31.95,20.16,0,322.69,null,null,null
213,02/06/2003,04/06/2003,null,null,null,null,null,null,null,null,null,null,null,null,null,null,null,null,null,null,null,null,null,null,null,null,null,null,null,null,null,null,null,null,null,null
214,02/06/2003,04/06/2003,null,8,null,6.6,32,Clear,odour free,8.03,530,null,null,.211,null,null,15.6,null,null,0,248,228.094,99,.684,null,39.6,30.983,21.39,8.211,30.175,16.8,0,302.56,null,null,null
215,01/07/2003,03/07/2003,null,null,null,null,null,null,null,null,null,null,null,null,null,null,null,null,null,null,null,null,null,null,null,null,null,null,null,null,null,null,null,null,null,null
216,01/07/2003,03/07/2003,null,8,null,6.6,31,Clear,odour free,7.97,400,null,null,.126,null,null,13.6,null,null,0,196,193.325,86,.247,null,34.4,25.758,14.72,7.429,30.175,12,0,239.12,null,null,null
217,01/08/2003,01/08/2003,null,8.5,null,6.66,31,Brown,odour free,7.87,410,null,null,.126,null,null,12.4,null,null,0,200,241.363,90.5,.494,null,36.2,36.207,15.18,7.82,31.95,13.92,0,244,null,null,null
218,01/09/2003,03/09/2003,null,null,null,null,27,Clear,odour free,7.87,790,null,null,0,null,null,14,null,null,0,444,266.538,142,1.14,null,56.8,29.889,31.51,4.692,75.97,13.92,0,541.68,null,null,null
219,01/09/2003,01/09/2003,null,8,null,6.66,28,Brown,odour free,7.92,270,null,null,0,null,null,11,null,null,0,184,184.775,81.5,.247,null,32.6,24.786,12.65,5.865,28.045,12,0,224.48,null,null,null
220,01/10/2003,07/10/2003,null,8.5,null,6.66,29,Brown,odour free,8.1,290,null,null,0,null,null,12,null,null,0,148,193.325,86,.437,null,34.4,25.758,13.57,6.647,30.175,13.92,0,180.56,null,null,null
221,03/11/2003,04/11/2003,null,8,null,6.68,25,Clear,odour free,7.94,560,null,null,.014,null,null,15.4,null,null,0,244,249.7,112,.57,null,44.8,33.048,17.02,8.211,34.08,15.84,0,297.68,null,null,null
222,01/12/2003,03/12/2003,null,null,null,null,24.5,Clear,odour free,7.92,860,null,null,0,null,null,18,null,null,0,348,271.094,142,.513,null,56.8,30.983,31.05,6.256,75.97,21.6,0,424.56,null,null,null
223,01/12/2003,03/12/2003,null,8,null,6.66,16.5,Clear,odour free,7.97,540,null,null,.211,null,null,14.4,null,null,0,252,240.644,107.5,.418,null,43,31.955,16.1,7.429,36.21,14.4,0,307.44,null,null,null
224,01/01/2004,03/01/2004,null,8,null,6.66,16.5,Clear,odour free,7.85,460,null,null,.098,null,null,12.6,null,null,0,256,206.325,99,.285,null,39.6,25.758,15.41,7.038,30.175,12.48,0,312.32,null,null,null
225,03/02/2004,03/02/2004,null,null,null,null,null,null,null,null,null,null,null,null,null,null,null,null,null,null,null,null,null,null,null,null,null,null,null,null,null,null,null,null,null,null
226,03/02/2004,05/02/2004,null,8,null,6.66,18,Clear,odour free,7.93,470,null,null,.098,null,null,13.4,null,null,0,264,232.094,103,1.14,null,41.2,30.983,15.64,7.038,31.95,12.96,0,322.08,null,null,null
227,03/03/2004,04/03/2004,null,8.5,null,6.6,23,Brown,odour free,7.79,550,null,null,.211,null,null,14.4,null,null,0,232,241.094,112,.494,null,44.8,30.983,18.17,7.82,36.21,13.44,0,283.04,null,null,null
228,01/04/2004,05/04/2004,null,8,null,6.6,26,Brown,odour free,7.81,650,null,null,.463,null,null,12.2,null,null,null,null,274.856,124.5,.627,null,49.8,36.085,21.39,7.429,40.115,16.8,null,336.72,null,null,null
229,01/05/2004,06/05/2004,null,null,null,null,null,null,null,null,null,null,null,null,null,null,null,null,null,null,null,null,null,null,null,null,null,null,null,null,null,null,null,null,null,null
230,01/05/2004,06/05/2004,null,8,null,6.6,24,Brown,odour free,7.94,700,null,null,.337,null,null,12.2,null,null,0,292,301.019,137.5,.779,null,55,39.244,23.23,8.211,44.02,20.16,0,356.24,null,null,null
231,01/06/2004,03/06/2004,null,8,null,6.6,32,Brown,odour free,7.96,740,null,null,null,null,null,15.6,null,null,0,296,309.569,142,.95,null,56.8,40.216,23.69,8.602,46.15,16.8,0,361.12,null,null,null
232,01/06/2004,,null,null,null,null,null,null,null,null,null,null,null,null,null,null,null,null,null,null,null,null,null,null,null,null,null,null,null,null,null,null,null,null,null,null
233,01/07/2004,03/07/2004,null,8,null,6.66,32,Clear,odour free,7.96,740,null,null,null,null,null,13.6,null,null,0,200,243.7,106,.361,null,42.4,33.048,16.56,8.211,37.985,12,0,244,null,null,null
234,01/07/2004,03/07/2004,null,null,null,null,null,null,null,null,null,null,null,null,null,null,null,null,null,null,null,null,null,null,null,null,null,null,null,null,null,null,null,null,null,null
235,02/08/2004,04/08/2004,null,8.5,null,6.66,28.4,Brown,odour free,7.8,310,null,null,null,null,null,12.4,null,null,0,140,193.775,90.5,.114,null,36.2,24.786,9.89,6.647,13.845,13.92,0,170.8,null,null,null
236,02/08/2004,,null,null,null,null,null,null,null,null,null,null,null,null,null,null,null,null,null,null,null,null,null,null,null,null,null,null,null,null,null,null,null,null,null,null
237,01/09/2004,03/09/2004,null,null,null,null,null,null,null,null,null,null,null,null,null,null,null,null,null,null,null,null,null,null,null,null,null,null,null,null,null,null,null,null,null,null
238,01/09/2004,03/09/2004,null,8.5,null,6.86,31,Brown,odour free,7.9,280,null,null,null,null,null,11,null,null,0,128,180.669,86,0,null,34.4,22.721,8.74,5.865,24.14,12,0,156.16,null,null,null
239,01/10/2004,05/10/2004,null,8.5,null,6.86,29,Clear,odour free,7.84,370,null,null,null,null,null,12,null,null,0,160,201.825,94.5,0,null,37.8,25.758,9.2,6.256,28.045,13.92,0,195.2,null,null,null
240,01/11/2004,03/11/2004,null,8.5,null,6.86,24,Clear,odour free,7.8,420,null,null,null,0,null,null,null,null,0,184,206.325,99,0,null,39.6,25.758,10.12,6.647,30.175,25.44,0,224.48,null,null,null
241,01/12/2004,03/12/2004,null,8.5,null,6.66,21.5,Brown,odour free,7.75,550,null,null,null,null,null,15.4,null,null,0,188,219.381,107.5,0,null,43,26.851,3.45,7.038,31.95,28.8,0,229.36,null,null,null
242,01/01/2005,05/01/2005,null,8.5,null,6.66,16,Brown,odour free,8.02,440,null,null,null,null,null,15.4,null,null,0,180,197.719,99,0,null,39.6,23.692,9.43,5.865,25.915,26.4,0,219.6,null,null,null
243,01/02/2005,04/02/2005,null,null,null,null,null,null,null,null,null,null,null,null,null,null,null,null,null,null,null,null,null,null,null,null,null,null,null,null,null,null,null,null,null,null
244,01/02/2005,04/02/2005,null,8.5,null,6.66,7.98,Brown,odour free,7.98,450,null,null,null,null,null,15.2,null,null,0,184,206.275,103,0,null,41.2,24.786,9.89,6.647,28.045,26.88,0,224.48,null,null,null
245,01/03/2005,03/03/2005,null,null,null,null,null,null,null,null,null,null,null,null,null,null,null,null,null,null,null,null,null,null,null,null,null,null,null,null,null,null,null,null,null,null
246,01/03/2005,03/03/2005,null,8.5,null,7.05,18,Brown,odour free,7.8,680,null,null,null,null,null,16.6,null,null,0,212,227.931,112,0,null,44.8,27.823,13.8,7.82,31.95,38.4,0,258.64,null,null,null
247,01/04/2005,05/04/2005,null,8.5,null,6.6,25,Brown,odour free,7.84,650,null,null,null,null,null,17.4,null,null,0,204,245.094,116,0,null,46.4,30.983,14.49,8.602,30.175,32.64,0,248.88,null,null,null
248,04/04/2005,06/04/2005,null,null,null,null,null,null,null,null,null,null,null,null,null,null,null,null,null,null,null,null,null,null,null,null,null,null,null,null,null,null,null,null,null,null
249,02/05/2005,04/05/2005,null,8.5,null,6.7,29,Clear,odour free,8.12,650,null,null,null,null,null,15.8,null,null,0,208,258.2,120.5,0,null,48.2,33.048,15.18,8.993,28.045,23.52,0,253.76,null,null,null
250,01/06/2005,03/06/2005,null,8.2,null,6.6,30,Clear,odour free,8.17,590,null,null,null,null,null,13.6,null,null,0,384.154,227.988,107.5,0,0,43,28.917,20.7,9.384,22.01,20.64,0,234.24,null,null,null
251,01/06/2005,,null,null,null,null,null,null,null,null,null,null,null,null,null,null,null,null,null,null,null,null,null,null,null,null,null,null,null,null,null,null,null,null,null,null
252,01/07/2005,04/07/2005,null,8.2,null,6.66,30,Clear,odour free,7.96,510,null,null,null,null,null,13,null,null,0,360.144,201.825,94.5,0,0,37.8,25.758,19.55,8.993,18.105,18.24,0,219.6,null,null,null
253,01/08/2005,04/08/2005,null,8.2,null,6.86,30.5,Brown,odour free,7.93,370,null,null,null,null,null,11.6,null,null,0,288.115,176.113,86,0,0,34.4,21.627,12.88,6.647,13.845,14.88,0,175.68,null,null,null
254,01/09/2005,03/09/2005,null,8.2,null,6.88,31.5,Brown,odour free,8.1,460,null,null,null,null,null,13.6,null,null,0,312.125,202.275,99,0,0,39.6,24.786,13.34,7.038,19.88,18.24,0,190.32,null,null,null
255,01/10/2005,04/10/2005,null,8.2,null,6.95,31.5,Brown,odour free,8.05,270,null,null,null,null,null,10,null,null,0,248.099,159.006,77.5,0,0,31,19.562,11.04,5.865,15.975,15.36,0,151.28,null,null,null
256,02/11/2005,,null,null,null,null,null,null,null,null,null,null,null,null,null,null,null,null,null,null,null,null,null,null,null,null,null,null,null,null,null,null,null,null,null,null
257,02/11/2005,07/11/2005,null,8.5,null,6.93,26.5,Brown,odour free,7.9,590,null,null,null,null,null,14,null,null,0,264.106,176.113,86,0,0,34.4,21.627,15.18,7.82,25.915,19.68,0,161.04,null,null,null
258,01/12/2005,,null,null,null,null,null,null,null,null,null,null,null,null,null,null,null,null,null,null,null,null,null,null,null,null,null,null,null,null,null,null,null,null,null,null
259,01/12/2005,05/12/2005,null,8.2,null,6.85,21,Brown,odour free,7.64,480,null,null,null,null,null,14.2,null,null,0,240.096,150.456,73,0,0,29.2,18.59,11.96,5.865,19.88,17.28,0,146.4,null,null,null
260,02/01/2006,,null,null,null,null,null,null,null,null,null,null,null,null,null,null,null,null,null,null,null,null,null,null,null,null,null,null,null,null,null,null,null,null,null,null
261,02/01/2006,04/01/2006,null,8.2,null,6.88,17.5,Brown,odour free,8.24,440,null,null,null,null,null,10.6,null,null,0,240.096,133.35,64.5,0,0,25.8,16.524,19.78,5.865,15.975,16.8,0,146.4,null,null,null
262,01/02/2006,03/02/2006,null,8.2,null,6.86,17,Clear,odour free,8.04,580,null,null,null,2.522,null,16.8,null,null,0,296.118,150.456,73,0,.05,29.2,18.59,28.29,8.993,19.88,28.32,0,180.56,null,null,null
263,03/03/2006,06/03/2006,null,8.2,null,6.84,21.2,Brown,odour free,7.94,400,null,null,null,4.764,null,13.8,null,null,0,208.083,133.35,64.5,.228,.06,25.8,16.524,18.63,7.038,12.07,25.44,0,126.88,null,null,null
264,01/04/2006,05/04/2006,null,8.2,null,6.8,25.5,Brown,odour free,7.78,480,null,null,null,6.853,null,14.8,null,null,0,248.099,146.456,69,.247,.1,27.6,18.59,23.69,8.602,15.975,29.28,0,151.28,null,null,null
265,01/05/2006,03/05/2006,null,8.2,null,6.65,29,Brown,odour free,8.12,650,null,null,null,5.729,null,15.6,null,null,0,304.122,163.563,77.5,.361,.14,31,20.655,34.04,11.339,19.88,38.88,0,185.44,null,null,null
266,01/06/2006,03/06/2006,null,8.2,null,6.65,31,Brown,odour free,7.7,630,null,null,null,4.608,null,15,null,null,0,288.115,154.506,73,.285,.12,29.2,19.562,33.81,10.557,18.105,36.48,0,175.68,null,null,null
267,01/07/2006,04/07/2006,null,8,null,6.65,30,Brown,odour free,7.84,660,null,null,null,5.07,null,9.4,null,null,0,440.176,180.563,94.5,.304,.16,37.8,20.655,34.96,12.512,19.88,38.4,0,268.4,null,null,null
268,01/08/2006,03/08/2006,null,8.2,null,6.75,28.5,Brown,odour free,7.9,330,null,null,null,2.577,null,8.8,null,null,0,288.115,189.219,90.5,.266,.03,36.2,23.692,17.48,7.429,15.975,18.24,0,175.68,null,null,null
269,04/09/2006,06/09/2006,null,8.2,null,6.7,26.5,Brown,odour free,8.1,420,null,null,null,3.362,null,11,null,null,0,336.134,219.381,107.5,.323,.07,43,26.851,20.7,8.993,19.88,22.56,0,204.96,null,null,null
270,03/10/2006,,null,null,null,null,null,null,null,null,null,null,null,null,null,null,null,null,null,null,null,null,null,null,null,null,null,null,null,null,null,null,null,null,null,null
271,03/10/2006,05/10/2006,null,8.2,null,6.6,29,Brown,odour free,8.06,560,null,null,null,3.025,null,9.2,null,null,0,408.163,249.594,120.5,.361,.12,48.2,30.983,27.6,11.73,25.915,28.8,0,248.88,null,null,null
272,01/11/2006,,null,null,null,null,null,null,null,null,null,null,null,null,null,null,null,null,null,null,null,null,null,null,null,null,null,null,null,null,null,null,null,null,null,null
273,01/11/2006,04/11/2006,null,8.2,null,6.6,25,Brown,odour free,8,600,null,null,null,3.235,null,10.7,null,null,0,424.17,258.094,129,.437,.17,51.6,30.983,28.29,12.512,28.045,31.68,0,258.64,null,null,null
274,01/12/2006,04/12/2006,null,8.2,null,6.45,19.5,Brown,odour free,8.25,540,null,null,null,2.535,null,10.2,null,null,0,416.166,227.988,107.5,.38,.11,43,28.917,22.54,10.166,25.915,26.88,0,253.76,null,null,null
275,02/01/2007,,null,null,null,null,null,null,null,null,null,null,null,null,null,null,null,null,null,null,null,null,null,null,null,null,null,null,null,null,null,null,null,null,null,null
276,02/01/2007,05/01/2007,null,9,null,6.45,16,Brown,odour free,8.12,430,null,null,null,.279,null,8.8,null,null,0,368.147,207.95,90.5,.285,.03,36.2,28.188,17.25,8.211,19.88,22.08,0,224.48,null,null,null
277,02/02/2007,03/02/2007,null,8.2,null,6.47,17,Brown,odour free,8,540,null,null,null,2.815,null,10.9,null,null,0,400.16,236.325,129,.323,.14,51.6,25.758,24.61,10.948,30.175,33.12,0,244,null,null,null
278,02/03/2007,,null,null,null,null,null,null,null,null,null,null,null,null,null,null,null,null,null,null,null,null,null,null,null,null,null,null,null,null,null,null,null,null,null,null
279,02/03/2007,03/03/2007,null,7.9,null,6.6,20,Clear,odour free,8,560,null,null,null,2.955,null,11.8,null,null,0,408.163,262.594,133.5,.399,.15,53.4,30.983,25.53,11.73,31.95,33.6,0,248.88,null,null,null
280,02/04/2007,,null,null,null,null,null,null,null,null,null,null,null,null,null,null,null,null,null,null,null,null,null,null,null,null,null,null,null,null,null,null,null,null,null,null
281,02/04/2007,04/04/4007,null,7.9,null,6.66,24,Clear,odour free,8,660,null,null,null,3.431,null,12.7,null,null,0,496.198,279.25,137.5,.513,.2,55,34.02,33.12,16.031,34.08,38.88,0,302.56,null,null,null
282,03/05/2007,,null,null,null,null,null,null,null,null,null,null,null,null,null,null,null,null,null,null,null,null,null,null,null,null,null,null,null,null,null,null,null,null,null,null
283,03/05/2007,05/05/2007,null,8.05,null,6.27,27,Clear,odour free,8,780,null,null,null,3.851,null,14.3,null,null,0,258.103,305.356,155,.608,.156,62,36.085,35.19,17.204,41.89,43.68,0,157.38,null,null,null
284,04/06/2007,,null,null,null,null,null,null,null,null,null,null,null,null,null,null,null,null,null,null,null,null,null,null,null,null,null,null,null,null,null,null,null,null,null,null
285,04/06/2007,05/06/2007,null,8,null,6.08,28,Clear,burnt sugar,7.9,780,null,null,null,3.753,null,13.5,null,null,0,520.208,309.406,155,.57,.15,62,37.057,37.03,18.768,40.115,44.16,0,317.2,null,null,null
286,02/07/2007,,null,null,null,null,null,null,null,null,null,null,null,null,null,null,null,null,null,null,null,null,null,null,null,null,null,null,null,null,null,null,null,null,null,null
287,02/07/2007,04/07/2007,null,7.5,null,2.94,29,Brown,odour free,7.92,370,null,null,null,3.264,null,6.4,null,null,0,368.147,219.381,107.5,.418,.07,43,26.851,23,13.294,28.045,31.2,0,224.48,null,null,null
288,01/08/2007,,null,null,null,null,null,null,null,null,null,null,null,null,null,null,null,null,null,null,null,null,null,null,null,null,null,null,null,null,null,null,null,null,null,null
289,01/08/2007,03/08/2007,null,8.2,null,5.49,27,Brown,odour free,8.2,240,null,null,null,2.829,null,5.5,null,null,0,248.099,180.563,94.5,.342,.04,37.8,20.655,9.89,5.474,19.88,24.96,0,151.28,null,null,null
290,03/09/2007,,null,null,null,null,null,null,null,null,null,null,null,null,null,null,null,null,null,null,null,null,null,null,null,null,null,null,null,null,null,null,null,null,null,null
291,03/09/2007,06/09/2007,null,8.5,null,5.1,27.5,Brown,odour free,8.5,270,null,null,null,3.109,null,6.3,null,null,0,256.102,197.669,103,.38,.1,41.2,22.721,10.35,5.865,22.01,26.4,0,156.16,null,null,null
292,03/10/2007,,null,null,null,null,null,null,null,null,null,null,null,null,null,null,null,null,null,null,null,null,null,null,null,null,null,null,null,null,null,null,null,null,null,null
293,03/10/2007,05/10/2007,null,8,null,5.29,25.5,Brown,odour free,7.46,350,null,null,null,3.081,null,8,null,null,0,320.128,223.325,116,.437,.13,46.4,25.758,19.78,8.602,28.045,32.16,0,195.2,null,null,null
294,01/11/2007,,null,null,null,null,null,null,null,null,null,null,null,null,null,null,null,null,null,null,null,null,null,null,null,null,null,null,null,null,null,null,null,null,null,null
295,01/11/2007,03/11/2007,null,7.5,null,5.1,23,Brown,odour free,8,550,null,null,null,3.445,null,10,null,null,0,440.176,296.806,150.5,.513,.14,60.2,35.113,26.68,11.339,36.21,37.44,0,268.4,null,null,null
296,01/12/2007,,null,null,null,null,null,null,null,null,null,null,null,null,null,null,null,null,null,null,null,null,null,null,null,null,null,null,null,null,null,null,null,null,null,null
297,01/12/2007,05/12/2007,null,8,null,4.9,20.5,Brown,odour free,7.71,450,null,null,null,3.277,null,8.8,null,null,0,424.17,279.7,142,.475,.09,56.8,33.048,21.62,9.384,31.95,32.16,0,260.47,null,null,null
298,01/01/2008,,null,null,null,null,null,null,null,null,null,null,null,null,null,null,null,null,null,null,null,null,null,null,null,null,null,null,null,null,null,null,null,null,null,null
299,01/01/2008,03/01/2008,null,7.5,null,4.7,16,Brown,odour free,7.66,550,null,null,null,3.894,null,9.7,null,null,0,488.195,305.356,155,.703,.13,62,36.085,27.14,10.948,37.985,35.04,0,297.68,null,null,null
300,02/01/2008,,null,null,null,null,null,null,null,null,null,null,null,null,null,null,null,null,null,null,null,null,null,null,null,null,null,null,null,null,null,null,null,null,null,null
301,02/01/2008,03/01/2008,null,7.5,null,4.7,16,Light Brown,odour free,7.66,550,null,null,null,3.894,null,9.7,null,null,null,null,305.356,155,.703,.13,62,36.085,27.14,10.948,37.985,35.04,0,297.68,null,null,null
302,01/02/2008,,null,null,null,null,null,null,null,null,null,null,null,null,null,null,null,null,null,null,null,null,null,null,null,null,null,null,null,null,null,null,null,null,null,null
303,01/02/2008,06/02/2008,null,8,null,4.8,16.5,Clear,odour free,7.99,570,null,null,null,3.557,null,10.2,null,null,0,496.198,313.913,159,.684,.16,63.6,37.179,28.29,11.73,41.89,32.16,0,302.56,null,null,null
304,03/03/2008,,null,null,null,null,null,null,null,null,null,null,null,null,null,null,null,null,null,null,null,null,null,null,null,null,null,null,null,null,null,null,null,null,null,null
305,03/03/2008,04/03/2008,null,8,null,4.9,19.5,Brown,odour free,7.9,630,null,null,null,3.767,null,10,null,null,0,512.205,331.019,167.5,.95,.16,67,39.244,30.13,12.903,47.925,33.6,0,312.32,null,null,null
306,01/04/2008,,null,null,null,null,null,null,null,null,null,null,null,null,null,null,null,null,null,null,null,null,null,null,null,null,null,null,null,null,null,null,null,null,null,null
307,01/04/2008,03/04/2008,null,8,null,4.91,18,Brown,odour free,7.4,700,null,null,null,3.865,null,10.3,null,null,0,528.211,343.619,172,.836,.15,68.8,41.188,31.05,13.685,46.15,33.12,0,322.08,null,null,null
308,01/05/2008,,null,null,null,null,null,null,null,null,null,null,null,null,null,null,null,null,null,null,null,null,null,null,null,null,null,null,null,null,null,null,null,null,null,null
309,01/05/2008,02/05/2008,null,8,null,4.99,26.5,Clear,odour free,8.02,800,null,null,null,4.118,null,10.4,null,null,0,568.227,367.281,182.5,.874,.17,73,44.347,34.73,16.422,50.055,34.56,0,346.48,null,null,null
310,02/06/2008,,null,null,null,null,null,null,null,null,null,null,null,null,null,null,null,null,null,null,null,null,null,null,null,null,null,null,null,null,null,null,null,null,null,null
311,02/06/2008,03/06/2008,null,8,null,4.85,28.5,Light Brown,odour free,7.5,850,500,null,null,4.314,null,10.8,null,null,0,292,386.888,193.5,.931,.2,77.4,46.413,35.65,17.204,53.96,36.96,0,356.24,null,null,null
312,01/07/2008,,null,null,null,null,null,null,null,null,null,null,null,null,null,null,null,null,null,null,null,null,null,null,null,null,null,null,null,null,null,null,null,null,null,null
313,01/07/2008,02/07/2008,null,8,null,5.01,29,Brown,odour free,7.56,440,260,null,null,2.522,null,7.4,null,null,0,168,180.4,107.5,.608,.15,43,17.496,16.79,10.557,37.985,28.32,0,204.96,null,null,null
314,01/08/2008,,null,null,null,null,null,null,null,null,null,null,null,null,null,null,null,null,null,null,null,null,null,null,null,null,null,null,null,null,null,null,null,null,null,null
315,01/08/2008,02/08/2008,null,8,null,5.11,30.5,Light Brown,odour free,7.76,320,190,null,null,2.284,null,6.5,null,null,0,140,141.688,86,.494,.18,34.4,13.365,16.1,8.602,31.95,22.08,0,170.8,null,null,null
316,01/09/2008,,null,null,null,null,null,null,null,null,null,null,null,null,null,null,null,null,null,null,null,null,null,null,null,null,null,null,null,null,null,null,null,null,null,null
317,01/09/2008,03/09/2008,null,8,null,5.13,29.5,Brown,odour free,7.76,350,210,null,null,2.535,null,7,null,null,0,152,150.744,90.5,.608,.2,36.2,14.458,16.79,8.993,31.95,24.96,0,185.44,null,null,null
318,03/10/2008,,null,null,null,null,null,null,null,null,null,null,null,null,null,null,null,null,null,null,null,null,null,null,null,null,null,null,null,null,null,null,null,null,null,null
319,03/10/2008,04/12/2008,null,7.5,null,5.16,28,Brown,odour free,8.28,300,190,null,null,2.199,null,6.2,null,null,0,128,132.631,81.5,.513,.16,32.6,12.271,15.87,8.211,28.045,23.04,0,156.16,null,null,null
320,03/11/2008,05/11/2008,null,null,null,null,null,null,null,null,null,null,null,null,null,null,null,null,null,null,null,null,null,null,null,null,null,null,null,null,null,null,null,null,null,null
321,03/11/2008,05/11/2008,null,7.5,null,4.99,23,Brown,odour free,7.84,310,190,null,null,2.395,null,6.6,null,null,0,136,141.688,86,.551,.18,34.4,13.365,16.33,8.602,30.175,24,0,165.92,null,null,null
322,01/12/2008,,null,null,null,null,null,null,null,null,null,null,null,null,null,null,null,null,null,null,null,null,null,null,null,null,null,null,null,null,null,null,null,null,null,null
323,01/12/2008,02/12/2008,null,7.5,null,5.08,17,Light Brown,odour free,8.2,550,320,null,null,2.689,null,7.2,null,null,0,168,184.9,112,.627,.24,44.8,17.496,24.61,11.73,40.115,35.04,0,204.96,null,null,null
324,01/01/2009,,null,null,null,null,null,null,null,null,null,null,null,null,null,null,null,null,null,null,null,null,null,null,null,null,null,null,null,null,null,null,null,null,null,null
325,01/01/2009,03/01/2009,null,7.5,null,4.82,14.5,Light Brown,odour free,7.9,430,260,null,null,2.381,null,6.6,null,null,0,172,167.294,103,.589,.18,41.2,15.431,22.08,10.557,36.92,30.24,0,209.84,null,null,null
326,02/02/2009,,null,null,null,null,null,null,null,null,null,null,null,null,null,null,null,null,null,null,null,null,null,null,null,null,null,null,null,null,null,null,null,null,null,null
327,02/02/2009,03/02/2009,null,7.5,null,4.93,13.5,Brown,odour free,7.94,520,310,null,null,2.689,null,8.2,null,null,0,176,195.4,122.5,.684,.2,49,17.496,25.99,11.339,46.15,36,0,214.72,null,null,null
328,02/03/2009,03/03/2009,null,null,null,null,null,null,null,null,null,null,null,null,null,null,null,null,null,null,null,null,null,null,null,null,null,null,null,null,null,null,null,null,null,null
329,02/03/2009,03/03/2009,null,7.5,null,4.83,15.5,Brown,odour free,8.39,560,340,null,null,2.857,null,8.8,null,null,15.936,208,206.006,124.5,.741,.24,49.8,19.562,27.37,12.512,50.055,37.44,19.2,214.72,null,null,null
330,01/04/2009,,null,null,null,null,null,null,null,null,null,null,null,null,null,null,null,null,null,null,null,null,null,null,null,null,null,null,null,null,null,null,null,null,null,null
331,01/04/2009,02/04/2009,null,7.5,null,4.93,20.5,Brown,odour free,8.04,690,410,null,null,3.724,null,9.6,null,null,0,220,245.275,142,.893,.28,56.8,24.786,29.21,14.076,58.22,42.24,0,268.4,null,null,null
332,01/05/2009,,null,null,null,null,null,null,null,null,null,null,null,null,null,null,null,null,null,null,null,null,null,null,null,null,null,null,null,null,null,null,null,null,null,null
333,01/05/2009,02/05/2009,null,7.5,null,4.79,26.5,Brown,rotten egg,8.36,620,360,null,null,3.459,null,9,null,null,null,null,236.219,137.5,.817,.24,55,23.692,28.52,13.294,52.185,38.88,24,244,null,null,null
334,01/06/2009,02/06/2009,null,7.5,null,4.85,30,Light Brown,odour free,8.42,610,null,null,.337,3.277,null,null,null,null,null,null,232.219,133.5,.779,null,53.4,23.692,27.83,12.512,50.055,38.4,0,244,null,null,null
335,01/07/2009,02/07/2009,null,7.5,null,4.85,32,Clear,odour free,8.5,590,null,null,.295,3.193,null,null,null,null,null,null,223.669,129,.741,null,51.6,22.721,26.68,12.121,47.925,36.96,0,234.24,null,null,null
336,01/08/2009,03/08/2009,null,8.5,null,4.78,31,Light Brown,odour free,8.1,510,null,null,.253,2.913,null,null,null,null,null,null,206.563,120.5,.684,null,48.2,20.655,25.3,10.166,44.02,33.6,0,229.36,null,null,null
337,01/09/2009,02/09/2009,null,8.5,null,4.65,28.5,Light Brown,odour free,8.17,370,null,null,.197,2.507,null,null,null,null,null,null,180.4,107.5,.589,null,43,17.496,22.31,8.602,37.985,30.24,0,209.84,null,null,null
338,01/10/2009,03/10/2009,null,null,null,null,null,null,null,null,null,null,null,null,null,null,null,null,null,null,null,null,null,null,null,null,null,null,null,null,null,null,null,null,null,null
339,03/11/2009,04/11/2009,null,8.5,null,null,21.5,Clear,odour free,7.86,910,550,null,.407,6.542,null,null,null,null,0,280,356.781,172,.304,.18,68.8,44.347,155.25,37.145,242.465,120,0,341.6,null,null,null
340,03/11/2009,04/11/2009,null,null,null,null,null,null,null,null,null,null,null,null,null,null,null,null,null,null,null,null,null,null,null,null,null,null,null,null,null,null,null,null,null,null
341,01/12/2009,03/12/2009,null,9,null,4.83,17.5,Brown,odour free,7.61,440,275,null,.126,2.507,null,null,null,null,0,176,193.506,112,.475,null,44.8,19.562,23,8.602,37.985,31.68,0,214.72,null,null,null
342,01/01/2010,01/01/2010,null,9,null,4.67,13.5,Brown,odour free,8.05,280,170,null,.407,2.55,null,null,null,null,0,164,189.456,112,.418,null,44.8,18.59,22.54,8.211,37.985,28.8,0,200.08,null,null,null
343,01/02/2010,02/02/2010,null,9,null,4.7,15,Brown,odour free,8.05,570,340,null,.126,2.942,null,null,17.64,null,0,172,206.563,120.5,.494,null,48.2,20.655,24.15,9.775,40.115,31.68,0,209.84,null,null,null
344,02/03/2010,03/03/2010,null,9,null,4.69,21.5,Brown,odour free,8.23,650,400,null,.168,3.151,null,null,4.7,null,0,184,219.113,129,.608,null,51.6,21.627,25.3,10.557,41.89,33.12,0,224.48,null,null,null
345,01/04/2010,03/04/2010,null,9,null,4.65,27.5,Brown,odour free,8.24,850,520,null,.211,3.557,null,null,5.1,null,0,212,236.219,137.5,.798,null,55,23.692,29.21,10.948,50.055,37.92,0,258.64,null,null,null
346,01/05/2010,04/05/2010,null,8.5,null,null,19,Clear,odour free,8.51,1100,660,null,.211,7.494,null,null,null,null,47.808,380,373.888,180.5,.38,.24,72.2,46.413,170.2,41.055,268.38,140.16,57.6,346.48,null,null,null
347,01/05/2010,04/05/2010,null,9,null,4.64,27.5,Brown,odour free,8.65,640,390,null,10.53,3.291,null,null,2.36,null,15.936,220,219.113,129,.741,.3,51.6,21.627,29.21,10.948,44.02,36,19.2,229.36,null,null,null
348,01/06/2010,02/06/2010,null,null,null,null,null,null,null,null,null,null,null,null,null,null,null,null,null,null,null,null,null,null,null,null,null,null,null,null,null,null,null,null,null,null
349,01/07/2010,02/07/2010,null,null,null,null,null,null,null,null,null,null,null,null,null,null,null,null,null,null,null,null,null,null,null,null,null,null,null,null,null,null,null,null,null,null
350,02/08/2010,03/08/2010,null,null,null,null,null,null,null,null,null,null,null,null,null,null,null,null,null,null,null,null,null,null,null,null,null,null,null,null,null,null,null,null,null,null
351,01/09/2010,04/09/2010,null,null,null,null,null,null,null,null,null,null,null,null,null,null,null,null,null,null,null,null,null,null,null,null,null,null,null,null,null,null,null,null,null,null
352,04/10/2010,05/10/2010,null,null,null,null,null,null,null,null,null,null,null,null,null,null,null,null,null,null,null,null,null,null,null,null,null,null,null,null,null,null,null,null,null,null
353,01/11/2010,03/11/2010,null,null,null,null,null,null,null,null,null,null,null,null,null,null,null,null,null,null,null,null,null,null,null,null,null,null,null,null,null,null,null,null,null,null
354,01/11/2010,03/11/2010,null,null,null,null,null,null,null,null,null,null,null,null,null,null,null,null,null,null,null,null,null,null,null,null,null,null,null,null,null,null,null,null,null,null
355,01/12/2010,03/12/2010,null,null,null,null,null,null,null,null,null,null,null,null,null,null,null,null,null,null,null,null,null,null,null,null,null,null,null,null,null,null,null,null,null,null
356,03/01/2011,04/01/2011,null,null,null,null,null,null,null,null,null,null,null,null,null,null,null,null,null,null,null,null,null,null,null,null,null,null,null,null,null,null,null,null,null,null
357,01/02/2011,02/02/2011,null,8,null,5.24,16.5,Brown,odour free,8.04,500,310,null,.168,2.058,null,null,4.28,null,0,null,184.613,94.5,.494,null,37.8,21.627,27.6,8.602,44.02,16.8,0,229.36,null,null,null
358,03/03/2011,04/03/2011,null,8,null,2.49,16.5,Brown,odour free,8.34,530,315,null,.197,2.31,null,null,4.72,null,31.872,260,193.669,99,.437,null,39.6,22.721,28.06,8.993,46.15,18.24,38.4,239.12,null,null,null
359,01/04/2011,02/04/2011,null,8,null,4.27,21.5,Brown,odour free,8,540,330,null,.253,2.436,null,null,4.3,10,0,200,197.669,103,.494,null,41.2,22.721,29.21,10.948,46.15,19.2,0,244,null,null,null
360,02/05/2011,03/05/2011,null,8.5,null,null,22,Light Brown,odour free,8.88,1250,740,null,.253,7.424,null,null,null,66,null,null,390.938,193.5,.437,.2,77.4,47.385,205.16,37.536,266.25,159.36,48,488,null,null,null
361,02/05/2011,03/05/2011,null,8,null,4.03,29.5,Brown,odour free,8.43,580,350,null,.295,2.59,null,null,5.31,50,11.952,232,206.219,107.5,.551,.2,43,23.692,28.52,10.557,47.925,24.96,14.4,253.76,null,null,null
362,01/06/2011,03/06/2011,null,8,null,3.95,28,Light Brown,odour free,7.1,540,330,null,.253,14.276,null,null,6.66,24,0,176,189.169,94.5,.494,null,37.8,22.721,28.52,9.775,46.15,23.04,0,214.72,null,null,null
363,01/07/2011,04/07/2011,null,8,null,3.99,22,Light Brown,odour free,7.62,390,235,null,.295,6.795,null,null,5.31,12,null,null,158.956,81.5,.399,null,32.6,18.59,18.4,3.519,25.915,21.6,0,195.2,null,null,null
364,01/08/2011,04/08/2011,null,8,null,3.82,24.5,Brown,odour free,8.03,370,230,null,.098,11.111,null,null,2.94,14,null,null,150.456,73,.342,null,29.2,18.59,18.4,3.91,24.14,13.44,0,180.56,null,null,null
365,01/09/2011,04/09/2011,null,7.5,null,5.88,24,Brown,odour free,8.1,290,176,null,.056,7.468,null,null,1.58,9,0,120,128.85,60,.285,null,24,16.524,9.2,3.519,13.845,7.2,0,146.4,null,null,null
366,03/10/2011,04/10/2011,null,7.5,null,5.68,29,Brown,odour free,8.2,380,220,null,.098,8.979,null,null,2.74,10,null,null,817.188,73,.342,null,29.2,20.655,13.11,3.91,19.88,9.12,0,190.32,null,null,null
367,02/11/2011,03/11/2011,null,8.5,null,null,21.5,Clear,rotten egg,7.7,1400,845,null,.337,6.877,null,null,null,28,0,352,360.888,167.5,.361,.16,67,46.413,134.32,29.325,208.385,80.64,0,429.44,null,null,null
368,02/11/2011,03/11/2011,null,8,null,6.66,25,Clear,odour free,7.87,610,370,null,.197,15.046,null,null,2.55,12,null,null,266.644,133.5,.494,.2,53.4,31.955,18.4,3.91,24.14,13.92,0,322.08,null,null,null
369,01/12/2011,03/12/2011,null,8,null,5.88,23,Clear,odour free,7.99,520,320,null,.154,12.848,null,null,2.74,14,0,236,240.988,120.5,.399,null,48.2,28.917,13.8,3.91,19.88,12,0,287.92,null,null,null
370,02/01/2012,04/01/2012,null,8,null,6.08,15.5,Brown,odour free,8.34,470,285,null,.098,11.405,null,null,2.34,15.5,19.92,228,227.931,112,.342,null,44.8,27.823,11.96,3.128,15.975,10.08,24,229.36,null,null,null
371,01/02/2012,03/02/2012,null,8.5,null,5.88,17.5,Brown,odour free,8.51,470,290,null,.098,11.026,null,null,3.51,14,19.92,216,223.881,112,.152,null,44.8,26.851,10.81,3.128,15.975,9.12,24,214.72,null,null,null
372,01/03/2012,03/03/2012,null,8,null,5.49,20.5,Light Brown,odour free,8.16,600,365,null,.197,6.358,null,null,3.12,17,0,252,253.538,129,.494,null,51.6,29.889,15.87,3.91,24.14,12,0,307.44,null,null,null
373,02/04/2012,04/04/2012,null,7.5,null,3.33,21,Brown,odour free,8.23,720,430,null,.295,15.929,null,null,4.11,20,null,null,262.487,142,.57,null,56.8,28.917,19.55,5.474,28.045,18.24,0,317.2,null,null,null
374,01/05/2012,03/05/2012,null,8.5,null,null,29.5,Other,rotten egg,7.7,1400,845,null,.604,7.686,null,null,null,72,0,408,412.706,193.5,.513,.22,77.4,52.61,164.91,40.664,256.31,0,0,497.76,null,null,null
375,01/05/2012,03/05/2012,null,8,null,3.14,23,Light Brown,odour free,8.2,700,425,null,.197,12.664,null,null,4.11,16,0,260,260.538,136,.513,.24,54.4,29.889,16.56,4.692,25.915,15.84,0,317.2,null,null,null
376,02/06/2012,04/06/2012,null,7.5,null,2.94,30,Other,odour free,8.9,700,430,null,.154,12.202,null,null,6.45,24,15.936,248,256.487,136,.494,null,54.4,28.917,16.1,3.91,24.14,13.92,19.2,263.52,null,null,null
377,02/07/2012,03/07/2012,null,8,null,2.74,27.5,Light Brown,odour free,8.74,770,470,null,.295,13.321,null,null,7.05,28,15.936,272,288.4,150.7,.646,null,60.28,33.048,24.61,5.474,31.95,18.24,19.2,292.8,null,null,null
378,01/08/2012,02/08/2012,null,8,null,5.29,31,Brown,odour free,8.16,460,280,null,.197,6.779,null,null,2.76,25,0,168,180.669,86,.361,null,34.4,22.721,16.56,3.91,24.14,10.08,0,204.96,null,null,null
379,01/09/2012,03/09/2012,null,8,null,5.88,24,Light Brown,odour free,8.18,330,200,null,.098,5.754,null,null,3.52,27,0,152,159.006,77.5,.247,null,31,19.562,11.5,3.128,15.975,10.08,0,185.44,null,null,null
380,03/10/2012,04/10/2012,null,8,null,5.68,23,Light Brown,odour free,8.59,420,250,null,.197,7.266,null,null,2.74,24,null,null,210.325,112,.323,null,44.8,27.823,16.33,3.128,22.01,13.92,9.6,234.24,null,null,null
381,02/11/2012,03/11/2012,null,null,null,null,null,null,null,null,null,null,null,null,null,null,null,null,null,null,null,null,null,null,null,null,null,null,null,null,null,null,null,null,null,null
382,02/11/2012,03/11/2012,null,8,null,5.49,25,Light Brown,odour free,7.77,530,320,null,.407,8.063,null,null,3.14,18,0,240,296.356,146,.418,.16,58.4,36.085,19.78,4.301,28.045,20.16,0,292.8,null,null,null
383,01/12/2012,04/12/2012,null,8,null,5.29,18,Light Brown,odour free,8.31,490,295,null,.295,7.546,null,null,3.52,21,7.968,160,219.381,107.5,.342,null,43,26.851,16.56,3.519,24.14,19.2,9.6,175.68,null,null,null
384,02/01/2013,03/01/2013,null,7.5,null,5.1,10,Clear,odour free,8.19,500,305,null,.351,10.165,null,null,3.92,23,0,168,258.038,133.5,.399,null,53.4,29.889,16.56,2.346,24.14,22.08,0,204.96,null,null,null
385,01/02/2013,02/02/2013,null,7.5,null,7.84,15,Clear,odour free,8.38,540,324,null,.505,9.841,null,null,1.76,4,7.968,180,287.75,146,.494,null,58.4,34.02,19.78,4.301,28.045,28.8,9.6,200.08,null,null,null
386,01/03/2013,03/03/2013,null,8,null,4.51,18,Clear,odour free,8.53,480,290,null,.407,10.068,null,null,3.51,20,7.968,160,253.538,129,.399,null,51.6,29.889,12.42,3.91,19.88,22.08,9.6,175.68,null,null,null
387,02/04/2013,03/04/2013,null,8.5,null,4.12,22.5,Clear,odour free,8.78,480,290,null,.407,10.629,null,null,4.11,10,null,null,266.594,137.5,.361,null,55,30.983,15.87,4.301,25.915,27.84,9.6,180.56,null,null,null
388,01/05/2013,02/05/2013,null,7.5,null,3.9,25,Clear,odour free,7.93,700,420,null,.548,23.53,null,null,5.88,18,0,220,335.462,176.5,.532,.2,70.6,38.151,27.14,5.474,37.985,36,0,268.4,null,null,null
389,01/06/2013,03/06/2013,null,7.5,null,3.72,28,Clear,odour free,7.44,710,430,null,.505,14.717,null,null,6.45,29,0,224,386.831,198,.589,null,79.2,45.319,26.68,5.083,37.985,37.92,0,273.28,null,null,null
390,01/07/2013,02/07/2013,null,7.5,null,6.47,25,Light Brown,odour free,7.87,220,132,null,.295,14.862,null,null,1.76,14,0,148,219.275,116,.285,null,46.4,24.786,8.51,2.346,13.845,18.24,0,180.56,null,null,null
391,01/08/2013,02/08/2013,null,7.5,null,6.08,21,Light Brown,odour free,7.82,270,162,null,.393,16.794,null,null,1.96,11,0,164,240.431,124.5,.456,null,49.8,27.823,11.04,3.128,15.975,21.12,0,200.08,null,null,null
392,02/09/2013,03/09/2013,null,7,null,6.47,22,Light Brown,odour free,7.95,230,140,null,.295,15.563,null,null,1.76,14,0,148,223.325,116,.304,null,46.4,25.758,8.28,3.519,12.07,18.24,0,180.56,null,null,null
393,02/09/2013,03/09/2013,null,null,null,null,null,null,null,null,null,null,null,null,null,null,null,null,null,null,null,null,null,null,null,null,null,null,null,null,null,null,null,null,null,null
394,01/10/2013,03/10/2013,null,7.5,null,5.88,29,Clear,odour free,8,440,265,null,.393,22.539,null,null,3.92,16,0,208,313.75,172,.418,null,68.8,34.02,11.27,4.301,19.88,22.08,0,253.76,null,null,null
395,01/11/2013,03/11/2013,null,7.5,null,5.68,22,Clear,odour free,8.57,380,230,null,.295,19.766,null,null,2.74,8,19.92,184,296.75,155,.304,.1,62,34.02,11.04,3.91,19.88,20.16,24,175.68,null,null,null
396,02/12/2013,03/12/2013,null,7,null,4.31,20,Clear,odour free,8.1,530,320,null,.505,11.706,null,null,3.51,29,0,240,352.519,189,.418,null,75.6,39.244,18.86,4.692,28.045,24.96,0,292.8,null,null,null
397,01/01/2014,01/01/2014,null,7.5,null,4.7,15.5,Clear,odour free,8.2,410,246,null,.295,17.104,null,null,3.51,18,0,212,288.144,155,.304,null,62,31.955,15.41,3.519,22.01,20.16,0,258.64,null,null,null
398,01/02/2014,02/02/2014,null,8,null,4.51,14,Clear,odour free,7.94,470,282,null,0,10.982,null,null,3.54,16,0,168,219.219,120.5,.323,null,48.2,23.692,11.04,3.91,15.975,15.84,0,204.96,null,null,null
399,01/03/2014,03/03/2014,null,7,null,5.1,14.5,Clear,odour free,8.35,580,350,null,.505,20.674,null,null,3.54,18,0,260,344.019,180.5,.437,null,72.2,39.244,19.09,4.692,28.045,25.92,0,317.2,null,null,null
400,01/04/2014,02/04/2014,null,7.5,null,4.9,18,Light Brown,odour free,8.55,640,400,null,.702,23.617,null,null,6.75,26,15.936,284,399.331,210.5,.722,null,84.2,45.319,25.53,7.429,37.985,30.24,19.2,307.44,null,null,null
401,01/05/2014,02/05/2014,null,null,null,null,null,null,null,null,null,null,null,null,null,null,null,null,null,null,null,null,null,null,null,null,null,null,null,null,null,null,null,null,null,null
402,01/05/2014,02/05/2014,null,7.5,null,4.7,25.5,Clear,odour free,8.47,570,340,null,.393,21.655,null,null,8.85,30,11.952,264,365.519,202,.532,.14,80.8,39.244,18.86,7.038,28.045,24,14.4,292.8,null,null,null
403,02/06/2014,03/06/2014,null,7,null,4.51,26,Light Brown,odour free,8.54,700,430,null,.604,28.714,null,null,10.59,44,19.92,220,352.913,198,11.97,null,79.2,37.179,22.77,10.166,34.08,1.776,24,219.6,null,null,null
404,01/07/2014,02/07/2014,null,7,null,2.55,27,Clear,odour free,8.1,500,300,null,.393,20.956,null,null,8.8,26,0,172,266.431,150.5,.551,null,60.2,27.823,13.8,7.429,19.88,20.16,0,209.84,null,null,null
405,01/08/2014,02/08/2014,null,7,null,3.72,27.5,Light Brown,odour free,8.26,280,168,null,.295,14.862,null,null,7.85,22,0,132,193.456,116,.342,null,46.4,18.59,9.89,5.083,15.975,12,0,161.04,null,null,null
406,01/09/2014,02/09/2014,null,7.5,null,5.1,28,Brown,odour free,8.26,430,260,null,.505,18.572,null,null,10.75,23,0,188,275.487,155,.418,null,62,28.917,16.33,7.038,24.14,22.08,0,229.36,null,null,null
407,01/10/2014,04/10/2014,null,7.5,null,4.9,27,Light Brown,odour free,7.97,480,290,null,.604,19.79,null,null,7.95,36,0,192,283.538,159,.494,null,63.6,29.889,18.4,10.166,30.175,24,0,234.24,null,null,null
408,01/11/2014,03/11/2014,null,8,null,3.33,26.5,Light Brown,odour free,8.44,600,340,null,.562,30.311,null,null,10.24,27,39.84,284,373.619,202,.665,.16,80.8,41.188,22.31,13.294,40.115,27.84,48,248.88,null,null,null
409,01/12/2014,02/12/2014,null,8,null,2.16,19,Light Brown,odour free,8.55,680,380,null,.379,33.338,null,null,25.4,30,27.888,232,309.7,172,.76,null,68.8,33.048,30.82,21.114,40.115,36.96,33.6,214.72,null,null,null
410,01/01/2015,02/01/2015,null,8,null,3.53,11,Brown,odour free,8.29,630,340,null,.337,31.183,null,null,19.6,20,7.968,200,270.931,155,.646,null,62,27.823,20.24,18.377,35.855,32.16,9.6,224.48,null,null,null
