"","x"
"1","APGhat_Assam.csv"
"2",NA
"3",NA
"4",NA
"5",NA
"6","BPGhat_assam.csv"
"7",NA
"8",NA
"9",NA
"10",NA
"11",NA
"12",NA
"13",NA
"14","Dholai_assam.csv"
"15",NA
"16","Dimapara_mg.csv"
"17","Fakirabazar_assam.csv"
"18","Fulertal_assam.csv"
"19",NA
"20",NA
"21","Gumrabazar_assam.csv"
"22",NA
"23",NA
"24",NA
"25",NA
"26",NA
"27",NA
"28","Kamalpur_GJ.csv"
"29",NA
"30",NA
"31","Kharkhana_mg.csv"
"32",NA
"33",NA
"34",NA
"35",NA
"36",NA
"37",NA
"38",NA
"39",NA
"40",NA
"41",NA
"42",NA
"43",NA
"44",NA
"45",NA
"46",NA
"47","Sibbari_mg.csv"
"48",NA
"49",NA
"50",NA
"51",NA
"52",NA
"53",NA
"54",NA
"55",NA
"56","Ananadpur_od.csv"
"57","Champua_od.csv"
"58","Gomlai_od.csv"
"59",NA
"60","Jaraikela_od.csv"
"61","Jenapur_od.csv"
"62",NA
"63","Panposh_od.csv"
"64",NA
"65",NA
"66","Talcher_od.csv"
"67","Tilga_JH.csv"
"68",NA
"69","Badatighat_assam.csv"
"70",NA
"71","Barabisha_wb.csv"
"72",NA
"73","BekiRoadBridge_Assam.csv"
"74","Bhalukpong_ARP.csv"
"75","Bhomoraguri_assam.csv"
"76","Bihubar_assam.csv"
"77",NA
"78","Bokajan_assam.csv"
"79",NA
"80",NA
"81","ChenimariKhowang_assam.csv"
"82","Chepan_wb.csv"
"83","Chouldhowaghat_assam.csv"
"84",NA
"85",NA
"86",NA
"87",NA
"88","Desangpani_assam.csv"
"89","Dharamtul_assam.csv"
"90",NA
"91","Dholabazar_assam.csv"
"92",NA
"93",NA
"94","Dibrugarh_assam.csv"
"95","Dillighat_assam.csv"
"96","Domohani_wb.csv"
"97","Dudhnai_assam.csv"
"98",NA
"99",NA
"100",NA
"101","Ghugumari_wb.csv"
"102",NA
"103","Golaghat_assam.csv"
"104",NA
"105",NA
"106","Hasimara_wb.csv"
"107",NA
"108","Jagibhakatgaon_assam.csv"
"109",NA
"110",NA
"111",NA
"112",NA
"113","Kampur_assam.csv"
"114",NA
"115",NA
"116","Kheronighat_assam.csv"
"117",NA
"118","Kokrajhar_assam.csv"
"119",NA
"120","Kulsi_assam.csv"
"121",NA
"122",NA
"123",NA
"124",NA
"125",NA
"126",NA
"127","ManasNHCrossing_Assam.csv"
"128","Margherita_assam.csv"
"129","Mathabhanga_wb.csv"
"130",NA
"131",NA
"132","Mekhliganj_wb.csv"
"133","Miao_ARP.csv"
"134",NA
"135",NA
"136","NH31Jaldhaka_wb.csv"
"137",NA
"138",NA
"139","Naharkatia_assam.csv"
"140","Namsai_ARP.csv"
"141","Nanglamoraghat_assam.csv"
"142","Neamatighat_assam.csv"
"143",NA
"144","Numaligarh_assam.csv"
"145",NA
"146",NA
"147",NA
"148",NA
"149","Pancharatna_assam.csv"
"150","Pandu_assam.csv"
"151","Passighat_ARP.csv"
"152",NA
"153",NA
"154",NA
"155",NA
"156",NA
"157",NA
"158",NA
"159",NA
"160",NA
"161","Sankosh_wb.csv"
"162",NA
"163","Seppa_ARP.csv"
"164",NA
"165",NA
"166","Sivasagar_assam.csv"
"167","Sonapur_wb.csv"
"168",NA
"169",NA
"170",NA
"171",NA
"172",NA
"173","Tezpur_assam.csv"
"174","Tezu_ARP.csv"
"175",NA
"176","Tufanganj_wb.csv"
"177","Tuting_ARP.csv"
"178","Udaipur_assam.csv"
"179",NA
"180",NA
"181",NA
"182","Akkihebbal_KA.csv"
"183","Annavasal_pu.csv"
"184","Bendrehalli_KA.csv"
"185","Biligundulu_tn.csv"
"186","Chunchunkatte_KA.csv"
"187","EManagalam_tn.csv"
"188","Gopurajapuram_tn.csv"
"189","Hogenakkal_tn.csv"
"190","KMVadi_KA.csv"
"191","Kanakpura_KA.csv"
"192","Kodumudi_tn.csv"
"193","Kollegal_KA.csv"
"194","Kudige_KA.csv"
"195","Kudlur_KA.csv"
"196","MHHalli_KA.csv"
"197","Menangudi_tn.csv"
"198","Musiri_tn.csv"
"199","Muthankera_KE.csv"
"200","Nalammaranpatti_tn.csv"
"201","Nallathur_pu.csv"
"202","Nellithurai_tn.csv"
"203","Peralam_tn.csv"
"204","Porakudi_tn.csv"
"205","Sakleshpur_KA.csv"
"206","Savandapur_tn.csv"
"207","Sevanur_tn.csv"
"208","TBekuppe_KA.csv"
"209","TNarasipur_KA.csv"
"210","TKHalli_KA.csv"
"211","Thengudi_tn.csv"
"212","Thengumarahada_tn.csv"
"213","Thevur_tn.csv"
"214","Thimmanahalli_KA.csv"
"215","Thoppur_tn.csv"
"216","Urachikottai_tn.csv"
"217",NA
"218",NA
"219",NA
"220",NA
"221",NA
"222","Kashinagar_od.csv"
"223",NA
"224",NA
"225",NA
"226",NA
"227","Mohana_HR.csv"
"228","Purushottampur_od.csv"
"229",NA
"230",NA
"231","Thammavaram_AP.csv"
"232","APPuram_TN.csv"
"233","Ambasamudram_TN.csv"
"234","Arcot_tn.csv"
"235","Avarankuppam_tn.csv"
"236",NA
"237","Gummanur_tn.csv"
"238","Irrukkankudi_tn.csv"
"239","Kudalaiyathur_tn.csv"
"240","Kumarapalayam_pu.csv"
"241","Magaral_tn.csv"
"242","Murappanadu_tn.csv"
"243","Naidupet_AP.csv"
"244","Paramakudi_tn.csv"
"245","Sulurpet_AP.csv"
"246","Theni_tn.csv"
"247","Vazhavachanur_tn.csv"
"248","Villupuram_tn.csv"
"249",NA
"250",NA
"251",NA
"252",NA
"253",NA
"254","Aklera_RJ.csv"
"255","Ankinghat_up.csv"
"256",NA
"257",NA
"258","Auraiya_up.csv"
"259","Ayodhya_up.csv"
"260","Azamabad_bihar.csv"
"261",NA
"262",NA
"263",NA
"264",NA
"265",NA
"266",NA
"267",NA
"268",NA
"269","Balrampur_up.csv"
"270","Baltara_bihar.csv"
"271",NA
"272","Banda_up.csv"
"273",NA
"274",NA
"275",NA
"276","Bareilly_up.csv"
"277",NA
"278","Barod_rj.csv"
"279",NA
"280","Basti_up.csv"
"281",NA
"282",NA
"283",NA
"284",NA
"285",NA
"286",NA
"287","Berhampore_wb.csv"
"288",NA
"289",NA
"290","Bhatparani_up.csv"
"291",NA
"292",NA
"293",NA
"294",NA
"295","Bhitaura_up.csv"
"296",NA
"297","Birdghat_up.csv"
"298",NA
"299",NA
"300","Buxar_bihar.csv"
"301",NA
"302",NA
"303",NA
"304","Chapra_wb.csv"
"305",NA
"306",NA
"307",NA
"308",NA
"309",NA
"310",NA
"311",NA
"312","Chopan_up.csv"
"313",NA
"314",NA
"315","Dabri_up.csv"
"316",NA
"317",NA
"318",NA
"319",NA
"320","DelhiRlyBridge_Delhi.csv"
"321",NA
"322",NA
"323",NA
"324",NA
"325",NA
"326",NA
"327",NA
"328","Dheng Bridge_bihar.csv"
"329",NA
"330","Dholpur_rj.csv"
"331",NA
"332","Duddhi_up.csv"
"333",NA
"334",NA
"335","Ekmighat_bihar.csv"
"336","Elginbridge_up.csv"
"337","English Bazar_wb.csv"
"338","Etawah_up.csv"
"339","Farakka_wb.csv"
"340",NA
"341",NA
"342","Fatehgarh_up.csv"
"343",NA
"344",NA
"345","Galeta_up.csv"
"346",NA
"347","GandhiGhat_bihar.csv"
"348",NA
"349",NA
"350",NA
"351","Garhamukteshwar_up.csv"
"352","Garrauli_MP.csv"
"353","Gaya_bihar.csv"
"354",NA
"355",NA
"356",NA
"357",NA
"358",NA
"359",NA
"360",NA
"361","Hamirpur_up.csv"
"362","Hanskhali_wb.csv"
"363",NA
"364",NA
"365",NA
"366","Hathidah_bihar.csv"
"367","Hayaghat_bihar.csv"
"368",NA
"369",NA
"370",NA
"371",NA
"372",NA
"373","Jainagar_bihar.csv"
"374",NA
"375",NA
"376","Jamtara_MP.csv"
"377","Japla_JH.csv"
"378",NA
"379",NA
"380",NA
"381","Jhanjharpur_bihar.csv"
"382",NA
"383",NA
"384",NA
"385",NA
"386","Kachlabridge_up.csv"
"387",NA
"388",NA
"389",NA
"390",NA
"391",NA
"392",NA
"393","Kalanau_up.csv"
"394","KalnaEbb_wb.csv"
"395",NA
"396",NA
"397",NA
"398",NA
"399",NA
"400","Kanpur_up.csv"
"401",NA
"402",NA
"403",NA
"404","KatwaPurbastHali_wb.csv"
"405",NA
"406",NA
"407",NA
"408",NA
"409","Khatoli_rj.csv"
"410",NA
"411","Koelwar_bihar.csv"
"412",NA
"413","Kora_up.csv"
"414","Kota_up.csv"
"415","Kuldah Bridge_MP.csv"
"416",NA
"417",NA
"418",NA
"419","Lakhisarai_bihar.csv"
"420",NA
"421","Lalganj_bihar.csv"
"422",NA
"423",NA
"424",NA
"425",NA
"426","Mahidpur_MP.csv"
"427",NA
"428","Maighat_up.csv"
"429",NA
"430",NA
"431",NA
"432",NA
"433",NA
"434",NA
"435",NA
"436",NA
"437",NA
"438",NA
"439",NA
"440","Matigara_wb.csv"
"441","Mawi_up.csv"
"442","Mejja Road_up.csv"
"443","Mirzapur_up.csv"
"444",NA
"445","Mohana_HR.csv"
"446",NA
"447",NA
"448","Moradabad_up.csv"
"449",NA
"450",NA
"451",NA
"452",NA
"453",NA
"454",NA
"455",NA
"456",NA
"457",NA
"458",NA
"459",NA
"460",NA
"461",NA
"462",NA
"463",NA
"464","Neemsar_up.csv"
"465",NA
"466",NA
"467","Pachauli_MP.csv"
"468",NA
"469",NA
"470","Paliakalan_up.csv"
"471","Palla_delhi.csv"
"472",NA
"473",NA
"474",NA
"475",NA
"476",NA
"477",NA
"478",NA
"479",NA
"480",NA
"481",NA
"482",NA
"483",NA
"484",NA
"485","Raibareli_up.csv"
"486",NA
"487","Rajghat_MP.csv"
"488",NA
"489",NA
"490",NA
"491",NA
"492","Rampur_CG.csv"
"493",NA
"494","Regauli_up.csv"
"495",NA
"496",NA
"497","Rishikesh_uk.csv"
"498","Rudraprayag_uk.csv"
"499",NA
"500",NA
"501",NA
"502",NA
"503",NA
"504",NA
"505",NA
"506",NA
"507",NA
"508","Sangod_rj.csv"
"509",NA
"510",NA
"511",NA
"512",NA
"513","Seondha_MP.csv"
"514","Shahijina_up.csv"
"515","Shahjadpur_up.csv"
"516",NA
"517","SikanderPur_bihar.csv"
"518",NA
"519",NA
"520",NA
"521",NA
"522",NA
"523","Sonapur_wb.csv"
"524",NA
"525",NA
"526","Sripalpur_bihar.csv"
"527","Sultanpur_up.csv"
"528",NA
"529",NA
"530","Tal_MP.csv"
"531",NA
"532",NA
"533",NA
"534","TehriZeroPointBridge_uk.csv"
"535",NA
"536",NA
"537",NA
"538",NA
"539","Tonk_rj.csv"
"540",NA
"541",NA
"542","Triveni_bihar.csv"
"543",NA
"544",NA
"545",NA
"546","Turtipar_up.csv"
"547",NA
"548","Udi_up.csv"
"549",NA
"550",NA
"551","Uttarkashi_uk.csv"
"552","Varanasi_up.csv"
"553","Yashwant Nagar_HP.csv"
"554",NA
"555","Ashti_mh.csv"
"556",NA
"557",NA
"558",NA
"559","Bamini (Balharsha)_mh.csv"
"560",NA
"561",NA
"562","Bhadrachalam_ts.csv"
"563",NA
"564",NA
"565","Bhatpalli_ts.csv"
"566","Bishnur_mh.csv"
"567",NA
"568",NA
"569",NA
"570",NA
"571","Dhalegaon_mh.csv"
"572",NA
"573",NA
"574",NA
"575",NA
"576","Gandlapet_ts.csv"
"577",NA
"578",NA
"579",NA
"580","Hivra_mh.csv"
"581","Jagdalpur_CG.csv"
"582",NA
"583",NA
"584",NA
"585",NA
"586",NA
"587",NA
"588",NA
"589",NA
"590","Konta_CG.csv"
"591",NA
"592",NA
"593",NA
"594",NA
"595",NA
"596",NA
"597","Mancherial_ts.csv"
"598",NA
"599",NA
"600",NA
"601",NA
"602",NA
"603",NA
"604","Nandgaon_mh.csv"
"605",NA
"606",NA
"607",NA
"608",NA
"609","PGPengangaBridge_mh.csv"
"610",NA
"611",NA
"612","Pathagudem_CG.csv"
"613",NA
"614","Perur_ts.csv"
"615","Polavaram_AP.csv"
"616",NA
"617",NA
"618",NA
"619",NA
"620",NA
"621",NA
"622","Saigaon_KA.csv"
"623",NA
"624",NA
"625",NA
"626",NA
"627",NA
"628",NA
"629",NA
"630",NA
"631",NA
"632",NA
"633","Tekra_mh.csv"
"634",NA
"635",NA
"636",NA
"637",NA
"638",NA
"639",NA
"640",NA
"641",NA
"642",NA
"643",NA
"644",NA
"645",NA
"646",NA
"647",NA
"648",NA
"649",NA
"650",NA
"651",NA
"652","Rampur_CG.csv"
"653",NA
"654",NA
"655",NA
"656",NA
"657",NA
"658","Udaipur_assam.csv"
"659",NA
"660",NA
"661",NA
"662",NA
"663",NA
"664","Bawapuram_ts.csv"
"665","Byaladahalli_KA.csv"
"666","Cholachguda_KA.csv"
"667",NA
"668",NA
"669","Damercharla_ts.csv"
"670",NA
"671",NA
"672",NA
"673",NA
"674",NA
"675",NA
"676","Halia_ts.csv"
"677","Haralahalli_KA.csv"
"678","Holehonnur_KA.csv"
"679","Honnali_KA.csv"
"680","Hoovinahole_KA.csv"
"681",NA
"682",NA
"683",NA
"684",NA
"685","Karad_mh.csv"
"686","Keesara_AP.csv"
"687","Kellodu_KA.csv"
"688",NA
"689",NA
"690","Kuppelur_KA.csv"
"691","Kurundwad_mh.csv"
"692",NA
"693",NA
"694",NA
"695","Malkhed_KA.csv"
"696",NA
"697","Marol_KA.csv"
"698",NA
"699","Mudhol_KA.csv"
"700",NA
"701",NA
"702",NA
"703",NA
"704",NA
"705",NA
"706",NA
"707",NA
"708","Phulgaon_mh.csv"
"709","Pondugala_ts.csv"
"710",NA
"711",NA
"712",NA
"713",NA
"714",NA
"715",NA
"716","Shimoga_KA.csv"
"717",NA
"718",NA
"719",NA
"720","TRamapuram_KA.csv"
"721",NA
"722","Takli_mh.csv"
"723",NA
"724",NA
"725",NA
"726","Vijayawada_AP.csv"
"727",NA
"728","Wadenapalli_AP.csv"
"729",NA
"730","Yadgir_KA.csv"
"731",NA
"732",NA
"733","Andhiyarkore_CG.csv"
"734",NA
"735","Bamnidihi_CG.csv"
"736",NA
"737","Baronda_CG.csv"
"738","Basantpur_CG.csv"
"739",NA
"740",NA
"741","Ghatora_CG.csv"
"742",NA
"743",NA
"744","Jondhra_CG.csv"
"745",NA
"746","Kantamal_od.csv"
"747",NA
"748","Kesinga_od.csv"
"749",NA
"750",NA
"751",NA
"752",NA
"753","Kurubhata_CG.csv"
"754",NA
"755","Manendragarh_CG.csv"
"756",NA
"757",NA
"758",NA
"759",NA
"760",NA
"761",NA
"762","Pathardhi_CG.csv"
"763",NA
"764","Rajim_CG.csv"
"765","Rampur_CG.csv"
"766","Salebhata_od.csv"
"767",NA
"768",NA
"769","Simga_CG.csv"
"770",NA
"771","Sundargarh_od.csv"
"772",NA
"773",NA
"774","Tikarapara_od.csv"
"775",NA
"776",NA
"777",NA
"778",NA
"779","Khanpur_GJ.csv"
"780",NA
"781","Mataji_MP.csv"
"782","Paderdibadi_rj.csv"
"783",NA
"784","Pingalwada_GJ.csv"
"785","Rangeli_rj.csv"
"786",NA
"787",NA
"788",NA
"789",NA
"790","Bamni Banjar_MP.csv"
"791",NA
"792",NA
"793",NA
"794","Belkheri_MP.csv"
"795",NA
"796",NA
"797","Chandwada_GJ.csv"
"798","Chhidgaon_MP.csv"
"799","Dhulsar_MP.csv"
"800","Dindori_MP.csv"
"801","Gadarwara_MP.csv"
"802",NA
"803","Handia_MP.csv"
"804",NA
"805","Hoshangabad_MP.csv"
"806","Jamtara_MP.csv"
"807",NA
"808","Kogaon_MP.csv"
"809",NA
"810",NA
"811","Mandleshwar_MP.csv"
"812",NA
"813","Manot_MP.csv"
"814","Mohgaon_MP.csv"
"815",NA
"816",NA
"817","Patan_MP.csv"
"818","Pati_MP.csv"
"819","Rajghat_MP.csv"
"820",NA
"821",NA
"822","Sandia_MP.csv"
"823",NA
"824",NA
"825",NA
"826",NA
"827","Alladupalli_AP.csv"
"828","Chennur_AP.csv"
"829","Kamalapuram_AP.csv"
"830","Nagalamadike_KA.csv"
"831","Nandipalli_AP.csv"
"832","Nellore_AP.csv"
"833","Singavaram_AP.csv"
"834","Tadapatri_AP.csv"
"835","DerolBridge_GJ.csv"
"836",NA
"837",NA
"838",NA
"839",NA
"840",NA
"841",NA
"842",NA
"843",NA
"844",NA
"845",NA
"846",NA
"847",NA
"848","Vautha_GJ.csv"
"849",NA
"850","Adityapur_JH.csv"
"851",NA
"852",NA
"853",NA
"854",NA
"855","Ghatsila_JH.csv"
"856",NA
"857","Jamshedpur_JH.csv"
"858",NA
"859",NA
"860","Muri_JH.csv"
"861","Rajghat_MP.csv"
"862",NA
"863","Burhanpur_MP.csv"
"864",NA
"865",NA
"866",NA
"867",NA
"868",NA
"869","Gopalkheda_mh.csv"
"870",NA
"871",NA
"872",NA
"873",NA
"874",NA
"875","Motinaroli_GJ.csv"
"876","Sarangkheda_mh.csv"
"877",NA
"878",NA
"879",NA
"880",NA
"881",NA
"882","AbuRoad_rj.csv"
"883",NA
"884",NA
"885",NA
"886","Chitrasani_GJ.csv"
"887",NA
"888",NA
"889","Ganod_GJ.csv"
"890",NA
"891","Kamalpur_GJ.csv"
"892","Lowara_GJ.csv"
"893",NA
"894",NA
"895",NA
"896","Addoor_KA.csv"
"897","Ambarampalayam_TN.csv"
"898","Arangaly_KA.csv"
"899","Ashramam_tn.csv"
"900","Avershe_KA.csv"
"901","Ayilam_KA.csv"
"902","Bantwal_KA.csv"
"903","Erinjipuzha_KE.csv"
"904","Haladi_KA.csv"
"905","Kalampur_KE.csv"
"906","Kallooppara_KE.csv"
"907","Karathodu_KE.csv"
"908","Kidangoor_KE.csv"
"909","Kumbidi_KE.csv"
"910","Kuniyil_KE.csv"
"911","Kuttyadi_KE.csv"
"912","Kuzhithurai_tn.csv"
"913","Malakkara_KE.csv"
"914","Mankara_KE.csv"
"915",NA
"916","Pattazhy_KE.csv"
"917","Perumannu_KE.csv"
"918","Pudur_KE.csv"
"919","Pulamanthole_KE.csv"
"920","Ramamangalam_KE.csv"
"921","Santeguli_KA.csv"
"922","Thumpamon_KE.csv"
"923","Vandiperiyar_KE.csv"
"924","Yennehole_KA.csv"
"925",NA
"926",NA
"927",NA
"928",NA
"929",NA
"930","Durvesh_mh.csv"
"931","Gadat_GJ.csv"
"932",NA
"933",NA
"934",NA
"935",NA
"936",NA
"937",NA
"938","Mahuwa_GJ.csv"
"939","Mangaon_mh.csv"
"940",NA
"941",NA
"942",NA
"943",NA
"944",NA
"945",NA
"946",NA
"947",NA
"948",NA
"949",NA
"950",NA
