Standard Parameter Analysis Data of : Dholabazar (DHOLABAZAR)
Laboratory : DHOLABAZAR 
Period : January-2004 To January-2016 
S.No.,Date_of_Collection,Date_of_Receipt,Discharge(cumecs),pH_FLD,EC_FLD(umho/cm),DO(mg/l),Water Temp(deg C),Colour,Odour,pH_GEN,EC_GEN(umho/cm),TDS(mg/l),SS(mg/l),NH3(mg N/l),NO2+NO3(mg N/l),Total_Nutrients(mg P/l),SiO2(mg/l),BOD(mg/l),COD(mg/l),Phen(mg CaCO3/l),Total_Alkallnity(mg CaCO3/l),Total_Hardness(mg CaCO3/l),Ca_Hardness(mg CaCO3/l),F(mg/l),B(mg/l),Ca_Major_Ions(mg/l),Mg(mg/l),Na(mg/l),K(mg/l),Cl(mg/l),SO4(mg/l),CO3(mg/l),HCO3(mg/l),Total_Coliforms(MPN/100ml),Faecal(MPN/100ml),Chlorophyll-A(ug/L)
1,15/01/2004,16/01/2004,null,null,null,null,null,Clear,odour free,8,211.99,80,null,null,null,null,null,null,null,null,null,129,64.5,null,null,25.8,15.48,2.5,1.8,12,1.2,0,29.28,null,null,null
2,15/03/2004,16/03/2004,null,null,null,null,null,Clear,odour free,7.9,185,120,null,null,null,null,null,null,null,null,null,81.7,38.7,null,null,15.48,10.32,4,1.3,13,.8,0,70.76,null,null,null
3,15/05/2004,16/05/2004,null,null,null,null,null,Brown,odour free,6.57,67.2,180,null,null,null,null,null,null,null,null,null,51.592,25.8,null,null,10.32,6.19,1.05,1.6,14,1.6,0,31.72,null,null,null
4,15/07/2004,16/07/2004,null,null,null,null,null,Brown,odour free,7.57,68.53,160,null,null,null,null,null,null,null,null,null,90.3,47.3,null,null,18.92,10.32,.6,.8,13,1.1,0,34.16,null,null,null
5,15/09/2004,16/09/2004,null,null,null,null,null,Brown,odour free,7.9,140,260,null,null,null,null,null,null,null,null,null,85.992,38.7,null,null,15.48,11.35,1.9,1,11,2.9,0,24.4,null,null,null
6,15/11/2004,16/11/2004,null,null,null,null,null,Brown,odour free,8.16,60,270,null,null,null,null,null,null,null,null,null,56.75,43,null,null,17.2,3.3,4,1.5,8,2.7,12,295.24,null,null,null
7,15/01/2005,16/01/2005,null,null,null,null,null,Clear,odour free,7.8,390,240,null,null,null,null,null,null,null,0,61.5,273.825,166.5,1.52,null,66.6,25.758,.54,.117,9.94,2.688,0,75.03,null,null,null
8,15/03/2005,16/03/2005,null,null,null,null,null,Light Brown,odour free,7.8,360,null,null,null,null,null,null,null,null,0,96,142.825,35.5,.76,null,14.2,25.758,6.601,4.106,9.94,1.728,0,117.12,null,null,null
9,15/05/2005,16/05/2005,null,null,null,null,null,Brown,odour free,7.17,330,null,null,null,null,null,null,null,null,.249,92,76.088,69,.57,null,27.6,1.701,5.497,3.011,8.165,1.824,.3,111.63,null,null,null
10,15/07/2005,16/07/2005,null,null,null,null,null,Brown,odour free,null,null,null,null,null,null,null,null,null,null,0,34.5,56.844,29,.95,null,11.6,6.682,.989,2.893,4.97,2.784,0,42.09,null,null,null
11,15/09/2005,16/09/2005,null,null,null,null,null,Light Brown,odour free,7.8,213,null,null,null,null,null,null,null,null,.174,34.85,32.131,21.5,.95,null,8.6,2.552,1.955,1.212,6.39,1.584,.21,42.09,null,null,null
12,15/11/2005,16/11/2005,null,null,null,null,null,Clear,odour free,7.77,220,null,null,null,null,null,null,null,null,.1,45.7,20.606,12,.76,null,4.8,2.066,2.001,.821,6.035,1.824,.12,55.51,null,null,null
13,15/01/2006,16/01/2006,null,8.71,372,null,null,Brown,odour free,8.71,372,null,null,null,null,null,null,null,null,0,83.5,205.05,160.5,null,null,64.2,10.692,3.197,.508,8.165,.864,0,101.87,null,null,null
14,16/04/2006,17/04/2006,null,7.32,280,null,null,Brown,odour free,7.32,280,null,null,null,null,null,null,null,null,0,33,121.206,64,null,null,25.6,13.729,4.37,1.173,8.52,null,0,40.26,null,null,null
15,16/07/2006,17/07/2006,null,7.56,118.8,null,null,Brown,odour free,7.56,118.8,null,null,null,null,null,null,null,null,null,null,null,null,null,null,null,null,null,null,null,null,null,null,null,null,null
16,15/10/2006,16/10/2006,null,8.24,390,null,null,Brown,odour free,8.24,390,null,null,null,null,null,null,null,null,3.909,845,722.678,667.75,null,null,267.1,13.183,null,null,52.86,null,4.71,1021.323,null,null,null
17,15/01/2007,16/01/2007,null,6.67,348,null,null,Light Brown,odour free,6.67,348,null,null,null,null,null,null,null,null,.174,160.137,99.85,96.1,null,null,38.44,.9,3.6,2.6,10.07,null,.21,194.94,null,null,null
18,16/04/2007,17/04/2007,null,7.64,105.1,null,null,Light Brown,odour free,7.64,105.1,78.2,null,null,null,null,null,null,null,1.079,148.65,52.608,30.65,null,null,12.26,5.27,2.4,1.6,4.57,null,1.3,178.71,null,null,null
19,16/07/2007,17/07/2007,null,7.64,120,null,null,Light Brown,odour free,7.64,120,81.4,null,null,null,null,null,null,null,0,21,50,34,null,null,13.6,3.84,null,null,5.077,null,0,25.62,null,null,null
20,15/10/2007,16/10/2007,null,7.64,120,null,null,Light Brown,odour free,7.64,120,81.4,null,null,null,null,null,null,null,0,42,22,14,null,null,5.6,1.92,null,null,10.06,null,0,51.24,null,null,null
21,15/01/2008,16/01/2008,null,7.38,387,null,null,Brown,odour free,7.38,387,81.4,null,null,null,null,null,null,null,3.984,118.656,138.333,60,null,null,24,18.8,3.2,1.2,19.9,1.5,4.8,135,null,null,null
22,16/04/2008,17/04/2008,null,8,405,null,32.7,Light Brown,odour free,8,405,272,null,null,null,null,null,null,null,3.984,158,57.833,52,null,null,20.8,1.4,5.9,2.4,15.34,null,4.8,183,null,null,null
23,16/07/2008,17/07/2008,null,7.04,345,null,null,Brown,odour free,7.04,345,153,null,null,null,null,null,null,null,0,20,66,11,null,null,4.4,13.2,null,null,16.33,null,0,24.4,null,null,null
24,15/10/2008,16/10/2008,null,7.14,450,null,null,Brown,odour free,7.14,450,null,null,null,null,null,null,null,null,0,40,60,40,null,null,16,4.8,null,null,19.88,null,0,48.8,null,null,null
25,15/01/2009,16/01/2009,null,7.59,379,null,null,Brown,odour free,7.59,379,195,null,null,null,null,null,null,null,.091,57.437,60.142,49.1,null,null,19.64,2.65,4.1,.9,6.54,null,.11,69.85,null,null,null
26,16/04/2009,17/04/2009,null,8.16,399,null,null,Clear,odour free,8.16,399,176,null,null,null,null,null,null,null,0,38,86.008,47.3,null,null,18.92,9.29,6.31,3.2,10,null,0,46.36,null,null,null
27,16/07/2009,17/07/2009,null,7.77,360,null,null,Light Brown,odour free,7.77,360,null,null,null,null,null,null,null,null,0,234,193.5,107.5,null,null,43,20.64,6.84,3.89,6,null,0,285.48,null,null,null
28,15/10/2009,16/10/2009,null,7.15,340,null,null,Clear,odour free,7.15,340,null,null,null,null,null,null,null,null,0,196,167.692,77.4,null,null,30.96,21.67,5.88,.39,10,null,0,239.12,null,null,null
29,15/01/2010,16/01/2010,null,7.94,320.2,null,null,Clear,odour free,7.94,320.2,null,null,null,null,null,null,null,null,0,236,412.8,369.8,null,null,147.92,10.32,5.86,.18,10,null,0,287.92,null,null,null
30,16/04/2010,17/04/2010,null,6.89,310.5,null,null,Light Brown,odour free,6.89,310.5,null,null,null,null,null,null,null,null,0,122,111.8,90.3,null,null,36.12,5.16,5.96,.14,11,null,0,148.84,null,null,null
31,16/07/2010,17/07/2010,null,6.75,310,null,null,Light Brown,odour free,6.75,310,null,null,null,null,null,null,null,null,0,196,176.317,120.4,null,null,48.16,13.42,4.57,3.06,5,null,0,239.12,null,null,null
32,15/10/2010,16/10/2010,null,null,null,null,null,null,null,null,null,null,null,null,null,null,null,null,null,0,276,98.908,38.7,null,null,15.48,14.45,1.8,.95,12,null,0,336.72,null,null,null
33,15/01/2011,16/01/2011,null,null,null,null,null,null,null,null,null,null,null,null,null,null,null,null,null,0,242,180.608,77.4,null,null,30.96,24.77,1.41,.19,6,null,0,295.24,null,null,null
34,16/04/2011,17/04/2011,null,7.02,null,null,null,Clear,odour free,7.02,null,null,null,null,null,null,null,null,null,0,180,163.392,51.6,null,null,20.64,26.83,6.46,.18,12,null,0,219.6,null,null,null
35,16/07/2011,17/07/2011,null,8.53,210,null,null,Brown,odour free,8.53,210,null,null,null,null,null,null,null,null,0,182,68.792,43,null,null,17.2,6.19,5.75,.19,8,null,0,222.04,null,null,null
36,15/10/2011,16/10/2011,null,7.03,191.6,null,null,Brown,odour free,7.03,191.6,null,null,null,null,null,null,null,null,0,233.18,236.483,141.9,null,null,56.76,22.7,1,4.1,8,null,0,284.48,null,null,null
37,15/01/2012,16/01/2012,null,7.5,235,null,null,Clear,odour free,7.5,235,null,null,null,null,null,null,null,null,0,292,180.6,51.6,null,null,20.64,30.96,1.75,.9,12,1.2,0,356.24,null,null,null
38,16/04/2012,17/04/2012,null,8.07,396,null,25.7,Brown,odour free,8.07,396,null,null,null,null,null,null,null,null,0,226,184.883,90.3,null,null,36.12,22.7,4.25,.18,11,1,0,275.72,null,null,null
39,16/07/2012,17/07/2012,null,8.55,391.1,null,null,Brown,odour free,8.55,391.1,null,null,null,null,null,null,null,null,0,94,81.692,34.4,null,null,13.76,11.35,4.9,.28,9,1.1,0,114.68,null,null,null
40,15/10/2012,16/10/2012,null,6.65,185,null,18.9,Clear,odour free,6.65,185,92.3,null,null,null,null,null,null,null,0,52,94.592,47.3,null,null,18.92,11.35,3.1,.11,12,1.1,0,63.44,null,null,null
41,15/01/2013,16/01/2013,null,null,null,null,16.7,Clear,odour free,7.7,426,426,null,null,null,null,null,null,null,0,218,197.8,47.3,null,null,18.92,36.12,3.1,1.15,12,1.2,0,265.96,null,null,null
42,16/04/2013,17/04/2013,null,null,null,null,24.5,Clear,odour free,6.7,333,166,null,null,null,null,null,null,null,0,164,129.017,51.6,null,null,20.64,18.58,3.1,.2,11,1.2,0,200.08,null,null,null
43,15/07/2013,16/07/2013,null,null,null,null,27,Brown,odour free,7.6,380,190,null,null,null,null,null,null,null,0,218,189.183,30.1,null,null,12.04,38.18,3.75,.16,13,1.22,0,265.96,null,null,null
44,15/10/2013,16/10/2013,null,null,null,null,26,Light Brown,odour free,6.8,355,195,null,null,null,null,null,null,null,0,180,184.892,180.6,null,null,72.24,1.03,3.8,.11,13,1.5,0,219.6,null,null,null
45,15/01/2014,16/01/2014,null,null,null,null,21.1,Brown,odour free,7.9,321,188,null,null,null,null,null,null,null,0,100,141.9,55.9,null,null,22.36,20.64,3.8,.17,28,1.24,0,122,null,null,null
46,16/04/2014,17/04/2014,null,null,null,null,27.1,Brown,odour free,8.5,346,173,null,null,null,null,null,null,null,0,52,206.383,68.8,null,null,27.52,33.02,3.9,.18,27,1.16,0,63.44,null,null,null
47,16/04/2014,17/04/2014,null,null,null,null,null,null,null,null,null,null,null,null,null,null,null,null,null,null,null,null,null,null,null,null,null,null,null,null,null,null,null,null,null,null
48,15/07/2014,16/07/2014,null,null,null,null,27.1,Brown,odour free,7.6,380,190,null,null,null,null,null,null,null,0,44,60.192,55.9,null,null,22.36,1.03,4.62,.17,9,1.22,0,53.68,null,null,null
49,15/10/2014,16/10/2014,null,null,null,null,25.8,Light Brown,odour free,6.8,355,195,null,null,null,null,null,null,null,0,254,120.392,116.1,null,null,46.44,1.03,4,.2,11,1.18,0,309.88,null,null,null
50,16/01/2015,17/01/2015,null,null,null,null,21.1,Light Brown,odour free,8.3,351,174,null,null,null,null,null,null,null,0,124,137.6,94.6,null,null,37.84,10.32,11.52,6.83,18,2.23,0,151.28,null,null,null
51,16/04/2015,17/04/2015,null,null,null,null,25,Brown,odour free,7.8,337,168,null,null,null,null,null,null,null,0,10,150.5,64.5,null,null,25.8,20.64,7.1,1.2,21,1.7,0,12.2,null,null,null
52,15/07/2015,16/07/2015,null,null,null,null,null,Brown,odour free,7.8,145,73,null,null,null,null,null,null,null,0,66,68.817,55.9,null,null,22.36,3.1,3.25,1.95,9,1.18,0,80.52,null,null,null
