Standard Parameter Analysis Data of : Dholai (01-11-06-003)
Laboratory : M.B. Division, CWC, Guwahati 
Period : January-2003 To January-2015 
S.No.,Date_of_Collection,Date_of_Receipt,Discharge(cumecs),pH_FLD,EC_FLD(umho/cm),DO(mg/l),Water Temp(deg C),Colour,Odour,pH_GEN,EC_GEN(umho/cm),TDS(mg/l),SS(mg/l),NH3(mg N/l),NO2+NO3(mg N/l),Total_Nutrients(mg P/l),SiO2(mg/l),BOD(mg/l),COD(mg/l),Phen(mg CaCO3/l),Total_Alkallnity(mg CaCO3/l),Total_Hardness(mg CaCO3/l),Ca_Hardness(mg CaCO3/l),F(mg/l),B(mg/l),Ca_Major_Ions(mg/l),Mg(mg/l),Na(mg/l),K(mg/l),Cl(mg/l),SO4(mg/l),CO3(mg/l),HCO3(mg/l),Total_Coliforms(MPN/100ml),Faecal(MPN/100ml),Chlorophyll-A(ug/L)
1,16/06/2003,17/06/2003,null,null,null,null,25,Light Brown,odour free,8.45,80.1,300,null,null,null,null,null,null,null,null,null,42.77,null,null,null,8.6,5.16,3.6,1.8,10,null,7.2,4.16,null,null,null
2,18/08/2003,19/08/2003,null,null,null,null,29,Light Brown,odour free,6.92,42.9,200,null,null,null,null,null,null,null,null,null,128.19,null,null,null,27.5,14.45,4,1.3,12,null,0,13.4,null,null,null
3,15/10/2003,16/10/2003,null,null,null,null,27,Light Brown,odour free,7.23,74,240,null,null,null,null,null,null,null,null,null,42.77,null,null,null,10.32,4.13,6.5,1.8,12,null,0,51.24,null,null,null
4,15/12/2003,16/12/2003,null,null,null,null,15,Light Brown,odour free,8.1,190.24,420,null,null,null,null,null,null,null,null,null,81.25,null,null,null,18.92,8.25,3.9,1.2,15,null,0,41.48,null,null,null
5,16/02/2004,17/02/2004,null,null,null,null,15.5,Clear,odour free,7.47,267.96,360,null,null,null,null,null,null,null,null,null,128.26,null,null,null,29.24,13.42,6,1.2,12,1,0,43.92,null,null,null
6,15/06/2004,16/06/2004,null,null,null,null,26.5,Light Brown,odour free,7.4,89,240,null,null,null,null,null,null,null,null,null,81.18,null,null,null,17.2,9.29,3.2,.9,15,null,0,43.92,null,null,null
7,15/12/2004,16/12/2004,null,null,null,null,20,Clear,odour free,7.39,120,108,null,null,null,null,null,null,null,null,null,81.34,null,.05,null,17.2,9.98,4.1,.2,8,2.3,0,31.72,null,null,null
8,15/02/2005,16/02/2005,null,null,null,null,19.5,Clear,odour free,7.8,210,158,null,null,null,null,null,null,null,null,null,100,null,.5,null,19.64,12.76,4.9,1,5.03,1.4,.71,119.25,null,null,null
9,16/04/2005,17/04/2005,null,null,null,null,26,Clear,odour free,7.76,160,150,null,null,null,null,null,null,null,null,null,36,null,.09,null,10.21,2.54,7.2,2.4,6.17,1.2,.31,167.53,null,null,null
10,15/06/2005,16/06/2005,null,null,null,null,27,silty,odour free,7.7,140,120,null,null,null,null,null,null,null,null,null,52,null,.5,null,7.86,7.86,6,1.2,12.34,1,.34,71.61,null,null,null
11,16/08/2005,17/08/2005,null,null,null,null,null,null,null,6.9,null,140,null,null,null,null,null,null,null,null,null,36,null,.05,null,7,4.44,1.196,1.677,6.39,1.2,0,45.75,null,null,null
12,17/10/2005,18/10/2005,null,null,null,null,null,null,null,null,null,120,null,null,null,null,null,null,null,0,55.5,23.5,19.5,.5,null,7.8,.96,3.197,1.014,4.615,1,0,67.71,null,null,null
13,15/12/2005,16/12/2005,null,null,null,null,18,silty,odour free,7.73,190,140,null,null,null,null,null,null,null,null,null,50,null,.5,null,18.07,1.17,2.8,.8,8.05,1.1,.4,85.57,null,null,null
14,01/04/2006,03/04/2006,null,null,null,null,null,null,null,8.5,null,160,null,null,null,null,null,null,null,.249,56,92.5,32,.5,null,12.8,14.52,9.2,1.794,3.91,null,.3,67.71,null,null,null
15,01/07/2006,03/07/2006,null,null,null,null,27,silty,odour free,8.1,null,null,null,null,null,null,null,null,null,null,null,null,null,null,null,null,null,null,null,null,null,null,null,null,null,null
16,02/10/2006,03/10/2006,null,null,null,null,27,silty,odour free,6.98,null,null,null,null,null,null,null,null,null,null,null,null,null,null,null,null,null,null,null,null,null,null,null,null,null,null
17,01/01/2007,02/01/2007,null,null,null,null,null,null,null,7.89,null,210,null,null,null,null,null,null,null,null,null,52.519,51,.5,null,20.4,.364,5.497,1.017,9.94,null,0,98.21,null,null,null
18,02/04/2007,03/04/2007,null,7.8,null,null,null,null,null,null,235,235,null,null,null,null,null,null,null,null,null,53.025,51,.5,null,20.4,.486,null,null,3.55,null,.3,57.34,null,null,null
19,02/07/2007,03/07/2007,null,null,null,null,26.5,Brown,null,7,66,66,null,null,null,null,null,null,null,null,null,null,null,null,null,null,null,null,null,null,null,null,null,null,null,null
20,01/10/2007,02/10/2007,null,null,null,null,26,Brown,null,7.86,70.4,70,null,null,null,null,null,null,null,null,null,null,null,null,null,null,null,null,null,null,12.5,null,null,null,null,null
21,01/01/2008,02/01/2008,null,null,null,null,null,null,null,7.51,null,111,null,null,null,null,null,null,null,null,null,null,147,null,null,58.8,null,null,null,19.88,null,null,136.6,null,null,null
22,01/04/2008,02/04/2008,null,null,null,null,32.6,silty,null,6.79,138.9,93,null,null,null,null,null,null,null,null,null,53.833,38,null,null,15.2,3.8,7.4,1.8,22.92,null,2.4,87.8,null,null,null
23,01/07/2008,02/07/2008,null,null,null,null,31.6,Light Brown,odour free,6.67,80.3,54,null,null,null,null,null,null,null,null,null,null,null,null,null,null,null,null,null,null,null,null,null,null,null,null
24,01/10/2008,21/11/2008,null,null,null,null,26.5,Light Brown,odour free,7.15,91.5,61,null,null,null,null,null,null,null,null,null,null,null,null,null,null,null,null,null,null,null,null,null,null,null,null
25,01/01/2009,27/04/2009,null,null,null,null,20.4,Clear,odour free,7.55,183.2,123,null,null,null,null,null,null,null,null,null,120.342,92.3,null,null,36.92,6.73,8.37,6.5,8.05,null,.17,49.82,null,null,null
26,01/04/2009,15/06/2009,null,null,null,null,21.5,Brown,odour free,6.65,100.2,67,null,null,null,null,null,null,null,null,null,38.708,21.5,null,null,8.6,4.13,4.97,1.16,9,null,0,31.72,null,null,null
27,02/07/2009,06/10/2009,null,null,null,null,26,Brown,odour free,6.83,89.9,60,null,null,null,null,null,null,null,null,null,55.883,25.8,null,null,10.32,7.22,4.37,2.19,6,null,0,61,null,null,null
28,01/10/2009,20/11/2009,null,null,null,null,27.8, Brown,odour free,7.23,119.4,80,null,null,null,null,null,null,null,0,55.984,77.4,34.4,null,null,13.76,10.32,4.62,.11,7,null,0,68.3,null,null,null
29,01/01/2010,27/03/2010,null,null,null,null,13,Clear,odour free,8.14,189.9,127,null,null,null,null,null,null,null,0,100,116.083,43,null,null,17.2,17.54,9.23,.2,11,null,0,122,null,null,null
30,01/04/2010,05/07/2010,null,null,null,null,20,O/Silty,odour free,6.63,58.5,39,null,null,null,null,null,null,null,0,24,34.392,30.1,null,null,12.04,1.03,3.12,.17,9,null,0,29.28,null,null,null
31,01/07/2010,24/09/2010,null,null,null,null,24,Light Brown,odour free,7.29,85.9,58,null,null,null,null,null,null,null,0,46,55.883,25.8,null,null,10.32,7.22,3.81,2.46,8,null,0,56.12,null,null,null
32,01/10/2010,25/01/2011,null,null,null,null,25,Clear,odour free,7.38,101.4,68,null,null,null,null,null,null,null,0,64,51.583,21.5,null,null,8.6,7.22,2.59,1.07,7,null,0,78.08,null,null,null
33,01/01/2011,03/05/2011,null,null,null,null,14,Clear,odour free,7.07,166,111,null,null,null,null,null,null,null,0,112,98.908,60.2,null,null,24.08,9.29,4.1,.1,10,null,0,136.64,null,null,null
34,01/02/2011,06/06/2011,null,null,null,null,14,Clear,odour free,6.7,181.1,121,null,null,null,null,null,null,null,0,102,94.583,64.5,null,null,25.8,7.22,1.92,1.27,10,null,0,124.44,null,null,null
35,01/03/2011,06/06/2011,null,null,null,null,17,Clear,odour free,7.1,200,134,null,null,null,null,null,null,null,0,110,146.192,55.9,null,null,22.36,21.67,2.31,.22,9,null,0,134.2,null,null,null
36,01/04/2011,06/06/2011,null,null,null,null,20,Clear,odour free,7.26,142.3,95,null,null,null,null,null,null,null,0,72,86,43,null,null,17.2,10.32,6.9,.19,7,null,0,87.84,null,null,null
37,01/05/2011,11/08/2011,null,null,null,null,25,Clear,odour free,7.5,169.5,113,null,null,null,null,null,null,null,0,86,68.783,60.2,null,null,24.08,2.06,5.56,.21,9,null,0,104.92,null,null,null
38,01/06/2011,12/08/2011,null,null,null,null,25,Light Brown,odour free,6.09,52.7,36,null,null,null,null,null,null,null,0,26,38.7,17.2,null,null,6.88,5.16,5.6,.8,6,null,0,31.72,null,null,null
39,01/07/2011,13/08/2011,null,null,null,null,28,Light Brown,odour free,7.17,100.3,67,null,null,null,null,null,null,null,0,52,81.608,30.025,null,null,12.01,12.38,4.8,.3,5,null,0,63.44,null,null,null
40,01/08/2011,25/11/2011,null,null,null,null,28,Light Brown,odour free,6.7,86.3,58,null,null,null,null,null,null,null,0,54,60.208,43,null,null,17.2,4.13,5.46,.19,6,null,0,65.88,null,null,null
41,01/09/2011,26/11/2011,null,null,null,null,28,Light Brown,odour free,6.81,66.1,44,null,null,null,null,null,null,null,0,34,60.208,21.5,null,null,8.6,9.29,3.9,.21,10,null,0,41.48,null,null,null
42,01/10/2011,27/11/2011,null,null,null,null,27,Light Brown,odour free,7.18,91.8,61,null,null,null,null,null,null,null,0,48,55.883,25.8,null,null,10.32,7.22,4,.15,9,null,0,58.56,null,null,null
43,01/11/2011,31/12/2011,null,null,null,null,22.5,Clear,odour free,7.1,118.5,79,null,null,null,null,null,null,null,0,64,73.092,68.8,null,null,27.52,1.03,2.8,5.5,8,null,0,78.08,null,null,null
44,01/12/2011,26/03/2012,null,null,null,null,20.3,Clear,odour free,6.91,136.6,92,null,null,null,null,null,null,null,0,78,77.408,38.7,null,null,15.48,9.29,3.8,.21,9,null,0,95.16,null,null,null
45,01/01/2012,27/03/2012,null,null,null,null,17,Clear,odour free,7.53,156.7,105,null,null,null,null,null,null,null,0,148,94.608,34.4,null,null,13.76,14.45,3.26,.15,10,1.2,0,180.56,null,null,null
46,01/02/2012,25/04/2012,null,null,null,null,12,Clear,odour free,7.05,158.2,106,null,null,null,null,null,null,null,0,126,90.308,30.1,null,null,12.04,14.45,4.84,1.15,13,2.3,0,153.72,null,null,null
47,01/03/2012,26/04/2012,null,null,null,null,18.5,Clear,odour free,6.92,119,80,null,null,null,null,null,null,null,0,92,64.492,38.7,null,null,15.48,6.19,3.51,.26,9,1.2,0,112.24,null,null,null
48,01/04/2012,04/06/2012,null,null,null,null,19,Light Brown,odour free,6.64,121.2,81,null,null,null,null,null,null,null,0,64,94.617,38.7,null,null,15.48,13.42,3.25,.18,8,1.31,0,78.08,null,null,null
49,01/05/2012,15/06/2012,null,null,null,null,19,Light Brown,odour free,6.5,56.1,37,null,null,null,null,null,null,null,0,32,64.508,25.8,null,null,10.32,9.29,4.6,.18,12,1.1,0,39.04,null,null,null
50,01/06/2012,16/07/2012,null,null,null,null,26,Light Brown,OL,6.36,95.8,65,null,null,null,null,null,null,null,0,50,68.808,30.1,null,null,12.04,9.29,4,.21,10,1.1,0,61,null,null,null
51,01/07/2012,01/09/2012,null,null,null,null,24,Light Brown,OL,6.59,112.9,76,null,null,null,null,null,null,null,0,64,73.092,25.8,null,null,10.32,11.35,2.9,.18,13,1.1,0,78.08,null,null,null
52,01/08/2012,03/09/2012,null,null,null,null,23,Light Brown,OL,6.51,93.8,63,null,null,null,null,null,null,null,0,46,86.017,30.1,null,null,12.04,13.42,5.1,.31,8,1.2,0,56.12,null,null,null
53,01/09/2012,05/11/2012,null,null,null,null,23,Light Brown,OL,6.25,91.5,61,null,null,null,null,null,null,null,0,48,124.683,51.6,null,null,20.64,17.54,2.6,.17,13,1.15,0,58.56,null,null,null
54,01/10/2012,07/12/2012,null,null,null,null,23.3,Light Brown,OL,6.87,78.7,53,null,null,null,null,null,null,null,0,46,55.883,25.8,null,null,10.32,7.22,2.97,.15,11,1.1,0,56.12,null,null,null
55,01/11/2012,10/12/2012,null,null,null,null,22,Light Brown,OL,6.3,119.3,80,null,null,null,null,null,null,null,0,78,47.283,17.2,null,null,6.88,7.22,3.1,.28,9,1.1,0,95.16,null,null,null
56,01/12/2012,09/01/2013,null,null,null,null,18,Light Brown,OL,6.53,126.5,85,null,null,null,null,null,null,null,0,62,51.608,34.4,null,null,13.76,4.13,4.62,.24,10,1.31,0,75.64,null,null,null
57,01/01/2013,12/03/2013,null,null,null,null,14.5,Light Brown,OL,6.93,87.6,59,null,null,null,null,null,null,null,0,56,64.508,25.8,null,null,10.32,9.29,3.15,.25,9,1.1,0,68.32,null,null,null
58,02/02/2013,13/03/2013,null,null,null,null,16,Clear,OL,7.5,101.4,68,null,null,null,null,null,null,null,0,48,51.617,17.2,null,null,6.88,8.26,3.25,1.15,10,1.2,0,58.56,null,null,null
59,01/03/2013,26/03/2013,null,null,null,null,18.5,Clear,OL,6.7,116.3,78,null,null,null,null,null,null,null,0,72,60.208,21.5,null,null,8.6,9.29,4.6,.24,14,1.1,0,87.84,null,null,null
60,01/04/2013,27/05/2013,null,null,null,null,21,Clear,OL,7.25,120.5,81,null,null,null,null,null,null,null,0,64.59,60.192,55.9,null,null,22.36,1.03,5,.28,9,1.1,0,78.8,null,null,null
61,01/05/2013,06/07/2013,null,null,null,null,22.5,Clear,OL,7.08,114.1,76,null,null,null,null,null,null,null,0,74,90.308,51.6,null,null,20.64,9.29,3.4,.21,11,1.25,0,90.28,null,null,null
62,01/06/2013,07/07/2013,null,null,null,null,24.3,Light Brown, OL,6.62,70.3,47,null,null,null,null,null,null,null,0,56,137.6,73.1,null,null,29.24,15.48,4.1,.18,10,1.27,0,68.32,null,null,null
63,01/07/2013,10/09/2013,null,null,null,null,26,Light Brown,  OL,6.85,98,66,null,null,null,null,null,null,null,0,52,73.108,34.4,null,null,13.76,9.29,4,.18,14,1.22,0,63.44,null,null,null
64,01/08/2013,25/11/2013,null,null,null,null,26,Light Brown,     OL,6.62,82.5,55,null,null,null,null,null,null,null,0,60,38.683,8.6,null,null,3.44,7.22,3.85,.18,10,1.18,0,73.2,null,null,null
65,01/09/2013,26/11/2013,null,null,null,null,26,Light Brown,OL,6.71,92.2,62,null,null,null,null,null,null,null,0,54,60.192,55.9,null,null,22.36,1.03,3.7,.18,11,1.25,0,65.88,null,null,null
66,01/10/2013,04/12/2013,null,null,null,null,25,Light Brown,OL,6.7,106.6,72,null,null,null,null,null,null,null,0,54,51.583,43,null,null,17.2,2.06,3.85,.2,14,1.1,0,65.88,null,null,null
67,30/11/2013,17/01/2014,null,null,null,null,21,Light Brown,      OL,6.89,118.5,79,null,null,null,null,null,null,null,0,56,86,64.5,null,null,25.8,5.16,3.85,.14,11,1.2,0,68.32,null,null,null
68,31/12/2013,18/01/2014,null,null,null,null,18,Light Brown,OL,6.88,109.6,74,null,null,null,null,null,null,null,0,42,98.9,55.9,null,null,22.36,10.32,4,.11,9,1.16,0,51.24,null,null,null
69,01/01/2014,07/04/2014,null,null,null,null,14,Clear,OL,7.35,87,58,null,null,null,null,null,null,null,0,34,51.583,43,null,null,17.2,2.06,3.65,.11,8,1.23,0,41.48,null,null,null
70,01/02/2014,01/05/2014,null,null,null,null,15,Clear,OL,6.81,96.6,65,null,null,null,null,null,null,null,0,56,73.117,38.7,null,null,15.48,8.26,3.85,.18,8,1.23,0,68.32,null,null,null
71,01/03/2014,01/05/2014,null,null,null,null,18,Clear,OL,6.85,103.3,69,null,null,null,null,null,null,null,0,58,77.4,34.4,null,null,13.76,10.32,3.7,.17,7,1.21,0,70.76,null,null,null
72,01/04/2014,26/05/2014,null,null,null,null,22.3,Clear,OL,7.33,119.3,80,null,null,null,null,null,null,null,0,70,81.708,43,null,null,17.2,9.29,4.1,.14,11,1.22,0,85.4,null,null,null
73,01/05/2014,16/09/2014,null,null,null,null,21,Clear,OL,7.08,118.9,80,null,null,null,null,null,null,null,0,78,73.1,30.1,null,null,12.04,10.32,3.85,.18,13,1.16,0,95.16,null,null,null
74,01/06/2014,17/09/2014,null,null,null,null,25,Light Brown,OL,6.55,102.6,69,null,null,null,null,null,null,null,0,62,81.717,25.8,null,null,10.32,13.42,3.85,.19,17,1.27,0,75.64,null,null,null
75,01/07/2014,18/09/2014,null,null,null,null,26,Light Brown,OL,6.82,75.5,50,null,null,null,null,null,null,null,0,50,47.3,25.8,null,null,10.32,5.16,4.6,.2,12,1.18,0,61,null,null,null
76,01/08/2014,05/01/2015,null,null,null,null,27.5,Light Brown,OL,7.01,60.9,41,null,null,null,null,null,null,null,0,44,38.7,17.2,null,null,6.88,5.16,3.8,.19,8,1.26,0,53.68,null,null,null
77,01/09/2014,06/01/2015,null,null,null,null,27,Light Brown,OL,6.79,76.9,52,null,null,null,null,null,null,null,0,42,47.308,30.1,null,null,12.04,4.13,3.8,.17,3,1.19,0,51.24,null,null,null
78,01/10/2014,02/03/2015,null,6.7,118.3,null,24,Light Brown,OL,6.7,118.3,79,null,null,null,.39,null,null,null,0,80,60.192,55.9,null,null,22.36,1.03,3.75,.17,13,1.24,0,97.6,null,null,null
79,01/11/2014,02/03/2015,null,null,null,null,23.8,Light Brown,OL,7.2,113.1,76,null,null,null,null,null,null,null,0,68,73.092,25.8,null,null,10.32,11.35,3.85,.14,10,1.1,0,82.96,null,null,null
80,01/12/2014,02/03/2015,null,null,null,null,18,Clear,OL,7.2,113.2,76,null,null,null,null,null,null,null,0,74,90.283,60.2,null,null,24.08,7.22,4,.11,12,1.6,0,90.28,null,null,null
81,01/01/2015,07/04/2015,null,null,null,null,17,Clear,OL,7.4,170,114,null,null,null,null,null,null,null,0,82,90.292,43,null,null,17.2,11.35,7.32,1.6,9,3.2,0,100.04,null,null,null
