Standard Parameter Analysis Data of : Dibrugarh (DIBRUGARH)
Laboratory : DIBRUGARH 
Period : January-2004 To January-2016 
S.No.,Date_of_Collection,Date_of_Receipt,Discharge(cumecs),pH_FLD,EC_FLD(umho/cm),DO(mg/l),Water Temp(deg C),Colour,Odour,pH_GEN,EC_GEN(umho/cm),TDS(mg/l),SS(mg/l),NH3(mg N/l),NO2+NO3(mg N/l),Total_Nutrients(mg P/l),SiO2(mg/l),BOD(mg/l),COD(mg/l),Phen(mg CaCO3/l),Total_Alkallnity(mg CaCO3/l),Total_Hardness(mg CaCO3/l),Ca_Hardness(mg CaCO3/l),F(mg/l),B(mg/l),Ca_Major_Ions(mg/l),Mg(mg/l),Na(mg/l),K(mg/l),Cl(mg/l),SO4(mg/l),CO3(mg/l),HCO3(mg/l),Total_Coliforms(MPN/100ml),Faecal(MPN/100ml),Chlorophyll-A(ug/L)
1,16/01/2004,17/01/2004,null,null,null,null,null,Clear,odour free,7.91,311.75,480,null,null,null,null,null,null,null,null,null,129,86,null,null,34.4,10.32,3.9,2,10,1,9.6,43.92,null,null,null
2,15/03/2004,15/03/2004,null,null,null,null,null,Light Brown,odour free,7.55,277.5,420,null,null,null,null,null,null,null,null,null,129.017,73.1,null,null,29.24,13.42,4.6,1.9,11,1.25,0,24.4,null,null,null
3,15/05/2004,16/05/2004,null,null,null,null,null,Light Brown,odour free,7.8,124.8,430,null,null,null,null,null,null,null,null,null,73.117,38.7,null,null,15.48,8.26,1.05,1.5,13,1.5,0,39.04,null,null,null
4,15/07/2004,16/07/2004,null,null,null,null,null,Brown,odour free,7.46,48.95,410,null,null,null,null,null,null,null,null,null,68.817,34.4,null,null,13.76,8.26,1,.5,10,.9,0,39.04,null,null,null
5,15/09/2004,16/09/2004,null,null,null,null,null,Brown,odour free,7.8,120,380,null,null,null,null,null,null,null,null,null,77.408,38.7,null,null,15.48,9.29,.7,1.5,12,2.9,0,31.72,null,null,null
6,15/11/2004,16/11/2004,null,null,null,null,null,Light Brown,odour free,7.89,110,340,null,null,null,null,null,null,null,null,null,52.158,38.7,null,null,15.48,3.23,1.1,1.2,10,3.4,0,97.6,null,null,null
7,15/01/2005,16/01/2005,null,null,null,null,null,Clear,odour free,8.1,360,280,null,null,null,null,null,null,null,0,63.5,295.45,137.5,1.52,null,55,37.908,2.3,.391,9.94,2.592,0,77.47,null,null,null
8,15/03/2005,16/03/2005,null,null,null,null,null,Light Brown,odour free,7.76,187.7,null,null,null,null,null,null,null,null,0,94.5,40.231,21.5,.57,null,8.6,4.496,1.909,2.893,7.1,1.728,0,115.29,null,null,null
9,15/05/2005,16/05/2005,null,null,null,null,null,Brown,odour free,7.44,117.5,null,null,null,null,null,null,null,null,.249,98,44.206,27.5,.76,null,11,4.01,1.495,1.603,4.97,1.104,.3,118.95,null,null,null
10,15/07/2005,16/07/2005,null,null,null,null,null,Brown,odour free,null,null,null,null,null,null,null,null,null,null,.249,65.5,56.769,35,.95,null,14,5.225,1.702,3.206,9.94,2.592,.3,79.3,null,null,null
11,15/09/2005,16/09/2005,null,null,null,null,null,Light Brown,odour free,7.7,132.4,null,null,null,null,null,null,null,null,.747,57,10.152,10,.95,null,4,.036,.575,2.463,4.615,1.008,.9,67.71,null,null,null
12,15/11/2005,16/11/2005,null,null,null,null,null,Light Brown,odour free,null,null,null,null,null,null,null,null,null,null,.05,50.1,32.156,19.5,.76,null,7.8,3.037,2.507,.899,4.615,1.824,.06,61,null,null,null
13,15/01/2006,16/01/2006,null,8.53,189,null,null,Brown,odour free,8.53,189,null,null,null,null,null,null,null,null,.498,69.5,100.05,96,null,null,38.4,.972,2.691,.899,9.94,2.064,.6,83.57,null,null,null
14,16/04/2006,17/04/2006,null,7.51,177,null,null,Brown,odour free,7.51,177,null,null,null,null,null,null,null,null,0,44,116.2,100,null,null,40,3.888,2.3,1.173,9.585,null,0,53.68,null,null,null
15,15/07/2006,16/07/2006,null,7.1,110.5,null,null,Brown,odour free,7.1,110.5,null,null,null,null,null,null,null,null,null,null,null,null,null,null,null,null,null,null,null,null,null,null,null,null,null
16,15/10/2006,16/10/2006,null,7.82,144.9,null,null,Brown,odour free,7.82,144.9,null,null,null,null,null,null,null,null,5.503,1184,1109.109,824.9,null,null,329.96,68.21,null,null,52.86,null,6.63,1430.999,null,null,null
17,15/01/2007,16/01/2007,null,7.89,186.1,null,null,Light Brown,odour free,7.89,186.1,null,null,null,null,null,null,null,null,.033,57.419,69.825,67.325,null,null,26.93,.6,2,2.6,15.1,null,.04,69.97,null,null,null
18,16/04/2007,17/04/2007,null,7.88,126.1,null,null,Light Brown,odour free,7.88,126.1,72.8,null,null,null,null,null,null,null,.108,49.29,52.425,42.925,null,null,17.17,2.28,4,.9,3.2,null,.13,59.87,null,null,null
19,15/07/2007,16/07/2007,null,7.89,111.3,null,null,Light Brown,odour free,7.89,111.3,75.1,null,null,null,null,null,null,null,0,63,60,40,null,null,16,4.8,null,null,5.538,null,0,76.86,null,null,null
20,15/10/2007,16/10/2007,null,7.89,111.3,null,null,Light Brown,odour free,7.89,111.3,75.1,null,null,null,null,null,null,null,0,66,68,50,null,null,20,4.32,null,null,14.09,null,0,80.52,null,null,null
21,15/01/2008,16/01/2008,null,7.11,120,null,null,Brown,odour free,7.11,120,75.1,null,null,null,null,null,null,null,3.984,118.656,59.583,50,null,null,20,2.3,4,1.1,27.8,7.5,4.8,135,null,null,null
22,16/04/2008,17/04/2008,null,7.8,109.4,null,32.6,Brown,odour free,7.8,109.4,73,null,null,null,null,null,null,null,0,56,42,38,null,null,15.2,.96,1.2,1.4,13.42,7.5,0,68.32,null,null,null
23,15/07/2008,16/07/2008,null,7.63,164.2,null,null,Brown,odour free,7.63,164.2,78,null,null,null,null,null,null,null,0,20,99,55,null,null,22,10.56,null,null,16.33,null,0,24.4,null,null,null
24,15/10/2008,16/10/2008,null,7.49,144.6,null,null,Brown,odour free,7.49,144.6,63.5,null,null,null,null,null,null,null,0,100,90,60,null,null,24,7.2,null,null,19.88,null,0,122,null,null,null
25,15/01/2009,16/01/2009,null,7.53,492.5,null,null,Brown,odour free,7.53,492.5,89.9,null,null,null,null,null,null,null,.216,39.556,60.233,39.275,null,null,15.71,5.03,4.7,1.25,7.55,null,.26,47.73,null,null,null
26,16/04/2009,17/04/2009,null,7.61,107.4,null,null,Light Brown,odour free,7.61,107.4,62.4,null,null,null,null,null,null,null,2.988,48,68.792,43,null,null,17.2,6.19,2.08,1.9,9,null,3.6,51.24,null,null,null
27,15/07/2009,16/07/2009,null,7.85,121.1,null,null,Light Brown,odour free,7.85,121.1,null,null,null,null,null,null,null,null,0,52,60.192,34.4,null,null,13.76,6.19,1.37,1.21,5,null,0,63.44,null,null,null
28,15/10/2009,16/10/2009,null,7.7,130.1,null,null,Clear,odour free,7.7,130.1,null,null,null,null,null,null,null,null,0,64,85.992,60.2,null,null,24.08,6.19,1.7,.17,9,null,0,78.08,null,null,null
29,15/01/2010,16/01/2010,null,7.7,120.5,null,null,Clear,odour free,7.7,120.5,null,null,null,null,null,null,null,null,0,98,193.508,176.3,null,null,70.52,4.13,2.94,.14,8,null,0,119.56,null,null,null
30,16/04/2010,17/04/2010,null,7.18,139.1,null,null,Light Brown,odour free,7.18,139.1,null,null,null,null,null,null,null,null,0,60,55.883,47.3,null,null,18.92,2.06,2.84,.15,10,null,0,73.2,null,null,null
31,15/07/2010,16/07/2010,null,6.53,142.5,null,null,Light Brown,odour free,6.53,142.5,null,null,null,null,null,null,null,null,0,48,68.783,60.2,null,null,24.08,2.06,1.7,2.99,10,null,0,58.56,null,null,null
32,15/10/2010,16/10/2010,null,7.72,160.5,null,null,Light Brown,odour free,7.72,160.5,null,null,null,null,null,null,null,null,0,76,150.5,64.5,null,null,25.8,20.64,3.6,2.1,7,null,0,92.72,null,null,null
33,15/01/2011,16/01/2011,null,8.03,155.2,null,null,Brown,odour free,8.03,155.2,null,null,null,null,null,null,null,null,0,122,128.992,60.2,null,null,24.08,16.51,2.63,.81,7,null,0,148.84,null,null,null
34,16/04/2011,17/04/2011,null,7.32,191.1,null,null,Clear,odour free,7.32,191.1,null,null,null,null,null,null,null,null,0,58,60.208,43,null,null,17.2,4.13,6.07,.24,6,null,0,70.76,null,null,null
35,15/07/2011,16/07/2011,null,8.54,175.1,null,null,Brown,odour free,8.54,175.1,null,null,null,null,null,null,null,null,0,60,64.483,34.4,null,null,13.76,7.22,5.7,.24,6,null,0,73.2,null,null,null
36,15/10/2011,16/10/2011,null,9.48,160.5,null,null,Brown,odour free,9.48,160.5,null,null,null,null,null,null,null,null,0,70,98.908,60.2,null,null,24.08,9.29,1,4.9,6,null,0,85.4,null,null,null
37,15/01/2012,16/01/2012,null,8.45,130.6,null,null,Clear,odour free,8.45,130.6,null,null,null,null,null,null,null,null,0,100,107.5,43,null,null,17.2,15.48,4.2,.21,10,1,0,122,null,null,null
38,16/04/2012,17/04/2012,null,7.22,146.7,null,25.8,Brown,odour free,7.22,146.7,null,null,null,null,null,null,null,null,0,52,60.208,21.5,null,null,8.6,9.29,3.8,.22,8,1,0,63.44,null,null,null
39,15/07/2012,16/07/2012,null,7.45,141.5,null,null,Brown,odour free,7.45,141.5,null,null,null,null,null,null,null,null,0,36,55.883,25.8,null,null,10.32,7.22,4.8,.25,9,1,0,43.92,null,null,null
40,15/10/2012,16/10/2012,null,6.56,157,null,19,Clear,odour free,6.56,157,78.6,null,null,null,null,null,null,null,0,70,64.508,25.8,null,null,10.32,9.29,3,.12,5,1.17,0,85.4,null,null,null
41,15/01/2013,16/01/2013,null,null,null,null,16.9,Clear,odour free,7.3,212,106,null,null,null,null,null,null,null,0,94,98.908,38.7,null,null,15.48,14.45,4.1,.8,12,1.1,0,114.68,null,null,null
42,16/04/2013,17/04/2013,null,null,null,null,23.5,Light Brown,odour free,6.8,122,61,null,null,null,null,null,null,null,0,56,68.817,34.4,null,null,13.76,8.26,4.3,.22,11,1,0,68.32,null,null,null
43,15/07/2013,16/07/2013,null,null,null,null,27,Brown,odour free,7.5,123,62,null,null,null,null,null,null,null,0,68,60.183,30.1,null,null,12.04,7.22,3.85,.18,11,1.16,0,82.96,null,null,null
44,15/10/2013,16/10/2013,null,null,null,null,24,Light Brown,odour free,7.9,135,80,null,null,null,null,null,null,null,0,70,73.083,64.5,null,null,25.8,2.06,3.8,.15,11,1.1,0,85.4,null,null,null
45,15/01/2014,16/01/2014,null,null,null,null,20.1,Brown,odour free,7.1,155,71,null,null,null,null,null,null,null,0,62,94.592,68.8,null,null,27.52,6.19,3.85,.18,8,1.18,0,75.64,null,null,null
46,16/04/2014,17/04/2014,null,null,null,null,27.8,Brown,odour free,7.5,235,117,null,null,null,null,null,null,null,0,56,86.008,68.8,null,null,27.52,4.13,3.75,.2,11,1.2,0,68.32,null,null,null
47,15/07/2014,16/07/2014,null,null,null,null,27.1,Brown,odour free,7.5,123,62,null,null,null,null,null,null,null,0,38,68.792,21.5,null,null,8.6,11.35,4.8,.18,8,1.16,0,46.36,null,null,null
48,15/10/2014,16/10/2014,null,null,null,null,24.1,Brown,odour free,7.9,135,80,null,null,null,null,null,null,null,0,74,77.417,64.5,null,null,25.8,3.1,3.65,.19,10,1.15,0,90.28,null,null,null
49,16/01/2015,17/01/2015,null,null,null,null,21,Brown,odour free,8.1,316,158,null,null,null,null,null,null,null,0,130,146.2,124.7,null,null,49.88,5.16,4.83,4.67,9,2.36,0,158.6,null,null,null
50,16/04/2015,17/04/2015,null,null,null,null,25,Brown,odour free,8,154,77,null,null,null,null,null,null,null,0,60,64.5,43,null,null,17.2,5.16,4.7,.72,14,1.67,0,73.2,null,null,null
51,15/07/2015,16/07/2015,null,null,null,null,null,Brown,odour free,7.9,121,60,null,null,null,null,null,null,null,0,52,90.292,86,null,null,34.4,1.03,3.25,1.7,6,1.15,0,63.44,null,null,null
52,15/10/2015,16/10/2015,null,null,null,null,null,Brown,odour free,7.8,154,77,null,null,null,null,null,null,null,0,100,120.4,55.9,null,null,22.36,15.48,4.25,1.56,10,1.2,0,122,null,null,null
53,16/01/2016,18/01/2016,null,null,null,null,null,Brown,odour free,7.5,185,93,null,null,null,null,null,null,null,3.984,82,129,64.5,null,null,25.8,15.48,3.85,2,9,2.33,4.8,90.28,null,null,null
