Standard Parameter Analysis Data of : Etawah (GY000J7)
Laboratory : CWC RLabYBO, Delhi 
Period : January-1993 To January-2012 
S.No.,Date_of_Collection,Date_of_Receipt,Discharge(cumecs),pH_FLD,EC_FLD(umho/cm),DO(mg/l),Water Temp(deg C),Colour,Odour,pH_GEN,EC_GEN(umho/cm),TDS(mg/l),SS(mg/l),NH3(mg N/l),NO2+NO3(mg N/l),Total_Nutrients(mg P/l),SiO2(mg/l),BOD(mg/l),COD(mg/l),Phen(mg CaCO3/l),Total_Alkallnity(mg CaCO3/l),Total_Hardness(mg CaCO3/l),Ca_Hardness(mg CaCO3/l),F(mg/l),B(mg/l),Ca_Major_Ions(mg/l),Mg(mg/l),Na(mg/l),K(mg/l),Cl(mg/l),SO4(mg/l),CO3(mg/l),HCO3(mg/l),Total_Coliforms(MPN/100ml),Faecal(MPN/100ml),Chlorophyll-A(ug/L)
1,01/02/1993,02/02/1993,null,null,null,null,null,null,null,8.77,2560,null,null,0,.154,null,22.6,null,null,32.868,252.5,412,88,.38,.015,35.2,77.76,360.18,5.318,445.525,499.68,39.6,227.53,null,null,null
2,01/02/1993,02/02/1993,null,null,null,null,null,null,null,8.41,1233,null,null,.702,5.04,null,15.7,null,null,16.434,252.5,337.95,180,.19,.012,72,37.908,128.478,14.232,181.76,118.752,19.8,267.79,null,null,null
3,01/03/1993,02/03/1993,null,null,null,null,null,null,null,9.01,1310,null,null,0,3.641,null,1.3,null,null,24.651,260.5,330.05,164,.19,.012,65.6,39.852,132.066,17.36,203.77,118.752,29.7,257.42,null,null,null
4,01/03/1993,02/03/1993,null,null,null,null,null,null,null,8.65,2600,null,null,0,.574,null,29.2,null,null,37.101,248.5,407.55,120,.19,.012,48,69.012,340.308,6.412,419.61,454.56,44.7,212.28,null,null,null
5,02/03/1993,02/03/1993,null,null,null,null,null,null,null,8.9,1320,null,null,0,4.358,null,1.6,null,null,37.101,265,338.15,164,.19,.011,65.6,41.796,135.47,17.36,203.77,133.056,44.7,232.41,null,null,null
6,01/04/1993,02/04/1993,null,null,null,null,null,null,null,8.77,2100,null,null,0,.995,null,23.5,null,null,44.322,289.5,271.15,16,.19,.016,6.4,61.236,258.06,6.725,299.975,316.8,53.4,244.61,null,null,null
7,01/05/1993,02/05/1993,null,null,null,null,null,null,null,8.53,1380,null,null,0,.014,null,17.8,null,null,31.623,285,285.9,132,.19,.069,52.8,36.936,120.06,17.517,159.75,95.904,38.1,270.23,null,null,null
8,01/05/1993,02/05/1993,null,null,null,null,null,null,null,8.65,2500,null,null,0,.154,null,22.6,null,null,44.322,240.5,291.3,24,.19,.04,9.6,64.152,264.132,3.519,349.675,341.76,53.4,184.83,null,null,null
9,01/05/1993,02/05/1993,null,null,null,null,null,null,null,8.53,1390,null,null,0,1387.202,null,17.8,null,null,22.41,289,285.85,136,.19,.032,54.4,35.964,120.06,16.266,173.95,90.432,27,297.68,null,null,null
10,01/06/1993,,null,null,null,7.53,28.5,null,null,8.65,690,null,null,0,null,.51,9.1,20.57,null,null,null,null,null,.38,.09,34.47,16.52,40,9.7,63.81,44,16.2,143.4,null,null,null
11,01/06/1993,01/06/1993,null,null,null,null,null,null,null,8.65,690,null,null,0,3.377,null,9.1,null,null,13.446,144.5,154.85,86,.38,.086,34.4,16.524,40.02,9.697,63.9,43.968,16.2,143.35,null,null,null
12,01/07/1993,,null,null,null,5.13,28,null,null,8.29,1110,null,null,0,null,.82,12,62.7,null,null,null,null,null,.19,.09,41.88,23.94,121.98,26.28,163.78,75.98,0,266.66,null,null,null
13,02/07/1993,02/07/1993,null,null,null,null,null,null,null,8.29,1150,null,null,null,2.102,null,11.7,null,null,0,227.5,222.962,104.5,.19,.118,41.8,28.431,120.06,26.744,183.89,90.912,0,277.55,null,null,null
14,01/08/1993,,null,null,null,5.41,26.5,null,null,8.17,340,null,null,0,null,.06,11.4,13.6,null,null,null,null,null,0,.1,34.47,17.98,8.6,3.91,24.11,20.56,0,141.57,null,null,null
15,02/08/1993,03/08/1993,null,null,null,null,null,null,null,8.65,1540,null,null,0,.912,null,10.4,null,null,31.125,321,278.925,123,0,.017,49.2,37.422,152.444,4.848,139.87,125.76,37.5,315.37,null,null,null
16,02/08/1993,03/08/1993,null,null,null,null,null,null,null,8.1,340,null,null,null,3.223,null,11.4,null,null,0,120.5,160.925,86,0,.104,34.4,17.982,8.602,3.91,24.14,20.544,0,147.01,null,null,null
17,01/09/1993,02/09/1993,null,null,null,null,null,null,null,7.57,620,null,null,null,1.962,null,1.6,null,null,0,138.5,141.962,104.5,0,.094,41.8,8.991,48.024,8.758,75.97,41.184,0,168.97,null,null,null
18,01/09/1993,,null,null,null,5.95,26,null,null,7.57,670,null,null,0,null,.06,1.3,9.24,null,null,null,null,null,0,.13,34.47,13.49,48,8.76,69.84,36.41,0,147.06,null,null,null
19,01/09/1993,02/09/1993,null,null,null,null,null,null,null,7.57,550,null,null,null,0,null,1.3,null,null,0,120.5,142.194,86,0,.134,34.4,13.486,46,8.758,69.935,36.384,0,147.01,null,null,null
20,01/10/1993,,null,null,null,6.21,27,null,null,8.41,470,null,null,0,null,.06,13.6,13.8,null,null,null,null,null,.19,.14,44.49,8.87,26,6.57,47.86,42.17,10.5,127.53,null,null,null
21,01/11/1993,,null,null,null,9.43,25.5,null,null,7.81,610,null,null,.98,null,.3,13.2,24.28,null,null,null,null,null,.38,.15,26.25,19.44,52,9.28,79.76,55.81,0,154.38,null,null,null
22,01/12/1993,,null,null,null,8.87,19,null,null,8.29,790,null,null,.98,null,.28,12.6,18.87,null,null,null,null,null,.38,.14,32.06,27.34,100.05,11.7,125.85,68.4,0,218.45,null,null,null
23,01/12/1993,02/12/1993,null,null,null,null,null,null,null,8.41,2300,null,null,0,.56,null,19.9,null,null,12.948,436,475.181,258,.19,.011,103.2,52.124,376.326,6.021,425.645,341.76,15.6,500.2,null,null,null
24,01/12/1993,02/12/1993,null,null,null,null,null,null,null,8.29,800,null,null,null,.489,null,12,null,null,0,187.5,198,76.5,.38,.017,30.6,29.16,100.05,12.668,129.93,7.2,0,228.75,null,null,null
25,01/12/1993,02/12/1993,null,null,null,null,null,null,null,8.29,790,null,null,null,.503,null,12.6,null,null,0,179,193.906,80,.38,.14,32,27.337,100.05,11.73,126.025,68.352,0,218.38,null,null,null
26,01/01/1994,,null,null,null,9.26,15.5,null,null,8.77,890,null,null,3.5,null,.75,10.9,8.19,null,null,null,null,null,.23,.09,59.72,34.51,100,12.6,141.8,86.4,26.1,250.18,null,null,null
27,01/02/1994,,null,null,null,9.89,18,null,null,7.69,750,null,null,3.6,null,.79,12,13.98,null,null,null,null,null,.31,.11,48.1,24.66,100,16.72,99.97,72,0,223.33,null,null,null
28,01/02/1994,02/02/1994,null,null,null,null,null,null,null,8.29,1990,null,null,1.109,.813,null,22.6,null,null,0,580,410.181,152.5,.152,.009,61,61.843,324.162,8.758,277.965,258.72,0,707.6,null,null,null
29,01/02/1994,02/02/1994,null,null,null,null,null,null,null,8.41,340,null,null,null,.279,null,8.7,null,null,0,205,226.819,120,.152,.176,48,25.636,88.044,19.081,107.92,88.704,0,250.1,null,null,null
30,01/02/1994,02/02/1995,null,null,null,null,null,null,null,null,null,null,null,null,null,null,null,null,null,null,null,null,null,null,null,null,null,null,null,null,null,null,null,null,null,null
31,01/02/1994,02/02/1994,null,null,null,null,null,null,null,8.53,330,null,null,null,.599,null,10.1,null,null,0,183,222.769,120,.304,.114,48,24.664,100.05,16.735,100.11,72,0,223.26,null,null,null
32,01/03/1994,02/03/1994,null,null,null,null,null,null,null,8.65,1470,null,null,null,.63,null,8.5,null,null,25.398,203.5,238.856,88.5,.209,.152,35.4,36.085,100.05,5.005,215.84,121.92,30.6,186.05,null,null,null
33,01/03/1994,,null,null,null,10.46,19.5,null,null,8.53,1360,null,null,.1,null,.86,10.4,18.37,null,null,null,null,null,.35,.09,29.86,37.79,97.5,4.78,211.64,118.8,30.6,165.36,null,null,null
34,01/03/1994,02/03/1994,null,null,null,null,null,null,null,8.96,2100,null,null,1.306,.084,null,21.1,null,null,30.378,510,339.469,99,.209,.009,39.6,57.713,285.66,8.68,313.82,271.68,36.6,547.78,null,null,null
35,01/03/1994,02/03/1994,null,null,null,null,null,null,null,8.53,1360,null,null,null,3.934,null,10.4,null,null,25.398,186.5,231.944,74.5,.342,.066,29.8,37.786,97.543,4.77,211.935,118.752,30.6,165.31,null,null,null
36,01/04/1994,,null,null,null,7.96,23.5,null,null,8.89,1830,null,null,.1,null,.93,9.4,25.65,null,null,null,null,null,.4,.07,48.3,52.49,205.2,4.85,293.53,133.2,55.8,268.49,null,null,null
37,01/05/1994,,null,null,null,6.24,26.5,null,null,8.53,1840,null,null,.1,null,1,16.1,26.08,null,null,null,null,null,.4,.01,42.48,49.94,210.4,5,337.13,160,35.7,284.35,null,null,null
38,01/06/1994,,null,null,null,4.36,31.5,null,null,8.53,2300,null,null,.1,null,1.11,16.1,17.1,null,null,null,null,null,.19,.01,56.17,62.26,298.17,42.9,417.84,177.41,50.7,309.88,null,null,null
39,01/06/1994,02/06/1994,null,null,null,null,null,null,null,8.65,2500,null,null,1.109,.168,null,26.4,null,null,33.864,280,331.35,60,.266,.01,24,65.124,376.326,7.82,381.625,399.84,40.8,258.64,null,null,null
40,01/06/1994,02/06/1994,null,null,null,null,null,null,null,8.53,2300,null,null,null,3.517,null,16.1,null,null,42.081,338.5,399.2,140,.399,.01,56,62.208,298.172,43.01,417.835,177.408,50.7,309.88,null,null,null
41,01/07/1994,,null,null,null,6.93,29,null,null,8.17,940,null,null,null,null,1.01,14.6,14.7,null,null,null,null,null,.1,.01,41.6,21.4,74.06,26.84,135.42,68.35,null,180.56,null,null,null
42,01/07/1994,02/07/1994,null,null,null,null,null,null,null,8.05,940,null,null,0,1.297,null,15.3,null,null,0,148,189.25,88,.266,.01,35.2,24.3,71.208,25.806,123.895,61.728,0,180.56,null,null,null
43,01/08/1994,,null,null,null,4.28,30.5,null,null,8.05,370,null,null,null,null,.28,13.2,11.15,null,null,null,null,null,.1,.01,38.4,11.09,12.51,7.02,25.92,25.82,null,118.46,null,null,null
44,01/08/1994,02/08/1994,null,null,null,null,null,null,null,8.17,370,null,null,0,1.67,null,13.2,null,null,0,93,140.55,96,.209,.01,38.4,10.692,12.512,7.038,25.915,25.872,0,113.46,null,null,null
45,01/08/1994,02/08/1994,null,null,null,null,null,null,null,8.53,1480,null,null,.8,.14,null,18.8,null,null,4.233,377,213.7,76,.266,.01,30.4,33.048,213.072,7.038,133.835,159.84,5.1,449.57,null,null,null
46,01/09/1994,02/09/1994,null,null,null,null,null,null,null,7.69,1320,null,null,0,.168,null,19.4,null,null,0,245.5,285.9,132,.304,.01,52.8,36.936,156.078,10.166,116.085,143.52,0,299.51,null,null,null
47,01/09/1994,02/09/1994,null,null,null,null,null,null,null,8.29,310,null,null,0,1.205,null,8,null,null,0,127,168.75,108,.266,.01,43.2,14.58,5.612,7.82,18.105,25.104,0,154.94,null,null,null
48,01/09/1994,,null,null,null,3.59,30,null,null,8.41,310,null,null,null,null,.38,10.4,12.72,null,null,null,null,null,.23,.01,38.48,9.72,6.5,8,18.08,25.9,10.2,95.24,500,null,null
49,01/09/1994,02/09/1994,null,null,null,null,null,null,null,8.41,310,null,null,0,1.597,null,10.4,null,null,8.466,97.5,136.5,96,.228,.01,38.4,9.72,6.509,7.82,18.105,25.872,10.2,98.21,null,null,null
50,01/10/1994,02/10/1994,null,null,null,null,null,null,null,8.17,1680,null,null,.197,.112,null,19.9,null,null,0,264.5,226.65,52.5,.038,.01,21,41.796,166.29,7.038,187.795,122.88,0,322.69,null,null,null
51,01/10/1994,02/10/1994,null,null,null,null,null,null,null,8.17,540,null,null,.295,1.597,null,8,null,null,73.455,147.5,200.5,160,.608,.01,64,9.72,27.002,8.993,50.055,37.968,88.5,0,null,null,null
52,01/10/1994,,null,null,null,6.83,28,null,null,8.17,540,null,null,.3,null,.42,8,17.97,null,null,null,null,null,.6,.01,64.13,9.72,27,9,49.98,38,null,180.01,500,null,null
53,01/10/1994,02/10/1994,null,null,null,null,null,null,null,8.17,540,null,null,.197,1.205,null,7.7,null,null,73.455,147.5,188.75,128,.209,.01,51.2,14.58,27.715,8.993,50.055,40.992,88.5,0,null,null,null
54,01/11/1994,,null,null,null,11.15,24,null,null,8.05,610,null,null,.4,null,.45,7,13.6,null,null,null,null,null,.64,.02,43.49,13.61,48.8,27,81.89,46.7,null,174.52,null,null,null
55,01/11/1994,02/11/1994,null,null,null,null,null,null,null,8.17,1960,null,null,.505,.098,null,20.6,null,null,0,299,257.263,33.5,.038,.01,13.4,53.703,213.072,7.038,219.745,221.76,0,364.78,null,null,null
56,01/11/1994,02/11/1994,null,null,null,null,null,null,null,8.05,620,null,null,.407,2.522,null,7.2,null,null,0,147.5,157.137,146,.399,.02,58.4,2.673,41.009,25.806,82.005,44.352,0,179.95,null,null,null
57,01/11/1994,02/11/1994,null,null,null,null,null,null,null,8.05,610,null,null,.407,.798,null,7,null,null,0,143,165.2,108.5,.646,.02,43.4,13.608,48.829,26.979,82.005,46.656,0,174.46,null,null,null
58,01/12/1994,,null,null,null,15.31,21.5,null,null,7.45,790,null,null,.7,null,.62,6.4,17.72,null,null,null,null,null,.35,.05,34.47,32.68,100,24,109.9,63.4,null,227.6,null,null,null
59,02/12/1994,06/12/1994,null,null,null,null,null,null,null,7.45,810,null,null,.505,.294,null,7,null,null,0,203.5,221.994,101,.494,.05,40.4,29.038,100.05,24.242,111.825,60.96,0,248.27,null,null,null
60,05/12/1994,06/12/1994,null,null,null,null,null,null,null,7.21,2200,null,null,.505,.042,null,20.6,null,null,0,381.5,328.775,63.5,.228,.06,25.4,63.666,246.054,7.038,373.815,349.68,0,465.43,null,null,null
61,05/12/1994,06/12/1994,null,null,null,null,null,null,null,7.45,790,null,null,.702,.785,null,6.4,null,null,0,186.5,222.181,86,.342,.05,34.4,32.683,100.05,24.242,110.05,63.36,0,227.53,null,null,null
62,01/01/1995,,null,null,null,14.7,15,null,null,7.81,970,null,null,.9,null,.65,6,13.49,null,null,null,null,null,.45,.04,64.53,42.65,80,18,163.78,107.2,null,338.66,null,null,null
63,02/01/1995,03/01/1995,null,null,null,null,null,null,null,7.81,970,null,null,.997,2.704,null,7.2,null,null,0,264.5,335.15,161,.551,.04,64.4,41.796,100.05,17.986,165.785,103.968,0,322.69,null,null,null
64,01/02/1995,,null,null,null,13.57,15,null,null,7.88,550,null,null,1.1,null,.72,5.8,10.19,null,null,null,null,null,.5,.04,43.49,29.04,42,18,67.71,70,null,195.87,null,null,null
65,01/02/1995,02/02/1995,null,null,null,null,null,null,null,8.17,1980,null,null,.899,.014,null,21.1,null,null,0,520,400.056,112,.266,.01,44.8,69.133,279.174,19.941,295.715,284.88,0,634.4,null,null,null
66,01/02/1995,02/02/1995,null,null,null,null,null,null,null,7.55,550,null,null,1.109,.827,null,5.8,null,null,0,160.5,229.494,108.5,.494,.04,43.4,29.038,42.021,17.986,67.805,69.936,0,195.81,null,null,null
67,01/03/1995,,null,null,null,13.33,22,null,null,8.65,1210,null,null,1,null,.79,6,10.25,null,null,null,null,null,.55,.04,54.91,44.4,120,18,167.68,104,46.8,227.6,null,null,null
68,01/04/1995,,null,null,null,8.76,27,null,null,7.84,1290,null,null,1,null,.93,22.6,9.01,null,null,null,null,null,.7,.05,50.5,41.43,120,21,173.71,93.4,null,285.57,790,null,null
69,01/04/1995,02/04/1995,null,null,null,null,null,null,null,7.81,1330,null,null,1.109,2.802,null,21.1,null,null,0,256,305.95,148,.494,.05,59.2,37.908,125.442,21.114,170.045,93.312,0,312.32,null,null,null
70,01/04/1995,02/04/1995,null,null,null,null,null,null,null,7.81,1290,null,null,.997,2.802,null,22.6,null,null,0,234,298.631,126,.494,.05,50.4,41.431,120.06,21.114,173.95,93.312,0,285.48,null,null,null
71,01/04/1995,02/04/1995,null,null,null,null,null,null,null,8.41,1960,null,null,.997,.028,null,31.1,null,null,52.539,278.5,348.063,59.5,.456,.02,23.8,69.255,246.054,44.965,224.005,233.28,63.3,211.06,null,null,null
72,01/05/1995,,null,null,null,6.69,27,null,null,8.41,2000,null,null,1,null,.19,26.4,9.38,null,null,null,null,null,.75,.05,50.5,74.72,152.4,30,315.51,122,26.1,344.51,540,null,null
73,03/05/1995,04/05/1995,null,null,null,null,null,null,null,8.41,2000,null,null,.997,.897,null,26.4,null,null,21.663,325.5,437.344,126,.741,.05,50.4,74.723,152.444,30.107,315.95,121.92,26.1,344.04,null,null,null
74,03/05/1995,04/05/1995,null,null,null,null,null,null,null,8.89,770,null,null,.997,.042,null,29.2,null,null,43.077,249.5,298.538,133.5,.494,.014,53.4,39.609,213.072,44.965,189.925,227.28,51.9,198.86,null,null,null
75,03/05/1995,04/05/1995,null,null,null,null,null,null,null,8.53,2000,null,null,1.109,2.9,null,25.3,null,null,43.077,338,414.744,152,.551,.05,60.8,63.058,152.444,30.889,311.69,121.92,51.9,306.83,null,null,null
76,01/06/1995,01/06/1995,null,null,null,null,null,null,null,8.53,2300,null,null,1.109,.042,null,26.4,null,null,38.346,274,338.425,61,.399,1.099,24.4,66.582,246.054,55.913,327.665,314.88,46.2,240.34,null,null,null
77,01/06/1995,,null,null,null,5.42,30,null,null,8.17,1960,null,null,1,null,.23,22.6,9.89,null,null,null,null,null,.85,1,50.5,70.23,152.4,30,327.2,118.8,0,345.37,null,null,null
78,01/06/1995,02/06/1995,null,null,null,null,null,null,null,8.29,1950,null,null,.997,2.9,null,24.4,null,null,0,278.5,411.481,89,.608,.08,35.6,77.396,152.444,30.889,333.7,118.752,0,339.77,null,null,null
79,01/07/1995,,null,null,null,4.78,32,null,null,8.05,1600,null,null,1,null,1.7,16.9,6,null,null,null,null,null,.55,.01,57.51,60.26,216,30,245.31,102,0,316.08,null,null,null
80,01/07/1995,02/07/1995,null,null,null,null,null,null,null,8.65,430,null,null,0,2.2,null,11.7,null,null,19.173,134.5,175.144,82.5,.304,0,33,22.235,45.31,.469,28.045,22.992,23.1,117.12,null,null,null
81,03/07/1995,04/07/1995,null,null,null,null,null,null,null,8.89,2000,null,null,.197,.112,null,31.1,null,null,33.366,355,398.819,130,.494,.06,52,64.517,270.94,6.256,239.98,259.92,40.2,351.36,null,null,null
82,01/08/1995,,null,null,null,8.21,30.5,null,null,8.17,350,null,null,.2,null,.31,12.3,9.7,null,null,null,null,null,.12,.01,48.9,27.46,23,13,237.52,40,0,123.26,null,null,null
83,01/08/1995,02/08/1995,null,null,null,null,null,null,null,8.89,1440,null,null,0,.07,null,29.2,null,null,43.077,297.5,439.569,69.5,.456,.04,27.8,88.816,181.24,7.82,249.92,1139.52,51.9,257.42,null,null,null
84,01/08/1995,02/08/1995,null,null,null,null,null,null,null,8.17,350,null,null,.197,4.106,null,12.3,null,null,0,101,236.413,122,.114,.01,48.8,27.459,23,12.903,422.45,19.2,0,123.22,null,null,null
85,01/09/1995,,null,null,null,6.01,30.5,null,null,8.89,360,null,null,.2,null,.36,8.3,4.53,null,null,null,null,null,0,.01,45.29,20.17,24.9,14,28.01,38,5.7,111.06,null,null,null
86,01/10/1995,,null,null,null,7.27,29,null,null,8.29,410,null,null,3.1,null,.17,10.41,2.58,null,null,null,null,null,0,.01,45.09,21.26,35.5,8,31.91,39,0,152.55,null,null,null
87,04/10/1995,05/10/1995,null,null,null,null,null,null,null,8.41,480,null,null,0,6.011,null,8.41,480,null,19.173,134.5,209.806,104,.152,0,41.6,25.393,41.009,7.038,41.89,42.96,23.1,117.12,null,null,null
88,04/10/1995,05/10/1995,null,null,null,null,null,null,null,8.29,410,null,null,3.103,5.507,null,8.29,410,null,0,125,201.094,112.5,0,.01,45,21.263,31.51,7.82,31.95,38.976,0,152.5,null,null,null
89,01/11/1995,,null,null,null,10.08,24,null,null,8.65,610,null,null,0,null,.6,10,7.4,null,null,null,null,null,0,.02,48.5,34.38,52.6,15,67.71,57,15.6,174.52,null,null,null
90,01/11/1995,02/11/1995,null,null,null,null,null,null,null,8.53,770,null,null,3.215,.126,null,10.4,null,null,0,208.5,276.719,137.5,.209,.01,55,33.412,82.041,19.941,85.91,66.96,0,254.37,null,null,null
91,01/11/1995,02/11/1995,null,null,null,null,null,null,null,8.65,610,null,null,0,6.011,null,10,null,null,12.948,169,264.269,121,0,.02,48.4,34.384,52.624,14.858,67.805,56.976,15.6,174.46,null,null,null
92,01/11/1995,02/11/1995,null,null,null,null,null,null,null,8.89,2000,null,null,.505,.01,null,25.3,null,null,30.378,321.5,457.381,183.5,0,.01,73.4,65.731,345.368,14.076,279.74,235.776,36.6,317.81,null,null,null
93,01/12/1995,,null,null,null,11.3,18,null,null,8.06,650,null,null,.5,null,.34,3.3,14.18,null,null,null,null,null,.08,.02,38.48,31.35,84.2,26,93.94,70,0,190.38,null,null,null
94,01/12/1995,02/12/1995,null,null,null,null,null,null,null,7.57,1170,null,null,3.215,7.158,null,13.2,null,null,0,299.5,293.375,141.5,.399,.01,56.6,36.45,200.1,37.145,159.75,86.928,0,365.39,null,null,null
95,01/12/1995,02/12/1995,null,null,null,null,null,null,null,8.05,650,null,null,.505,4.806,null,10.1,null,null,0,156,226.613,96,.076,.02,38.4,31.347,84.226,25.806,94.075,69.936,0,190.32,null,null,null
96,01/01/1996,,null,null,null,14.96,17,null,null,8.29,810,null,null,.4,null,.79,9.1,8.76,null,null,null,null,null,.45,.02,66.13,43.13,95.2,26,117.69,80,0,291.07,null,null,null
97,01/01/1996,02/01/1996,null,null,null,null,null,null,null,8.53,2300,null,null,0,.028,null,17.4,null,null,34.611,382,619.344,227,1.102,0,90.8,94.162,400.2,19.941,812.95,399.744,41.7,381.25,null,null,null
98,01/01/1996,02/01/1996,null,null,null,null,null,null,null,7.57,1850,null,null,0,5.483,null,19.4,null,null,0,612,390.219,210.5,1.558,.03,84.2,43.132,284.096,59.823,267.67,159.936,0,746.64,null,null,null
99,01/02/1996,,null,null,null,13.8,16,null,null,8.05,1150,null,null,.5,null,2.65,10,2.2,null,null,null,null,null,.5,.02,76.15,59.05,178,35,189.66,130,0,344.15,null,null,null
100,01/03/1996,,null,null,null,15.29,21,null,null,7.69,1270,null,null,.5,null,2.7,9.4,20.4,null,null,null,null,null,.7,.12,75.15,50.67,58,39,185.76,110,0,360.02,null,null,null
101,01/03/1996,02/03/1996,null,null,null,null,null,null,null,7.57,1330,null,null,.197,5.002,null,13.2,null,null,0,286.5,406.856,175.5,1.558,0,70.2,55.526,63.204,37.927,195.96,107.904,0,349.53,null,null,null
102,01/04/1996,,null,null,null,13.22,25.5,null,null,8.77,1280,null,null,0,null,1.37,27.7,13.08,null,null,null,null,null,.64,.12,65.33,45.68,135.4,32,189.66,100,33,279.02,null,null,null
103,01/05/1996,,null,null,null,8.15,30,null,null,8.41,1260,null,null,0,null,2.25,19.4,22.1,null,null,null,null,null,1,.26,26.25,48.48,134,31,157.75,104,33,229.44,null,null,null
104,01/06/1996,,null,null,null,7.7,303,null,null,7.5,1670,null,null,0,null,1.65,12,21.82,null,null,null,null,null,0,.43,44.89,41.8,226.8,39,257.37,108,0,357.58,880,null,null
105,01/07/1996,,null,null,null,8.87,302.5,null,null,7.5,420,null,null,0,null,.75,13.6,17.69,null,null,null,null,null,0,0,32.06,7.78,33.5,16,34.03,35,11.1,117.16,null,null,null
106,01/07/1996,02/07/1996,null,null,null,null,null,null,null,8.05,2000,null,null,0,.995,null,38.1,null,null,0,522,470.85,240,.703,.999,96,55.404,240.12,14.076,259.86,229.92,0,636.84,null,null,null
107,01/08/1996,,null,null,null,6.26,302.5,null,null,7,440,null,null,0,null,.6,17.8,22.96,null,null,null,null,null,.27,.26,35.27,8.75,35.5,13,47.86,43,5.4,128.75,null,null,null
108,01/08/1996,02/08/1996,null,null,null,null,null,null,null,8.89,440,null,null,0,4.302,null,17.8,null,null,4.482,114.5,124.45,88,.266,.26,35.2,8.748,35.512,12.903,47.925,42.96,5.4,128.71,null,null,null
109,01/08/1996,02/08/1996,null,null,null,null,null,null,null,8.77,490,null,null,0,.028,null,16.1,null,null,4.482,146.5,148.65,96,.741,.24,38.4,12.636,41.009,12.903,.461,39.984,5.4,167.75,null,null,null
110,01/08/1996,02/08/1996,null,null,null,null,null,null,null,8.89,1910,null,null,0,.995,null,33,null,null,22.908,339,338.5,136,.209,.989,54.4,48.6,210.496,12.903,221.875,239.76,27.6,357.46,null,null,null
111,01/09/1996,,null,null,null,4.8,303,null,null,7,400,null,null,0,null,.54,6.8,37.33,null,null,null,null,null,.08,.21,38.48,10.69,27,12,31.91,40,0,156.21,null,null,null
112,02/09/1996,02/09/1996,null,null,null,null,null,null,null,7.81,1270,null,null,0,.938,null,9.8,null,null,0,229,217.25,116,.076,.969,46.4,24.3,164.036,12.121,143.775,224.88,0,279.38,null,null,null
113,02/09/1996,03/09/1996,null,null,null,null,null,null,null,7.69,400,null,null,0,1.009,null,6.8,null,null,0,140,140.55,96,.076,.21,38.4,10.692,27.002,12.121,31.95,39.984,0,170.8,null,null,null
114,01/10/1996,,null,null,null,7.36,302,null,null,7,480,null,null,0,null,.42,11.4,18.6,null,null,null,null,null,.04,.35,41.68,19.08,35.5,10,49.98,48,0,148.89,null,null,null
115,01/10/1996,02/10/1996,null,null,null,null,null,null,null,7.93,480,null,null,0,3.517,null,11.4,null,null,60.756,122,183.481,104,.038,.35,41.6,19.076,35.512,10.166,50.055,47.952,73.2,0,null,null,null
116,01/11/1996,02/11/1996,null,null,null,null,null,null,null,7.33,620,null,null,2.71,6.235,null,11.7,null,null,0,158.5,211.025,128,.95,.689,51.2,19.926,100.05,14.858,75.97,54.96,0,193.37,null,null,null
117,01/11/1996,,null,null,null,12.49,295,null,null,7.5,620,null,null,2.7,null,1.1,11.7,10.92,null,null,null,null,null,.95,.69,51.3,19.93,100,15,75.86,55,0,193.43,700,null,null
118,01/12/1996,,null,null,null,12,288,null,null,7.5,580,null,null,1.4,null,1,0,15.16,null,null,null,null,null,.55,.97,29.66,28.31,116.4,17,95.72,67,0,148.89,660,null,null
119,01/01/1997,,null,null,null,8.96,286.5,null,null,7.5,810,null,null,1.8,null,1,0,15.57,null,null,null,null,null,.12,.98,56.11,35.84,128.4,22,143.57,67,0,257.5,820,null,null
120,01/01/1997,02/01/1997,null,null,null,null,null,null,null,8.17,3100,null,null,0,.238,null,27.7,null,null,0,442,850.138,272,.114,.969,108.8,138.753,762.22,16.813,733.43,619.68,0,539.24,null,null,null
121,01/01/1997,02/01/1997,null,null,null,null,null,null,null,8.05,830,null,null,2.106,6.442,null,0,null,null,0,218,281.244,140,.209,.989,56,33.898,122.038,23.069,142,68.976,0,265.96,null,null,null
122,01/02/1997,,null,null,null,8.17,288,null,null,9.5,890,null,null,1.6,null,1.4,.9,19.09,null,null,null,null,null,.15,.98,56.71,30.74,125.4,22,173.71,69,12,249.57,760,null,null
123,01/02/1997,02/02/1997,null,null,null,null,null,null,null,8.89,2600,null,null,0,.112,null,23.5,null,null,29.631,472,660.763,275,.076,.939,110,92.583,500.25,12.121,521.495,499.68,35.7,503.25,null,null,null
124,01/02/1997,02/02/1997,null,null,null,null,null,null,null,8.53,920,null,null,1.306,7.779,null,.9,null,null,9.96,244.5,277.525,154,.228,.989,61.6,29.646,132.066,25.024,177.855,68.976,12,273.89,null,null,null
125,01/02/1997,02/02/1997,null,null,null,null,null,null,null,8.41,890,null,null,1.601,6.525,null,.9,null,null,9.96,224.5,269.581,141.5,.152,.979,56.6,30.74,125.442,21.896,173.95,68.976,12,249.49,null,null,null
126,01/03/1997,,null,null,null,null,289,null,null,7.5,1220,null,null,1.9,null,2.4,3.5,null,null,null,null,null,null,.12,.98,60.12,36.45,164,25,219.44,70,35.1,224.55,800,null,null
127,01/03/1997,02/03/1997,null,null,null,null,null,null,null,8.89,1220,null,null,2.303,5.311,null,3.3,null,null,33.366,255,305.975,146,3.116,.989,58.4,38.394,164.082,24.242,213.71,74.976,40.2,229.36,null,null,null
128,01/03/1997,02/03/1997,null,null,null,null,null,null,null,8.65,2700,null,null,1.207,1.121,null,21.1,null,null,37.35,353,382.875,150,.114,.949,60,55.89,453.1,8.993,491.675,439.68,45,339.16,null,null,null
129,01/04/1997,,null,null,null,10.48,298,null,null,7,1520,null,null,.4,null,3.5,.97,18.69,null,null,null,null,null,.12,.97,75.75,44.35,172.6,26,245.31,87,55.2,280.08,null,null,null
130,01/05/1997,,null,null,null,7.23,300,null,null,8,1680,null,null,.5,null,2.45,.84,23.27,null,null,null,null,null,.23,.84,52.91,35.48,145.6,39,197.46,90,30,229.44,820,null,null
131,01/05/1997,02/05/1997,null,null,null,null,null,null,null,9.13,1590,null,null,.505,4.61,null,37.6,null,null,8.217,242,272.181,136,.494,.759,54.4,32.683,142.048,37.145,193.83,86.928,9.9,275.11,null,null,null
132,01/05/1997,02/05/1997,null,null,null,null,null,null,null,9.01,2100,null,null,.295,1.499,null,38.1,null,null,41.583,365.5,319.525,34,.304,.969,13.6,68.526,476.1,14.858,485.64,499.68,50.1,344.04,null,null,null
133,01/06/1997,,null,null,null,8.4,300,null,null,8.05,1980,null,null,.3,null,2.8,18.3,32.67,null,null,null,null,null,.35,.86,46.09,45.2,226.8,39,295.3,126,0,325.85,null,null,null
134,02/06/1997,03/06/1997,null,null,null,null,null,null,null,8.05,1980,null,null,.8,2.802,null,18.3,null,null,0,267,303.325,115,.342,.859,46,45.198,226.872,39.1,295.715,125.952,0,325.74,null,null,null
135,01/07/1997,,null,null,null,6.94,304.5,null,null,8.17,1660,null,null,.5,null,2.3,12.3,27.02,null,null,null,null,null,.75,.2,46.09,34.14,189,44,249.57,126,0,291.68,null,null,null
136,01/07/1997,02/07/1997,null,null,null,null,null,null,null,8.17,1660,null,null,.505,5.507,null,12.3,null,null,0,239,257.256,115,.741,.2,46,34.141,189.06,44.183,249.92,125.952,0,291.58,null,null,null
137,01/07/1997,02/07/1997,null,null,null,null,null,null,null,8.41,2800,null,null,.197,2.461,null,22.6,null,null,65.736,457.5,366.15,30,1.596,.2,12,80.676,465.29,14.858,413.575,459.84,79.2,397.11,null,null,null
138,01/08/1997,,null,null,null,6.23,302,null,null,8.05,540,null,null,.4,null,1.3,13.2,10.59,null,null,null,null,null,.4,.19,35.87,10.69,20,10,25.88,49,0,188.52,null,null,null
139,01/08/1997,02/08/1997,null,null,null,null,null,null,null,8.05,540,null,null,.407,9.01,null,13.2,null,null,0,113.5,134.05,89.5,.399,.19,35.8,10.692,20.01,10.166,25.915,48.96,0,138.47,null,null,null
140,01/09/1997,,null,null,null,6.69,300.5,null,null,7.45,520,null,null,.4,null,.47,13.8,4.07,null,null,null,null,null,.15,.94,42.69,9.36,25,9,35.8,51,0,138.52,null,null,null
141,01/09/1997,02/09/1997,null,null,null,null,null,null,null,7.45,520,null,null,.407,6.011,null,13.8,null,null,0,138.5,145.481,106.5,.152,.939,42.6,9.356,25.024,8.993,35.855,48.48,0,168.97,null,null,null
142,01/10/1997,,null,null,null,9.99,299.5,null,null,8.65,680,null,null,0,null,.5,2.4,20.65,null,null,null,null,null,.2,.89,35.87,17.13,66,14,75.86,57,15.9,129.36,null,null,null
143,01/10/1997,02/10/1997,null,null,null,null,null,null,null,8.65,680,null,null,0,4.708,null,2.4,null,null,13.197,132.5,160.881,89.5,.209,.889,35.8,17.132,66.033,14.076,75.97,56.976,15.9,129.32,null,null,null
144,01/11/1997,,null,null,null,9.45,297.5,null,null,8.41,680,null,null,.3,null,.68,4.9,21.29,null,null,null,null,null,0,.78,54.11,17.25,61,15,87.92,63,0,191.6,860,null,null
145,03/11/1997,04/11/1997,null,null,null,null,null,null,null,8.41,730,null,null,0,9.01,null,7,null,null,8.715,174.5,235.656,61,1.007,.619,24.4,41.917,60.03,14.858,94.075,66.96,10.5,191.54,null,null,null
146,03/11/1997,04/11/1997,null,null,null,null,null,null,null,8.41,680,null,null,.295,9.01,null,4.9,null,null,0,157,206.887,135,0,.779,54,17.253,61.019,14.858,88.04,62.976,0,191.54,null,null,null
147,01/12/1997,,null,null,null,7.16,291.5,null,null,8.63,500,null,null,.4,null,.86,17.4,6,null,null,null,null,null,.95,.9,45.29,15.8,44,6,62.04,70,0,172.08,540,null,null
148,01/12/1997,02/12/1997,null,null,null,null,null,null,null,8.65,520,null,null,0,10.419,null,7.2,null,null,0,145,178.813,113,.304,.729,45.2,15.795,45.31,10.166,59.995,55.968,0,176.9,null,null,null
149,01/12/1997,02/12/1997,null,null,null,null,null,null,null,8.63,500,null,null,.407,10.294,null,14.2,null,null,70.218,141,178.813,113,.95,.899,45.2,15.795,44.022,5.865,62.125,69.936,84.6,0,null,null,null
150,01/01/1998,,null,null,null,8.27,285.5,null,null,8.65,470,null,null,.3,null,.62,6.6,12.11,null,null,null,null,null,1.65,.63,54.11,11.42,40,8,51.76,45,0,167.19,600,null,null
151,01/01/1998,02/01/1998,null,null,null,null,null,null,null,null,null,null,null,null,null,null,null,null,null,null,null,null,null,null,null,null,null,null,null,null,null,null,null,null,null,null
152,01/01/1998,02/01/1998,null,null,null,null,null,null,null,null,null,null,null,null,null,null,null,null,null,null,null,null,null,null,null,null,null,null,null,null,null,null,null,null,null,null
153,01/01/1998,02/01/1998,null,null,null,null,null,null,null,null,null,null,null,null,null,null,null,null,null,null,null,null,null,null,null,null,null,null,null,null,null,null,null,null,null,null
154,01/02/1998,,null,null,null,9.29,291,null,null,8.91,1270,null,null,0,null,1.4,.8,14.39,null,null,null,null,null,.7,.79,68.94,33.05,125.4,25,181.5,80,30.3,252.62,520,null,null
155,02/02/1998,03/02/1998,null,null,null,null,null,null,null,null,null,null,null,null,null,null,null,null,null,null,null,null,null,null,null,null,null,null,null,null,null,null,null,null,null,null
156,02/02/1998,03/02/1998,null,null,null,null,null,null,null,null,null,null,null,null,null,null,null,null,null,null,null,null,null,null,null,null,null,null,null,null,null,null,null,null,null,null
157,01/03/1998,01/03/1998,null,null,null,null,291,null,null,8.91,1270,683.99,null,.4,null,1.4,.8,null,null,null,null,310.168,null,.7,.79,68.94,33.05,125.4,25,181.5,80,30.3,252.62,null,null,null
158,02/03/1998,03/03/1998,null,null,null,null,null,null,null,null,null,null,null,null,null,null,null,null,null,null,null,null,null,null,null,null,null,null,null,null,null,null,null,null,null,null
159,02/03/1998,03/03/1998,null,null,null,null,null,null,null,null,null,null,null,null,null,null,null,null,null,null,null,null,null,null,null,null,null,null,null,null,null,null,null,null,null,null
160,01/04/1998,03/04/1998,null,null,null,null,null,null,null,null,null,null,null,null,null,null,null,null,null,null,null,null,null,null,null,null,null,null,null,null,null,null,null,null,null,null
161,01/04/1998,01/04/1998,null,null,null,null,301,null,null,7.52,530,600.74,null,0,null,2.65,14.2,null,null,null,null,160.65,null,.85,.99,51.7,7.53,35.5,13,69.84,38,0,180.62,null,null,null
162,01/05/1998,02/05/1998,null,null,null,null,null,null,null,null,null,null,null,null,null,null,null,null,null,null,null,null,null,null,null,null,null,null,null,null,null,null,null,null,null,null
163,01/05/1998,01/05/1998,null,null,null,null,303.1,null,null,8.6,900,584.07,null,.4,null,.6,4.1,null,null,null,null,165.521,null,.95,.97,22.44,26.24,84.2,18,137.55,67,15,144.62,null,null,null
164,01/05/1998,02/05/1998,null,null,null,null,null,null,null,null,null,null,null,null,null,null,null,null,null,null,null,null,null,null,null,null,null,null,null,null,null,null,null,null,null,null
165,01/05/1998,02/05/1998,null,null,null,null,null,null,null,null,null,null,null,null,null,null,null,null,null,null,null,null,null,null,null,null,null,null,null,null,null,null,null,null,null,null
166,01/06/1998,01/06/1998,null,null,null,6.8,305.4,null,null,8.14,1070,744.205,null,.2,null,.42,.8,6.66,null,null,null,181.722,null,.55,.99,24.05,29.16,113.4,26,155.63,63,0,207.47,null,null,null
167,01/07/1998,01/07/1998,null,null,null,7.6,305,null,null,7.83,630,631.005,null,.41,null,.75,10.6,5.04,null,null,null,173.373,null,1.26,.98,32.67,21.99,88,13,51.76,46,0,248.35,null,null,null
168,01/08/1998,01/08/1998,null,null,null,8.2,305,null,null,7.69,450,378.08,null,.4,null,.38,11.4,3.82,null,null,null,135.252,null,0,.97,36.27,10.69,24.9,10,45.73,42,0,135.46,null,null,null
169,01/09/1998,01/09/1998,null,null,null,10.2,304,null,null,7.89,470,390.255,null,0,null,.5,15.4,1.08,null,null,null,144.409,null,0,.97,53.31,2.67,28.5,9,49.88,42,0,142.79,null,null,null
170,01/09/1998,02/09/1998,null,null,null,null,null,null,null,null,null,null,null,null,null,null,null,null,null,null,null,null,null,null,null,null,null,null,null,null,null,null,null,null,null,null
171,01/09/1998,02/09/1998,null,null,null,null,null,null,null,null,null,null,null,null,null,null,null,null,null,null,null,null,null,null,null,null,null,null,null,null,null,null,null,null,null,null
172,01/09/1998,02/09/1998,null,null,null,null,null,null,null,null,null,null,null,null,null,null,null,null,null,null,null,null,null,null,null,null,null,null,null,null,null,null,null,null,null,null
173,01/10/1998,01/10/1998,null,null,null,8.1,302,null,null,7.67,480,402.78,null,0,null,.62,15.1,.76,null,null,null,150.41,null,0,.91,38.48,13,27.7,9,51.76,50,0,142.18,null,null,null
174,03/10/1998,04/10/1998,null,null,null,null,null,null,null,null,null,null,null,null,null,null,null,null,null,null,null,null,null,null,null,null,null,null,null,null,null,null,null,null,null,null
175,03/10/1998,04/10/1998,null,null,null,null,null,null,null,null,null,null,null,null,null,null,null,null,null,null,null,null,null,null,null,null,null,null,null,null,null,null,null,null,null,null
176,01/11/1998,01/11/1998,null,null,null,9.2,299,null,null,7.57,460,422.685,null,.7,null,.02,15.9,1.44,null,null,null,180.067,null,.04,.04,46.89,15.07,27.5,9,45.73,42,0,184.89,null,null,null
177,02/11/1998,03/11/1998,null,null,null,null,null,null,null,null,null,null,null,null,null,null,null,null,null,null,null,null,null,null,null,null,null,null,null,null,null,null,null,null,null,null
178,02/11/1998,03/11/1998,null,null,null,null,null,null,null,null,null,null,null,null,null,null,null,null,null,null,null,null,null,null,null,null,null,null,null,null,null,null,null,null,null,null
179,02/11/1998,03/11/1998,null,null,null,null,null,null,null,null,null,null,null,null,null,null,null,null,null,null,null,null,null,null,null,null,null,null,null,null,null,null,null,null,null,null
180,01/12/1998,01/12/1998,null,null,null,9.4,293.8,null,null,7.88,510,438.74,null,.2,null,.29,13.6,4.56,null,null,null,189.412,null,.31,0,44.69,18.63,39.5,6.45,56.01,47,0,195.26,null,null,null
181,01/01/1999,01/01/1999,null,null,null,10.7,288.2,null,null,8.38,670,591.513,null,.6,null,.47,11.4,11.7,null,null,null,260.264,null,.5,.03,59.72,26.61,62.5,2.45,87.92,57,4.8,283.62,null,null,null
182,01/02/1999,01/02/1999,null,null,null,8.1,289,null,null,8.5,570,583.198,null,.8,null,.77,14.4,17.06,null,null,null,235.607,null,0,.33,53.31,24.54,55.5,2.15,71.96,67,4.8,221.5,null,null,null
183,01/03/1999,01/03/1999,null,null,null,4.9,294.5,null,null,8.41,1100,701.008,null,.8,null,.86,4.7,9.96,null,null,null,277.311,null,.5,.59,46.89,38.39,104,13,87.92,76,4.8,295.34,null,null,null
184,01/04/1999,01/04/1999,null,null,null,7.9,297,null,null,8.43,1540,972.588,null,.9,null,.9,14.6,11.64,null,null,null,344.677,null,.45,.48,65.93,43.13,153,15.5,221.54,89,5.1,342.93,null,null,null
185,01/05/1999,01/05/1999,null,null,null,7.7,302.2,null,null,8.75,1670,1189.518,null,.8,null,.42,16,22.02,null,null,null,257.501,null,.96,.11,31.46,42.89,195,20.25,271.55,110,15,278.25,null,null,null
186,01/06/1999,01/06/1999,null,null,null,null,303,null,null,8.86,1450,1146.475,null,.88,null,.88,13.8,null,null,null,null,221.95,null,1,.21,34.47,32.56,162,18.75,225.46,100,10.2,273.37,null,null,null
187,01/07/1999,01/07/1999,null,null,null,7.5,303,null,null,8.55,1390,1075.06,null,0,null,1.13,2.8,11.5,null,null,null,239.673,null,.51,.06,34.47,36.81,144,19.75,237.52,102,20.1,264.22,null,null,null
188,01/08/1999,01/08/1999,null,null,null,8.3,304,null,null,7.97,370,570.45,null,0,null,.3,16.8,10.92,null,null,null,141.428,null,.63,.16,34.27,13.37,19,5.5,28.01,36,0,139.13,null,null,null
189,01/09/1999,01/09/1999,null,null,null,7.8,302.5,null,null,8.11,420,319.741,null,0,null,.6,14.6,1.92,null,null,null,146.276,null,.46,.14,41.28,10.33,25.5,5.5,37.93,33,0,129.97,null,null,null
190,01/10/1999,01/10/1999,null,null,null,7.7,303,null,null,8.1,610,441.048,null,0,null,.78,23.6,4.22,null,null,null,183.113,null,.51,.06,45.89,16.4,45,6.5,69.84,46,0,192.82,null,null,null
191,01/11/1999,01/11/1999,null,null,null,9.2,301.5,null,null,8.31,830,633.422,null,.9,null,1,8,13.4,null,null,null,251.543,null,0,.11,45.89,32.81,91.5,10.5,123.72,72,10,184.28,null,null,null
192,01/12/1999,01/12/1999,null,null,null,7.2,291,null,null,8.84,1090,799.86,null,1.8,null,1.1,0,15.34,null,null,null,272.309,null,.96,.85,45.89,37.79,123,13.75,181.5,75,22.8,167.81,null,null,null
193,01/01/2000,01/01/2000,null,null,null,7.6,285.5,null,null,8.01,930,894.2,null,2.2,null,2.9,32,15.52,null,null,null,317.258,null,.8,.1,68.54,34.99,117,6.75,161.65,80,0,227.6,null,null,null
194,01/02/2000,01/02/2000,null,null,null,7.6,288,null,null,8.36,810,800.095,null,3.7,null,2.72,12.8,null,null,null,null,270.397,null,.86,0,59.72,29.04,90,13,125.85,67,9.3,184.89,null,null,null
195,01/03/2000,01/03/2000,null,null,null,7.8,291,null,null,8.37,690,602.298,null,3.1,null,.88,16,null,null,null,null,204.576,null,.86,0,39.88,25.15,64,8.75,91.46,65,0,136.68,null,null,null
196,01/04/2000,01/04/2000,null,null,null,7.7,298,null,null,8.71,1680,1012.78,null,1.6,null,3.53,20.4,2.34,null,null,null,357.682,null,1.2,.07,72.75,42.16,189.8,10.5,241.77,92,26.7,252.62,null,null,null
197,01/05/2000,01/05/2000,null,null,null,6.58,299,null,null,8.8,1130,914.292,null,.2,null,2.1,7.2,0,null,null,null,240.151,null,1.12,.96,53.71,25.39,109,16.5,141.45,73,4.5,223.94,null,null,null
198,01/06/2000,01/06/2000,null,null,null,6.11,303.5,null,null,8.94,1860,926.373,null,.6,null,2.28,8.8,5.88,null,null,null,313.888,null,1.07,.99,43.89,48.96,158,24,143.57,98,33,266.66,null,null,null
199,01/07/2000,01/07/2000,null,null,null,7.09,304,null,null,8.43,650,577.726,null,0,null,.78,21.6,17.72,null,null,null,179.656,null,.8,.97,43.89,16.77,45,9.25,64.52,26,11.1,153.77,null,null,null
200,01/08/2000,01/08/2000,null,null,null,5.64,302,null,null,7.95,340,325.568,null,2,null,.66,16,4.44,null,null,null,144.365,null,0,.83,37.68,12.03,23.4,5.9,25.17,20,0,123.26,null,null,null
201,01/09/2000,01/09/2000,null,null,null,5.01,302,null,null,8.11,510,319.851,null,0,null,.69,7.2,2.32,null,null,null,150.277,null,.27,.84,42.28,10.69,36.5,7.1,53.88,24,0,138.52,null,null,null
202,01/10/2000,01/10/2000,null,null,null,5.54,302,null,null,8.1,690,408.469,null,1.8,null,.78,7.2,3.04,null,null,null,152.215,null,0,.67,28.46,19.44,60.7,10.5,81.89,30,0,150.72,null,null,null
203,01/11/2000,01/11/2000,null,null,null,null,298,null,null,8.5,1170,621.005,null,0,null,1,8.8,null,null,null,null,263.069,null,1.07,.42,49.9,33.17,108.4,15.7,127.97,40,0,219.67,null,null,null
204,01/12/2000,01/12/2000,null,null,null,11.84,290.5,null,null,8.63,970,732.707,null,2.5,null,1.03,5.6,12.88,null,null,null,262.069,null,.46,.27,49.7,33.05,93.4,13.7,144.28,80,0,247.74,null,null,null
205,01/01/2001,01/01/2001,null,null,null,9.58,285.5,null,null,8.13,1070,901.34,null,2,null,3.25,10,15.64,null,null,null,336.872,null,.58,.41,73.55,36.69,116.8,16.6,172.64,76,0,296.61,null,null,null
206,01/02/2001,01/02/2001,null,null,null,7.12,285,null,null,8.07,1010,948,null,3.6,null,3.82,14.4,13.08,null,null,null,320.104,null,.8,.82,75.75,31.35,124.8,16.5,171.93,76,0,296,null,null,null
207,01/03/2001,01/03/2001,null,null,null,6.21,291,null,null,8.19,1490,1113.022,null,2.5,null,6,20.4,12.2,null,null,null,393.776,null,1.34,.77,86.17,42.77,174,22,186.47,85,0,403.95,null,null,null
208,01/04/2001,01/04/2001,null,null,null,6.67,299.5,null,null,8.61,1790,1228.03,null,1.8,null,5.35,48,14.32,null,null,null,398.953,null,.8,.82,83.17,45.81,206.2,24.2,176.19,118,33,349.03,null,null,null
209,01/05/2001,01/05/2001,null,null,null,6.8,301,null,null,8.67,1920,1289.605,null,.3,null,1.96,13.2,5.42,null,null,null,287.488,null,.86,.78,45.69,41.55,249.2,27.5,300.97,104,36.9,229.44,null,null,null
210,01/06/2001,01/06/2001,null,null,null,null,302.5,null,null,7.89,1930,1358.737,null,0,null,2.28,8.4,null,null,null,null,298.949,null,.8,.85,53.11,39.85,222.8,28,303.81,128,0,294.12,null,null,null
211,01/07/2001,01/07/2001,null,null,null,null,303,null,null,7.5,770,857.365,null,.4,null,1.1,1.8,null,null,null,null,191.79,null,.51,.81,44.29,19.44,81.7,18,88.63,70,0,166.61,null,null,null
212,01/08/2001,01/08/2001,null,null,null,4.87,303,null,null,7.71,360,387.968,null,.7,null,.35,16,.8,null,null,null,149.91,null,.27,.55,38.08,13.12,19,6.2,24.46,32,0,144.64,null,null,null
213,01/09/2001,01/09/2001,null,null,null,7.8,302.5,null,null,7.8,440,301.663,null,.3,null,.69,20.4,1.92,null,null,null,147.778,null,0,.59,41.08,10.81,27,6.4,34.3,.18,0,170.88,null,null,null
214,01/10/2001,01/10/2001,null,null,null,8.96,302.5,null,null,7.97,600,466.405,null,1.4,null,.42,2.4,4.4,null,null,null,151.152,null,.19,.86,25.85,20.75,92,12.2,103.16,61,0,176.99,null,null,null
215,01/11/2001,01/11/2001,null,null,null,5.85,297,null,null,8.05,900,802.05,null,.2,null,.35,2.4,10.28,null,null,null,304.755,null,.58,.97,27.66,56.5,126.2,15.5,172.29,78,0,297.22,null,null,null
216,01/12/2001,01/12/2001,null,null,null,10.83,295.5,null,null,8.69,1000,780.02,null,.7,null,.54,1.2,9.48,null,null,null,261.829,null,.19,.83,40.08,38.76,6.37,.42,197.46,86,0,287.4,null,null,null
217,01/01/2002,01/01/2002,null,null,null,13.53,289,null,null,8.87,1150,1032.387,null,3.8,null,3.38,17.6,14.54,null,null,null,271.636,null,.86,.6,86.57,13.24,172.4,19.4,88.98,96,26.1,411.34,null,null,null
218,01/02/2002,01/02/2002,null,null,null,9.8,285.5,null,null,8.23,1360,1167.537,null,14.5,null,6,25.8,16.06,null,null,null,388.689,null,1,.77,85.97,41.67,189.4,21.3,256.66,96.1,0,422.87,null,null,null
219,01/03/2002,01/03/2002,null,null,null,12.15,284,null,null,9.01,1600,1438.425,null,2.1,null,3.9,22.8,5.18,null,null,null,407.434,null,1,.83,87.78,45.08,215.2,22.9,281.83,148,1.32,417.99,null,null,null
220,01/04/2002,01/04/2002,null,null,null,9.59,296.5,null,null,9.13,1050,1086.578,null,1.6,null,1.39,23.6,7.38,null,null,null,292.815,null,.74,.75,55.31,37.06,101.6,13.7,135.77,117.4,17.1,224.59,null,null,null
221,01/05/2002,01/05/2002,null,null,null,6.66,300.5,null,null,8.54,1820,1262.221,null,0,null,2.8,10.8,11.12,null,null,null,303.384,null,.8,.97,58.32,37.79,246.4,24.9,358.75,69,54,227.6,null,null,null
222,01/06/2002,01/06/2002,null,null,null,7.3,299,null,null,8.28,1280,1090.553,null,.5,null,1.17,9.4,5.88,null,null,null,205.619,null,.68,.86,39.48,25.64,159.2,19.1,216.6,68.2,0,207.47,null,null,null
223,01/07/2002,01/07/2002,null,null,null,7.5,302.5,null,null,7.96,1740,1162.623,null,.4,null,1.85,10.8,11.5,null,null,null,257.025,null,.68,.86,48.5,32.56,202.4,30.2,277.31,118,0,282.49,null,null,null
224,01/08/2002,01/08/2002,null,null,null,8.3,303.5,null,null,8.46,2100,1466.148,null,.4,null,1.7,16.8,10.92,null,null,null,324.592,null,1.2,1.96,54.51,45.16,250,32.9,338.74,112,38.1,324.96,null,null,null
225,01/09/2002,01/09/2002,null,null,null,7.8,303.2,null,null,8.08,620,788.235,null,.2,null,.8,13.2,1.92,null,null,null,174.524,null,.74,.55,45.29,14.7,43.8,9.8,65.56,44,0,148.89,null,null,null
226,01/10/2002,01/10/2002,null,null,null,7.7,302.2,null,null,8.12,560,420.06,null,.5,null,.69,18.4,4.22,null,null,null,150.112,null,.4,.42,33.09,16.16,38,10.6,70.9,20,0,163.53,null,null,null
227,01/11/2002,01/11/2002,null,null,null,9.2,298,null,null,8.7,890,564.55,null,2.5,null,1.03,17.6,13.4,null,null,null,178.972,null,.86,.5,44,16.54,85.4,12.3,98.05,42.9,30,189.16,null,null,null
228,01/12/2002,01/12/2002,null,null,null,7.2,292.5,null,null,9.15,920,644.807,null,.8,null,1.2,1.2,15.34,null,null,null,205.818,null,.46,.46,48.55,20.25,94.3,14.7,124.59,58.7,0,217.23,null,null,null
229,01/01/2003,01/01/2003,null,null,null,7.6,297.2,null,null,8.89,1180,773.939,null,null,null,3.25,1.4,15.52,null,null,null,248.012,null,1.28,.11,55.57,26.16,116.4,18.4,173.9,62.2,0,236.22,null,null,null
230,01/02/2003,01/02/2003,null,null,null,7.7,291.2,null,null,7.86,1320,931.392,null,.6,null,5.35,16.6,null,null,null,null,271.069,null,.86,0,69.58,23.29,130.8,19.4,221.19,70,0,238.05,null,null,null
231,01/03/2003,01/03/2003,null,null,null,8.3,293.2,null,null,8.73,1220,950.082,null,1.8,null,4,11.6,16.26,null,null,null,282.842,null,.8,.09,79.56,20.13,109.2,17.7,169.93,56.2,45.9,211.13,null,null,null
232,01/04/2003,01/04/2003,null,null,null,7.7,296.2,null,null,9.02,1690,1079.856,null,.4,null,2.2,7.2,2.34,null,null,null,324.301,null,.91,.4,87.37,25.39,176.4,20.3,235.95,99.4,48,247.78,null,null,null
233,01/05/2003,01/05/2003,null,null,null,6.58,300,null,null,8.69,1430,1062.594,null,1.7,null,3,5.6,0,null,null,null,214.945,null,1.4,.28,50.7,21.15,168.8,32.4,189.95,70.6,40.5,252.6,null,null,null
234,01/06/2003,01/06/2003,null,null,null,6.11,301.5,null,null,9.5,2200,1277.452,null,0,null,1.13,4,6.32,null,null,null,255.197,null,.86,.65,40.88,36.69,264,28.7,325.13,156,37.8,212.99,null,null,null
235,01/07/2003,01/07/2003,null,null,null,7.24,302.5,null,null,8.5,1670,1258.492,null,.9,null,1.1,7.2,12.52,null,null,null,234.432,null,.8,.81,40.48,31.95,186.8,26.6,247.09,88,0,270.93,null,null,null
236,01/08/2003,01/08/2003,null,null,null,8.96,301.5,null,null,8.05,500,636.522,null,1.4,null,1,13.8,17.68,null,null,null,135.404,null,1.2,.67,35.68,11.08,42.7,8,47.5,44.2,0,160.51,null,null,null
237,01/09/2003,01/09/2003,null,null,null,6.11,303.5,null,null,7.5,590,437.432,null,1.1,null,.9,12.6,8.68,null,null,null,152.8,null,.8,0,61.12,0,50,7.5,75.86,45.8,0,134.85,null,null,null
238,01/10/2003,01/10/2003,null,null,null,5.47,300.5,null,null,8,670,517.445,null,.2,null,.97,16.8,14.2,null,null,null,200.271,null,.74,.91,48.5,18.95,59.6,7.7,77.28,63.4,0,159.29,null,null,null
239,01/11/2003,01/11/2003,null,null,null,5.01,290.5,null,null,8.15,1040,729.295,null,1.8,null,.58,25,21.56,null,null,null,308.02,null,.74,.88,50.9,43.35,83.1,13.8,115.92,73,0,226.99,null,null,null
240,01/12/2003,01/12/2003,null,null,null,7.32,280.5,null,null,8.15,900,873.67,null,.4,null,.66,9.4,22.16,null,null,null,351.573,null,.46,.33,37.48,61.84,91,13.5,165.7,77,0,302.66,null,null,null
241,01/01/2004,01/01/2004,null,null,null,8.62,280.5,null,null,8.5,960,857.68,null,11.6,null,3.68,24.4,11.04,null,null,null,231.111,null,1.06,.16,36.8,33.36,106,15.3,156.69,63.4,0,264.83,null,null,null
242,01/02/2004,01/02/2004,null,null,null,7.27,280.5,null,null,9,1350,968.62,null,10.4,null,6,12.6,36.8,null,null,null,297.152,null,.8,.31,43,45.48,123.6,19.3,173,104,0,304.49,null,null,null
243,01/03/2004,01/03/2004,null,null,null,6.58,290.5,null,null,9.5,1190,962.316,null,1.7,null,2.34,21.4,10.08,null,null,null,263.922,null,.8,.48,57.13,29.04,137.2,16.2,137.55,106,36.6,198.32,null,null,null
244,01/04/2004,01/04/2004,null,null,null,8.28,305.5,null,null,9.52,1640,1047.256,null,.9,null,2.8,13.2,14.36,null,null,null,343.851,null,.96,.42,78.56,35.36,169.2,26.9,151.02,114,18.3,321,null,null,null
245,01/05/2004,01/05/2004,null,null,null,8.96,300.5,null,null,9.5,2200,1355.254,null,.5,null,2.28,8.8,7.72,null,null,null,329.259,null,1.07,.91,56.11,45.32,256.4,29.9,284,158,18.3,379,null,null,null
246,01/06/2004,01/06/2004,null,null,null,8.71,305,null,null,8.76,1760,1350.114,null,null,null,2.34,12,5.48,null,null,null,304.55,null,1,.9,67.51,32.56,191.6,25.3,212.7,110,24,364.22,null,null,null
247,01/07/2004,01/07/2004,null,null,null,7.4,304.5,null,null,8.32,2500,1597.846,null,null,null,1.34,6.4,12.32,null,null,null,384.022,null,1.12,.67,80.3,43.95,323.6,29.5,392.4,106.4,18,450.79,null,null,null
248,01/08/2004,01/08/2004,null,null,null,7.32,303.5,null,null,8.13,1740,1370.102,null,null,null,1.03,3.6,11.92,null,null,null,321.557,null,.58,.7,70.66,34.75,177.6,28.2,248.22,98,0,358.65,null,null,null
249,01/09/2004,01/09/2004,null,null,null,4.82,303.5,null,null,7.52,650,705.51,null,null,null,1.13,15.1,11.72,null,null,null,163.978,null,.42,.86,43.09,13.49,54.9,9.4,67.36,46,0,192.18,null,null,null
250,01/10/2004,01/10/2004,null,null,null,5.8,302.5,null,null,8.47,1080,673.176,null,null,null,1.03,1,15.12,null,null,null,242.693,null,.5,.16,54.51,25.52,108,14,126.05,60.8,40.7,206.16,null,null,null
251,01/11/2004,01/11/2004,null,null,null,6.25,297.5,null,null,8.03,1250,802.295,null,null,null,1.66,5.4,16.6,null,null,null,278.833,null,.51,.16,65.73,27.46,115.4,12.8,151.02,99.2,0,250.76,null,null,null
252,01/12/2004,01/12/2004,null,null,null,4.72,292,null,null,7.77,1220,906.853,null,null,null,3.68,16.8,20.28,null,null,null,300.946,null,1.16,.12,72.34,28.8,120.4,14.4,164.49,72.4,0,279.31,null,null,null
253,01/01/2005,01/01/2005,null,null,null,5.01,285.5,null,null,7.94,1550,1061.07,null,null,null,4.2,16,38.08,null,null,null,341.401,null,1.42,.2,85.77,30.45,144,18.8,247.6,84,0,297.78,null,null,null
254,01/02/2005,01/02/2005,null,null,null,7.12,286.5,null,null,8.13,1580,1172.69,null,null,null,4.8,5,32.12,null,null,null,408.617,null,.54,.32,105,35.04,120,21.8,237.45,89,0,351.36,null,null,null
255,01/03/2005,01/03/2005,null,null,null,8.86,294,null,null,8.22,1390,1065.747,null,null,null,4,22,21.48,null,null,null,299.605,null,.82,.06,67.4,31.44,148.4,13.5,196.75,101,0,257.4,null,null,null
256,01/04/2005,01/04/2005,null,null,null,8.86,297,null,null,8.23,1140,945.137,null,null,null,4.8,22,18.4,null,null,null,257.597,null,1.36,.12,54.6,29.04,110.8,18.8,184.69,66.6,0,241.56,null,null,null
257,01/05/2005,01/05/2005,null,null,null,9.11,302,null,null,8.32,1423,972.192,null,null,null,2,17.6,7,null,null,null,277.944,null,.82,.16,55.8,33.2,126.4,19.2,201.36,80,64.8,166.51,null,null,null
258,01/06/2005,01/06/2005,null,null,null,5.57,304,null,null,8.85,1269,990.302,null,null,null,2.17,14.6,8.36,null,null,null,248.582,null,.82,.16,58.4,24.6,144.8,19.2,216.95,86,11.1,211.06,null,null,null
259,01/07/2005,01/07/2005,null,null,null,7.4,303,null,null,8.48,1740,1221.822,null,null,null,1.58,9.4,4.88,null,null,null,306.652,null,1.06,.8,46.4,45.72,214.8,16.8,315.15,104,18.6,248.27,null,null,null
260,01/08/2005,01/08/2005,null,null,null,4.82,303.5,null,null,7.57,483,740.193,null,null,null,.88,18.4,.8,null,null,null,161.545,null,.82,.02,42.2,13.44,41.1,10.1,55.66,52,0,140.3,null,null,null
261,01/09/2005,01/09/2005,null,null,null,5.56,304,null,null,8.12,630,481.796,null,null,null,.66,4.4,8.84,null,null,null,157.04,null,.22,.06,42.8,12,68.4,10.3,79.05,65,0,130.54,null,null,null
262,01/10/2005,01/10/2005,null,null,null,5.19,302,null,null,7.53,810,497.921,null,null,null,.82,19.2,17.04,null,null,null,184.066,null,0,.04,40.8,19.68,55.9,10.5,64.52,45.7,0,170.19,null,null,null
263,01/11/2005,01/11/2005,null,null,null,8.28,297,null,null,7.74,1015,711.711,null,null,null,1.66,10.2,17.48,null,null,null,281.088,null,.82,.06,68.4,26.4,110,9.9,162.01,57,0,248.88,null,null,null
264,01/12/2005,01/12/2005,null,null,null,8.71,292,null,null,8.73,870,728.125,null,null,null,1.13,14.6,7.36,null,null,null,219.108,null,.22,.02,33.4,32.52,86.4,17,134,61,6,200.08,null,null,null
265,01/01/2006,01/01/2006,null,null,null,8.82,283,null,null,8.5,1406,1053.518,null,null,null,3.25,10.2,31.36,null,null,null,352.621,null,.82,.46,80.6,36.24,164.5,21,256.66,103,5.7,290.6,null,null,null
266,01/02/2006,01/02/2006,null,null,null,7.28,291,null,null,8.39,1684,1296.238,null,null,null,3.68,17.6,9.32,null,null,null,384.138,null,1.42,.14,84.4,41.52,181.6,18.4,282.18,104,6,310.4,null,null,null
267,01/03/2006,01/03/2006,null,null,null,8.46,295,null,null,8.42,1806,1414.54,null,null,null,2.9,34,11.2,null,null,null,392.38,null,.82,.08,79.49,46.44,220,23.6,288.21,70.4,6.3,418.46,null,null,null
268,01/04/2006,01/04/2006,null,null,null,5.38,298,null,null,9.04,1416,1167.315,null,null,null,3,9.4,18,null,null,null,327.168,null,.54,.06,47,50.28,157.2,19.2,218.73,78,11.4,319.64,null,null,null
269,01/05/2006,01/05/2006,null,null,null,7.4,299,null,null,8.82,1703,1196.6,null,null,null,2.9,25.8,20.96,null,null,null,296.656,null,1.42,.08,40.6,46.8,202.4,26.4,279.35,96,5.7,302.56,null,null,null
270,01/06/2006,01/06/2006,null,null,null,4.12,300.5,null,null,9.16,2001,1398.192,null,null,null,1.8,6.4,11.2,null,null,null,324.176,null,.84,.06,41.6,52.8,240.4,28,310.9,126,36,287.31,null,null,null
271,01/07/2006,01/07/2006,null,null,null,3.34,299,null,null,8.32,1515,1193.082,null,null,null,1.39,1.2,11.04,null,null,null,270.627,null,.54,.04,44.8,38.04,166.4,23.2,249.92,92,18.6,215.94,null,null,null
272,01/08/2006,01/08/2006,null,null,null,4.42,300.5,null,null,7.65,597,676.07,null,null,null,.5,20,11.76,null,null,null,175.549,null,.82,.12,45.8,14.64,46.7,10.3,63.9,41.1,0,161.04,null,null,null
273,01/09/2006,01/09/2006,null,null,null,4.14,300,null,null,7.66,750,496.85,null,null,null,.69,2.8,9.4,null,null,null,142.895,null,.82,.16,34.54,13.56,78.8,8.8,80.83,48,0,189.71,null,null,null
274,01/10/2006,01/10/2006,null,null,null,null,300.5,null,null,8.25,1126,727.202,null,null,null,.33,2,1.53,null,null,null,181.552,null,.54,.08,46.4,15.72,112.5,15.4,198.52,88,0,222.04,null,null,null
275,01/11/2006,01/11/2006,null,null,null,5.4,299.5,null,null,8.84,1605,1124.692,null,null,null,2.1,17.6,18.72,null,null,null,302.009,null,.82,.14,116.2,2.76,183.4,19,242.83,68,5.4,337.33,null,null,null
276,01/12/2006,01/12/2006,null,null,null,5.09,299,null,null,9.58,1435,1039.62,null,null,null,2.17,3.2,19.64,null,null,null,383.319,null,.42,.08,77.2,45.64,116.8,19.2,233.62,23.8,11.4,330.01,null,null,null
277,01/01/2007,01/01/2007,null,null,null,2.44,291,null,null,8.74,1660,1117.298,null,null,null,3.68,14.4,21.84,null,null,null,331.598,null,1.06,.14,83.6,29.4,184.4,19.2,233.97,91,11.4,343.43,null,null,null
278,01/02/2007,01/02/2007,null,null,null,2.47,287,null,null,8.51,1843,1253.623,null,null,null,3.53,10.8,30.44,null,null,null,376.638,null,1.36,.26,81.6,41.4,188.4,22.8,273.32,80.6,10.5,356.85,null,null,null
279,01/03/2007,01/03/2007,null,null,null,3.71,289,null,null,8.11,1193,999.483,null,null,null,.8,10.2,28.68,null,null,null,243.55,null,.8,.14,72.6,14.88,129.3,15.6,153.35,89.2,0,250.1,null,null,null
280,01/04/2007,01/04/2007,null,null,null,1.02,297,null,null,7.91,652,614.553,null,null,null,1.17,10.2,24.12,null,null,null,164.03,null,.8,.12,50.6,9,61.2,6.8,80.12,50.2,0,155.68,null,null,null
281,01/05/2007,01/05/2007,null,null,null,2.94,298,null,null,8.96,1157,700.595,null,null,null,.88,.6,15.06,null,null,null,293.102,null,.42,.06,66.2,30.6,89.7,15.7,130.18,76.5,24.1,229.97,null,null,null
282,01/06/2007,01/06/2007,null,null,null,6.25,301,null,null,9.32,1465,938.895,null,null,null,2.72,4.4,4.86,null,null,null,242.436,null,.54,.28,45.8,30.68,166,23,271.55,71.7,6.3,201.56,null,null,null
283,01/07/2007,01/07/2007,null,null,null,6.33,299.5,null,null,8.56,1035,880.42,null,null,null,2.2,1.4,12.64,null,null,null,229.073,null,.42,.14,55,21.96,107.2,16,159.53,72,5.1,164.09,null,null,null
284,01/08/2007,01/08/2007,null,null,null,7.12,295,null,null,8.5,1144,803.087,null,null,null,1.96,1,7.44,null,null,null,268.096,null,.8,.2,59.4,28.68,103.2,14.8,187.53,72,6,171.41,null,null,null
285,01/09/2007,01/09/2007,null,null,null,6.25,299,null,null,8.34,830,687.804,null,null,null,.7,6.6,8.92,null,null,null,219.079,null,.54,.14,48,23.76,73.2,10.4,118.76,60,10.2,131.78,null,null,null
286,01/10/2007,01/10/2007,null,null,null,5.62,297.5,null,null,8.45,1237,811.185,null,null,null,1.34,2.9,12.2,null,null,null,271.267,null,.54,.04,58.2,30.16,130,12.8,192.58,76,10.8,202.43,null,null,null
287,01/11/2007,01/11/2007,null,null,null,5.14,290,null,null,9.39,1274,1016.453,null,null,null,2.8,5.4,18.44,null,null,null,327.106,null,.42,.08,77.8,31.8,146,16.4,208.45,78,36.3,264.13,null,null,null
288,01/12/2007,01/12/2007,null,null,null,4.57,288.5,null,null,8.65,1114,889.217,null,null,null,3.82,11,32.2,null,null,null,285.92,null,.22,.14,71.2,25.88,107.8,14.4,168.74,72,5.4,209.99,null,null,null
289,01/01/2008,01/01/2008,null,null,null,4.29,281,null,null,8.14,968,785.857,null,null,null,1.75,8.3,18.4,null,null,null,251.934,null,.24,.02,50.4,30.2,100.6,13.2,139.52,65,0,221.43,null,null,null
290,01/02/2008,01/02/2008,null,null,null,9.81,281,null,null,8.18,1222,818.115,null,null,null,2,9,16,null,null,null,211.749,null,.32,.14,43.4,24.76,132.4,10.4,191.7,82,0,200.12,null,null,null
291,01/03/2008,01/03/2008,null,null,null,8.17,16,65,odour free,8.66,1113,null,null,null,4.847,null,6.8,27.2,null,null,null,241.669,147,.76,.144,58.8,22.721,114.08,16.031,14.094,84,9.9,208.01,null,null,null
292,01/04/2008,01/04/2008,null,null,null,6.92,22.5,70,odour free,9.05,1509,null,null,null,5.04,null,1.8,8,null,null,null,304.8,159,.19,.072,63.6,34.992,168.13,18.768,203.77,73.92,9.6,308.66,null,null,null
293,01/05/2008,01/05/2008,null,null,null,7.92,24,70,odour free,9.14,1325,null,null,null,1.82,null,1,17.2,null,null,null,215.413,101,.38,.144,40.4,27.459,162.15,14.076,201.285,85.92,9.3,215.94,null,null,null
294,02/06/2008,03/06/2008,null,null,null,6.51,29,70,odour free,8.74,1510,null,null,null,1.328,null,.2,null,null,7.968,300,328.212,149,.5,.29,59.6,43.011,193.89,21.114,226.49,99.84,9.6,346.48,null,null,null
295,01/07/2008,03/07/2088,null,null,null,5.16,26,35,odour free,7.84,452,null,null,null,2.535,null,6.1,10.03,null,0,86,167.387,91.5,.12,.429,36.6,18.213,42.78,7.507,52.895,53.952,0,104.92,null,null,null
296,01/08/2008,02/08/2008,null,null,null,6.17,23,40,odour free,8.27,606,null,null,null,.058,null,5.2,8.44,null,0,174,204.038,103.8,.456,.4,41.52,24.057,57.04,9.423,70.645,58.08,0,212.28,null,null,null
297,01/09/2008,02/09/2008,null,null,null,5.93,29.5,50,odour free,8.04,469,null,null,null,1.216,null,7.4,6.49,null,0,139.85,183.938,108,.3,.3,43.2,18.225,45.931,7.781,56.8,41.76,0,170.617,null,null,null
298,01/10/2008,02/10/2008,null,null,null,6.12,27.5,60,odour free,8.07,441,null,null,null,.449,null,6.6,9.47,null,0,127.5,172.49,110.5,.3,.18,44.2,14.878,30.912,6.491,37.275,44.64,0,155.55,null,null,null
299,01/11/2008,02/11/2008,null,null,null,null,23,40,odour free,8.65,763,null,null,null,2.71,null,7.4,null,null,39.815,245.7,242.913,128.5,.418,.16,51.4,27.459,74.98,9.384,90.809,63.984,47.97,202.215,null,null,null
300,01/12/2008,02/12/2008,null,null,null,0,18,45,odour free,9.92,942,null,null,null,1.81,null,1.6,31.2,null,1.992,322.5,389.175,168.45,.429,1.598,67.38,52.974,104.88,10.948,130.285,93.936,2.4,388.57,null,null,null
301,01/01/2009,02/01/2009,null,null,null,4.73,13,Clear,odour free,8.05,943,null,null,null,5.718,null,17.6,37.53,null,0,275,271.797,146.5,.401,.206,58.6,30.071,104.236,12.903,126.38,64.8,0,335.5,null,null,null
302,02/02/2009,03/02/2009,null,null,null,4.92,18,45,odour free,8.78,1408,null,null,null,5.8,null,7.2,18.13,null,4.233,330.5,461.093,178.15,.101,.31,71.26,67.906,145.36,17.791,200.22,82.08,5.1,392.84,null,null,null
303,02/03/2009,03/03/2009,null,null,null,4.87,22.9,75,odour free,9.49,1436,null,null,null,4.554,null,2.4,null,null,4.233,330.5,377.888,184.5,.199,.21,73.8,46.413,145.59,13.998,155.1,95.28,5.1,392.84,null,null,null
304,01/04/2009,02/04/2009,null,null,null,4.98,24,85,odour free,9.32,1533,null,null,null,6.33,null,7,null,null,19.42,366.425,322.148,152.2,.15,.22,60.88,40.788,209.705,18.807,206.308,86.88,23.397,399.465,null,null,null
305,01/05/2009,02/05/2009,null,null,null,4.93,29,80,odour free,10.26,1609,null,null,null,2.01,null,1.9,16.95,null,8.74,286.05,337.063,113.3,.671,.22,45.32,53.703,222.916,21.622,271.327,123.922,10.53,327.57,null,null,null
306,01/06/2009,02/06/2009,null,null,null,5.02,31.5,80,odour free,9.28,1806,null,null,null,1.314,null,3.6,19.96,null,27.639,375.5,366.481,125,.6,.18,50,57.956,268.134,26.979,323.05,118.896,33.3,390.4,null,null,null
307,01/07/2009,02/07/2009,null,null,null,4.74,32,55,odour free,9.35,1547,null,null,null,.72,null,2.9,.1,null,8.964,285.5,306.788,81,.3,.07,32.4,54.189,213.21,20.41,260.925,100.8,10.8,326.35,null,null,null
308,01/08/2009,02/08/2009,null,null,null,7.92,31,65,odour free,8.89,1548,null,null,null,.74,null,1.2,22.51,null,21.165,282.5,298.456,83.3,.3,.18,33.32,51.638,212.52,24.633,250.275,108,25.5,292.8,null,null,null
309,01/09/2009,02/09/2009,null,null,null,8.02,32.5,60,odour free,8.8,1404,null,null,null,0,null,1.4,4.15,null,23.655,275.5,234.6,105,.54,.05,42,31.104,183.08,16.813,205.9,105.6,28.5,278.16,null,null,null
310,01/10/2009,02/10/2009,null,null,null,7.99,31,Clear,odour free,8.13,705,null,null,null,1.16,null,6.8,7.36,null,0,184.9,226.203,135.23,.401,.16,54.092,21.834,78.43,9.384,95.85,79.92,0,225.578,null,null,null
311,01/11/2009,02/11/2009,null,null,null,7.52,22,65,odour free,8.58,1543,null,null,null,2.462,null,3.4,null,null,3.984,246,251.125,160,1.1,.198,64,21.87,177.1,15.249,198.8,111.84,4.8,290.36,null,null,null
312,01/12/2009,02/12/2009,null,null,null,5.42,19,60,odour free,7.37,1378,null,null,null,2.53,null,4.6,null,null,0,345,325.862,175,.181,.26,70,36.207,166.888,15.171,200.93,68.16,0,420.9,null,null,null
313,01/01/2010,01/01/2010,null,null,null,4.66,14,60,odour free,7,1450,null,null,null,3.431,null,11.6,null,null,0,292,180.625,170.5,.199,.17,68.2,2.43,151.57,13.685,182.47,95.904,0,356.24,null,null,null
314,01/02/2010,02/02/2010,null,null,null,5.47,17,35,odour free,7.69,1287,null,null,null,3.686,null,15.4,null,null,0,300.55,317.888,165,.199,.3,66,36.693,140.3,15.202,154.07,84,0,366.671,null,null,null
315,01/03/2010,02/03/2010,null,null,null,5.41,20.5,40,odour free,7.44,1227,null,null,null,1.15,null,10.6,null,null,0,307,316.331,168,.199,.19,67.2,35.599,147.66,15.202,181.05,80.16,0,374.54,null,null,null
316,01/04/2010,02/04/2010,null,null,null,7.17,23,50,odour free,7.81,1314,null,null,null,2.225,null,19.4,null,null,0,315,313.631,141,.199,.16,56.4,41.431,149.5,17.595,188.15,100.8,0,384.3,null,null,null
317,01/05/2010,02/05/2010,null,null,null,4.93,24.5,55,odour free,8.24,1510,null,null,null,1.115,null,1,null,null,68.475,347.5,274.75,133,1.1,.32,53.2,34.02,183.54,23.225,207.675,97.92,82.5,256.2,null,null,null
318,01/06/2010,02/06/2010,null,null,null,5.91,25.5,60,odour free,9.04,1970,null,null,null,1.438,null,22.4,null,null,29.88,348.5,326.75,185,.6,.28,74,34.02,271.4,20.332,301.75,111.84,36,351.97,null,null,null
319,01/07/2010,02/07/2010,null,null,null,6.24,31,55,odour free,8.93,1989,null,null,null,.387,null,19.2,13.76,null,15.936,292,297.688,80,.437,.32,32,52.245,280.37,32.453,308.85,120,19.2,317.2,null,null,null
320,01/08/2010,02/08/2010,null,null,null,7.03,29,45,odour free,7.69,1047,null,null,null,8.161,null,11.2,13.55,null,0,205,236.375,125,.437,.2,50,26.73,126.5,13.685,152.65,72,0,250.1,null,null,null
321,01/09/2010,02/09/2010,null,null,null,5.65,30,65,odour free,7.59,395,null,null,null,6.481,null,10.8,9.88,null,0,117,150.181,95,.095,.15,38,13.243,20.01,5.865,24.85,26.88,0,142.74,null,null,null
322,01/10/2010,02/10/2010,null,null,null,5.45,27.5,80,odour free,7.39,430,null,null,null,6.906,null,15,7.59,null,0,125,148.613,99,.11,.259,39.6,11.907,34.5,5.083,39.05,25.92,0,152.5,null,null,null
323,01/11/2010,02/11/2010,null,null,null,6.86,23,65,odour free,7.48,857,null,null,null,4.697,null,13.2,6.31,null,0,180,221,140,.494,.28,56,19.44,75.9,9.775,88.75,72,0,219.6,null,null,null
324,01/12/2010,02/12/2010,null,null,null,7.09,22,60,odour free,8.17,842,null,null,null,4.363,null,13.42,14.33,null,8.217,167.5,226.125,135,.3,.2,54,21.87,87.4,7.429,102.95,91.2,9.9,184.22,null,null,null
325,01/01/2011,02/01/2011,null,null,null,8.6,17,65,odour free,8.3,1052,null,null,null,1.112,null,13.2,26.4,null,14.94,199,266.819,160,.334,.18,64,25.636,96.6,10.166,131.35,63.84,18,206.18,null,null,null
326,01/02/2011,02/02/2011,null,null,null,4,16,60,odour free,8.47,1502,null,null,null,2.233,null,1.6,49.8,null,22.908,341,354.788,210,.475,.32,84,34.749,144.9,14.076,149.1,92.16,27.6,359.9,null,null,null
327,01/03/2011,02/03/2011,null,null,null,4.2,17,60,odour free,7.63,1227,null,null,null,2.796,null,2.7,18.9,null,0,234.5,286.438,170,.57,.2,68,27.945,null,null,173.95,16.8,0,286.09,null,null,null
328,01/04/2011,02/04/2011,null,null,null,4.3,18,65,odour free,8.7,1228,null,null,null,6.299,null,17.4,15.8,null,69.222,234,279.4,166,.589,.18,66.4,27.216,null,null,116.085,105.6,83.4,115.9,null,null,null
329,01/05/2011,02/05/2011,null,null,null,4.2,20.5,70,odour free,8.3,1224,null,null,null,2.885,null,14.8,20.8,null,9.96,275,273.5,152,.6,.158,60.8,29.16,null,null,188.15,115.2,12,311.1,null,null,null
330,01/06/2011,02/06/2011,null,null,null,null,null,null,null,9.04,1970,null,null,null,1.442,null,null,null,null,31.872,311.95,338.717,29.55,.608,.281,11.82,74.2,null,null,382.548,111.936,38.4,302.499,null,null,null
331,01/07/2011,02/07/2011,null,null,null,null,null,null,null,8.93,1999,null,null,null,.405,null,null,null,null,15.936,292.05,299.846,81.45,.437,.32,32.58,52.415,null,null,389.648,119.904,19.2,317.261,null,null,null
332,01/08/2011,02/08/2011,null,null,null,null,null,null,null,7.71,626,null,null,null,7.575,null,null,null,null,0,135.45,186.303,105.05,.399,.18,42.02,19.501,null,null,80.123,51.984,0,165.249,null,null,null
333,01/09/2011,02/09/2011,null,null,null,null,null,null,null,7.9,444,null,null,0,1.343,null,null,null,null,0,15.15,153.033,101.8,.247,.14,40.72,12.296,null,null,35.039,34.992,0,18.483,null,null,null
334,01/10/2011,02/10/2011,null,null,null,null,null,null,null,8.07,672,null,null,0,2.156,null,null,null,null,20.916,150,195.84,123.75,.418,.202,49.5,17.302,null,null,86.123,34.992,25.2,131.76,null,null,null
335,01/11/2011,02/11/2011,null,null,null,null,null,null,null,8.03,1120,null,null,null,5.392,null,null,null,null,7.221,221.4,287.42,156.2,.342,.14,62.48,31.493,null,null,162.235,72.96,8.7,252.418,null,null,null
336,01/12/2011,02/12/2011,null,null,null,null,null,null,null,8.46,1094,null,null,0,4.987,null,null,null,null,11.205,216.95,303.537,166.9,.209,.209,66.76,32.793,null,null,165.253,75.936,13.5,237.229,null,null,null
337,01/01/2012,02/01/2012,null,null,null,null,null,null,null,8.22,1417,null,null,null,4.226,null,null,null,null,5.727,293.4,315.973,176.4,.133,.158,70.56,33.498,null,null,222.337,91.92,6.9,343.918,null,null,null
