Standard Parameter Analysis Data of : Gadat (01 02 20 001)
Laboratory : CWC NTBO Surat 
Period : January-2003 To January-2016 
S.No.,Date_of_Collection,Date_of_Receipt,Discharge(cumecs),pH_FLD,EC_FLD(umho/cm),DO(mg/l),Water Temp(deg C),Colour,Odour,pH_GEN,EC_GEN(umho/cm),TDS(mg/l),SS(mg/l),NH3(mg N/l),NO2+NO3(mg N/l),Total_Nutrients(mg P/l),SiO2(mg/l),BOD(mg/l),COD(mg/l),Phen(mg CaCO3/l),Total_Alkallnity(mg CaCO3/l),Total_Hardness(mg CaCO3/l),Ca_Hardness(mg CaCO3/l),F(mg/l),B(mg/l),Ca_Major_Ions(mg/l),Mg(mg/l),Na(mg/l),K(mg/l),Cl(mg/l),SO4(mg/l),CO3(mg/l),HCO3(mg/l),Total_Coliforms(MPN/100ml),Faecal(MPN/100ml),Chlorophyll-A(ug/L)
1,15/01/2003,16/01/2003,null,null,null,null,null,null,null,8.61,238,143,37,null,.056,null,null,1.2,null,6.076,177.733,124.592,84.175,.24,null,33.67,9.7,26.5,.4,34.14,9.43,7.32,100.92,null,null,null
2,02/06/2003,03/06/2003,0,null,null,null,29,Clear,odour free,8.52,360,222,35,null,0,null,null,.5,null,6.075,450.956,84,64,.08,null,25.6,4.8,null,null,27.282,2.695,7.319,267.52,null,null,null
3,16/06/2003,17/06/2003,0,null,null,null,30,Clear,odour free,8.59,409,272,268,null,0,null,13.73,.9,null,12.15,463.178,84,64,.08,null,25.6,4.8,null,null,26.23,18.87,14.638,267.52,null,null,null
4,01/07/2003,02/07/2003,46.130001068115234,null,null,null,28,Brown,odour free,7.52,209,124,840,null,0,null,16.48,.6,null,0,292.478,76.25,60,.05,null,24,3.9,null,null,8.395,6.289,0,178.34,null,null,null
5,01/07/2003,02/07/2003,46.130001068115234,null,null,null,28,Brown,odour free,7.52,209,124,840,null,0,null,16.48,.6,null,0,292.478,76.25,60,.05,null,24,3.9,null,null,8.395,6.289,0,178.34,null,null,null
6,15/07/2003,16/07/2003,35,null,null,null,26,Brown,odour free,7.8,304,170,1182,null,0,null,18.36,.5,null,0,389.976,76.25,60,.05,null,24,3.9,null,null,15.633,4.717,0,237.79,null,null,null
7,15/07/2003,16/07/2003,35,null,null,null,26,Brown,odour free,7.8,304,170,1182,null,0,null,18.36,.5,null,0,389.976,76.25,60,.05,null,24,3.9,null,null,15.633,4.717,0,237.79,null,null,null
8,01/08/2003,02/08/2003,150.4759979248047,null,null,null,28,Light Brown,odour free,7.94,285,196,716,null,0,null,20.19,.3,null,0,365.605,84,64,.06,null,25.6,4.8,null,null,14.39,6.289,0,222.93,null,null,null
9,01/08/2003,02/08/2003,150.4759979248047,null,null,null,28,Light Brown,odour free,7.94,285,196,716,null,0,null,20.19,.3,null,0,365.605,84,64,.06,null,25.6,4.8,null,null,14.39,6.289,0,222.93,null,null,null
10,16/08/2003,17/08/2003,83.13300323486328,null,null,null,27,Light Brown,odour free,8.23,342,240,732,null,0,null,22.38,3.5,null,0,389.976,80,60,.06,null,24,4.8,null,null,17.477,6.289,0,237.79,null,null,null
11,16/08/2003,17/08/2003,83.13300323486328,null,null,null,27,Light Brown,odour free,8.23,342,240,732,null,0,null,22.38,3.5,null,0,389.976,80,60,.06,null,24,4.8,null,null,17.477,6.289,0,237.79,null,null,null
12,01/09/2003,02/09/2003,156.90499877929688,null,null,null,29,Brown,odour free,8.13,276,179,66,null,.056,null,20.09,.4,null,0,175.956,76.25,60,.24,null,24,3.9,null,null,36,14.717,0,107.29,null,null,null
13,01/09/2003,02/09/2003,156.90499877929688,null,null,null,29,Brown,odour free,8.13,276,179,66,null,.056,null,20.09,.4,null,0,175.956,76.25,60,.24,null,24,3.9,null,null,36,14.717,0,107.29,null,null,null
14,15/09/2003,16/09/2003,48.15999984741211,null,null,null,28,Light Brown,odour free,8.13,342,232,60,null,.056,null,15.14,.4,null,0,179.793,104.425,84.175,.26,null,33.67,4.86,null,null,36,9.43,0,109.63,null,null,null
15,15/09/2003,16/09/2003,48.15999984741211,null,null,null,28,Light Brown,odour free,8.13,342,232,60,null,.056,null,15.14,.4,null,0,179.793,104.425,84.175,.26,null,33.67,4.86,null,null,36,9.43,0,109.63,null,null,null
16,01/10/2003,02/10/2003,247.5989990234375,null,null,null,29,Light Brown,odour free,8.4,314,212,68,.05,.056,null,14.48,.4,null,4.15,168.316,104.317,80.15,.2,null,32.06,5.8,null,null,35,11.715,5,97.54,null,null,null
17,01/10/2003,02/10/2003,247.5989990234375,null,null,null,29,Light Brown,odour free,8.4,314,212,68,.05,.056,null,14.48,.4,null,4.15,168.316,104.317,80.15,.2,null,32.06,5.8,null,null,35,11.715,5,97.54,null,null,null
18,15/10/2003,16/10/2003,19.625,null,null,null,29,Clear,odour free,8.3,466,327,52,.05,.056,null,13.73,.3,null,3.984,217.969,112.65,80.15,.38,null,32.06,7.8,null,null,40,16.289,4.8,128.02,null,null,null
19,15/10/2003,16/10/2003,19.625,null,null,null,29,Clear,odour free,8.3,466,327,52,.05,.056,null,13.73,.3,null,3.984,217.969,112.65,80.15,.38,null,32.06,7.8,null,null,40,16.289,4.8,128.02,null,null,null
20,01/11/2003,02/11/2003,null,null,null,null,25,Clear,odour free,8.35,504,332,56,.05,.042,null,10.46,.6,null,4.15,200.296,112.65,80.15,.38,null,32.06,7.8,null,null,34,10.434,5,117.04,null,null,null
21,15/11/2003,16/11/2003,null,null,null,null,22,Clear,odour free,8.57,637,414,33,.05,.084,null,11.48,.4,null,4.15,218.303,102.442,80.15,.26,null,32.06,5.35,null,null,106,10.887,5,128.02,null,null,null
22,01/12/2003,02/12/2003,null,null,null,null,24,Clear,odour free,8.26,496,332,48,.05,.07,null,11.86,.8,null,0,199.949,108.483,80.15,.3,null,32.06,6.8,null,null,48,10.5,0,121.92,null,null,null
23,15/12/2003,16/12/2003,null,null,null,null,23,Dark Green,odour free,8.46,498,336,50,.05,.056,null,11.78,.4,null,2.49,204.959,108.483,80.15,.32,null,32.06,6.8,null,null,46,9.86,3,121.92,null,null,null
24,01/01/2004,02/01/2004,null,null,null,null,18,Clear,odour free,7.9,488,325,43,.05,.056,null,11.73,.6,null,0,191.946,104.317,80.15,.36,null,32.06,5.8,null,null,42,10.289,0,117.04,null,null,null
25,16/01/2004,17/01/2004,null,null,null,null,21,Clear,odour free,8.16,467,321,42,.05,.056,null,10.68,.7,null,0,179.957,108.442,84.15,.34,null,33.66,5.83,null,null,40,9.717,0,109.73,null,null,null
26,03/02/2004,04/02/2004,null,null,null,null,20,Clear,odour free,8.37,542,356,56,.05,.042,null,15.14,1,null,2.49,204.959,116.4,80.15,.24,null,32.06,8.7,null,null,38,10.84,3,121.92,null,null,null
27,16/02/2004,17/02/2004,null,null,null,null,22,Clear,odour free,8.58,399,246,41,null,.042,null,15.14,.8,null,2.49,174.963,116.65,84.15,.2,null,33.66,7.8,null,null,44,10.29,3,103.63,null,null,null
28,01/03/2004,02/03/2004,null,null,null,null,25,Clear,odour free,8.66,456,313,42,.05,.042,null,15.14,.9,null,2.49,184.967,116.4,80.15,.24,null,32.06,8.7,null,null,42,9.567,3,109.73,null,null,null
29,15/03/2004,16/03/2004,null,null,null,null,26,Clear,odour free,8.39,399,253,45,.05,.042,null,12.68,.8,null,2.49,204.959,112.65,80.15,.24,null,32.06,7.8,null,null,52,9.289,3,121.92,null,null,null
30,01/04/2004,02/04/2004,null,null,null,null,28,Clear,odour free,8.47,409,278,49,.14,.028,null,17.68,.2,null,2.49,224.934,141.842,89.175,.32,null,35.67,12.64,null,null,52,13.77,3,134.1,null,null,null
31,15/04/2004,16/04/2004,null,null,null,null,30,Clear,odour free,8.44,409,273,46,.06,.028,null,13.73,.2,null,2.49,214.963,112.65,80.15,.18,null,32.06,7.8,null,null,52,16.29,3,128.02,null,null,null
32,01/06/2004,02/06/2004,null,null,null,null,32,Clear,odour free,8.73,428,329,45,.05,.028,.06,14.46,1.4,null,5,95,108.483,80.15,.08,null,32.06,6.8,null,null,63,16.289,3,115.82,null,null,null
33,15/06/2004,16/06/2004,null,null,null,null,31,Clear,odour free,8.19,368,249,53,.05,.008,.02,14.38,.4,null,0,85,100.417,76.25,.08,null,30.5,5.8,null,null,51,14.72,1.219,83.704,null,null,null
34,15/06/2004,16/06/2004,null,null,null,null,31,Clear,odour free,8.19,368,249,53,.05,.008,.02,14.38,.4,null,0,85,100.417,76.25,.08,null,30.5,5.8,null,null,51,14.72,1.219,83.704,null,null,null
35,01/07/2004,02/07/2004,90.25399780273438,null,null,null,27,Light Brown,odour free,8.51,287,184,47,.05,.028,.08,16.48,.9,null,2,60,112.65,80.15,.18,null,32.06,7.8,null,null,20,14.72,1.766,58.072,null,null,null
36,01/07/2004,02/07/2004,90.25399780273438,null,null,null,27,Light Brown,odour free,8.51,287,184,47,.05,.028,.08,16.48,.9,null,2,60,112.65,80.15,.18,null,32.06,7.8,null,null,20,14.72,1.766,58.072,null,null,null
37,15/07/2004,16/07/2004,13.288000106811523,null,null,null,28,Brown,odour free,8.02,332,203,54,.1,.042,.08,16.48,.6,null,0,80,112.65,80.15,.18,null,32.06,7.8,null,null,19.8,13.48,0,97.54,null,null,null
38,15/07/2004,16/07/2004,13.288000106811523,null,null,null,28,Brown,odour free,8.02,332,203,54,.1,.042,.08,16.48,.6,null,0,80,112.65,80.15,.18,null,32.06,7.8,null,null,19.8,13.48,0,97.54,null,null,null
39,02/08/2004,03/08/2004,147.3459930419922,null,null,null,25,Brown,odour free,7.78,252,169,53,.05,.028,.08,16.48,.9,null,0,140,108.483,80.15,.18,null,32.06,6.8,null,null,9.38,2.6,0,170.69,null,null,null
40,02/08/2004,03/08/2004,147.3459930419922,null,null,null,25,Brown,odour free,7.78,252,169,53,.05,.028,.08,16.48,.9,null,0,140,108.483,80.15,.18,null,32.06,6.8,null,null,9.38,2.6,0,170.69,null,null,null
41,01/10/2004,02/10/2004,80.28299713134766,null,null,null,30,Brown,odour free,7.9,203,123,39,.05,.028,.08,14.46,.5,null,0,110,112.65,80.15,.18,null,32.06,7.8,null,null,9.252,13.15,0,134.11,null,null,null
42,01/10/2004,02/10/2004,80.28299713134766,null,null,null,30,Brown,odour free,7.9,203,123,39,.05,.028,.08,14.46,.5,null,0,110,112.65,80.15,.18,null,32.06,7.8,null,null,9.252,13.15,0,134.11,null,null,null
43,01/12/2004,02/12/2004,null,null,null,null,23,Clear,odour free,8.12,386,289,76,.06,.056,.14,16.48,1.6,null,0,220,116.4,80.15,.41,null,32.06,8.7,null,null,52.11,9.434,0,268.22,null,null,null
44,01/02/2005,02/02/2005,null,null,null,null,16,Clear,odour free,8.68,388,291,73,.06,.07,.24,15.14,.9,null,10,200,124.592,84.175,.34,null,33.67,9.7,null,null,61.68,10.9,6,243.84,null,null,null
45,01/04/2005,02/04/2005,null,null,null,null,27.5,Clear,odour free,8.7,381,268,64,.05,.07,.32,12.68,.2,null,10,210,124.592,84.175,.14,null,33.67,9.7,null,null,106.35,12.488,6,256.03,null,null,null
46,01/06/2005,02/06/2005,0,null,null,null,31,Clear,odour free,8.65,389,276,63,.08,1.3,.226,24.32,.6,null,3.32,206.536,120.15,80.15,.05,null,32.06,9.6,null,null,51.4,20.7,4,243.84,null,null,null
47,01/06/2005,02/06/2005,0,null,null,null,31,Clear,odour free,8.65,389,276,63,.08,1.3,.226,24.32,.6,null,3.32,206.536,120.15,80.15,.05,null,32.06,9.6,null,null,51.4,20.7,4,243.84,null,null,null
48,01/07/2005,,1148.2550048828125,null,null,null,null,null,null,null,null,null,null,null,null,null,null,null,null,null,null,null,null,null,null,null,null,null,null,null,null,null,null,null,null,null
49,01/07/2005,,1148.2550048828125,null,null,null,null,null,null,null,null,null,null,null,null,null,null,null,null,null,null,null,null,null,null,null,null,null,null,null,null,null,null,null,null,null
50,01/08/2005,02/08/2005,1766.81201171875,null,null,null,26,Brown,septic,8.08,122,89,58,.06,.89,.547,24.48,.5,null,0,59.959,112.65,80.15,.05,null,32.06,7.8,null,null,7.444,37.8,0,73.15,null,null,null
51,01/08/2005,02/08/2005,1766.81201171875,null,null,null,26,Brown,septic,8.08,122,89,58,.06,.89,.547,24.48,.5,null,0,59.959,112.65,80.15,.05,null,32.06,7.8,null,null,7.444,37.8,0,73.15,null,null,null
52,01/09/2005,,59.013999938964844,null,null,null,null,null,null,null,null,null,null,null,null,null,null,null,null,null,null,null,null,null,null,null,null,null,null,null,null,null,null,null,null,null
53,01/09/2005,,59.013999938964844,null,null,null,null,null,null,null,null,null,null,null,null,null,null,null,null,null,null,null,null,null,null,null,null,null,null,null,null,null,null,null,null,null
54,01/10/2005,02/10/2005,73.01699829101563,null,null,null,28,Clear,odour free,7.96,302,209,71,.05,.34,.14,16.48,.3,null,0,179.885,112.65,80.15,.18,null,32.06,7.8,null,null,13.65,13.84,0,219.46,null,null,null
55,01/10/2005,02/10/2005,73.01699829101563,null,null,null,28,Clear,odour free,7.96,302,209,71,.05,.34,.14,16.48,.3,null,0,179.885,112.65,80.15,.18,null,32.06,7.8,null,null,13.65,13.84,0,219.46,null,null,null
56,02/11/2005,,0,null,null,null,null,null,null,null,null,null,null,null,null,null,null,null,null,null,null,null,null,null,null,null,null,null,null,null,null,null,null,null,null,null
57,02/11/2005,,0,null,null,null,null,null,null,null,null,null,null,null,null,null,null,null,null,null,null,null,null,null,null,null,null,null,null,null,null,null,null,null,null,null
58,01/12/2005,02/12/2005,0,null,null,null,20,Clear,odour free,8.11,403,289,91,.05,.05,.12,14.46,.2,null,0,219.852,116.4,80.15,.05,null,32.06,8.7,null,null,20.84,20.17,0,268.22,null,null,null
59,01/12/2005,02/12/2005,0,null,null,null,20,Clear,odour free,8.11,403,289,91,.05,.05,.12,14.46,.2,null,0,219.852,116.4,80.15,.05,null,32.06,8.7,null,null,20.84,20.17,0,268.22,null,null,null
60,02/01/2006,,0,null,null,null,null,null,null,null,null,null,null,null,null,null,null,null,null,null,null,null,null,null,null,null,null,null,null,null,null,null,null,null,null,null
61,02/01/2006,,0,null,null,null,null,null,null,null,null,null,null,null,null,null,null,null,null,null,null,null,null,null,null,null,null,null,null,null,null,null,null,null,null,null
62,01/02/2006,02/02/2006,0,null,null,null,21,Clear,odour free,8.22,407,281,88,.05,.03,.102,15.14,.6,null,0,209.836,112.65,80.15,.05,null,32.06,7.8,null,null,30.84,12.97,0,256,null,null,null
63,01/02/2006,02/02/2006,0,null,null,null,21,Clear,odour free,8.22,407,281,88,.05,.03,.102,15.14,.6,null,0,209.836,112.65,80.15,.05,null,32.06,7.8,null,null,30.84,12.97,0,256,null,null,null
64,01/03/2006,,0,null,null,null,null,null,null,null,null,null,null,null,null,null,null,null,null,null,null,null,null,null,null,null,null,null,null,null,null,null,null,null,null,null
65,01/03/2006,,0,null,null,null,null,null,null,null,null,null,null,null,null,null,null,null,null,null,null,null,null,null,null,null,null,null,null,null,null,null,null,null,null,null
66,01/04/2006,02/04/2006,0,null,null,null,24,Clear,odour free,8.35,423,276,78,.05,.07,.08,15.14,.6,null,4.98,239.852,124.592,84.175,.05,null,33.67,9.7,null,null,31.27,13.84,6,280.42,null,null,null
67,01/04/2006,02/04/2006,0,null,null,null,24,Clear,odour free,8.35,423,276,78,.05,.07,.08,15.14,.6,null,4.98,239.852,124.592,84.175,.05,null,33.67,9.7,null,null,31.27,13.84,6,280.42,null,null,null
68,01/05/2006,,0,null,null,null,null,null,null,null,null,null,null,null,null,null,null,null,null,null,null,null,null,null,null,null,null,null,null,null,null,null,null,null,null,null
69,01/05/2006,,0,null,null,null,null,null,null,null,null,null,null,null,null,null,null,null,null,null,null,null,null,null,null,null,null,null,null,null,null,null,null,null,null,null
70,01/06/2006,02/06/2006,0,null,null,null,26,Clear,odour free,8.58,418,283,94,.05,.014,.06,24.5,.2,null,4.98,109.918,116.4,80.15,.05,null,32.06,8.7,21.4,.9,30.56,12.31,6,121.9,null,null,null
71,01/06/2006,02/06/2006,0,null,null,null,26,Clear,odour free,8.58,418,283,94,.05,.014,.06,24.5,.2,null,4.98,109.918,116.4,80.15,.05,null,32.06,8.7,21.4,.9,30.56,12.31,6,121.9,null,null,null
72,01/07/2006,,0,null,null,null,null,null,null,null,null,null,null,null,null,null,null,null,null,null,null,null,null,null,null,null,null,null,null,null,null,null,null,null,null,null
73,01/07/2006,,0,null,null,null,null,null,null,null,null,null,null,null,null,null,null,null,null,null,null,null,null,null,null,null,null,null,null,null,null,null,null,null,null,null
74,01/08/2006,02/08/2006,481.8380126953125,null,null,null,20,Brown,odour free,8.04,168,114,93,.227,.028,.18,22.36,.3,null,0,80.328,96.317,72.15,.06,null,28.86,5.8,5,.1,8.999,4.515,0,98,null,null,null
75,01/08/2006,02/08/2006,481.8380126953125,null,null,null,20,Brown,odour free,8.04,168,114,93,.227,.028,.18,22.36,.3,null,0,80.328,96.317,72.15,.06,null,28.86,5.8,5,.1,8.999,4.515,0,98,null,null,null
76,01/09/2006,,62.44200134277344,null,null,null,null,null,null,null,null,null,null,null,null,null,null,null,null,null,null,null,null,null,null,null,null,null,null,null,null,null,null,null,null,null
77,01/09/2006,,62.44200134277344,null,null,null,null,null,null,null,null,null,null,null,null,null,null,null,null,null,null,null,null,null,null,null,null,null,null,null,null,null,null,null,null,null
78,03/10/2006,04/10/2006,44.95500183105469,null,null,null,26,Brown,odour free,8.3,272,188,86,.05,.014,.08,20.09,.6,null,4.98,89.951,104.583,76.25,.05,null,30.5,6.8,17,.1,23.3,13.51,6,97.54,null,null,null
79,03/10/2006,04/10/2006,44.95500183105469,null,null,null,26,Brown,odour free,8.3,272,188,86,.05,.014,.08,20.09,.6,null,4.98,89.951,104.583,76.25,.05,null,30.5,6.8,17,.1,23.3,13.51,6,97.54,null,null,null
80,01/11/2006,,0,null,null,null,null,null,null,null,null,null,null,null,null,null,null,null,null,null,null,null,null,null,null,null,null,null,null,null,null,null,null,null,null,null
81,01/11/2006,,0,null,null,null,null,null,null,null,null,null,null,null,null,null,null,null,null,null,null,null,null,null,null,null,null,null,null,null,null,null,null,null,null,null
82,01/12/2006,02/12/2006,0,null,null,null,25,Clear,odour free,8.4,473,296,124,.08,.028,.06,14.46,1,null,4.98,118.197,124.592,84.175,.06,null,33.67,9.7,26,1.2,38,16.34,6,132,null,null,null
83,01/12/2006,02/12/2006,0,null,null,null,25,Clear,odour free,8.4,473,296,124,.08,.028,.06,14.46,1,null,4.98,118.197,124.592,84.175,.06,null,33.67,9.7,26,1.2,38,16.34,6,132,null,null,null
84,02/01/2007,,0,null,null,null,null,null,null,null,null,null,null,null,null,null,null,null,null,null,null,null,null,null,null,null,null,null,null,null,null,null,null,null,null,null
85,02/01/2007,,0,null,null,null,null,null,null,null,null,null,null,null,null,null,null,null,null,null,null,null,null,null,null,null,null,null,null,null,null,null,null,null,null,null
86,01/02/2007,02/02/2007,0,null,null,null,20,Clear,odour free,8.21,493,309,114,.05,0,.06,15.14,.4,null,0,113.115,120.425,84.175,.05,null,33.67,8.7,28,.1,37.86,16.3,0,138,null,null,null
87,01/02/2007,02/02/2007,0,null,null,null,20,Clear,odour free,8.21,493,309,114,.05,0,.06,15.14,.4,null,0,113.115,120.425,84.175,.05,null,33.67,8.7,28,.1,37.86,16.3,0,138,null,null,null
88,01/03/2007,,0,null,null,null,null,null,null,null,null,null,null,null,null,null,null,null,null,null,null,null,null,null,null,null,null,null,null,null,null,null,null,null,null,null
89,01/03/2007,,0,null,null,null,null,null,null,null,null,null,null,null,null,null,null,null,null,null,null,null,null,null,null,null,null,null,null,null,null,null,null,null,null,null
90,02/04/2007,03/04/2007,0,null,null,null,27,Clear,odour free,8.78,530,333,104,.05,.014,.06,15.14,1.4,null,4.98,126.393,130.333,89.5,.05,null,35.8,9.8,29.8,4.4,43.5,13,6,142,null,null,null
91,02/04/2007,03/04/2007,0,null,null,null,27,Clear,odour free,8.78,530,333,104,.05,.014,.06,15.14,1.4,null,4.98,126.393,130.333,89.5,.05,null,35.8,9.8,29.8,4.4,43.5,13,6,142,null,null,null
92,01/05/2007,,0,null,null,null,null,null,null,null,null,null,null,null,null,null,null,null,null,null,null,null,null,null,null,null,null,null,null,null,null,null,null,null,null,null
93,01/05/2007,,0,null,null,null,null,null,null,null,null,null,null,null,null,null,null,null,null,null,null,null,null,null,null,null,null,null,null,null,null,null,null,null,null,null
94,01/06/2007,02/06/2007,null,8.15,487,null,31,Clear,odour free,7.88,380,236,133,.05,.097,.08,16.48,1.1,null,0,99.934,112.65,80.15,.05,null,32.06,7.8,33.8,5.8,58.18,7.781,0,121.92,null,null,null
95,01/06/2007,02/06/2007,null,8.15,487,null,31,Clear,odour free,7.88,380,236,133,.05,.097,.08,16.48,1.1,null,0,99.934,112.65,80.15,.05,null,32.06,7.8,33.8,5.8,58.18,7.781,0,121.92,null,null,null
96,02/07/2007,,1600.8599853515625,null,null,null,null,null,null,null,null,null,null,null,null,null,null,null,null,null,null,null,null,null,null,null,null,null,null,null,null,null,null,null,null,null
97,02/07/2007,,1600.8599853515625,null,null,null,null,null,null,null,null,null,null,null,null,null,null,null,null,null,null,null,null,null,null,null,null,null,null,null,null,null,null,null,null,null
98,01/08/2007,02/08/2007,42.48500061035156,null,null,null,27,Clear,odour free,8.59,292,182,114,.132,.29,.22,22.38,.2,null,9.96,119.926,112.65,80.15,.313,null,32.06,7.8,32.1,2.4,42.5,7.59,12,121.91,null,null,null
99,01/08/2007,02/08/2007,42.48500061035156,null,null,null,27,Clear,odour free,8.59,292,182,114,.132,.29,.22,22.38,.2,null,9.96,119.926,112.65,80.15,.313,null,32.06,7.8,32.1,2.4,42.5,7.59,12,121.91,null,null,null
100,01/09/2007,,208.0279998779297,null,null,null,null,null,null,null,null,null,null,null,null,null,null,null,null,null,null,null,null,null,null,null,null,null,null,null,null,null,null,null,null,null
101,01/09/2007,,208.0279998779297,null,null,null,null,null,null,null,null,null,null,null,null,null,null,null,null,null,null,null,null,null,null,null,null,null,null,null,null,null,null,null,null,null
102,01/10/2007,02/10/2007,53.11199951171875,7.8,485,null,24,Light Brown,odour free,7.98,463,316,168,.05,.12,.08,24.48,.8,null,0,109.928,112.65,80.15,.05,null,32.06,7.8,44.2,6.4,67,3.17,0,134.112,null,null,null
103,01/10/2007,02/10/2007,53.11199951171875,7.8,485,null,24,Light Brown,odour free,7.98,463,316,168,.05,.12,.08,24.48,.8,null,0,109.928,112.65,80.15,.05,null,32.06,7.8,44.2,6.4,67,3.17,0,134.112,null,null,null
104,01/11/2007,,null,null,null,null,null,null,null,null,null,null,null,null,null,null,null,null,null,null,null,null,null,null,null,null,null,null,null,null,null,null,null,null,null,null
105,01/12/2007,02/12/2007,null,7.96,493,null,24,Clear,odour free,8.56,531,320,194,.074,.17,.125,24.84,.5,null,4.98,123.115,112.65,80.15,.074,null,32.06,7.8,46,4.2,69.74,6.34,6,138,null,null,null
106,01/01/2008,,null,null,null,null,null,null,null,null,null,null,null,null,null,null,null,null,null,null,null,null,null,null,null,null,null,null,null,null,null,null,null,null,null,null
107,01/02/2008,02/02/2008,null,null,null,null,20,Clear,odour free,7.19,581,381,189,.08,.056,.24,18.44,.4,null,0,121.312,120.833,87.5,.075,null,35,8,49.9,1.6,77.2,6.29,0,148,null,null,null
108,01/03/2008,,null,null,null,null,null,null,null,null,null,null,null,null,null,null,null,null,null,null,null,null,null,null,null,null,null,null,null,null,null,null,null,null,null,null
109,01/04/2008,02/04/2008,null,7.76,437.14,null,27,Clear,odour free,8.4,486,317,166,.072,.16,.062,24.32,.7,null,4.98,108.361,104.317,80.15,.066,null,32.06,5.8,44,.3,63,1,6,120,null,null,null
110,01/05/2008,,null,null,null,null,null,null,null,null,null,null,null,null,null,null,null,null,null,null,null,null,null,null,null,null,null,null,null,null,null,null,null,null,null,null
111,02/06/2008,03/06/2008,null,7.78,425,null,30,Clear,odour free,6.32,427,267,134,.077,.26,.076,28.66,.5,null,0,114.754,108.483,80.15,.087,null,32.06,6.8,18.8,.4,27.263,6.77,0,140,null,null,null
112,02/06/2008,03/06/2008,null,7.78,425,null,30,Clear,odour free,6.32,427,267,134,.077,.26,.076,28.66,.5,null,0,114.754,108.483,80.15,.087,null,32.06,6.8,18.8,.4,27.263,6.77,0,140,null,null,null
113,01/07/2008,,null,null,null,null,null,null,null,null,null,null,null,null,null,null,null,null,null,null,null,null,null,null,null,null,null,null,null,null,null,null,null,null,null,null
114,01/07/2008,,null,null,null,null,null,null,null,null,null,null,null,null,null,null,null,null,null,null,null,null,null,null,null,null,null,null,null,null,null,null,null,null,null,null
115,01/08/2008,02/08/2008,137.16000366210938,7.85,493,null,24,Light Brown,odour free,8.32,315,210,98,.058,.09,.36,26.28,.3,null,4.98,89.951,108.483,80.15,.05,null,32.06,6.8,20,.5,34.53,6.1,6,97.54,null,null,null
116,01/08/2008,02/08/2008,137.16000366210938,7.85,493,null,24,Light Brown,odour free,8.32,315,210,98,.058,.09,.36,26.28,.3,null,4.98,89.951,108.483,80.15,.05,null,32.06,6.8,20,.5,34.53,6.1,6,97.54,null,null,null
117,01/09/2008,,40.970001220703125,null,null,null,null,null,null,null,null,null,null,null,null,null,null,null,null,null,null,null,null,null,null,null,null,null,null,null,null,null,null,null,null,null
118,01/09/2008,,40.970001220703125,null,null,null,null,null,null,null,null,null,null,null,null,null,null,null,null,null,null,null,null,null,null,null,null,null,null,null,null,null,null,null,null,null
119,01/10/2008,02/10/2008,67.91200256347656,7.78,446.5,null,25,Clear,odour free,8.2,401,261,128,.06,.028,.36,24.72,.2,null,0,179.908,112.65,80.15,.058,null,32.06,7.8,16,.1,27.62,9.48,0,109.7,null,null,null
120,01/10/2008,02/10/2008,67.91200256347656,7.78,446.5,null,25,Clear,odour free,8.2,401,261,128,.06,.028,.36,24.72,.2,null,0,179.908,112.65,80.15,.058,null,32.06,7.8,16,.1,27.62,9.48,0,109.7,null,null,null
121,01/11/2008,,null,null,null,null,null,null,null,null,null,null,null,null,null,null,null,null,null,null,null,null,null,null,null,null,null,null,null,null,null,null,null,null,null,null
122,01/11/2008,,null,null,null,null,null,null,null,null,null,null,null,null,null,null,null,null,null,null,null,null,null,null,null,null,null,null,null,null,null,null,null,null,null,null
123,01/12/2008,02/12/2008,null,7.85,473,null,24,Clear,odour free,7.16,443,299,142,.06,.2,.18,15.14,.3,null,0,89.943,112.65,80.15,.06,null,32.06,7.8,29.9,.6,46.41,14.46,0,109.73,null,null,null
124,01/01/2009,,null,null,null,null,null,null,null,null,null,null,null,null,null,null,null,null,null,null,null,null,null,null,null,null,null,null,null,null,null,null,null,null,null,null
125,02/02/2009,03/02/2009,null,7.89,574.69,null,23,Clear,odour free,7.5,546,312,188,.08,.28,.16,20.42,1.1,null,0,99.934,120.567,80.15,.26,null,32.06,9.7,28.6,3.11,43.47,18.68,0,121.92,null,null,null
126,02/03/2009,,null,null,null,null,null,null,null,null,null,null,null,null,null,null,null,null,null,null,null,null,null,null,null,null,null,null,null,null,null,null,null,null,null,null
127,01/04/2009,02/04/2009,null,7.81,464.13,null,23,Clear,odour free,8.43,442,310,183,.16,.18,.28,17.66,.6,null,4.98,108.361,112.65,80.15,.32,null,32.06,7.8,30,2.6,48,13.28,6,120,null,null,null
128,01/05/2009,,0,null,null,null,null,null,null,null,null,null,null,null,null,null,null,null,null,null,null,null,null,null,null,null,null,null,null,null,null,null,null,null,null,null
129,01/05/2009,,0,null,null,null,null,null,null,null,null,null,null,null,null,null,null,null,null,null,null,null,null,null,null,null,null,null,null,null,null,null,null,null,null,null
130,01/06/2009,02/06/2009,0,7.79,448,null,27,Clear,odour free,7.87,455,303,213,.05,.22,.26,17.68,1.8,null,0,109.926,120.425,84.175,.22,null,33.67,8.7,101,1.6,162,18.64,0,134.11,null,null,null
131,01/06/2009,02/06/2009,0,7.79,448,null,27,Clear,odour free,7.87,455,303,213,.05,.22,.26,17.68,1.8,null,0,109.926,120.425,84.175,.22,null,33.67,8.7,101,1.6,162,18.64,0,134.11,null,null,null
132,01/07/2009,,0,null,null,null,null,null,null,null,null,null,null,null,null,null,null,null,null,null,null,null,null,null,null,null,null,null,null,null,null,null,null,null,null,null
133,01/07/2009,,0,null,null,null,null,null,null,null,null,null,null,null,null,null,null,null,null,null,null,null,null,null,null,null,null,null,null,null,null,null,null,null,null,null
134,01/08/2009,02/08/2009,98.1989974975586,7.74,464.8,null,25,Clear,odour free,7.58,334,215,109,.1,.18,.18,22.81,.2,null,0,99.934,112.65,80.15,.06,null,32.06,7.8,33.6,2.9,44.95,18.86,0,121.92,null,null,null
135,01/08/2009,02/08/2009,98.1989974975586,7.74,464.8,null,25,Clear,odour free,7.58,334,215,109,.1,.18,.18,22.81,.2,null,0,99.934,112.65,80.15,.06,null,32.06,7.8,33.6,2.9,44.95,18.86,0,121.92,null,null,null
136,01/09/2009,,119.09100341796875,null,null,null,null,null,null,null,null,null,null,null,null,null,null,null,null,null,null,null,null,null,null,null,null,null,null,null,null,null,null,null,null,null
137,01/09/2009,,119.09100341796875,null,null,null,null,null,null,null,null,null,null,null,null,null,null,null,null,null,null,null,null,null,null,null,null,null,null,null,null,null,null,null,null,null
138,01/10/2009,02/10/2009,0,7.81,408,null,27,Clear,odour free,8.58,402,266,143,.05,.16,.16,20.09,.2,null,4.98,109.918,120.567,80.15,.18,null,32.06,9.7,41.3,2,56.48,14.45,6,121.9,null,null,null
139,01/10/2009,02/10/2009,0,7.81,408,null,27,Clear,odour free,8.58,402,266,143,.05,.16,.16,20.09,.2,null,4.98,109.918,120.567,80.15,.18,null,32.06,9.7,41.3,2,56.48,14.45,6,121.9,null,null,null
140,03/11/2009,,0,null,null,null,null,null,null,null,null,null,null,null,null,null,null,null,null,null,null,null,null,null,null,null,null,null,null,null,null,null,null,null,null,null
141,03/11/2009,,0,null,null,null,null,null,null,null,null,null,null,null,null,null,null,null,null,null,null,null,null,null,null,null,null,null,null,null,null,null,null,null,null,null
142,01/12/2009,02/12/2009,0,7.89,455.15,6.8,24,Clear,odour free,7.71,417,273,169,.05,.14,.06,14.46,.5,null,0,89.943,116.4,80.15,.18,null,32.06,8.7,44.4,2,76.58,12.24,0,109.73,null,null,null
143,01/12/2009,02/12/2009,0,7.89,455.15,6.8,24,Clear,odour free,7.71,417,273,169,.05,.14,.06,14.46,.5,null,0,89.943,116.4,80.15,.18,null,32.06,8.7,44.4,2,76.58,12.24,0,109.73,null,null,null
144,01/01/2010,,0,null,null,null,null,null,null,null,null,null,null,null,null,null,null,null,null,null,null,null,null,null,null,null,null,null,null,null,null,null,null,null,null,null
145,01/01/2010,,0,null,null,null,null,null,null,null,null,null,null,null,null,null,null,null,null,null,null,null,null,null,null,null,null,null,null,null,null,null,null,null,null,null
146,01/02/2010,02/02/2010,0,6.5,165.6,null,19,Clear,odour free,8.54,475,292,156,.05,.24,.22,12.68,.7,null,9.96,99.918,108.067,80.15,.24,null,32.06,6.7,59.6,3.3,91.61,13.51,12,97.5,null,null,null
147,01/02/2010,02/02/2010,0,6.5,165.6,null,19,Clear,odour free,8.54,475,292,156,.05,.24,.22,12.68,.7,null,9.96,99.918,108.067,80.15,.24,null,32.06,6.7,59.6,3.3,91.61,13.51,12,97.5,null,null,null
148,02/03/2010,,0,null,null,null,null,null,null,null,null,null,null,null,null,null,null,null,null,null,null,null,null,null,null,null,null,null,null,null,null,null,null,null,null,null
149,02/03/2010,,0,null,null,null,null,null,null,null,null,null,null,null,null,null,null,null,null,null,null,null,null,null,null,null,null,null,null,null,null,null,null,null,null,null
150,01/04/2010,02/04/2010,0,7,474.5,10.4,24,Clear,odour free,7.86,410,272,139,.05,.24,.24,12.68,2.5,null,0,119.921,124.592,84.175,.24,null,33.67,9.7,84.6,1.1,127.74,14.45,0,146.304,null,null,null
151,01/04/2010,02/04/2010,0,7,474.5,10.4,24,Clear,odour free,7.86,410,272,139,.05,.24,.24,12.68,2.5,null,0,119.921,124.592,84.175,.24,null,33.67,9.7,84.6,1.1,127.74,14.45,0,146.304,null,null,null
152,01/05/2010,,0,null,null,null,null,null,null,null,null,null,null,null,null,null,null,null,null,null,null,null,null,null,null,null,null,null,null,null,null,null,null,null,null,null
153,01/05/2010,,0,null,null,null,null,null,null,null,null,null,null,null,null,null,null,null,null,null,null,null,null,null,null,null,null,null,null,null,null,null,null,null,null,null
154,01/06/2010,02/06/2010,0,7.9,422.4,null,28,Clear,odour free,8.4,409,285,142,.05,.15,.1,20.1,1.1,null,16.6,103.006,112.5,80,.06,null,32,7.8,79.5,11.5,138.1,8.5,20,85,null,null,null
155,01/06/2010,02/06/2010,0,7.9,422.4,null,28,Clear,odour free,8.4,409,285,142,.05,.15,.1,20.1,1.1,null,16.6,103.006,112.5,80,.06,null,32,7.8,79.5,11.5,138.1,8.5,20,85,null,null,null
156,01/07/2010,,0,null,null,null,null,null,null,null,null,null,null,null,null,null,null,null,null,null,null,null,null,null,null,null,null,null,null,null,null,null,null,null,null,null
157,01/07/2010,,0,null,null,null,null,null,null,null,null,null,null,null,null,null,null,null,null,null,null,null,null,null,null,null,null,null,null,null,null,null,null,null,null,null
158,02/08/2010,02/08/2010,279.20001220703125,7.8,390,null,25,Brown,odour free,7.7,286,180,90,.06,.26,.1,20,.3,null,0,119.918,110,80,.2,null,32,7.2,8.64,23.9,13.64,7.68,0,146.3,null,null,null
159,02/08/2010,02/08/2010,279.20001220703125,7.8,390,null,25,Brown,odour free,7.7,286,180,90,.06,.26,.1,20,.3,null,0,119.918,110,80,.2,null,32,7.2,8.64,23.9,13.64,7.68,0,146.3,null,null,null
160,01/09/2010,,356.4639892578125,null,null,null,null,null,null,null,null,null,null,null,null,null,null,null,null,null,null,null,null,null,null,null,null,null,null,null,null,null,null,null,null,null
161,01/09/2010,,356.4639892578125,null,null,null,null,null,null,null,null,null,null,null,null,null,null,null,null,null,null,null,null,null,null,null,null,null,null,null,null,null,null,null,null,null
162,01/10/2010,01/10/2010,74.33699798583984,7.9,345,null,26,Clear,odour free,7.8,371.8,255,128,.06,.2,.16,20.15,1.1,null,0,90.164,120.417,80,.26,null,32,9.7,59.7,4.6,104.9,5,0,110,null,null,null
163,01/10/2010,01/10/2010,74.33699798583984,7.9,345,null,26,Clear,odour free,7.8,371.8,255,128,.06,.2,.16,20.15,1.1,null,0,90.164,120.417,80,.26,null,32,9.7,59.7,4.6,104.9,5,0,110,null,null,null
164,01/11/2010,,0,null,null,null,null,null,null,null,null,null,null,null,null,null,null,null,null,null,null,null,null,null,null,null,null,null,null,null,null,null,null,null,null,null
165,01/11/2010,,0,null,null,null,null,null,null,null,null,null,null,null,null,null,null,null,null,null,null,null,null,null,null,null,null,null,null,null,null,null,null,null,null,null
166,01/12/2010,01/12/2010,0,7.9,470,null,26,Clear,odour free,8.16,355,244,122,.06,.16,.14,20.64,.5,null,0,79.918,124.583,90,.18,null,36,8.3,77.4,4.2,145.9,4.8,0,97.5,null,null,null
167,01/12/2010,01/12/2010,0,7.9,470,null,26,Clear,odour free,8.16,355,244,122,.06,.16,.14,20.64,.5,null,0,79.918,124.583,90,.18,null,36,8.3,77.4,4.2,145.9,4.8,0,97.5,null,null,null
168,01/01/2011,,0,null,null,null,null,null,null,null,null,null,null,null,null,null,null,null,null,null,null,null,null,null,null,null,null,null,null,null,null,null,null,null,null,null
169,01/01/2011,,0,null,null,null,null,null,null,null,null,null,null,null,null,null,null,null,null,null,null,null,null,null,null,null,null,null,null,null,null,null,null,null,null,null
170,01/02/2011,,0,null,null,null,null,null,null,null,null,null,null,null,null,null,null,null,null,null,null,null,null,null,null,null,null,null,null,null,null,null,null,null,null,null
171,01/02/2011,,0,null,null,null,null,null,null,null,null,null,null,null,null,null,null,null,null,null,null,null,null,null,null,null,null,null,null,null,null,null,null,null,null,null
172,01/03/2011,,0,null,null,null,null,null,null,null,null,null,null,null,null,null,null,null,null,null,null,null,null,null,null,null,null,null,null,null,null,null,null,null,null,null
173,01/03/2011,,0,null,null,null,null,null,null,null,null,null,null,null,null,null,null,null,null,null,null,null,null,null,null,null,null,null,null,null,null,null,null,null,null,null
174,01/04/2011,,0,null,null,null,null,null,null,null,null,null,null,null,null,null,null,null,null,null,null,null,null,null,null,null,null,null,null,null,null,null,null,null,null,null
175,01/04/2011,,0,null,null,null,null,null,null,null,null,null,null,null,null,null,null,null,null,null,null,null,null,null,null,null,null,null,null,null,null,null,null,null,null,null
176,02/05/2011,,0,null,null,null,null,null,null,null,null,null,null,null,null,null,null,null,null,null,null,null,null,null,null,null,null,null,null,null,null,null,null,null,null,null
177,02/05/2011,,0,null,null,null,null,null,null,null,null,null,null,null,null,null,null,null,null,null,null,null,null,null,null,null,null,null,null,null,null,null,null,null,null,null
178,01/06/2011,,0,null,null,null,null,null,null,null,null,null,null,null,null,null,null,null,null,null,null,null,null,null,null,null,null,null,null,null,null,null,null,null,null,null
179,01/06/2011,,0,null,null,null,null,null,null,null,null,null,null,null,null,null,null,null,null,null,null,null,null,null,null,null,null,null,null,null,null,null,null,null,null,null
180,01/07/2011,,0,null,null,null,null,null,null,null,null,null,null,null,null,null,null,null,null,null,null,null,null,null,null,null,null,null,null,null,null,null,null,null,null,null
181,01/07/2011,,0,null,null,null,null,null,null,null,null,null,null,null,null,null,null,null,null,null,null,null,null,null,null,null,null,null,null,null,null,null,null,null,null,null
182,01/08/2011,01/08/2011,411.3089904785156,7.8,390,null,24,Brown,odour free,7.14,308,179,100,.06,.14,.34,26.12,1.3,null,0,80,107.5,80,.05,null,32,6.6,44.5,8.4,82.3,6.1,0,97.6,null,null,null
183,01/08/2011,01/08/2011,411.3089904785156,7.8,390,null,24,Brown,odour free,7.14,308,179,100,.06,.14,.34,26.12,1.3,null,0,80,107.5,80,.05,null,32,6.6,44.5,8.4,82.3,6.1,0,97.6,null,null,null
184,01/09/2011,,512.39501953125,null,null,null,null,null,null,null,null,null,null,null,null,null,null,null,null,null,null,null,null,null,null,null,null,null,null,null,null,null,null,null,null,null
185,01/09/2011,,512.39501953125,null,null,null,null,null,null,null,null,null,null,null,null,null,null,null,null,null,null,null,null,null,null,null,null,null,null,null,null,null,null,null,null,null
186,01/10/2011,01/10/2011,0,7.6,480,null,25,Light Brown,odour free,7.7,431,250,146,.08,.12,.38,10,.6,null,0,84.918,111.667,80,.05,null,32,7.6,46.9,10.8,85.8,10,0,103.6,null,null,null
187,01/10/2011,01/10/2011,0,7.6,480,null,25,Light Brown,odour free,7.7,431,250,146,.08,.12,.38,10,.6,null,0,84.918,111.667,80,.05,null,32,7.6,46.9,10.8,85.8,10,0,103.6,null,null,null
188,01/11/2011,,173.8730010986328,null,null,null,null,null,null,null,null,null,null,null,null,null,null,null,null,null,null,null,null,null,null,null,null,null,null,null,null,null,null,null,null,null
189,01/11/2011,,173.8730010986328,null,null,null,null,null,null,null,null,null,null,null,null,null,null,null,null,null,null,null,null,null,null,null,null,null,null,null,null,null,null,null,null,null
190,01/12/2011,,253.6739959716797,null,null,null,null,null,null,null,null,null,null,null,null,null,null,null,null,null,null,null,null,null,null,null,null,null,null,null,null,null,null,null,null,null
191,01/12/2011,,253.6739959716797,null,null,null,null,null,null,null,null,null,null,null,null,null,null,null,null,null,null,null,null,null,null,null,null,null,null,null,null,null,null,null,null,null
192,02/01/2012,,251.3820037841797,null,null,null,null,null,null,null,null,null,null,null,null,null,null,null,null,null,null,null,null,null,null,null,null,null,null,null,null,null,null,null,null,null
193,02/01/2012,,251.3820037841797,null,null,null,null,null,null,null,null,null,null,null,null,null,null,null,null,null,null,null,null,null,null,null,null,null,null,null,null,null,null,null,null,null
194,01/02/2012,,244.5290069580078,null,null,null,null,null,null,null,null,null,null,null,null,null,null,null,null,null,null,null,null,null,null,null,null,null,null,null,null,null,null,null,null,null
195,01/02/2012,,244.5290069580078,null,null,null,null,null,null,null,null,null,null,null,null,null,null,null,null,null,null,null,null,null,null,null,null,null,null,null,null,null,null,null,null,null
196,01/03/2012,,242.25399780273438,null,null,null,null,null,null,null,null,null,null,null,null,null,null,null,null,null,null,null,null,null,null,null,null,null,null,null,null,null,null,null,null,null
197,01/03/2012,,242.25399780273438,null,null,null,null,null,null,null,null,null,null,null,null,null,null,null,null,null,null,null,null,null,null,null,null,null,null,null,null,null,null,null,null,null
198,02/04/2012,02/04/2012,246.80999755859375,null,null,null,25,Clear,odour free,6.5,541,350,180,.12,.11,.24,8,.7,null,0,90.164,125.833,90,.16,null,36,8.6,130,10.2,222,12,0,110,null,null,null
199,02/04/2012,02/04/2012,246.80999755859375,null,null,null,25,Clear,odour free,6.5,541,350,180,.12,.11,.24,8,.7,null,0,90.164,125.833,90,.16,null,36,8.6,130,10.2,222,12,0,110,null,null,null
200,01/05/2012,,239.98199462890625,null,null,null,null,null,null,null,null,null,null,null,null,null,null,null,null,null,null,null,null,null,null,null,null,null,null,null,null,null,null,null,null,null
201,01/05/2012,,239.98199462890625,null,null,null,null,null,null,null,null,null,null,null,null,null,null,null,null,null,null,null,null,null,null,null,null,null,null,null,null,null,null,null,null,null
202,01/06/2012,,null,null,null,null,null,null,null,null,null,null,null,null,null,null,null,null,null,null,null,null,null,null,null,null,null,null,null,null,null,null,null,null,null,null
203,02/07/2012,,null,null,null,null,null,null,null,null,null,null,null,null,null,null,null,null,null,null,null,null,null,null,null,null,null,null,null,null,null,null,null,null,null,null
204,01/08/2012,01/08/2012,182.19200134277344,null,null,null,25,Brown,odour free,7.8,290,180,110,.13,.29,.2,8,.5,null,0,100,111.667,80,.28,null,32,7.6,32,2.8,45,8.6,0,122,null,null,null
205,01/08/2012,01/08/2012,182.19200134277344,null,null,null,25,Brown,odour free,7.8,290,180,110,.13,.29,.2,8,.5,null,0,100,111.667,80,.28,null,32,7.6,32,2.8,45,8.6,0,122,null,null,null
206,01/09/2012,,222.58299255371094,null,null,null,null,null,null,null,null,null,null,null,null,null,null,null,null,null,null,null,null,null,null,null,null,null,null,null,null,null,null,null,null,null
207,01/09/2012,,222.58299255371094,null,null,null,null,null,null,null,null,null,null,null,null,null,null,null,null,null,null,null,null,null,null,null,null,null,null,null,null,null,null,null,null,null
208,01/10/2012,01/10/2012,13.35099983215332,null,480,null,26,Clear,odour free,7.1,400,260,110,.08,.12,.08,10,.6,null,0,109.918,115,80,.18,null,32,8.4,42.2,2,54.6,14.6,0,134.1,null,null,null
209,01/10/2012,01/10/2012,13.35099983215332,null,480,null,26,Clear,odour free,7.1,400,260,110,.08,.12,.08,10,.6,null,0,109.918,115,80,.18,null,32,8.4,42.2,2,54.6,14.6,0,134.1,null,null,null
210,01/11/2012,,0,null,null,null,null,null,null,null,null,null,null,null,null,null,null,null,null,null,null,null,null,null,null,null,null,null,null,null,null,null,null,null,null,null
211,01/11/2012,,0,null,null,null,null,null,null,null,null,null,null,null,null,null,null,null,null,null,null,null,null,null,null,null,null,null,null,null,null,null,null,null,null,null
212,01/12/2012,,0,null,null,null,null,null,null,null,null,null,null,null,null,null,null,null,null,null,null,null,null,null,null,null,null,null,null,null,null,null,null,null,null,null
213,01/12/2012,,0,null,null,null,null,null,null,null,null,null,null,null,null,null,null,null,null,null,null,null,null,null,null,null,null,null,null,null,null,null,null,null,null,null
214,01/01/2013,,0,null,null,null,null,null,null,null,null,null,null,null,null,null,null,null,null,null,null,null,null,null,null,null,null,null,null,null,null,null,null,null,null,null
215,01/01/2013,,0,null,null,null,null,null,null,null,null,null,null,null,null,null,null,null,null,null,null,null,null,null,null,null,null,null,null,null,null,null,null,null,null,null
216,01/02/2013,,0,null,null,null,null,null,null,null,null,null,null,null,null,null,null,null,null,null,null,null,null,null,null,null,null,null,null,null,null,null,null,null,null,null
217,01/02/2013,,0,null,null,null,null,null,null,null,null,null,null,null,null,null,null,null,null,null,null,null,null,null,null,null,null,null,null,null,null,null,null,null,null,null
218,01/03/2013,,0,null,null,null,null,null,null,null,null,null,null,null,null,null,null,null,null,null,null,null,null,null,null,null,null,null,null,null,null,null,null,null,null,null
219,01/03/2013,,0,null,null,null,null,null,null,null,null,null,null,null,null,null,null,null,null,null,null,null,null,null,null,null,null,null,null,null,null,null,null,null,null,null
220,01/04/2013,,0,null,null,null,null,null,null,null,null,null,null,null,null,null,null,null,null,null,null,null,null,null,null,null,null,null,null,null,null,null,null,null,null,null
221,01/04/2013,,0,null,null,null,null,null,null,null,null,null,null,null,null,null,null,null,null,null,null,null,null,null,null,null,null,null,null,null,null,null,null,null,null,null
222,01/05/2013,,0,null,null,null,null,null,null,null,null,null,null,null,null,null,null,null,null,null,null,null,null,null,null,null,null,null,null,null,null,null,null,null,null,null
223,01/05/2013,,0,null,null,null,null,null,null,null,null,null,null,null,null,null,null,null,null,null,null,null,null,null,null,null,null,null,null,null,null,null,null,null,null,null
224,01/06/2013,01/06/2013,0,null,490,null,22,Clear,odour free,8.2,432,288,140,.08,null,.17,8,2,null,0,80.328,110.567,80.15,.14,null,32.06,7.3,26.8,2.6,50,11.4,0,98,null,null,null
225,01/06/2013,01/06/2013,0,null,490,null,22,Clear,odour free,8.2,432,288,140,.08,null,.17,8,2,null,0,80.328,110.567,80.15,.14,null,32.06,7.3,26.8,2.6,50,11.4,0,98,null,null,null
226,01/07/2013,,0,null,null,null,null,null,null,null,null,null,null,null,null,null,null,null,null,null,null,null,null,null,null,null,null,null,null,null,null,null,null,null,null,null
227,01/07/2013,,0,null,null,null,null,null,null,null,null,null,null,null,null,null,null,null,null,null,null,null,null,null,null,null,null,null,null,null,null,null,null,null,null,null
228,01/08/2013,01/08/2013,238.8820037841797,null,null,null,24,Light Brown,odour free,7.6,303,197,100,.12,null,.19,5,2,null,0,50.82,105.525,75.15,.1,null,30.06,7.29,69.9,3.5,130,12.6,0,62,null,null,null
229,01/08/2013,01/08/2013,238.8820037841797,null,null,null,24,Light Brown,odour free,7.6,303,197,100,.12,null,.19,5,2,null,0,50.82,105.525,75.15,.1,null,30.06,7.29,69.9,3.5,130,12.6,0,62,null,null,null
230,02/09/2013,,83.79499816894531,null,null,null,null,null,null,null,null,null,null,null,null,null,null,null,null,null,null,null,null,null,null,null,null,null,null,null,null,null,null,null,null,null
231,02/09/2013,,83.79499816894531,null,null,null,null,null,null,null,null,null,null,null,null,null,null,null,null,null,null,null,null,null,null,null,null,null,null,null,null,null,null,null,null,null
232,01/10/2013,01/10/2013,358.5010070800781,null,null,7.8,27,Light Brown,odour free,7.9,368,240,95,.14,null,.16,6.8,2.2,null,0,64.754,91.333,65,.16,null,26,6.32,44.6,3.6,70,12.8,0,79,null,null,null
233,01/10/2013,01/10/2013,358.5010070800781,null,null,7.8,27,Light Brown,odour free,7.9,368,240,95,.14,null,.16,6.8,2.2,null,0,64.754,91.333,65,.16,null,26,6.32,44.6,3.6,70,12.8,0,79,null,null,null
234,01/11/2013,,0,null,null,null,null,null,null,null,null,null,null,null,null,null,null,null,null,null,null,null,null,null,null,null,null,null,null,null,null,null,null,null,null,null
235,01/11/2013,,0,null,null,null,null,null,null,null,null,null,null,null,null,null,null,null,null,null,null,null,null,null,null,null,null,null,null,null,null,null,null,null,null,null
236,02/12/2013,02/12/2013,0,null,null,null,23,Clear,odour free,8,485,315,170,.12,null,.18,8.8,2.3,null,0,104.918,110.458,75,.14,null,30,8.51,66.5,4.2,100,10.6,0,128,null,null,null
237,02/12/2013,02/12/2013,0,null,null,null,23,Clear,odour free,8,485,315,170,.12,null,.18,8.8,2.3,null,0,104.918,110.458,75,.14,null,30,8.51,66.5,4.2,100,10.6,0,128,null,null,null
238,01/01/2014,,0,null,null,null,null,null,null,null,null,null,null,null,null,null,null,null,null,null,null,null,null,null,null,null,null,null,null,null,null,null,null,null,null,null
239,01/01/2014,,0,null,null,null,null,null,null,null,null,null,null,null,null,null,null,null,null,null,null,null,null,null,null,null,null,null,null,null,null,null,null,null,null,null
240,01/02/2014,01/02/2014,0,null,null,null,22,Clear,odour free,8.2,518,337,150,.14,null,.18,8,1.4,null,0,90.164,112.417,80,.18,null,32,7.78,62.4,4.6,90,12,0,110,14000,6500,null
241,01/02/2014,01/02/2014,0,null,null,null,22,Clear,odour free,8.2,518,337,150,.14,null,.18,8,1.4,null,0,90.164,112.417,80,.18,null,32,7.78,62.4,4.6,90,12,0,110,14000,6500,null
242,01/03/2014,,0,null,null,null,null,null,null,null,null,null,null,null,null,null,null,null,null,null,null,null,null,null,null,null,null,null,null,null,null,null,null,null,null,null
243,01/03/2014,,0,null,null,null,null,null,null,null,null,null,null,null,null,null,null,null,null,null,null,null,null,null,null,null,null,null,null,null,null,null,null,null,null,null
244,01/04/2014,01/04/2014,0,7,null,null,28,Clear,odour free,8.3,510,300,160,.16,null,.2,8.2,3.4,null,4.98,113.279,131.633,95.175,.24,null,38.07,8.75,54,4.4,72,18,6,126,16000,8000,null
245,01/04/2014,01/04/2014,0,7,null,null,28,Clear,odour free,8.3,510,300,160,.16,null,.2,8.2,3.4,null,4.98,113.279,131.633,95.175,.24,null,38.07,8.75,54,4.4,72,18,6,126,16000,8000,null
246,01/05/2014,,0,null,null,null,null,null,null,null,null,null,null,null,null,null,null,null,null,null,null,null,null,null,null,null,null,null,null,null,null,null,null,null,null,null
247,01/05/2014,,0,null,null,null,null,null,null,null,null,null,null,null,null,null,null,null,null,null,null,null,null,null,null,null,null,null,null,null,null,null,null,null,null,null
248,02/06/2014,02/06/2014,null,7,null,null,30,Clear,odour free,8.3,463,302,150,.13,.17,.13,8.4,2.8,null,0,109.836,120.567,75.15,.15,null,30.06,10.9,50,3.4,68,8.2,0,134,6800,3000,null
249,01/07/2014,,null,null,null,null,null,null,null,null,null,null,null,null,null,null,null,null,null,null,null,null,null,null,null,null,null,null,null,null,null,null,null,null,null,null
250,01/08/2014,01/08/2014,630.4810180664063,7,null,9.6,29,Brown,odour free,8.1,220,144.4,56,.18,.2,.2,7.8,1.57,null,20.75,125.273,130.675,90.175,.12,null,36.07,9.72,50.2,3.6,65,9,25,102,4000,1800,null
251,01/08/2014,01/08/2014,630.4810180664063,7,null,9.6,29,Brown,odour free,8.1,220,144.4,56,.18,.2,.2,7.8,1.57,null,20.75,125.273,130.675,90.175,.12,null,36.07,9.72,50.2,3.6,65,9,25,102,4000,1800,null
252,01/09/2014,,601.176025390625,null,null,null,null,null,null,null,null,null,null,null,null,null,null,null,null,null,null,null,null,null,null,null,null,null,null,null,null,null,null,null,null,null
253,01/09/2014,,601.176025390625,null,null,null,null,null,null,null,null,null,null,null,null,null,null,null,null,null,null,null,null,null,null,null,null,null,null,null,null,null,null,null,null,null
254,01/10/2014,01/10/2014,36.14699935913086,7,null,7.8,31,Clear,odour free,8.2,236,195,100,.12,.18,.15,7.2,1.57,null,0,114.754,120.333,95,.16,null,38,6.08,51.2,3.7,70,8,0,140,3000,1500,null
255,01/10/2014,01/10/2014,36.14699935913086,7,null,7.8,31,Clear,odour free,8.2,236,195,100,.12,.18,.15,7.2,1.57,null,0,114.754,120.333,95,.16,null,38,6.08,51.2,3.7,70,8,0,140,3000,1500,null
256,01/11/2014,,null,null,null,null,null,null,null,null,null,null,null,null,null,null,null,null,null,null,null,null,null,null,null,null,null,null,null,null,null,null,null,null,null,null
257,01/12/2014,01/12/2014,null,7,null,7.8,22,Clear,odour free,7.8,260,172,85,.14,.2,.16,6.8,1.19,null,0,119.672,128.258,90.175,.14,null,36.07,9.14,40.6,3.8,55,14,0,146,1600,900,null
258,01/01/2015,,null,null,null,null,null,null,null,null,null,null,null,null,null,null,null,null,null,null,null,null,null,null,null,null,null,null,null,null,null,null,null,null,null,null
259,02/02/2015,02/02/2015,null,7,null,7.8,25,Clear,odour free,8.1,350,240,170,.1,.28,.14,8.6,1.7,12,4.98,90.328,120.633,85.175,.28,null,34.07,8.51,40.2,3.8,70,10.6,6,98,1200,600,null
260,02/03/2015,,null,null,null,null,null,null,null,null,null,null,null,null,null,null,null,null,null,null,null,null,null,null,null,null,null,null,null,null,null,null,null,null,null,null
261,01/04/2015,01/04/2015,null,7,null,7.8,27,Clear,odour free,8.4,486,300,140,.13,.22,.16,8,4.7,64,0,192.623,172.025,107.525,.14,null,43.01,15.48,46,4.2,62,4,0,235,800,500,null
262,01/05/2015,,null,null,null,null,null,null,null,null,null,null,null,null,null,null,null,null,null,null,null,null,null,null,null,null,null,null,null,null,null,null,null,null,null,null
263,01/06/2015,01/06/2015,null,7,null,7.8,30,Clear,odour free,8.3,448,294,145,.13,.2,.13,8,.8,68,0,104.918,110.65,70.15,.15,null,28.06,9.72,46,3.6,60,10.6,0,128,900,500,null
264,01/07/2015,,null,null,null,null,null,null,null,null,null,null,null,null,null,null,null,null,null,null,null,null,null,null,null,null,null,null,null,null,null,null,null,null,null,null
265,01/08/2015,01/08/2015,null,7,null,7.8,28,Brown,odour free,8.2,350,240,75,.06,.2,.12,8,1.2,62,0,122.951,142.383,90.3,.1,null,36.12,12.5,50,3.4,70,10,0,150,900,600,null
266,01/09/2015,,null,null,null,null,null,null,null,null,null,null,null,null,null,null,null,null,null,null,null,null,null,null,null,null,null,null,null,null,null,null,null,null,null,null
267,01/10/2015,01/10/2015,null,null,null,7.84,31,Clear,odour free,8.21,343,222,100,.16,.23,.14,15,1.18,104,0,85.246,90.25,70,.15,null,28,4.86,40,4.4,60,6.06,0,104,800,300,null
268,02/11/2015,,null,null,null,null,null,null,null,null,null,null,null,null,null,null,null,null,null,null,null,null,null,null,null,null,null,null,null,null,null,null,null,null,null,null
269,01/12/2015,01/12/2015,null,7,null,7.84,22,7,1,8.02,435,284,140,.13,.2,.15,8,1.57,8,0,90.164,135.7,95.2,.13,null,38.08,9.72,40,4.4,78,8,0,110,3800,2000,null
270,01/01/2016,,null,null,null,null,null,null,null,null,null,null,null,null,null,null,null,null,null,null,null,null,null,null,null,null,null,null,null,null,null,null,null,null,null,null
