Standard Parameter Analysis Data of : Gandlapet (AGM00G6)
Laboratory : CWC KGBO Hyderabad (UGD) 
Period : January-1988 To January-2006 
S.No.,Date_of_Collection,Date_of_Receipt,Discharge(cumecs),pH_FLD,EC_FLD(umho/cm),DO(mg/l),Water Temp(deg C),Colour,Odour,pH_GEN,EC_GEN(umho/cm),TDS(mg/l),SS(mg/l),NH3(mg N/l),NO2+NO3(mg N/l),Total_Nutrients(mg P/l),SiO2(mg/l),BOD(mg/l),COD(mg/l),Phen(mg CaCO3/l),Total_Alkallnity(mg CaCO3/l),Total_Hardness(mg CaCO3/l),Ca_Hardness(mg CaCO3/l),F(mg/l),B(mg/l),Ca_Major_Ions(mg/l),Mg(mg/l),Na(mg/l),K(mg/l),Cl(mg/l),SO4(mg/l),CO3(mg/l),HCO3(mg/l),Total_Coliforms(MPN/100ml),Faecal(MPN/100ml),Chlorophyll-A(ug/L)
1,31/07/1988,,261.20001220703125,null,null,null,25,null,null,7.6,195,null,null,null,0,null,null,null,null,0,82.05,90.507,69.916,null,null,28,5,null,null,8.153,null,0,100.04,null,null,null
2,31/07/1988,,261.20001220703125,null,null,null,25,null,null,7.6,195,null,null,null,0,null,null,null,null,0,82.05,90.507,69.916,null,null,28,5,null,null,8.153,null,0,100.04,null,null,null
3,16/08/1988,,26.280000686645508,null,null,null,27.5,null,null,7.7,280,null,null,null,0,null,null,null,null,0,108.066,110.237,64.423,null,null,25.8,11.125,null,null,24.106,null,0,131.76,null,null,null
4,16/08/1988,,26.280000686645508,null,null,null,27.5,null,null,7.7,280,null,null,null,0,null,null,null,null,0,108.066,110.237,64.423,null,null,25.8,11.125,null,null,24.106,null,0,131.76,null,null,null
5,01/09/1988,,87.41999816894531,null,null,null,27,null,null,8,101,null,null,null,0,null,null,null,null,0,94.557,96.853,64.423,null,null,25.8,7.875,null,null,10.99,null,0,115.29,null,null,null
6,01/09/1988,,87.41999816894531,null,null,null,27,null,null,8,101,null,null,null,0,null,null,null,null,0,94.557,96.853,64.423,null,null,25.8,7.875,null,null,10.99,null,0,115.29,null,null,null
7,15/09/1988,,59.80400085449219,null,null,null,24.5,null,null,8,264,null,null,null,0,null,null,null,null,0,127.077,120.171,92.888,null,null,37.2,6.625,null,null,13.825,null,0,154.94,null,null,null
8,15/09/1988,,59.80400085449219,null,null,null,24.5,null,null,8,264,null,null,null,0,null,null,null,null,0,127.077,120.171,92.888,null,null,37.2,6.625,null,null,13.825,null,0,154.94,null,null,null
9,01/10/1988,,312.6000061035156,null,null,null,27.5,null,null,8.2,141,null,null,null,0,null,null,null,null,0,95.558,82.769,36.956,null,null,14.8,11.125,null,null,8.153,null,0,116.51,null,null,null
10,01/10/1988,,312.6000061035156,null,null,null,27.5,null,null,8.2,141,null,null,null,0,null,null,null,null,0,95.558,82.769,36.956,null,null,14.8,11.125,null,null,8.153,null,0,116.51,null,null,null
11,15/10/1988,,6.888000011444092,null,null,null,25.5,null,null,8.2,276,null,null,null,0,null,null,null,null,0,143.587,143.612,83.899,null,null,33.6,14.5,null,null,13.825,null,0,175.07,null,null,null
12,15/10/1988,,6.888000011444092,null,null,null,25.5,null,null,8.2,276,null,null,null,0,null,null,null,null,0,143.587,143.612,83.899,null,null,33.6,14.5,null,null,13.825,null,0,175.07,null,null,null
13,01/11/1988,,2.372999906539917,null,null,null,26.5,null,null,8.4,239,null,null,null,0,null,null,null,null,15,155.598,151.817,51.438,null,null,20.6,24.375,null,null,23.042,null,18,153.11,null,null,null
14,01/11/1988,,2.372999906539917,null,null,null,26.5,null,null,8.4,239,null,null,null,0,null,null,null,null,15,155.598,151.817,51.438,null,null,20.6,24.375,null,null,23.042,null,18,153.11,null,null,null
15,15/11/1988,,0.18000000715255737,null,null,null,null,null,null,8.4,108,null,null,null,0,null,null,null,null,27.5,192.624,139.286,40.451,null,null,16.2,24,null,null,23.042,null,33,167.75,null,null,null
16,15/11/1988,,0.18000000715255737,null,null,null,null,null,null,8.4,108,null,null,null,0,null,null,null,null,27.5,192.624,139.286,40.451,null,null,16.2,24,null,null,23.042,null,33,167.75,null,null,null
17,01/12/1988,,0.289000004529953,null,null,null,null,null,null,8.4,390,null,null,null,0,null,null,null,null,15,185.116,143.166,31.462,null,null,12.6,27.125,null,null,18.08,null,18,189.1,null,null,null
18,01/12/1988,,0.289000004529953,null,null,null,null,null,null,8.4,390,null,null,null,0,null,null,null,null,15,185.116,143.166,31.462,null,null,12.6,27.125,null,null,18.08,null,18,189.1,null,null,null
19,01/07/1989,,21.711999893188477,null,null,null,25,null,null,7,350,null,null,null,.28,null,null,null,null,0,125.576,75.163,49.94,null,null,20,6.125,20.93,1,8.863,16.8,0,153.11,null,null,null
20,01/07/1989,,21.711999893188477,null,null,null,25,null,null,7,350,null,null,null,.28,null,null,null,null,0,125.576,75.163,49.94,null,null,20,6.125,20.93,1,8.863,16.8,0,153.11,null,null,null
21,01/09/1990,,112.80000305175781,null,null,null,29.5,null,null,7.1,234,null,null,0,.042,null,7.5,null,null,0,105.564,92.55,70.415,null,null,28.2,5.375,14.03,1.799,9.926,2.88,0,128.71,null,null,null
22,01/09/1990,,112.80000305175781,null,null,null,29.5,null,null,7.1,234,null,null,0,.042,null,7.5,null,null,0,105.564,92.55,70.415,null,null,28.2,5.375,14.03,1.799,9.926,2.88,0,128.71,null,null,null
23,01/10/1990,,33.20000076293945,null,null,null,26.5,null,null,7.9,422,null,null,0,.084,null,52.5,null,null,0,322.196,381.056,146.324,null,null,58.6,57,31.05,1.408,88.625,19.2,0,392.84,null,null,null
24,01/10/1990,,33.20000076293945,null,null,null,26.5,null,null,7.9,422,null,null,0,.084,null,52.5,null,null,0,322.196,381.056,146.324,null,null,58.6,57,31.05,1.408,88.625,19.2,0,392.84,null,null,null
25,11/10/1990,,25.5,null,null,null,28.5,null,null,7.7,451,null,null,0,0,null,12,null,null,0,194.618,165.139,86.896,null,null,34.8,19,27.025,1.017,15.953,3.84,0,237.29,null,null,null
26,11/10/1990,,25.5,null,null,null,28.5,null,null,7.7,451,null,null,0,0,null,12,null,null,0,194.618,165.139,86.896,null,null,34.8,19,27.025,1.017,15.953,3.84,0,237.29,null,null,null
27,21/10/1990,,4.260000228881836,null,null,null,29,null,null,8.2,491,null,null,.378,0,null,7.98,null,null,0,205.625,170.625,75.909,null,null,30.4,23,42.021,1.212,17.725,3.84,0,250.71,null,null,null
28,21/10/1990,,4.260000228881836,null,null,null,29,null,null,8.2,491,null,null,.378,0,null,7.98,null,null,0,205.625,170.625,75.909,null,null,30.4,23,42.021,1.212,17.725,3.84,0,250.71,null,null,null
29,01/11/1990,,7.989999771118164,null,null,null,29,null,null,7.9,486,null,null,0,.434,null,24.99,null,null,0,208.126,167.882,81.402,null,null,32.6,21,38.019,1.603,15.953,3.84,0,253.76,null,null,null
30,01/11/1990,,7.989999771118164,null,null,null,29,null,null,7.9,486,null,null,0,.434,null,24.99,null,null,0,208.126,167.882,81.402,null,null,32.6,21,38.019,1.603,15.953,3.84,0,253.76,null,null,null
31,21/11/1990,,1.8849999904632568,null,null,null,25,null,null,7.6,450,null,null,0,.028,null,9.99,null,null,0,208.126,164.471,91.89,null,null,36.8,17.625,42.021,2.893,20.561,11.52,0,253.76,null,null,null
32,21/11/1990,,1.8849999904632568,null,null,null,25,null,null,7.6,450,null,null,0,.028,null,9.99,null,null,0,208.126,164.471,91.89,null,null,36.8,17.625,42.021,2.893,20.561,11.52,0,253.76,null,null,null
33,01/08/1991,,2.428999900817871,null,null,null,31,null,null,7.8,369,null,null,0,.084,null,11.49,null,null,0,146.089,152.124,74.91,null,null,30,18.75,35.029,2.502,17.725,12.96,0,178.12,null,null,null
34,01/08/1991,,2.428999900817871,null,null,null,31,null,null,7.8,369,null,null,0,.084,null,11.49,null,null,0,146.089,152.124,74.91,null,null,30,18.75,35.029,2.502,17.725,12.96,0,178.12,null,null,null
35,12/08/1991,,19.292999267578125,null,null,null,28,null,null,7,368,null,null,.378,.042,null,10.5,null,null,0,77.047,118.834,69.417,null,null,27.8,12,25.024,1.994,17.016,16.512,0,93.94,null,null,null
36,12/08/1991,,19.292999267578125,null,null,null,28,null,null,7,368,null,null,.378,.042,null,10.5,null,null,0,77.047,118.834,69.417,null,null,27.8,12,25.024,1.994,17.016,16.512,0,93.94,null,null,null
37,21/08/1991,,9.833000183105469,null,null,null,30,null,null,7.7,281,null,null,0,.028,null,10.5,null,null,0,107.565,108.024,69.417,null,null,27.8,9.375,38.019,1.603,10.635,19.008,0,131.15,null,null,null
38,21/08/1991,,9.833000183105469,null,null,null,30,null,null,7.7,281,null,null,0,.028,null,10.5,null,null,0,107.565,108.024,69.417,null,null,27.8,9.375,38.019,1.603,10.635,19.008,0,131.15,null,null,null
39,02/09/1991,,2.986999988555908,null,null,null,30,null,null,8.1,390,null,null,0,0,null,9.48,null,null,0,133.581,113.686,69.417,null,null,27.8,10.75,49.519,34.017,18.788,24.48,0,162.87,null,null,null
40,02/09/1991,,2.986999988555908,null,null,null,30,null,null,8.1,390,null,null,0,0,null,9.48,null,null,0,133.581,113.686,69.417,null,null,27.8,10.75,49.519,34.017,18.788,24.48,0,162.87,null,null,null
41,11/09/1991,,2.450000047683716,null,null,null,31,null,null,7.6,587,null,null,.042,.504,null,1.5,null,null,0,159.097,156.949,85.397,null,null,34.2,17.375,5.014,1.212,22.333,24,0,193.98,null,null,null
42,11/09/1991,,2.450000047683716,null,null,null,31,null,null,7.6,587,null,null,.042,.504,null,1.5,null,null,0,159.097,156.949,85.397,null,null,34.2,17.375,5.014,1.212,22.333,24,0,193.98,null,null,null
43,01/09/1994,,12.218999862670898,null,null,null,27,null,null,8.29,362,null,null,.266,1.232,null,16.23,null,null,0,164.1,125.618,99.88,1.159,0,40,6.25,25.3,3.128,13.825,14.4,0,200.08,null,null,null
44,01/09/1994,,12.218999862670898,null,null,null,27,null,null,8.29,362,null,null,.266,1.232,null,16.23,null,null,0,164.1,125.618,99.88,1.159,0,40,6.25,25.3,3.128,13.825,14.4,0,200.08,null,null,null
45,13/09/1994,,0.8960000276565552,null,null,null,28.5,null,null,8.4,424,null,null,0,.532,null,16.23,null,null,8.3,188.617,135.76,104.874,0,0,42,7.5,40.02,1.955,17.371,13.104,9.9,209.84,null,null,null
46,13/09/1994,,0.8960000276565552,null,null,null,28.5,null,null,8.4,424,null,null,0,.532,null,16.23,null,null,8.3,188.617,135.76,104.874,0,0,42,7.5,40.02,1.955,17.371,13.104,9.9,209.84,null,null,null
47,21/09/1994,,0.48500001430511475,null,null,null,28.3,null,null,8.38,470,null,null,0,.686,null,15.48,null,null,9.5,188.617,146.055,104.874,0,0,42,10,44.39,1.564,18.434,14.784,11.4,206.79,null,null,null
48,21/09/1994,,0.48500001430511475,null,null,null,28.3,null,null,8.38,470,null,null,0,.686,null,15.48,null,null,9.5,188.617,146.055,104.874,0,0,42,10,44.39,1.564,18.434,14.784,11.4,206.79,null,null,null
49,04/10/1994,,0.5809999704360962,null,null,null,30,null,null,8.31,557,null,null,0,1.316,null,15.48,null,null,26.8,250.159,168.912,114.862,.361,.006,46,13.125,63.02,1.173,20.206,13.008,32.1,239.73,null,null,null
50,04/10/1994,,0.5809999704360962,null,null,null,30,null,null,8.31,557,null,null,0,1.316,null,15.48,null,null,26.8,250.159,168.912,114.862,.361,.006,46,13.125,63.02,1.173,20.206,13.008,32.1,239.73,null,null,null
51,11/10/1994,,8.734000205993652,null,null,null,27,null,null,8.06,405,null,null,0,.602,null,16.86,null,null,0,194.118,143.328,109.868,.532,0,44,8.125,27.83,2.737,13.116,12.48,0,236.68,null,null,null
52,11/10/1994,,8.734000205993652,null,null,null,27,null,null,8.06,405,null,null,0,.602,null,16.86,null,null,0,194.118,143.328,109.868,.532,0,44,8.125,27.83,2.737,13.116,12.48,0,236.68,null,null,null
53,01/11/1994,,0.5600000023841858,null,null,null,27,null,null,8.5,426,null,null,.084,.378,null,6.78,null,null,13.5,196.623,133.954,79.904,.152,.01,32,13.125,44.39,1.955,18.08,10.416,16.2,206.79,null,null,null
54,01/11/1994,,0.5600000023841858,null,null,null,27,null,null,8.5,426,null,null,.084,.378,null,6.78,null,null,13.5,196.623,133.954,79.904,.152,.01,32,13.125,44.39,1.955,18.08,10.416,16.2,206.79,null,null,null
55,15/11/1994,,0.7799999713897705,null,null,null,26.8,null,null,8.45,460,null,null,0,.112,null,10.05,null,null,13.5,245.653,150.972,112.365,.855,0,45,9.375,43.24,3.519,19.852,12.672,16.2,266.57,null,null,null
56,15/11/1994,,0.7799999713897705,null,null,null,26.8,null,null,8.45,460,null,null,0,.112,null,10.05,null,null,13.5,245.653,150.972,112.365,.855,0,45,9.375,43.24,3.519,19.852,12.672,16.2,266.57,null,null,null
57,04/07/1995,05/07/1995,0.8579999804496765,null,null,7.3,29,Clear,odour free,8.54,330,null,null,0,0,null,5.1,2,null,5,134.083,95.116,87.395,.836,.11,35,1.875,32.43,3.128,16.307,16.8,6,151.28,null,null,null
58,04/07/1995,05/07/1995,0.8579999804496765,null,null,7.3,29,Clear,odour free,8.54,330,null,null,0,0,null,5.1,2,null,5,134.083,95.116,87.395,.836,.11,35,1.875,32.43,3.128,16.307,16.8,6,151.28,null,null,null
59,21/07/1995,22/07/1995,12.937999725341797,null,null,6.4,25,Clear,odour free,7.66,448,null,null,0,.308,null,9.3,.6,null,0,154.594,115.63,89.892,.133,0,36,6.25,44.16,2.737,33.323,18.24,0,188.49,null,null,null
60,21/07/1995,22/07/1995,12.937999725341797,null,null,6.4,25,Clear,odour free,7.66,448,null,null,0,.308,null,9.3,.6,null,0,154.594,115.63,89.892,.133,0,36,6.25,44.16,2.737,33.323,18.24,0,188.49,null,null,null
61,01/08/1995,02/08/1995,3.4000000953674316,null,null,6.8,30,Clear,odour free,8.23,431,null,null,.042,.42,null,14.4,.3,null,0,180.61,130.458,109.868,.703,.03,44,5,34.5,2.346,18.08,15.84,0,220.21,null,null,null
62,01/08/1995,02/08/1995,3.4000000953674316,null,null,6.8,30,Clear,odour free,8.23,431,null,null,.042,.42,null,14.4,.3,null,0,180.61,130.458,109.868,.703,.03,44,5,34.5,2.346,18.08,15.84,0,220.21,null,null,null
63,16/08/1995,17/08/1995,0.008999999612569809,null,null,6.1,29,Clear,odour free,8.2,538,null,null,0,.56,null,13.2,1.3,null,0,211.628,140.677,112.365,.874,0,45,6.875,55.2,2.346,25.524,19.68,0,258.03,null,null,null
64,16/08/1995,17/08/1995,0.008999999612569809,null,null,6.1,29,Clear,odour free,8.2,538,null,null,0,.56,null,13.2,1.3,null,0,211.628,140.677,112.365,.874,0,45,6.875,55.2,2.346,25.524,19.68,0,258.03,null,null,null
65,01/09/1995,02/09/1995,171.3000030517578,null,null,4.9,null,Clear,odour free,8.15,224,null,null,0,.434,null,9.3,1.7,null,0,93.056,72.951,54.934,.133,0,22,4.375,12.42,2.346,7.799,10.08,0,113.46,null,null,null
66,01/09/1995,02/09/1995,171.3000030517578,null,null,4.9,null,Clear,odour free,8.15,224,null,null,0,.434,null,9.3,1.7,null,0,93.056,72.951,54.934,.133,0,22,4.375,12.42,2.346,7.799,10.08,0,113.46,null,null,null
67,12/09/1995,13/09/1995,7.704999923706055,null,null,5.8,28,Clear,odour free,8.28,431,null,null,.448,.434,null,9.6,.8,null,0,190.616,152.432,64.922,1.596,.07,26,21.25,35.42,1.564,17.016,12,0,232.41,null,null,null
68,12/09/1995,13/09/1995,7.704999923706055,null,null,5.8,28,Clear,odour free,8.28,431,null,null,.448,.434,null,9.6,.8,null,0,190.616,152.432,64.922,1.596,.07,26,21.25,35.42,1.564,17.016,12,0,232.41,null,null,null
69,21/09/1995,22/09/1995,7.860000133514404,null,null,6.7,28,Clear,odour free,8.37,441,null,null,.042,.42,null,12.6,.3,null,10.3,190.618,157.426,69.916,.513,0,28,21.25,29.9,1.955,18.08,11.04,12.3,207.4,null,null,null
70,21/09/1995,22/09/1995,7.860000133514404,null,null,6.7,28,Clear,odour free,8.37,441,null,null,.042,.42,null,12.6,.3,null,10.3,190.618,157.426,69.916,.513,0,28,21.25,29.9,1.955,18.08,11.04,12.3,207.4,null,null,null
71,11/10/1995,12/10/1995,0.0020000000949949026,null,null,5.5,26,Clear,odour free,8.02,541,null,null,0,.28,null,6.3,1.5,null,0,237.144,176.633,114.862,.893,.06,46,15,47.15,2.737,23.042,10.08,0,289.14,null,null,null
72,11/10/1995,12/10/1995,0.0020000000949949026,null,null,5.5,26,Clear,odour free,8.02,541,null,null,0,.28,null,6.3,1.5,null,0,237.144,176.633,114.862,.893,.06,46,15,47.15,2.737,23.042,10.08,0,289.14,null,null,null
73,02/11/1995,03/11/1995,8.406000137329102,null,null,8,26.5,Clear,odour free,8.22,418,null,null,.112,.868,null,16.8,.6,null,0,195.118,171.179,124.85,1.33,.03,50,11.25,28.06,2.346,13.825,9.12,0,237.9,null,null,null
74,02/11/1995,03/11/1995,8.406000137329102,null,null,8,26.5,Clear,odour free,8.22,418,null,null,.112,.868,null,16.8,.6,null,0,195.118,171.179,124.85,1.33,.03,50,11.25,28.06,2.346,13.825,9.12,0,237.9,null,null,null
75,14/11/1995,15/11/1995,4.672999858856201,null,null,4.2,28.5,Clear,odour free,8.65,449,null,null,.322,.56,null,19.2,.8,null,10,190.118,130.766,99.88,4.351,.01,40,7.5,31.97,2.346,16.307,9.6,12,207.4,null,null,null
76,14/11/1995,15/11/1995,4.672999858856201,null,null,4.2,28.5,Clear,odour free,8.65,449,null,null,.322,.56,null,19.2,.8,null,10,190.118,130.766,99.88,4.351,.01,40,7.5,31.97,2.346,16.307,9.6,12,207.4,null,null,null
77,21/11/1995,22/11/1995,4.285999774932861,null,null,7.3,25,Clear,odour free,8.7,450,null,null,0,.42,null,19.2,.3,null,10,195.121,155.889,119.856,1.14,0,48,8.75,28.06,2.346,16.307,10.56,12,213.5,null,null,null
78,21/11/1995,22/11/1995,4.285999774932861,null,null,7.3,25,Clear,odour free,8.7,450,null,null,0,.42,null,19.2,.3,null,10,195.121,155.889,119.856,1.14,0,48,8.75,28.06,2.346,16.307,10.56,12,213.5,null,null,null
79,01/12/1995,02/12/1995,2.0929999351501465,null,null,7.4,23,Clear,odour free,8.24,438,null,null,0,.28,null,15,.6,null,0,202.623,158.617,114.862,1.121,0,46,10.625,37.95,2.346,19.852,10.08,0,247.05,null,null,null
80,01/12/1995,02/12/1995,2.0929999351501465,null,null,7.4,23,Clear,odour free,8.24,438,null,null,0,.28,null,15,.6,null,0,202.623,158.617,114.862,1.121,0,46,10.625,37.95,2.346,19.852,10.08,0,247.05,null,null,null
81,12/12/1995,13/12/1995,0.43799999356269836,null,null,8.3,20,Clear,odour free,8.29,426,null,null,.392,.42,null,14.1,.8,null,15,205.128,156.504,99.88,0,0,40,13.75,40.02,1.955,18.434,11.04,18,213.5,null,null,null
82,12/12/1995,13/12/1995,0.43799999356269836,null,null,8.3,20,Clear,odour free,8.29,426,null,null,.392,.42,null,14.1,.8,null,15,205.128,156.504,99.88,0,0,40,13.75,40.02,1.955,18.434,11.04,18,213.5,null,null,null
83,03/09/1996,04/09/1996,1.8339999914169312,null,null,6.6,29,Clear,odour free,8.2,443,null,null,0,.56,null,8.7,.8,null,0,178.108,161.267,112.365,1.159,.01,45,11.875,34.96,1.955,19.143,9.6,0,217.16,null,null,null
84,03/09/1996,04/09/1996,1.8339999914169312,null,null,6.6,29,Clear,odour free,8.2,443,null,null,0,.56,null,8.7,.8,null,0,178.108,161.267,112.365,1.159,.01,45,11.875,34.96,1.955,19.143,9.6,0,217.16,null,null,null
85,11/09/1996,12/09/1996,14.029999732971191,null,null,5.2,27,Clear,odour free,7.8,279,null,null,.742,.7,null,11.1,.6,null,0,148.59,135.913,99.88,.893,.02,40,8.75,26.91,2.346,12.408,11.52,0,181.17,null,null,null
86,11/09/1996,12/09/1996,14.029999732971191,null,null,5.2,27,Clear,odour free,7.8,279,null,null,.742,.7,null,11.1,.6,null,0,148.59,135.913,99.88,.893,.02,40,8.75,26.91,2.346,12.408,11.52,0,181.17,null,null,null
87,24/09/1996,25/09/1996,0.8190000057220459,null,null,6.3,29,Clear,odour free,8.3,413,null,null,0,.588,null,14.1,.4,null,10,183.614,153.623,109.868,1.254,0,44,10.625,43.93,2.346,19.143,10.56,12,199.47,null,null,null
88,24/09/1996,25/09/1996,0.8190000057220459,null,null,6.3,29,Clear,odour free,8.3,413,null,null,0,.588,null,14.1,.4,null,10,183.614,153.623,109.868,1.254,0,44,10.625,43.93,2.346,19.143,10.56,12,199.47,null,null,null
89,03/10/1996,04/10/1996,82.68000030517578,null,null,6.2,27,Clear,odour free,8.1,247,null,null,.602,.434,null,11.4,.2,null,0,126.076,123.044,99.88,.418,.03,40,5.625,19.09,1.955,9.926,.48,0,153.72,null,null,null
90,03/10/1996,04/10/1996,82.68000030517578,null,null,6.2,27,Clear,odour free,8.1,247,null,null,.602,.434,null,11.4,.2,null,0,126.076,123.044,99.88,.418,.03,40,5.625,19.09,1.955,9.926,.48,0,153.72,null,null,null
91,16/10/1996,17/10/1996,1.9789999723434448,null,null,6.6,25.5,Clear,odour free,8.3,425,null,null,0,.154,null,12.3,.4,null,10,193.12,166.799,99.88,1.045,.02,40,16.25,46.92,1.955,20.561,11.04,12,211.06,null,null,null
92,16/10/1996,17/10/1996,1.9789999723434448,null,null,6.6,25.5,Clear,odour free,8.3,425,null,null,0,.154,null,12.3,.4,null,10,193.12,166.799,99.88,1.045,.02,40,16.25,46.92,1.955,20.561,11.04,12,211.06,null,null,null
93,22/10/1996,23/10/1996,1.7389999628067017,null,null,7.6,27,Clear,odour free,8.4,438,null,null,0,.154,null,11.7,.6,null,14.8,198.124,161.344,109.868,.779,.02,44,12.5,43.93,2.346,18.788,16.8,17.7,205.57,null,null,null
94,22/10/1996,23/10/1996,1.7389999628067017,null,null,7.6,27,Clear,odour free,8.4,438,null,null,0,.154,null,11.7,.6,null,14.8,198.124,161.344,109.868,.779,.02,44,12.5,43.93,2.346,18.788,16.8,17.7,205.57,null,null,null
95,01/11/1996,02/11/1996,1.6610000133514404,null,null,6.4,25,Clear,odour free,8.3,386,null,null,0,.14,null,11.7,2.8,null,10,183.614,156.965,84.898,.076,.03,34,17.5,34.04,1.564,15.598,10.08,12,199.47,null,null,null
96,01/11/1996,02/11/1996,1.6610000133514404,null,null,6.4,25,Clear,odour free,8.3,386,null,null,0,.14,null,11.7,2.8,null,10,183.614,156.965,84.898,.076,.03,34,17.5,34.04,1.564,15.598,10.08,12,199.47,null,null,null
97,12/11/1996,13/11/1996,0.8460000157356262,null,null,8.8,26,Clear,odour free,8.3,395,null,null,0,.154,null,10.5,.8,null,5,193.119,151.049,109.868,1.14,.03,44,10,53.13,2.346,20.561,12.48,6,223.26,null,null,null
98,12/11/1996,13/11/1996,0.8460000157356262,null,null,8.8,26,Clear,odour free,8.3,395,null,null,0,.154,null,10.5,.8,null,5,193.119,151.049,109.868,1.14,.03,44,10,53.13,2.346,20.561,12.48,6,223.26,null,null,null
99,21/11/1996,22/11/1996,0.3889999985694885,null,null,7.3,22,Clear,odour free,8.1,454,null,null,0,1.26,null,15.6,.4,null,0,203.123,146.132,102.377,1.121,.04,41,10.625,46,1.955,20.561,13.92,0,247.66,null,null,null
100,21/11/1996,22/11/1996,0.3889999985694885,null,null,7.3,22,Clear,odour free,8.1,454,null,null,0,1.26,null,15.6,.4,null,0,203.123,146.132,102.377,1.121,.04,41,10.625,46,1.955,20.561,13.92,0,247.66,null,null,null
101,01/08/1997,02/08/1997,0.013000000268220901,null,null,5.4,26,Clear,odour free,7.8,332,null,null,0,.7,null,7.2,.2,null,0,197.12,101.263,54.934,1.102,.04,22,11.25,68.08,4.692,30.487,29.76,0,240.34,null,null,null
102,01/08/1997,02/08/1997,0.013000000268220901,null,null,5.4,26,Clear,odour free,7.8,332,null,null,0,.7,null,7.2,.2,null,0,197.12,101.263,54.934,1.102,.04,22,11.25,68.08,4.692,30.487,29.76,0,240.34,null,null,null
103,03/08/1998,04/08/1998,8.48900032043457,null,null,5.9,25.5,Clear,odour free,8,299,null,null,0,.814,null,14,3.1,null,0,155.012,112.901,84.898,.58,.29,34,6.8,22,1.65,12,11,0,189,null,null,null
104,03/08/1998,04/08/1998,8.48900032043457,null,null,5.9,25.5,Clear,odour free,8,299,null,null,0,.814,null,14,3.1,null,0,155.012,112.901,84.898,.58,.29,34,6.8,22,1.65,12,11,0,189,null,null,null
105,10/08/1998,11/08/1998,17.079999923706055,null,null,5.9,26.5,Clear,odour free,8,269,null,null,0,.203,null,14,1.8,null,0,126.306,99.54,67.419,.65,.16,27,7.8,18,1.65,14,10,0,154,null,null,null
106,10/08/1998,11/08/1998,17.079999923706055,null,null,5.9,26.5,Clear,odour free,8,269,null,null,0,.203,null,14,1.8,null,0,126.306,99.54,67.419,.65,.16,27,7.8,18,1.65,14,10,0,154,null,null,null
107,21/08/1998,22/08/1998,13.008999824523926,null,null,5.9,26,Clear,odour free,8.1,310,null,null,0,1.419,null,15,.6,null,0,147.631,131.125,94.886,.58,.18,38,8.8,18,1.9,14,13,0,180,null,null,null
108,21/08/1998,22/08/1998,13.008999824523926,null,null,5.9,26,Clear,odour free,8.1,310,null,null,0,1.419,null,15,.6,null,0,147.631,131.125,94.886,.58,.18,38,8.8,18,1.9,14,13,0,180,null,null,null
109,01/09/1998,02/09/1998,5.482999801635742,null,null,6.3,27,Clear,odour free,8.1,384,null,null,0,2.643,null,20,.2,null,0,202.582,168.914,124.85,.85,.21,50,10.7,24,2.03,14,17,0,247,null,null,null
110,01/09/1998,02/09/1998,5.482999801635742,null,null,6.3,27,Clear,odour free,8.1,384,null,null,0,2.643,null,20,.2,null,0,202.582,168.914,124.85,.85,.21,50,10.7,24,2.03,14,17,0,247,null,null,null
111,10/09/1998,11/09/1998,5.798999786376953,null,null,5.7,27,Clear,odour free,8.1,353,null,null,0,1.399,null,14,.2,null,0,151.731,148.735,124.85,.4,.53,50,5.8,26,2.82,14,15,0,185,null,null,null
112,10/09/1998,11/09/1998,5.798999786376953,null,null,5.7,27,Clear,odour free,8.1,353,null,null,0,1.399,null,14,.2,null,0,151.731,148.735,124.85,.4,.53,50,5.8,26,2.82,14,15,0,185,null,null,null
113,21/09/1998,22/09/1998,5.584000110626221,null,null,5.8,26,Clear,odour free,8.1,272,null,null,0,1.401,null,11,1,null,0,202.582,164.253,112.365,.7,.37,45,12.6,30,2.12,17,12,0,247,null,null,null
114,21/09/1998,22/09/1998,5.584000110626221,null,null,5.8,26,Clear,odour free,8.1,272,null,null,0,1.401,null,11,1,null,0,202.582,164.253,112.365,.7,.37,45,12.6,30,2.12,17,12,0,247,null,null,null
115,05/10/1998,06/10/1998,6.873000144958496,null,null,5.6,27.5,Clear,odour free,8.2,388,null,null,.008,1.311,null,1,1,null,0,181.258,159.259,107.371,.56,.04,43,12.6,25,2.12,16,10,0,221,null,null,null
116,05/10/1998,06/10/1998,6.873000144958496,null,null,5.6,27.5,Clear,odour free,8.2,388,null,null,.008,1.311,null,1,1,null,0,181.258,159.259,107.371,.56,.04,43,12.6,25,2.12,16,10,0,221,null,null,null
117,12/10/1998,13/10/1998,4.125,null,null,6.6,28.5,Clear,odour free,8.3,388,null,null,0,.836,null,2,.2,null,16.8,206.747,159.802,119.856,.94,.04,48,9.7,29,2.35,15,8,20.2,211,null,null,null
118,12/10/1998,13/10/1998,4.125,null,null,6.6,28.5,Clear,odour free,8.3,388,null,null,0,.836,null,2,.2,null,16.8,206.747,159.802,119.856,.94,.04,48,9.7,29,2.35,15,8,20.2,211,null,null,null
119,20/10/1998,21/10/1998,13.958999633789063,null,null,6.4,27.5,Clear,odour free,8.2,372,null,null,.016,2.355,null,13,.2,null,0,181.258,164.253,112.365,.82,.05,45,12.6,23,2.35,13,8,0,221,null,null,null
120,20/10/1998,21/10/1998,13.958999633789063,null,null,6.4,27.5,Clear,odour free,8.2,372,null,null,.016,2.355,null,13,.2,null,0,181.258,164.253,112.365,.82,.05,45,12.6,23,2.35,13,8,0,221,null,null,null
121,02/11/1998,03/11/1998,3.4539999961853027,null,null,7.8,26,Clear,odour free,8.4,399,null,null,0,.497,null,15,.6,null,8.4,194.003,161.089,124.85,.32,.03,50,8.8,29,2.12,18,10,10.1,216,null,null,null
122,02/11/1998,03/11/1998,3.4539999961853027,null,null,7.8,26,Clear,odour free,8.4,399,null,null,0,.497,null,15,.6,null,8.4,194.003,161.089,124.85,.32,.03,50,8.8,29,2.12,18,10,10.1,216,null,null,null
123,12/11/1998,13/11/1998,1.75,null,null,8,23,Clear,odour free,8.5,401,null,null,.008,.461,null,13,.8,null,4.2,193.698,164.253,112.365,.52,.07,45,12.6,29,2.12,17,9,5,226,null,null,null
124,12/11/1998,13/11/1998,1.75,null,null,8,23,Clear,odour free,8.5,401,null,null,.008,.461,null,13,.8,null,4.2,193.698,164.253,112.365,.52,.07,45,12.6,29,2.12,17,9,5,226,null,null,null
125,20/11/1998,21/11/1998,1.9299999475479126,null,null,6.5,27.5,Clear,odour free,8.7,377,null,null,.049,.258,null,12,.8,null,16.8,189.524,167.829,99.88,.58,.17,40,16.5,28,3.02,17,17,20.2,190,null,null,null
126,20/11/1998,21/11/1998,1.9299999475479126,null,null,6.5,27.5,Clear,odour free,8.7,377,null,null,.049,.258,null,12,.8,null,16.8,189.524,167.829,99.88,.58,.17,40,16.5,28,3.02,17,17,20.2,190,null,null,null
127,01/12/1998,02/12/1998,0.4519999921321869,null,null,6.2,21,Clear,odour free,8.6,401,null,null,0,.487,null,14,.3,null,8.4,189.902,170.764,104.874,.86,.04,42,16,32,1.51,16,12,10.1,211,null,null,null
128,01/12/1998,02/12/1998,0.4519999921321869,null,null,6.2,21,Clear,odour free,8.6,401,null,null,0,.487,null,14,.3,null,8.4,189.902,170.764,104.874,.86,.04,42,16,32,1.51,16,12,10.1,211,null,null,null
129,10/12/1998,11/12/1998,0.17000000178813934,null,null,8.8,18.7,Clear,odour free,8.6,393,null,null,.033,.255,null,14,.8,null,4.2,185.496,175.522,87.395,.79,.09,35,21.4,40,2.1,24,10,5,216,null,null,null
130,10/12/1998,11/12/1998,0.17000000178813934,null,null,8.8,18.7,Clear,odour free,8.6,393,null,null,.033,.255,null,14,.8,null,4.2,185.496,175.522,87.395,.79,.09,35,21.4,40,2.1,24,10,5,216,null,null,null
131,12/08/1999,13/08/1999,5.014999866485596,null,null,6,25,Clear,odour free,8.2,369,null,null,0,1.382,null,8,1.2,null,0,150.091,123.327,97.383,.67,.03,39,6.3,32,1.7,19,17,0,183,null,null,null
132,12/08/1999,13/08/1999,5.014999866485596,null,null,6,25,Clear,odour free,8.2,369,null,null,0,1.382,null,8,1.2,null,0,150.091,123.327,97.383,.67,.03,39,6.3,32,1.7,19,17,0,183,null,null,null
133,20/08/1999,21/08/1999,0.3449999988079071,null,null,5.8,27,Clear,odour free,8.3,473,null,null,0,1.261,null,8,1.3,null,5.9,191.459,140.571,92.389,.8,.13,37,11.7,46,1.4,27,19,7.1,219,null,null,null
134,20/08/1999,21/08/1999,0.3449999988079071,null,null,5.8,27,Clear,odour free,8.3,473,null,null,0,1.261,null,8,1.3,null,5.9,191.459,140.571,92.389,.8,.13,37,11.7,46,1.4,27,19,7.1,219,null,null,null
135,02/09/1999,03/09/1999,3.884999990463257,null,null,6.4,26,Clear,odour free,8.3,387,null,null,0,1.198,null,10,1.2,null,7.9,167.577,134.394,92.389,.61,.15,37,10.2,44,1.3,23,17,9.5,185,null,null,null
136,02/09/1999,03/09/1999,3.884999990463257,null,null,6.4,26,Clear,odour free,8.3,387,null,null,0,1.198,null,10,1.2,null,7.9,167.577,134.394,92.389,.61,.15,37,10.2,44,1.3,23,17,9.5,185,null,null,null
137,14/09/1999,15/09/1999,39.29999923706055,null,null,6.3,24.5,Clear,odour free,8.2,277,null,null,0,.791,null,20,.6,null,0,145.17,121.569,47.443,.52,.08,19,18,17,1.4,11,9,0,177,null,null,null
138,14/09/1999,15/09/1999,39.29999923706055,null,null,6.3,24.5,Clear,odour free,8.2,277,null,null,0,.791,null,20,.6,null,0,145.17,121.569,47.443,.52,.08,19,18,17,1.4,11,9,0,177,null,null,null
139,21/09/1999,22/09/1999,10.550000190734863,null,null,6.2,26,Clear,odour free,8.4,387,null,null,0,.881,null,21,.4,null,13,181.852,149.912,79.904,.6,.04,32,17,32,1.5,14,8,15.6,190,null,null,null
140,21/09/1999,22/09/1999,10.550000190734863,null,null,6.2,26,Clear,odour free,8.4,387,null,null,0,.881,null,21,.4,null,13,181.852,149.912,79.904,.6,.04,32,17,32,1.5,14,8,15.6,190,null,null,null
141,04/10/1999,05/10/1999,9.586000442504883,null,null,5.9,26,Clear,odour free,8.3,418,null,null,0,1.13,null,16,.4,null,19,207.803,165.92,74.91,.23,.02,30,22.1,29,2.4,11,15,22.8,207,null,null,null
142,04/10/1999,05/10/1999,9.586000442504883,null,null,5.9,26,Clear,odour free,8.3,418,null,null,0,1.13,null,16,.4,null,19,207.803,165.92,74.91,.23,.02,30,22.1,29,2.4,11,15,22.8,207,null,null,null
143,11/10/1999,12/10/1999,6.171999931335449,null,null,6.5,27,Clear,odour free,8.4,441,null,null,0,.927,null,15,.4,null,13,212.198,137.714,94.886,.59,.12,38,10.4,41,1.5,22,14,15.6,227,null,null,null
144,11/10/1999,12/10/1999,6.171999931335449,null,null,6.5,27,Clear,odour free,8.4,441,null,null,0,.927,null,15,.4,null,13,212.198,137.714,94.886,.59,.12,38,10.4,41,1.5,22,14,15.6,227,null,null,null
145,21/10/1999,22/10/1999,2.1510000228881836,null,null,6.5,24.5,Clear,odour free,8.3,468,null,null,0,.639,null,16,.5,null,13,226.141,185.452,52.437,.69,.1,21,32.3,42,1.2,22,15,15.6,244,null,null,null
146,21/10/1999,22/10/1999,2.1510000228881836,null,null,6.5,24.5,Clear,odour free,8.3,468,null,null,0,.639,null,16,.5,null,13,226.141,185.452,52.437,.69,.1,21,32.3,42,1.2,22,15,15.6,244,null,null,null
147,01/11/1999,02/11/1999,1.1699999570846558,null,null,7.3,24.5,Clear,odour free,8.7,447,null,null,0,.249,null,10,.2,null,19,238.15,182.033,79.904,.77,.07,32,24.8,41,1.4,23,21,22.8,244,null,null,null
148,01/11/1999,02/11/1999,1.1699999570846558,null,null,7.3,24.5,Clear,odour free,8.7,447,null,null,0,.249,null,10,.2,null,19,238.15,182.033,79.904,.77,.07,32,24.8,41,1.4,23,21,22.8,244,null,null,null
149,10/08/2000,11/08/2000,17.025999069213867,null,null,5.2,23.3,Clear,odour free,8.1,304,null,null,0,2.26,null,12,.8,null,0,126.306,91.846,79.904,.94,0,32,2.9,33,2.3,18,17,0,154,null,null,null
150,10/08/2000,11/08/2000,17.025999069213867,null,null,5.2,23.3,Clear,odour free,8.1,304,null,null,0,2.26,null,12,.8,null,0,126.306,91.846,79.904,.94,0,32,2.9,33,2.3,18,17,0,154,null,null,null
151,21/08/2000,22/08/2000,88.59100341796875,null,null,5.4,24,Clear,odour free,8,262,null,null,0,.768,null,14,1.7,null,0,126.306,92.128,67.419,.41,0,27,6,20,1.9,11,10,0,154,null,null,null
152,21/08/2000,22/08/2000,88.59100341796875,null,null,5.4,24,Clear,odour free,8,262,null,null,0,.768,null,14,1.7,null,0,126.306,92.128,67.419,.41,0,27,6,20,1.9,11,10,0,154,null,null,null
153,04/09/2000,05/09/2000,14.41100025177002,null,null,6,24,Clear,odour free,8.2,372,null,null,0,1.311,null,33,.5,null,0,177.977,143.532,99.88,.55,0,40,10.6,23,2,14,13,0,217,null,null,null
154,04/09/2000,05/09/2000,14.41100025177002,null,null,6,24,Clear,odour free,8.2,372,null,null,0,1.311,null,33,.5,null,0,177.977,143.532,99.88,.55,0,40,10.6,23,2,14,13,0,217,null,null,null
155,11/09/2000,12/09/2000,3.1059999465942383,null,null,4.3,26.5,Clear,odour free,8.2,401,null,null,0,.836,null,10,.5,null,0,177.157,131.485,89.892,.7,0,36,10.1,32,2.2,17,12,0,216,null,null,null
156,11/09/2000,12/09/2000,3.1059999465942383,null,null,4.3,26.5,Clear,odour free,8.2,401,null,null,0,.836,null,10,.5,null,0,177.157,131.485,89.892,.7,0,36,10.1,32,2.2,17,12,0,216,null,null,null
157,21/09/2000,22/09/2000,3.5920000076293945,null,null,5.9,28.6,Clear,odour free,8.2,421,null,null,0,.904,null,21,.2,null,0,189.459,149.193,89.892,.57,0,36,14.4,33,1.7,18,11,0,231,null,null,null
158,21/09/2000,22/09/2000,3.5920000076293945,null,null,5.9,28.6,Clear,odour free,8.2,421,null,null,0,.904,null,21,.2,null,0,189.459,149.193,89.892,.57,0,36,14.4,33,1.7,18,11,0,231,null,null,null
159,05/10/2000,06/10/2000,0.1589999943971634,null,null,6.2,29,Clear,odour free,8.3,475,null,null,.008,.565,null,19,.4,null,8.5,213.033,154.317,107.371,.8,0,43,11.4,46,1,25,9,10.2,239,null,null,null
160,05/10/2000,06/10/2000,0.1589999943971634,null,null,6.2,29,Clear,odour free,8.3,475,null,null,.008,.565,null,19,.4,null,8.5,213.033,154.317,107.371,.8,0,43,11.4,46,1,25,9,10.2,239,null,null,null
161,12/10/2000,13/10/2000,0.4729999899864197,null,null,5,30.2,Clear,odour free,8.3,410,null,null,0,.565,null,17,.8,null,6.4,191.64,127.001,54.934,.5,0,22,17.5,40,1.2,21,15,7.7,218,null,null,null
162,12/10/2000,13/10/2000,0.4729999899864197,null,null,5,30.2,Clear,odour free,8.3,410,null,null,0,.565,null,17,.8,null,6.4,191.64,127.001,54.934,.5,0,22,17.5,40,1.2,21,15,7.7,218,null,null,null
163,23/10/2000,24/10/2000,0.15199999511241913,null,null,6.1,28.5,Clear,odour free,8.1,490,null,null,0,.814,null,10,.9,null,0,179.617,183.817,132.341,.74,0,53,12.5,46,.9,26,84,0,219,null,null,null
164,23/10/2000,24/10/2000,0.15199999511241913,null,null,6.1,28.5,Clear,odour free,8.1,490,null,null,0,.814,null,10,.9,null,0,179.617,183.817,132.341,.74,0,53,12.5,46,.9,26,84,0,219,null,null,null
165,03/09/2001,04/09/2001,0.38600000739097595,null,null,6.6,27.7,Clear,odour free,8.2,427,null,null,0,1.333,null,13.048,.9,null,0,186.179,137.766,99.88,1.14,0,40,9.2,41,1.6,22,22,0,227,null,null,null
166,03/09/2001,04/09/2001,0.38600000739097595,null,null,6.6,27.7,Clear,odour free,8.2,427,null,null,0,1.333,null,13.048,.9,null,0,186.179,137.766,99.88,1.14,0,40,9.2,41,1.6,22,22,0,227,null,null,null
167,04/10/2001,05/10/2001,0.8190000057220459,null,null,7.6,27.5,Clear,odour free,8.4,494,null,null,0,1.089,null,12.192,1,null,7.8,215.633,166.417,122.353,.9,0,49,10.7,45,.8,22,12,9.3,244,null,null,null
168,04/10/2001,05/10/2001,0.8190000057220459,null,null,7.6,27.5,Clear,odour free,8.4,494,null,null,0,1.089,null,12.192,1,null,7.8,215.633,166.417,122.353,.9,0,49,10.7,45,.8,22,12,9.3,244,null,null,null
169,02/09/2002,03/09/2002,7.855999946594238,null,null,6.1,25.8,Clear,odour free,8.1,270,null,null,.05,.9,null,18,3.6,null,0,93,85,65,1.14,.13,26,4.86,24,1.3,13,12,0,113.5,null,null,null
170,02/09/2002,03/09/2002,7.855999946594238,null,null,6.1,25.8,Clear,odour free,8.1,270,null,null,.05,.9,null,18,3.6,null,0,93,85,65,1.14,.13,26,4.86,24,1.3,13,12,0,113.5,null,null,null
171,03/10/2005,04/10/2005,0.6159999966621399,null,null,5.7,28.5,Clear,odour free,8.2,380,null,null,.17,.56,null,24,.9,1,0,322.096,109.675,55,.74,.11,22,13.122,26,2,16,5,0,196.4,40,40,null
172,03/10/2005,04/10/2005,0.6159999966621399,null,null,5.7,28.5,Clear,odour free,8.2,380,null,null,.17,.56,null,24,.9,1,0,322.096,109.675,55,.74,.11,22,13.122,26,2,16,5,0,196.4,40,40,null
