Standard Parameter Analysis Data of : Gopurajapuram (CCA32D2)
Laboratory : CWC CSRO Chennai 
Period : January-2005 To January-2014 
S.No.,Date_of_Collection,Date_of_Receipt,Discharge(cumecs),pH_FLD,EC_FLD(umho/cm),DO(mg/l),Water Temp(deg C),Colour,Odour,pH_GEN,EC_GEN(umho/cm),TDS(mg/l),SS(mg/l),NH3(mg N/l),NO2+NO3(mg N/l),Total_Nutrients(mg P/l),SiO2(mg/l),BOD(mg/l),COD(mg/l),Phen(mg CaCO3/l),Total_Alkallnity(mg CaCO3/l),Total_Hardness(mg CaCO3/l),Ca_Hardness(mg CaCO3/l),F(mg/l),B(mg/l),Ca_Major_Ions(mg/l),Mg(mg/l),Na(mg/l),K(mg/l),Cl(mg/l),SO4(mg/l),CO3(mg/l),HCO3(mg/l),Total_Coliforms(MPN/100ml),Faecal(MPN/100ml),Chlorophyll-A(ug/L)
1,01/06/2005,02/06/2005,null,null,null,null,null,null,null,null,null,null,null,null,null,null,null,null,null,null,null,null,null,null,null,null,null,null,null,null,null,null,null,null,null,null
2,01/08/2005,02/08/2005,null,null,null,null,null,null,null,null,null,null,null,null,null,null,null,null,null,null,null,null,null,null,null,null,null,null,null,null,null,null,null,null,null,null
3,01/09/2005,02/09/2005,0,null,null,null,null,null,null,null,null,null,null,null,null,null,null,null,null,null,null,null,null,null,null,null,null,null,null,null,null,null,null,null,null,null
4,01/10/2005,01/10/2005,15.520000457763672,null,null,null,null,Light Brown,odour free,7.55,307,null,null,0,0,null,null,null,null,0,96,84.45,48,.323,null,19.2,8.748,26.91,null,63.9,8.352,0,117.12,null,null,null
5,02/11/2005,03/11/2005,0,null,null,null,null,null,null,null,null,null,null,null,null,null,null,null,null,null,null,null,null,null,null,null,null,null,null,null,null,null,null,null,null,null
6,01/12/2005,02/12/2005,1.597000002861023,null,null,null,null,null,null,null,null,null,null,null,null,null,null,null,null,0,118.5,100.6,52,null,null,20.8,11.664,28.75,null,34.435,null,0,144.57,null,null,null
7,01/01/2006,02/01/2006,0,null,null,null,null,null,null,null,null,null,null,null,null,null,null,null,null,null,null,null,null,null,null,null,null,null,null,null,null,null,null,null,null,null
8,01/02/2006,02/02/2006,0,null,null,null,null,null,null,null,null,null,null,null,null,null,null,null,null,null,null,null,null,null,null,null,null,null,null,null,null,null,null,null,null,null
9,01/03/2006,02/03/2006,0,null,null,null,null,null,null,null,null,null,null,null,null,null,null,null,null,null,null,null,null,null,null,null,null,null,null,null,null,null,null,null,null,null
10,01/04/2006,02/04/2006,null,null,null,null,null,null,null,null,null,null,null,null,null,null,null,null,null,null,null,null,null,null,null,null,null,null,null,null,null,null,null,null,null,null
11,01/05/2006,02/05/2006,null,null,null,null,null,null,null,null,null,null,null,null,null,null,null,null,null,null,null,null,null,null,null,null,null,null,null,null,null,null,null,null,null,null
12,01/07/2006,,0,null,null,null,null,null,null,null,null,null,null,null,null,null,null,null,null,null,null,null,null,null,null,null,null,null,null,null,null,null,null,null,null,null
13,01/08/2006,01/08/2006,0,null,null,null,null,null,null,null,null,null,null,null,null,null,null,null,null,null,null,null,null,null,null,null,null,null,null,null,null,null,null,null,null,null
14,01/09/2006,,0,null,null,null,null,null,null,null,null,null,null,null,null,null,null,null,null,null,null,null,null,null,null,null,null,null,null,null,null,null,null,null,null,null
15,01/10/2006,,10.270000457763672,null,null,null,null,null,null,null,null,null,null,null,null,null,null,null,null,null,null,null,null,null,null,null,null,null,null,null,null,null,null,null,null,null
16,01/11/2006,,11.75,null,null,null,null,null,null,null,null,null,null,null,null,null,null,null,null,null,null,null,null,null,null,null,null,null,null,null,null,null,null,null,null,null
17,01/12/2006,,0,null,null,null,null,null,null,null,null,null,null,null,null,null,null,null,null,null,null,null,null,null,null,null,null,null,null,null,null,null,null,null,null,null
18,01/01/2007,,0,null,null,null,null,null,null,null,null,null,null,null,null,null,null,null,null,null,null,null,null,null,null,null,null,null,null,null,null,null,null,null,null,null
19,01/02/2007,,0,null,null,null,null,null,null,null,null,null,null,null,null,null,null,null,null,null,null,null,null,null,null,null,null,null,null,null,null,null,null,null,null,null
20,01/03/2007,,0,null,null,null,null,null,null,null,null,null,null,null,null,null,null,null,null,null,null,null,null,null,null,null,null,null,null,null,null,null,null,null,null,null
21,01/04/2007,,null,null,null,null,null,null,null,null,null,null,null,null,null,null,null,null,null,null,null,null,null,null,null,null,null,null,null,null,null,null,null,null,null,null
22,01/05/2007,,null,null,null,null,null,null,null,null,null,null,null,null,null,null,null,null,null,null,null,null,null,null,null,null,null,null,null,null,null,null,null,null,null,null
23,01/06/2007,01/06/2007,null,null,null,null,null,null,null,null,null,null,null,null,null,null,null,null,null,null,null,null,null,null,null,null,null,null,null,null,null,null,null,null,null,null
24,01/07/2007,,null,null,null,null,null,null,null,null,null,null,null,null,null,null,null,null,null,null,null,null,null,null,null,null,null,null,null,null,null,null,null,null,null,null
25,01/08/2007,,0,null,null,null,null,null,null,null,null,null,null,null,null,null,null,null,null,null,null,null,null,null,null,null,null,null,null,null,null,null,null,null,null,null
26,01/09/2007,,0,null,null,null,null,null,null,null,null,null,null,null,null,null,null,null,null,null,null,null,null,null,null,null,null,null,null,null,null,null,null,null,null,null
27,01/10/2007,,18.010000228881836,null,null,null,null,null,null,null,null,null,null,null,null,null,null,null,null,null,null,null,null,null,null,null,null,null,null,null,null,null,null,null,null,null
28,01/11/2007,,9.840999603271484,null,null,null,null,null,null,null,null,null,null,null,null,null,null,null,null,null,null,null,null,null,null,null,null,null,null,null,null,null,null,null,null,null
29,01/12/2007,,4.309000015258789,null,null,null,null,null,null,null,null,null,null,null,null,null,null,null,null,null,null,null,null,null,null,null,null,null,null,null,null,null,null,null,null,null
30,01/01/2008,,0,null,null,null,null,null,null,null,null,null,null,null,null,null,null,null,null,null,null,null,null,null,null,null,null,null,null,null,null,null,null,null,null,null
31,01/02/2008,,7.2789998054504395,null,null,null,null,null,null,null,null,null,null,null,null,null,null,null,null,null,null,null,null,null,null,null,null,null,null,null,null,null,null,null,null,null
32,01/03/2008,,0,null,null,null,null,null,null,null,null,null,null,null,null,null,null,null,null,null,null,null,null,null,null,null,null,null,null,null,null,null,null,null,null,null
33,01/04/2008,,0,null,null,null,null,null,null,null,null,null,null,null,null,null,null,null,null,null,null,null,null,null,null,null,null,null,null,null,null,null,null,null,null,null
34,01/05/2008,,null,null,null,null,null,null,null,null,null,null,null,null,null,null,null,null,null,null,null,null,null,null,null,null,null,null,null,null,null,null,null,null,null,null
35,01/06/2008,02/06/2008,null,null,null,null,null,null,null,null,null,null,null,null,null,null,null,null,null,null,null,null,null,null,null,null,null,null,null,null,null,null,null,null,null,null
36,01/07/2008,02/07/2008,0,null,null,null,null,null,null,null,null,null,null,null,null,null,null,null,null,null,null,null,null,null,null,null,null,null,null,null,null,null,null,null,null,null
37,01/08/2008,02/08/2008,0,null,null,null,null,null,null,null,null,null,null,null,null,null,null,null,null,null,null,null,null,null,null,null,null,null,null,null,null,null,null,null,null,null
38,01/09/2008,02/09/2008,0,null,null,null,null,null,null,null,null,null,null,null,null,null,null,null,null,null,null,null,null,null,null,null,null,null,null,null,null,null,null,null,null,null
39,01/10/2008,02/10/2008,0,null,null,null,null,null,null,null,null,null,null,null,null,null,null,null,null,null,null,null,null,null,null,null,null,null,null,null,null,null,null,null,null,null
40,01/11/2008,02/11/2008,0,null,null,null,null,null,null,null,null,null,null,null,null,null,null,null,null,null,null,null,null,null,null,null,null,null,null,null,null,null,null,null,null,null
41,01/12/2008,02/12/2008,47.433998107910156,7,null,null,28.5,Clear,odour free,6.85,178,null,null,null,null,null,null,null,null,0,79.15,76.525,34,null,null,13.6,10.206,null,null,41.961,null,0,96.563,null,null,null
42,01/01/2009,02/01/2009,0,null,null,null,null,null,null,null,null,null,null,null,null,null,null,null,null,null,null,null,null,null,null,null,null,null,null,null,null,null,null,null,null,null
43,02/02/2009,03/02/2009,0,null,null,null,null,null,null,null,null,null,null,null,null,null,null,null,null,null,null,null,null,null,null,null,null,null,null,null,null,null,null,null,null,null
44,02/03/2009,03/03/2009,0,null,null,null,null,null,null,null,null,null,null,null,null,null,null,null,null,null,null,null,null,null,null,null,null,null,null,null,null,null,null,null,null,null
45,01/04/2009,02/04/2009,null,null,null,null,null,null,null,null,null,null,null,null,null,null,null,null,null,null,null,null,null,null,null,null,null,null,null,null,null,null,null,null,null,null
46,01/05/2009,02/05/2009,0,null,null,null,null,null,null,null,null,null,null,null,null,null,null,null,null,null,null,null,null,null,null,null,null,null,null,null,null,null,null,null,null,null
47,01/06/2009,02/06/2009,0,null,null,null,null,null,null,null,null,null,null,null,null,null,null,null,null,null,null,null,null,null,null,null,null,null,null,null,null,null,null,null,null,null
48,01/07/2009,02/07/2009,null,null,null,null,null,null,null,null,null,null,null,null,null,null,null,null,null,null,null,null,null,null,null,null,null,null,null,null,null,null,null,null,null,null
49,22/08/2009,22/08/2009,0,7,null,null,26.5,Green,odour free,7.95,1120,null,null,null,null,null,null,null,null,0,288.3,203.25,102,.355,null,40.8,24.3,154.56,3.988,171.501,49.248,0,351.726,null,null,null
50,01/09/2009,01/09/2009,0,null,null,null,null,null,null,null,null,null,null,null,null,null,null,null,null,null,null,null,null,null,null,null,null,null,null,null,null,null,null,null,null,null
51,01/10/2009,01/10/2009,0,null,null,null,null,null,null,null,null,null,null,null,null,null,null,null,null,null,null,null,null,null,null,null,null,null,null,null,null,null,null,null,null,null
52,03/11/2009,03/11/2009,3.5450000762939453,7,null,null,27,Light Brown,odour free,7.45,461,null,null,null,null,null,null,1.987,null,0,220.45,105.75,61.2,.412,null,24.48,10.692,93.541,5.787,85.732,6.096,0,268.949,null,null,null
53,01/12/2009,02/12/2009,12.02299976348877,7,null,null,24,Brown,odour free,7.68,381,null,null,null,null,null,null,1.76,null,0,178.05,77.35,57.1,.272,null,22.84,4.86,70.242,6.412,55.806,7.584,0,217.221,null,null,null
54,01/01/2010,01/01/2010,0,null,null,null,null,null,null,null,null,null,null,null,null,null,null,null,null,null,null,null,null,null,null,null,null,null,null,null,null,null,null,null,null,null
55,01/02/2010,02/02/2010,11.54699993133545,7,null,null,26,Clear,odour free,7.9,545,null,null,null,null,null,null,1.668,null,0,245.9,146.45,85.7,.412,null,34.28,14.58,84.042,5.396,72.526,17.472,0,299.998,null,null,null
56,01/03/2010,01/03/2010,0,null,null,null,null,null,null,null,null,null,null,null,null,null,null,null,null,null,null,null,null,null,null,null,null,null,null,null,null,null,null,null,null,null
57,01/04/2010,02/04/2010,null,null,null,null,null,null,null,null,null,null,null,null,null,null,null,null,null,null,null,null,null,null,null,null,null,null,null,null,null,null,null,null,null,null
58,01/05/2010,02/05/2010,null,null,null,null,null,null,null,null,null,null,null,null,null,null,null,null,null,null,null,null,null,null,null,null,null,null,null,null,null,null,null,null,null,null
59,01/06/2010,02/06/2010,null,null,null,null,null,null,null,null,null,null,null,null,null,null,null,null,null,null,null,null,null,null,null,null,null,null,null,null,null,null,null,null,null,null
60,01/07/2010,02/07/2010,0,null,null,null,null,null,null,null,null,null,null,null,null,null,null,null,null,null,null,null,null,null,null,null,null,null,null,null,null,null,null,null,null,null
61,02/08/2010,03/08/2010,0,null,null,null,null,null,null,null,null,null,null,null,null,null,null,null,null,null,null,null,null,null,null,null,null,null,null,null,null,null,null,null,null,null
62,01/09/2010,01/09/2010,0,null,null,null,null,null,null,null,null,null,null,null,null,null,null,null,null,null,null,null,null,null,null,null,null,null,null,null,null,null,null,null,null,null
63,04/10/2010,05/10/2010,0,null,null,null,null,null,null,null,null,null,null,null,null,null,null,null,null,null,null,null,null,null,null,null,null,null,null,null,null,null,null,null,null,null
64,01/11/2010,02/11/2010,13.480999946594238,7,null,null,29,Brown,odour free,7.6,379,null,null,null,null,null,null,.975,null,0,139.656,109.858,53.15,.382,null,21.26,13.61,41.4,4.5,54.87,8.5,0,170.38,null,null,null
65,01/12/2010,01/12/2010,26.95199966430664,7,null,null,27,Light Brown,odour free,7.7,193,null,null,null,null,null,null,2.126,null,0,81.189,65.117,32.7,.192,null,13.08,7.78,21.2,3.4,27.63,3.53,0,99.05,null,null,null
66,03/01/2011,04/01/2011,0,null,null,null,null,null,null,null,null,null,null,null,null,null,null,null,null,null,null,null,null,null,null,null,null,null,null,null,null,null,null,null,null,null
67,01/02/2011,02/02/2011,0,null,null,null,null,null,null,null,null,null,null,null,null,null,null,null,null,null,null,null,null,null,null,null,null,null,null,null,null,null,null,null,null,null
68,01/03/2011,01/03/2011,0,null,null,null,null,null,null,null,null,null,null,null,null,null,null,null,null,null,null,null,null,null,null,null,null,null,null,null,null,null,null,null,null,null
69,01/04/2011,01/04/2011,0,null,null,null,null,null,null,null,null,null,null,null,null,null,null,null,null,null,null,null,null,null,null,null,null,null,null,null,null,null,null,null,null,null
70,02/05/2011,02/05/2011,0,null,null,null,null,null,null,null,null,null,null,null,null,null,null,null,null,null,null,null,null,null,null,null,null,null,null,null,null,null,null,null,null,null
71,01/06/2011,01/06/2011,0,null,null,null,null,null,null,null,null,null,null,null,null,null,null,null,null,null,null,null,null,null,null,null,null,null,null,null,null,null,null,null,null,null
72,13/07/2011,13/07/2011,7.480999946594238,7,null,null,29,Clear,odour free,8.8,521,null,null,null,null,null,null,1.146,null,23.904,188,201.933,56.1,.486,null,22.44,35,43.2,4.8,56.24,14.15,28.8,170.8,null,null,null
73,01/08/2011,01/08/2011,0,null,null,null,null,null,null,null,null,null,null,null,null,null,null,null,null,null,null,null,null,null,null,null,null,null,null,null,null,null,null,null,null,null
74,02/09/2011,02/09/2011,0,null,null,null,null,null,null,null,null,null,null,null,null,null,null,null,null,null,null,null,null,null,null,null,null,null,null,null,null,null,null,null,null,null
75,01/10/2011,01/10/2011,4.947999954223633,7.5,null,null,25,Light Brown,odour free,7.85,363,null,null,null,null,null,null,2.16,null,0,128,141.308,44.1,.365,null,17.64,23.33,27.3,4.5,36.39,8.6,0,156.16,null,null,null
76,01/11/2011,01/11/2011,12.760000228881836,7,null,null,26,Light Brown,odour free,7.9,380,null,null,null,null,null,null,2.32,null,0,92.164,84.758,28.05,.308,null,11.22,13.61,43.2,2.6,65.29,2.19,0,112.44,null,null,null
77,01/12/2011,01/12/2011,15.508999824523926,7,null,null,26.5,Brown,odour free,7.44,324,null,null,null,null,null,null,1.52,null,0,97.918,96.925,28.05,.218,null,11.22,16.53,27.6,3.3,41.24,1.13,0,119.46,null,null,null
78,02/01/2012,02/01/2012,7.464000225067139,7,null,null,24,Brown,odour free,7.26,517,null,null,null,null,null,null,2.73,null,0,149.762,141.308,44.1,.282,null,17.64,23.33,56.3,5.7,75.6,13.96,0,182.71,null,null,null
79,01/02/2012,01/02/2012,0,null,null,null,null,null,null,null,null,null,null,null,null,null,null,null,null,null,null,null,null,null,null,null,null,null,null,null,null,null,null,null,null,null
80,01/03/2012,01/03/2012,0,null,null,null,null,null,null,null,null,null,null,null,null,null,null,null,null,null,null,null,null,null,null,null,null,null,null,null,null,null,null,null,null,null
81,01/03/2012,01/03/2012,0,null,null,null,null,null,null,null,null,null,null,null,null,null,null,null,null,null,null,null,null,null,null,null,null,null,null,null,null,null,null,null,null,null
82,02/04/2012,02/04/2012,0,null,null,null,null,null,null,null,null,null,null,null,null,null,null,null,null,null,null,null,null,null,null,null,null,null,null,null,null,null,null,null,null,null
83,02/04/2012,02/04/2012,0,null,null,null,null,null,null,null,null,null,null,null,null,null,null,null,null,null,null,null,null,null,null,null,null,null,null,null,null,null,null,null,null,null
84,01/05/2012,01/05/2012,0,null,null,null,null,null,null,null,null,null,null,null,null,null,null,null,null,null,null,null,null,null,null,null,null,null,null,null,null,null,null,null,null,null
85,01/05/2012,01/05/2012,0,null,null,null,null,null,null,null,null,null,null,null,null,null,null,null,null,null,null,null,null,null,null,null,null,null,null,null,null,null,null,null,null,null
86,01/06/2012,02/06/2012,0,null,null,null,null,null,null,null,null,null,null,null,null,null,null,null,null,null,null,null,null,null,null,null,null,null,null,null,null,null,null,null,null,null
87,01/06/2012,02/06/2012,0,null,null,null,null,null,null,null,null,null,null,null,null,null,null,null,null,null,null,null,null,null,null,null,null,null,null,null,null,null,null,null,null,null
88,02/07/2012,03/07/2012,0,null,null,null,null,null,null,null,null,null,null,null,null,null,null,null,null,null,null,null,null,null,null,null,null,null,null,null,null,null,null,null,null,null
89,02/07/2012,03/07/2012,0,null,null,null,null,null,null,null,null,null,null,null,null,null,null,null,null,null,null,null,null,null,null,null,null,null,null,null,null,null,null,null,null,null
90,01/08/2012,02/08/2012,0,null,null,null,null,null,null,null,null,null,null,null,null,null,null,null,null,null,null,null,null,null,null,null,null,null,null,null,null,null,null,null,null,null
91,01/08/2012,02/08/2012,0,null,null,null,null,null,null,null,null,null,null,null,null,null,null,null,null,null,null,null,null,null,null,null,null,null,null,null,null,null,null,null,null,null
92,01/09/2012,02/09/2012,0,null,null,null,null,null,null,null,null,null,null,null,null,null,null,null,null,null,null,null,null,null,null,null,null,null,null,null,null,null,null,null,null,null
93,01/09/2012,02/09/2012,0,null,null,null,null,null,null,null,null,null,null,null,null,null,null,null,null,null,null,null,null,null,null,null,null,null,null,null,null,null,null,null,null,null
94,18/10/2012,19/10/2012,1.1790000200271606,7,null,null,30,Clear,odour free,7.74,335,179,null,null,null,null,null,2.67,null,0,122.451,122.233,70.65,.86,null,28.26,12.38,37.3,5.8,51.93,13.28,0,149.39,null,null,null
95,18/10/2012,19/10/2012,1.1790000200271606,7,null,null,30,Clear,odour free,7.74,335,179,null,null,null,null,null,2.67,null,0,122.451,122.233,70.65,.86,null,28.26,12.38,37.3,5.8,51.93,13.28,0,149.39,null,null,null
96,01/11/2012,02/11/2012,34.58100128173828,6,null,null,23,Brown,odour free,6.97,134,71,null,null,null,null,null,2.8,null,0,44.902,43.383,23.55,.272,null,9.42,4.76,13.1,2.3,20.26,5.31,0,54.78,null,null,null
97,01/11/2012,02/11/2012,34.58100128173828,6,null,null,23,Brown,odour free,6.97,134,71,null,null,null,null,null,2.8,null,0,44.902,43.383,23.55,.272,null,9.42,4.76,13.1,2.3,20.26,5.31,0,54.78,null,null,null
98,01/12/2012,02/12/2012,0,null,null,null,null,null,null,null,null,null,null,null,null,null,null,null,null,null,null,null,null,null,null,null,null,null,null,null,null,null,null,null,null,null
99,01/12/2012,02/12/2012,0,null,null,null,null,null,null,null,null,null,null,null,null,null,null,null,null,null,null,null,null,null,null,null,null,null,null,null,null,null,null,null,null,null
100,01/01/2013,02/01/2013,0,null,null,null,null,null,null,null,null,null,null,null,null,null,null,null,null,null,null,null,null,null,null,null,null,null,null,null,null,null,null,null,null,null
101,01/01/2013,02/01/2013,0,null,null,null,null,null,null,null,null,null,null,null,null,null,null,null,null,null,null,null,null,null,null,null,null,null,null,null,null,null,null,null,null,null
102,01/02/2013,02/02/2013,0,null,null,null,null,null,null,null,null,null,null,null,null,null,null,null,null,null,null,null,null,null,null,null,null,null,null,null,null,null,null,null,null,null
103,01/02/2013,02/02/2013,0,null,null,null,null,null,null,null,null,null,null,null,null,null,null,null,null,null,null,null,null,null,null,null,null,null,null,null,null,null,null,null,null,null
104,01/03/2013,02/03/2013,null,null,null,null,null,null,null,null,null,null,null,null,null,null,null,null,null,null,null,null,null,null,null,null,null,null,null,null,null,null,null,null,null,null
105,01/04/2013,01/04/2013,0,null,null,null,null,null,null,null,null,null,null,null,null,null,null,null,null,null,null,null,null,null,null,null,null,null,null,null,null,null,null,null,null,null
106,01/04/2013,01/04/2013,0,null,null,null,null,null,null,null,null,null,null,null,null,null,null,null,null,null,null,null,null,null,null,null,null,null,null,null,null,null,null,null,null,null
107,01/05/2013,01/05/2013,0,null,null,null,null,null,null,null,null,null,null,null,null,null,null,null,null,null,null,null,null,null,null,null,null,null,null,null,null,null,null,null,null,null
108,01/05/2013,01/05/2013,0,null,null,null,null,null,null,null,null,null,null,null,null,null,null,null,null,null,null,null,null,null,null,null,null,null,null,null,null,null,null,null,null,null
109,01/06/2013,01/06/2013,0,null,null,null,null,null,null,null,null,null,null,null,null,null,null,null,null,null,null,null,null,null,null,null,null,null,null,null,null,null,null,null,null,null
110,01/06/2013,01/06/2013,0,null,null,null,null,null,null,null,null,null,null,null,null,null,null,null,null,null,null,null,null,null,null,null,null,null,null,null,null,null,null,null,null,null
111,01/07/2013,01/07/2013,0,null,null,null,null,null,null,null,null,null,null,null,null,null,null,null,null,null,null,null,null,null,null,null,null,null,null,null,null,null,null,null,null,null
112,01/07/2013,01/07/2013,0,null,null,null,null,null,null,null,null,null,null,null,null,null,null,null,null,null,null,null,null,null,null,null,null,null,null,null,null,null,null,null,null,null
113,15/08/2013,16/08/2013,3.759999990463257,7,null,null,25,Light Brown,odour free,7.53,280,106,null,null,null,null,null,1.64,null,0,77.549,83.783,58.45,.29,null,23.38,6.08,13.8,2.8,25.52,8.17,0,94.61,null,null,null
114,15/08/2013,16/08/2013,3.759999990463257,7,null,null,25,Light Brown,odour free,7.53,280,106,null,null,null,null,null,1.64,null,0,77.549,83.783,58.45,.29,null,23.38,6.08,13.8,2.8,25.52,8.17,0,94.61,null,null,null
115,01/09/2013,01/09/2013,0,null,null,null,null,null,null,null,null,null,null,null,null,null,null,null,null,null,null,null,null,null,null,null,null,null,null,null,null,null,null,null,null,null
116,01/09/2013,01/09/2013,0,null,null,null,null,null,null,null,null,null,null,null,null,null,null,null,null,null,null,null,null,null,null,null,null,null,null,null,null,null,null,null,null,null
117,01/10/2013,01/10/2013,0,null,null,null,null,null,null,null,null,null,null,null,null,null,null,null,null,null,null,null,null,null,null,null,null,null,null,null,null,null,null,null,null,null
118,01/10/2013,01/10/2013,0,null,null,null,null,null,null,null,null,null,null,null,null,null,null,null,null,null,null,null,null,null,null,null,null,null,null,null,null,null,null,null,null,null
119,01/11/2013,01/11/2013,0,null,null,null,null,null,null,null,null,null,null,null,null,null,null,null,null,null,null,null,null,null,null,null,null,null,null,null,null,null,null,null,null,null
120,01/11/2013,01/11/2013,0,null,null,null,null,null,null,null,null,null,null,null,null,null,null,null,null,null,null,null,null,null,null,null,null,null,null,null,null,null,null,null,null,null
121,01/12/2013,01/12/2013,0,null,null,null,null,null,null,null,null,null,null,null,null,null,null,null,null,null,null,null,null,null,null,null,null,null,null,null,null,null,null,null,null,null
122,01/12/2013,01/12/2013,0,null,null,null,null,null,null,null,null,null,null,null,null,null,null,null,null,null,null,null,null,null,null,null,null,null,null,null,null,null,null,null,null,null
123,01/01/2014,01/01/2014,0,null,null,null,null,null,null,null,null,null,null,null,null,null,null,null,null,null,null,null,null,null,null,null,null,null,null,null,null,null,null,null,null,null
124,01/01/2014,01/01/2014,0,null,null,null,null,null,null,null,null,null,null,null,null,null,null,null,null,null,null,null,null,null,null,null,null,null,null,null,null,null,null,null,null,null
