Standard Parameter Analysis Data of : Govindpur NH5 Road Bridge (ED000E4),,,,,,,,,,,,,,,,,,,,,,,,,,,,,,,,,,,,
Laboratory : CWC MERO Bhubneshwar ,,,,,,,,,,,,,,,,,,,,,,,,,,,,,,,,,,,,
Period : January-2000 To January-2015 ,,,,,,,,,,,,,,,,,,,,,,,,,,,,,,,,,,,,
S.No.,Date_of_Collection,Date_of_Receipt,Discharge(cumecs),pH_FLD,EC_FLD(umho/cm),DO(mg/l),Water Temp(deg C),Colour,Odour,pH_GEN,EC_GEN(umho/cm),TDS(mg/l),SS(mg/l),NH3(mg N/l),NO2+NO3(mg N/l),Total_Nutrients(mg P/l),SiO2(mg/l),BOD(mg/l),COD(mg/l),Phen(mg CaCO3/l),Total_Alkallnity(mg CaCO3/l),Total_Hardness(mg CaCO3/l),Ca_Hardness(mg CaCO3/l),F(mg/l),B(mg/l),Ca_Major_Ions(mg/l),Mg(mg/l),Na(mg/l),K(mg/l),Cl(mg/l),SO4(mg/l),CO3(mg/l),HCO3(mg/l),Total_Coliforms(MPN/100ml),Faecal(MPN/100ml),Chlorophyll-A(ug/L)
1,1/6/2000,2/6/2000,7.53399992,null,null,null,null,null,null,null,null,null,null,null,null,null,null,null,null,null,null,null,null,null,null,null,null,null,null,null,null,null,null,null,null,null
2,1/6/2000,2/6/2000,7.53399992,null,null,null,null,null,null,null,null,null,null,null,null,null,null,null,null,null,null,null,null,null,null,null,null,null,null,null,null,null,null,null,null,null
3,1/6/2002,2/6/2002,4.462999821,null,null,null,null,null,null,null,null,null,null,null,null,null,null,null,null,null,null,null,null,null,null,null,null,null,null,null,null,null,null,null,null,null
4,1/6/2002,2/6/2002,4.462999821,null,null,null,null,null,null,null,null,null,null,null,null,null,null,null,null,null,null,null,null,null,null,null,null,null,null,null,null,null,null,null,null,null
5,1/7/2002,2/7/2002,11.89299965,null,null,null,null,null,null,null,null,null,null,null,null,null,null,null,null,null,null,null,null,null,null,null,null,null,null,null,null,null,null,null,null,null
6,1/7/2002,2/7/2002,11.89299965,null,null,null,null,null,null,null,null,null,null,null,null,null,null,null,null,null,null,null,null,null,null,null,null,null,null,null,null,null,null,null,null,null
7,1/8/2002,2/8/2002,23.20499992,null,null,null,null,null,null,null,null,null,null,null,null,null,null,null,null,null,null,null,null,null,null,null,null,null,null,null,null,null,null,null,null,null
8,1/8/2002,2/8/2002,23.20499992,null,null,null,null,null,null,null,null,null,null,null,null,null,null,null,null,null,null,null,null,null,null,null,null,null,null,null,null,null,null,null,null,null
9,1/9/2002,2/9/2002,521.4000244,null,null,null,null,null,null,null,null,null,null,null,null,null,null,null,null,null,null,null,null,null,null,null,null,null,null,null,null,null,null,null,null,null
10,1/9/2002,2/9/2002,521.4000244,null,null,null,null,null,null,null,null,null,null,null,null,null,null,null,null,null,null,null,null,null,null,null,null,null,null,null,null,null,null,null,null,null
11,1/10/2002,2/10/2002,230,null,null,null,null,null,null,null,null,null,null,null,null,null,null,null,null,null,null,null,null,null,null,null,null,null,null,null,null,null,null,null,null,null
12,1/10/2002,2/10/2002,230,null,null,null,null,null,null,null,null,null,null,null,null,null,null,null,null,null,null,null,null,null,null,null,null,null,null,null,null,null,null,null,null,null
13,1/11/2002,2/11/2002,62.44300079,null,null,null,null,null,null,null,null,null,null,null,null,null,null,null,null,null,null,null,null,null,null,null,null,null,null,null,null,null,null,null,null,null
14,1/11/2002,2/11/2002,62.44300079,null,null,null,null,null,null,null,null,null,null,null,null,null,null,null,null,null,null,null,null,null,null,null,null,null,null,null,null,null,null,null,null,null
15,1/12/2002,2/12/2002,35,null,null,null,null,null,null,null,null,null,null,null,null,null,null,null,null,null,null,null,null,null,null,null,null,null,null,null,null,null,null,null,null,null
16,1/12/2002,2/12/2002,35,null,null,null,null,null,null,null,null,null,null,null,null,null,null,null,null,null,null,null,null,null,null,null,null,null,null,null,null,null,null,null,null,null
17,1/1/2003,2/1/2003,13.34000015,null,null,null,null,null,null,null,null,null,null,null,null,null,null,null,null,null,null,null,null,null,null,null,null,null,null,null,null,null,null,null,null,null
18,1/1/2003,2/1/2003,13.34000015,null,null,null,null,null,null,null,null,null,null,null,null,null,null,null,null,null,null,null,null,null,null,null,null,null,null,null,null,null,null,null,null,null
19,1/2/2003,2/2/2003,8.508999825,null,null,null,null,null,null,null,null,null,null,null,null,null,null,null,null,null,null,null,null,null,null,null,null,null,null,null,null,null,null,null,null,null
20,1/2/2003,2/2/2003,8.508999825,null,null,null,null,null,null,null,null,null,null,null,null,null,null,null,null,null,null,null,null,null,null,null,null,null,null,null,null,null,null,null,null,null
21,1/3/2003,2/3/2003,6.703000069,null,null,null,null,null,null,null,null,null,null,null,null,null,null,null,null,null,null,null,null,null,null,null,null,null,null,null,null,null,null,null,null,null
22,1/3/2003,2/3/2003,6.703000069,null,null,null,null,null,null,null,null,null,null,null,null,null,null,null,null,null,null,null,null,null,null,null,null,null,null,null,null,null,null,null,null,null
23,1/4/2003,2/4/2003,4.636000156,null,null,null,null,null,null,null,null,null,null,null,null,null,null,null,null,null,null,null,null,null,null,null,null,null,null,null,null,null,null,null,null,null
24,1/4/2003,2/4/2003,4.636000156,null,null,null,null,null,null,null,null,null,null,null,null,null,null,null,null,null,null,null,null,null,null,null,null,null,null,null,null,null,null,null,null,null
25,1/5/2003,2/5/2003,5.409999847,null,null,null,null,null,null,null,null,null,null,null,null,null,null,null,null,null,null,null,null,null,null,null,null,null,null,null,null,null,null,null,null,null
26,1/5/2003,2/5/2003,5.409999847,null,null,null,null,null,null,null,null,null,null,null,null,null,null,null,null,null,null,null,null,null,null,null,null,null,null,null,null,null,null,null,null,null
27,2/6/2003,2/6/2003,4.480000019,7.68,380,4.86,32,Light Brown,odour free,7.7,380,null,null,null,0.448,null,19.53,1.44,null,null,null,118.55,74,0.152,0,29.6,10.692,19.32,3.871,25.276,1.824,0,141.093,null,null,null
28,2/6/2003,2/6/2003,4.480000019,7.68,380,4.86,32,Light Brown,odour free,7.7,380,null,null,null,0.448,null,19.53,1.44,null,null,null,118.55,74,0.152,0,29.6,10.692,19.32,3.871,25.276,1.824,0,141.093,null,null,null
29,1/7/2003,2/7/2003,120,7.92,86,5.62,28.5,Light Brown,odour free,7.9,86,null,null,null,0.168,null,6.75,0.97,null,null,null,24.05,20,0,0,8,0.972,8.51,1.251,11.679,1.008,0,29.829,null,null,null
30,1/7/2003,2/7/2003,120,7.92,86,5.62,28.5,Light Brown,odour free,7.9,86,null,null,null,0.168,null,6.75,0.97,null,null,null,24.05,20,0,0,8,0.972,8.51,1.251,11.679,1.008,0,29.829,null,null,null
31,1/8/2003,2/8/2003,584.2739868,7.35,88,6.39,27,Light Brown,odour free,7.3,88,null,null,null,0.21,null,5.61,1.35,null,null,null,26.075,20,0.076,0,8,1.458,6.9,0.938,9.727,1.296,0,34.221,null,null,null
32,1/8/2003,2/8/2003,584.2739868,7.35,88,6.39,27,Light Brown,odour free,7.3,88,null,null,null,0.21,null,5.61,1.35,null,null,null,26.075,20,0.076,0,8,1.458,6.9,0.938,9.727,1.296,0,34.221,null,null,null
33,1/9/2003,2/9/2003,248.4490051,7.7,119,6.78,27,Light Brown,odour free,7.7,119,null,null,null,0.168,null,6.42,0.58,null,null,null,40.1,32,0,0,12.8,1.944,6.9,2.463,11.573,2.784,0,40.687,null,null,null
34,1/9/2003,2/9/2003,248.4490051,7.7,119,6.78,27,Light Brown,odour free,7.7,119,null,null,null,0.168,null,6.42,0.58,null,null,null,40.1,32,0,0,12.8,1.944,6.9,2.463,11.573,2.784,0,40.687,null,null,null
35,1/10/2003,2/10/2003,118.9869995,7.22,153,6.92,28,Light Brown,odour free,7.3,153,null,null,null,0.252,null,19.53,0.41,null,null,null,58.2,42,0,0,16.8,3.888,8.51,1.994,11.679,3.216,0,63.074,null,null,null
36,1/10/2003,2/10/2003,118.9869995,7.22,153,6.92,28,Light Brown,odour free,7.3,153,null,null,null,0.252,null,19.53,0.41,null,null,null,58.2,42,0,0,16.8,3.888,8.51,1.994,11.679,3.216,0,63.074,null,null,null
37,1/11/2003,2/11/2003,218.3589935,7.3,143,6.92,25.5,Clear,odour free,7.3,143,null,null,null,0.252,null,17.4,0.61,null,null,null,40.125,30,0,0,12,2.43,12.811,2.385,15.549,1.968,0,48.068,null,null,null
38,1/11/2003,2/11/2003,218.3589935,7.3,143,6.92,25.5,Clear,odour free,7.3,143,null,null,null,0.252,null,17.4,0.61,null,null,null,40.125,30,0,0,12,2.43,12.811,2.385,15.549,1.968,0,48.068,null,null,null
39,1/12/2003,2/12/2003,68.40899658,7.6,152,8.95,18.5,Clear,odour free,7.6,152,null,null,null,0.224,null,17.4,0.41,null,null,null,52.1,44,0,0,17.6,1.944,11.201,2.385,15.549,1.2,0,69.052,null,null,null
40,1/12/2003,2/12/2003,68.40899658,7.6,152,8.95,18.5,Clear,odour free,7.6,152,null,null,null,0.224,null,17.4,0.41,null,null,null,52.1,44,0,0,17.6,1.944,11.201,2.385,15.549,1.2,0,69.052,null,null,null
41,1/1/2004,2/1/2004,38.50299835,7.33,188,9.43,15,Clear,odour free,7.2,188,null,null,null,0.392,null,17.4,1.23,null,null,null,66.225,48,0,0,19.2,4.374,8.51,2.268,11.679,1.968,0,78.08,null,null,null
42,1/1/2004,2/1/2004,38.50299835,7.33,188,9.43,15,Clear,odour free,7.2,188,null,null,null,0.392,null,17.4,1.23,null,null,null,66.225,48,0,0,19.2,4.374,8.51,2.268,11.679,1.968,0,78.08,null,null,null
43,1/2/2004,2/2/2004,4.400000095,7.71,230,8.2,21,Clear,odour free,7.7,230,null,null,null,0.518,null,35.91,0.41,null,null,null,90.425,56,0,0,22.4,8.262,8.51,2.19,11.679,1.152,0,114.07,null,null,null
44,1/2/2004,2/2/2004,4.400000095,7.71,230,8.2,21,Clear,odour free,7.7,230,null,null,null,0.518,null,35.91,0.41,null,null,null,90.425,56,0,0,22.4,8.262,8.51,2.19,11.679,1.152,0,114.07,null,null,null
45,1/3/2004,2/3/2004,2.032999992,8.11,220,7.93,25,Clear,odour free,8.2,220,null,null,null,0.238,null,24.93,0.61,null,null,null,94.425,60,0,0,24,8.262,7.567,2.385,9.727,1.824,0,114.07,null,null,null
46,1/3/2004,2/3/2004,2.032999992,8.11,220,7.93,25,Clear,odour free,8.2,220,null,null,null,0.238,null,24.93,0.61,null,null,null,94.425,60,0,0,24,8.262,7.567,2.385,9.727,1.824,0,114.07,null,null,null
47,1/4/2004,2/4/2004,5.717000008,7.8,280,7.32,27,Clear,odour free,7.8,280,null,null,null,0.252,null,16.02,0.81,null,null,null,98.425,64,0,0,25.6,8.262,16.514,2.385,27.229,1.008,0,129.076,null,null,null
48,1/4/2004,2/4/2004,5.717000008,7.8,280,7.32,27,Clear,odour free,7.8,280,null,null,null,0.252,null,16.02,0.81,null,null,null,98.425,64,0,0,25.6,8.262,16.514,2.385,27.229,1.008,0,129.076,null,null,null
49,1/5/2004,2/5/2004,14.32299995,7.8,220,7.32,29,Clear,odour free,7.8,220,null,null,null,0.224,null,21,1.42,null,null,null,80.3,56,0,0,22.4,5.832,11.201,1.994,14.91,1.728,0,102.358,null,null,null
50,1/5/2004,2/5/2004,14.32299995,7.8,220,7.32,29,Clear,odour free,7.8,220,null,null,null,0.224,null,21,1.42,null,null,null,80.3,56,0,0,22.4,5.832,11.201,1.994,14.91,1.728,0,102.358,null,null,null
51,1/6/2004,1/6/2004,6.004000187,8.1,116,5.33,31,Clear,odour free,8.1,116,null,null,null,0.252,0.001,39.1,0.64,null,null,null,40.1,32,0.405,0.001,12.8,1.944,6.9,1,9.656,1.84,0,51.057,null,null,null
52,1/6/2004,1/6/2004,6.004000187,8.1,116,5.33,31,Clear,odour free,8.1,116,null,null,null,0.252,0.001,39.1,0.64,null,null,null,40.1,32,0.405,0.001,12.8,1.944,6.9,1,9.656,1.84,0,51.057,null,null,null
53,1/7/2004,1/7/2004,61.2820015,7.95,160,7.03,27,Light Brown,odour free,8,160,null,null,null,0.308,0.001,30.5,0.85,null,null,null,52.2,36,0.421,0.001,14.4,3.888,11.201,3,15.54,6.16,0,69.052,null,null,null
54,1/7/2004,1/7/2004,61.2820015,7.95,160,7.03,27,Light Brown,odour free,8,160,null,null,null,0.308,0.001,30.5,0.85,null,null,null,52.2,36,0.421,0.001,14.4,3.888,11.201,3,15.54,6.16,0,69.052,null,null,null
55,2/8/2004,2/8/2004,226.4149933,7.6,118,7.46,28,Brown,odour free,7.6,118,null,null,null,0.154,0.001,36.4,0.86,null,null,null,48.342,24.05,0.321,0.001,9.62,2.916,7.567,2.5,9.71,3.2,0,51.057,null,null,null
56,2/8/2004,2/8/2004,226.4149933,7.6,118,7.46,28,Brown,odour free,7.6,118,null,null,null,0.154,0.001,36.4,0.86,null,null,null,48.342,24.05,0.321,0.001,9.62,2.916,7.567,2.5,9.71,3.2,0,51.057,null,null,null
57,1/9/2004,1/9/2004,205.8809967,7.65,135,6.23,29,Brown,odour free,7.8,135,null,null,null,0.294,0.001,33.8,0.56,null,null,null,48.2,32,0.383,0.001,12.8,3.888,7.567,2.8,7.77,3.6,0,63.074,null,null,null
58,1/9/2004,1/9/2004,205.8809967,7.65,135,6.23,29,Brown,odour free,7.8,135,null,null,null,0.294,0.001,33.8,0.56,null,null,null,48.2,32,0.383,0.001,12.8,3.888,7.567,2.8,7.77,3.6,0,63.074,null,null,null
59,1/10/2004,1/10/2004,205.7920074,7.65,127,6.61,27,Light Brown,odour free,7.7,127,null,null,null,0.49,0.001,32.61,0.38,null,null,null,44.258,28.05,0.414,0.001,11.22,3.89,4.945,2.5,7.77,4.21,0,51.789,null,null,null
60,1/10/2004,1/10/2004,205.7920074,7.65,127,6.61,27,Light Brown,odour free,7.7,127,null,null,null,0.49,0.001,32.61,0.38,null,null,null,44.258,28.05,0.414,0.001,11.22,3.89,4.945,2.5,7.77,4.21,0,51.789,null,null,null
61,1/11/2004,1/11/2004,87.55999756,7.8,145,7.55,26,Light Brown,odour free,7.8,145,null,null,null,0.126,0.001,34.6,0.94,null,null,null,48.3,28.05,0.391,0.001,11.22,5.832,7.8,1.2,11.66,2.04,0,63.074,null,null,null
62,1/11/2004,1/11/2004,87.55999756,7.8,145,7.55,26,Light Brown,odour free,7.8,145,null,null,null,0.126,0.001,34.6,0.94,null,null,null,48.3,28.05,0.391,0.001,11.22,5.832,7.8,1.2,11.66,2.04,0,63.074,null,null,null
63,1/12/2004,1/12/2004,29.73900032,8.1,200,7.65,21,Clear,odour free,7.7,200,null,null,null,0.252,0.001,35.8,0.57,null,null,null,76.533,48,0.431,0.001,19.2,8.75,7.6,0.9,11.66,3.4,0,101.687,null,null,null
64,1/12/2004,1/12/2004,29.73900032,8.1,200,7.65,21,Clear,odour free,7.7,200,null,null,null,0.252,0.001,35.8,0.57,null,null,null,76.533,48,0.431,0.001,19.2,8.75,7.6,0.9,11.66,3.4,0,101.687,null,null,null
65,1/6/2007,2/6/2007,4.21999979,null,null,null,null,null,null,null,null,null,null,null,null,null,null,null,null,null,null,null,null,null,null,null,null,null,null,null,null,null,null,null,null,null
66,1/6/2007,2/6/2007,4.21999979,null,null,null,null,null,null,null,null,null,null,null,null,null,null,null,null,null,null,null,null,null,null,null,null,null,null,null,null,null,null,null,null,null
67,1/8/2007,2/8/2007,139.6999969,7.17,128,null,27.5,Clear,odour free,7.14,122,null,null,null,0.673,0.001,9.6,null,null,0,38.689,43.3,24.3,0,0,9.72,4.56,8.901,3.441,11.679,5.74,0,47.2,null,null,null
68,1/8/2007,2/8/2007,139.6999969,7.17,128,null,27.5,Clear,odour free,7.14,122,null,null,null,0.673,0.001,9.6,null,null,0,38.689,43.3,24.3,0,0,9.72,4.56,8.901,3.441,11.679,5.74,0,47.2,null,null,null
69,1/10/2007,2/10/2007,458.7999878,8.04,186,null,18,Clear,odour free,8,180,null,null,null,0.406,0.001,8.26,null,null,0,50.75,65.363,44.1,0,0,17.64,5.103,10.24,2.502,14.36,22.16,0,61.915,null,null,null
70,1/10/2007,2/10/2007,458.7999878,8.04,186,null,18,Clear,odour free,8,180,null,null,null,0.406,0.001,8.26,null,null,0,50.75,65.363,44.1,0,0,17.64,5.103,10.24,2.502,14.36,22.16,0,61.915,null,null,null
71,1/12/2007,2/12/2007,44.66999817,8.04,194,null,23.5,Clear,odour free,8.16,181,null,null,null,0.224,0.001,8.96,null,null,0,49.2,61.513,44.3,0,0,17.72,4.131,11.132,2.385,15.549,18.24,0,60.024,null,null,null
72,1/12/2007,2/12/2007,44.66999817,8.04,194,null,23.5,Clear,odour free,8.16,181,null,null,null,0.224,0.001,8.96,null,null,0,49.2,61.513,44.3,0,0,17.72,4.131,11.132,2.385,15.549,18.24,0,60.024,null,null,null
73,1/2/2008,2/2/2008,19.14999962,7.98,175,null,14,Clear,odour free,8,170,null,null,null,0.532,0.001,9.06,null,null,0,62.967,66.3,42,0,0,16.8,5.832,10.396,2.659,14.626,3.744,0,76.82,null,null,null
74,1/2/2008,2/2/2008,19.14999962,7.98,175,null,14,Clear,odour free,8,170,null,null,null,0.532,0.001,9.06,null,null,0,62.967,66.3,42,0,0,16.8,5.832,10.396,2.659,14.626,3.744,0,76.82,null,null,null
75,1/4/2008,2/4/2008,9.354000092,8.2,210,null,23,Clear,odour free,8.27,220,null,null,null,0.476,0.05,9.4,null,null,0,72.754,86.867,62.7,0.05,0.001,25.08,5.8,10.32,0.78,15.16,10.8,0,88.76,null,null,null
76,1/4/2008,2/4/2008,9.354000092,8.2,210,null,23,Clear,odour free,8.27,220,null,null,null,0.476,0.05,9.4,null,null,0,72.754,86.867,62.7,0.05,0.001,25.08,5.8,10.32,0.78,15.16,10.8,0,88.76,null,null,null
77,1/5/2008,2/5/2008,5.224999905,null,null,null,null,null,null,null,null,null,null,null,null,null,null,null,null,null,null,null,null,null,null,null,null,null,null,null,null,null,null,null,null,null
78,1/5/2008,2/5/2008,5.224999905,null,null,null,null,null,null,null,null,null,null,null,null,null,null,null,null,null,null,null,null,null,null,null,null,null,null,null,null,null,null,null,null,null
79,1/6/2008,2/6/2008,5.409999847,null,null,null,null,null,null,null,null,null,null,null,null,null,null,null,null,null,null,null,null,null,null,null,null,null,null,null,null,null,null,null,null,null
80,1/6/2008,2/6/2008,5.409999847,null,null,null,null,null,null,null,null,null,null,null,null,null,null,null,null,null,null,null,null,null,null,null,null,null,null,null,null,null,null,null,null,null
81,1/7/2008,2/7/2008,265.901001,null,null,null,null,null,null,null,null,null,null,null,null,null,null,null,null,null,null,null,null,null,null,null,null,null,null,null,null,null,null,null,null,null
82,1/7/2008,2/7/2008,265.901001,null,null,null,null,null,null,null,null,null,null,null,null,null,null,null,null,null,null,null,null,null,null,null,null,null,null,null,null,null,null,null,null,null
83,1/8/2008,2/8/2008,432.9809875,null,null,null,null,null,null,null,null,null,null,null,null,null,null,null,null,null,null,null,null,null,null,null,null,null,null,null,null,null,null,null,null,null
84,1/8/2008,2/8/2008,432.9809875,null,null,null,null,null,null,null,null,null,null,null,null,null,null,null,null,null,null,null,null,null,null,null,null,null,null,null,null,null,null,null,null,null
85,1/9/2008,2/9/2009,199.7019958,null,null,null,null,null,null,null,null,null,null,null,null,null,null,null,null,null,null,null,null,null,null,null,null,null,null,null,null,null,null,null,null,null
86,1/9/2008,2/9/2009,199.7019958,null,null,null,null,null,null,null,null,null,null,null,null,null,null,null,null,null,null,null,null,null,null,null,null,null,null,null,null,null,null,null,null,null
87,1/10/2008,2/10/2008,257.6400146,null,null,null,null,null,null,null,null,null,null,null,null,null,null,null,null,null,null,null,null,null,null,null,null,null,null,null,null,null,null,null,null,null
88,1/10/2008,2/10/2008,257.6400146,null,null,null,null,null,null,null,null,null,null,null,null,null,null,null,null,null,null,null,null,null,null,null,null,null,null,null,null,null,null,null,null,null
89,1/11/2008,2/11/2008,64.11599731,null,null,null,null,null,null,null,null,null,null,null,null,null,null,null,null,null,null,null,null,null,null,null,null,null,null,null,null,null,null,null,null,null
90,1/11/2008,2/11/2008,64.11599731,null,null,null,null,null,null,null,null,null,null,null,null,null,null,null,null,null,null,null,null,null,null,null,null,null,null,null,null,null,null,null,null,null
91,1/12/2008,2/12/2008,29.79199982,null,null,null,null,null,null,null,null,null,null,null,null,null,null,null,null,null,null,null,null,null,null,null,null,null,null,null,null,null,null,null,null,null
92,1/12/2008,2/12/2008,29.79199982,null,null,null,null,null,null,null,null,null,null,null,null,null,null,null,null,null,null,null,null,null,null,null,null,null,null,null,null,null,null,null,null,null
93,1/1/2009,2/1/2009,7.921000004,null,null,null,null,null,null,null,null,null,null,null,null,null,null,null,null,null,null,null,null,null,null,null,null,null,null,null,null,null,null,null,null,null
94,1/1/2009,2/1/2009,7.921000004,null,null,null,null,null,null,null,null,null,null,null,null,null,null,null,null,null,null,null,null,null,null,null,null,null,null,null,null,null,null,null,null,null
95,2/2/2009,3/2/2009,5.527999878,null,null,null,null,null,null,null,null,null,null,null,null,null,null,null,null,null,null,null,null,null,null,null,null,null,null,null,null,null,null,null,null,null
96,2/2/2009,3/2/2009,5.527999878,null,null,null,null,null,null,null,null,null,null,null,null,null,null,null,null,null,null,null,null,null,null,null,null,null,null,null,null,null,null,null,null,null
97,2/3/2009,3/3/2009,2.766000032,null,null,null,null,null,null,null,null,null,null,null,null,null,null,null,null,null,null,null,null,null,null,null,null,null,null,null,null,null,null,null,null,null
98,2/3/2009,3/3/2009,2.766000032,null,null,null,null,null,null,null,null,null,null,null,null,null,null,null,null,null,null,null,null,null,null,null,null,null,null,null,null,null,null,null,null,null
99,1/4/2009,2/4/2009,3.578999996,null,null,null,null,null,null,null,null,null,null,null,null,null,null,null,null,null,null,null,null,null,null,null,null,null,null,null,null,null,null,null,null,null
100,1/4/2009,2/4/2009,3.578999996,null,null,null,null,null,null,null,null,null,null,null,null,null,null,null,null,null,null,null,null,null,null,null,null,null,null,null,null,null,null,null,null,null
101,1/5/2009,2/5/2009,0.788999975,null,null,null,null,null,null,null,null,null,null,null,null,null,null,null,null,null,null,null,null,null,null,null,null,null,null,null,null,null,null,null,null,null
102,1/5/2009,2/5/2009,0.788999975,null,null,null,null,null,null,null,null,null,null,null,null,null,null,null,null,null,null,null,null,null,null,null,null,null,null,null,null,null,null,null,null,null
103,1/6/2009,2/6/2009,12.98900032,7.5,162,null,28.5,Clear,odour free,7.5,162,null,null,null,0.49,0.01,5.7,null,null,0,48,64.508,28.05,0.133,0,11.22,8.75,6.8,1.5,11.66,9.84,0,58.56,null,null,null
104,1/6/2009,2/6/2009,12.98900032,7.5,162,null,28.5,Clear,odour free,7.5,162,null,null,null,0.49,0.01,5.7,null,null,0,48,64.508,28.05,0.133,0,11.22,8.75,6.8,1.5,11.66,9.84,0,58.56,null,null,null
105,1/8/2009,2/8/2009,57.27500153,7.78,142,null,25,Brown,odour free,7.8,142,null,null,null,0.21,0.01,6.5,null,null,0,44,60.367,36.075,0.076,0,14.43,5.83,5.4,1.2,9.71,9.72,0,53.68,null,null,null
106,1/8/2009,2/8/2009,57.27500153,7.78,142,null,25,Brown,odour free,7.8,142,null,null,null,0.21,0.01,6.5,null,null,0,44,60.367,36.075,0.076,0,14.43,5.83,5.4,1.2,9.71,9.72,0,53.68,null,null,null
107,1/10/2009,2/10/2009,187.0249939,7.97,117,null,23.5,Light Brown,odour free,8,117,null,null,null,0.266,0.01,6.75,null,null,0,40,48.383,20.05,0,0,8.02,6.8,4.6,0.4,7.77,3.12,0,48.8,null,null,null
108,1/10/2009,2/10/2009,187.0249939,7.97,117,null,23.5,Light Brown,odour free,8,117,null,null,null,0.266,0.01,6.75,null,null,0,40,48.383,20.05,0,0,8.02,6.8,4.6,0.4,7.77,3.12,0,48.8,null,null,null
109,1/12/2009,2/12/2009,20.35899925,7.7,171,null,20,Clear,odour free,7.7,171,null,null,null,0.224,0.01,7.8,null,null,0,52,68.492,36.075,0,0,14.43,7.78,8.5,1.2,15.54,5.6,0,63.44,null,null,null
110,1/12/2009,2/12/2009,20.35899925,7.7,171,null,20,Clear,odour free,7.7,171,null,null,null,0.224,0.01,7.8,null,null,0,52,68.492,36.075,0,0,14.43,7.78,8.5,1.2,15.54,5.6,0,63.44,null,null,null
111,1/2/2010,2/2/2010,5.302000046,7.7,270,null,16,Clear,odour free,7.7,270,null,null,null,0.378,0.01,7.65,null,null,0,60.057,92.642,48.1,0,0,19.24,10.69,16.8,1,29.14,16.12,0,73.27,null,null,null
112,1/2/2010,2/2/2010,5.302000046,7.7,270,null,16,Clear,odour free,7.7,270,null,null,null,0.378,0.01,7.65,null,null,0,60.057,92.642,48.1,0,0,19.24,10.69,16.8,1,29.14,16.12,0,73.27,null,null,null
113,1/4/2010,2/4/2010,2.407000065,8.4,340,null,24,Clear,odour free,8.4,340,null,null,null,0.574,0.01,8.1,null,null,5.81,99.265,117.017,44.1,0.076,0,17.64,17.5,22.7,1.5,31.58,20.12,7,106.87,null,null,null
114,1/4/2010,2/4/2010,2.407000065,8.4,340,null,24,Clear,odour free,8.4,340,null,null,null,0.574,0.01,8.1,null,null,5.81,99.265,117.017,44.1,0.076,0,17.64,17.5,22.7,1.5,31.58,20.12,7,106.87,null,null,null
115,1/6/2010,1/6/2010,8.142000198,8.1,243,null,25,Clear,odour free,8.1,243,null,null,null,0.49,0.001,9.6,null,null,0,72,96.6,56.1,0.05,0.002,22.44,9.72,10.8,2.6,20.46,16.52,0,87.84,null,null,null
116,1/6/2010,1/6/2010,8.142000198,8.1,243,null,25,Clear,odour free,8.1,243,null,null,null,0.49,0.001,9.6,null,null,0,72,96.6,56.1,0.05,0.002,22.44,9.72,10.8,2.6,20.46,16.52,0,87.84,null,null,null
117,2/8/2010,5/8/2010,140.5500031,7.4,139,null,21,Brown,odour free,7.4,139,null,null,null,0.238,0.001,6.4,null,null,0,40,56.367,32.075,0.05,0.001,12.83,5.83,4.6,1.5,7.54,11,0,48.8,null,null,null
118,2/8/2010,5/8/2010,140.5500031,7.4,139,null,21,Brown,odour free,7.4,139,null,null,null,0.238,0.001,6.4,null,null,0,40,56.367,32.075,0.05,0.001,12.83,5.83,4.6,1.5,7.54,11,0,48.8,null,null,null
119,1/10/2010,2/10/2010,112.8809967,7.4,180,null,19,Brown,odour free,7.4,180,null,null,null,0.364,0.001,3.4,null,null,null,null,60.408,32.075,0.05,0.001,12.83,6.8,10.5,3.2,16.74,2.34,0,73.2,null,null,null
120,1/10/2010,2/10/2010,112.8809967,7.4,180,null,19,Brown,odour free,7.4,180,null,null,null,0.364,0.001,3.4,null,null,null,null,60.408,32.075,0.05,0.001,12.83,6.8,10.5,3.2,16.74,2.34,0,73.2,null,null,null
121,1/12/2010,2/12/2010,34.15000153,7.4,290,null,19,Clear,odour free,7.4,290,null,null,null,0.434,0.001,4.75,null,null,0,99.959,116.85,56.1,0.05,0.001,22.44,14.58,10.9,0.9,16.97,7.16,0,121.95,null,null,null
122,1/12/2010,2/12/2010,34.15000153,7.4,290,null,19,Clear,odour free,7.4,290,null,null,null,0.434,0.001,4.75,null,null,0,99.959,116.85,56.1,0.05,0.001,22.44,14.58,10.9,0.9,16.97,7.16,0,121.95,null,null,null
123,1/2/2011,2/2/2011,9.201999664,8,220,null,16,Clear,odour free,8,220,null,null,null,0.35,0.001,6.9,null,null,null,null,84.6,44.1,0.05,0.001,17.64,9.72,10.8,1.1,16.97,3.28,0,100.43,null,null,null
124,1/2/2011,2/2/2011,9.201999664,8,220,null,16,Clear,odour free,8,220,null,null,null,0.35,0.001,6.9,null,null,null,null,84.6,44.1,0.05,0.001,17.64,9.72,10.8,1.1,16.97,3.28,0,100.43,null,null,null
125,1/4/2011,2/4/2011,3.309999943,8.1,370,null,25.5,Clear,odour free,8.1,370,null,null,null,0.546,0.001,9.5,null,null,0,111.721,132.917,68.125,0.05,0.001,27.25,15.55,22,1.2,28.29,22.92,0,136.3,null,null,null
126,1/4/2011,2/4/2011,3.309999943,8.1,370,null,25.5,Clear,odour free,8.1,370,null,null,null,0.546,0.001,9.5,null,null,0,111.721,132.917,68.125,0.05,0.001,27.25,15.55,22,1.2,28.29,22.92,0,136.3,null,null,null
127,1/6/2011,2/6/2011,9.112000465,8.2,230,null,null,Clear,odour free,8.2,230,null,null,null,0.363,0.01,12,null,null,0,87.77,92.642,48.1,0.05,0.01,19.24,10.69,10.6,1.2,16.97,21.72,0,107.08,null,null,null
128,1/6/2011,2/6/2011,9.112000465,8.2,230,null,null,Clear,odour free,8.2,230,null,null,null,0.363,0.01,12,null,null,0,87.77,92.642,48.1,0.05,0.01,19.24,10.69,10.6,1.2,16.97,21.72,0,107.08,null,null,null
129,1/8/2011,2/8/2011,36.5379982,8.15,190,null,25.7,Brown,odour free,8.15,190,null,null,null,0.405,0.01,9,null,null,0,83.156,84.492,48.075,0.05,0.01,19.23,8.74,7.3,1,11.31,4.24,0,101.45,null,null,null
130,1/8/2011,2/8/2011,36.5379982,8.15,190,null,25.7,Brown,odour free,8.15,190,null,null,null,0.405,0.01,9,null,null,0,83.156,84.492,48.075,0.05,0.01,19.23,8.74,7.3,1,11.31,4.24,0,101.45,null,null,null
131,1/10/2011,2/10/2011,202.7810059,7.7,135,null,32.5,Light Brown,odour free,7.7,135,null,null,null,0.363,0.01,12,null,null,0,73.918,52.158,44.075,0.05,0.01,17.63,1.94,4,0.6,11.32,2.08,0,90.18,null,null,null
132,1/10/2011,2/10/2011,202.7810059,7.7,135,null,32.5,Light Brown,odour free,7.7,135,null,null,null,0.363,0.01,12,null,null,0,73.918,52.158,44.075,0.05,0.01,17.63,1.94,4,0.6,11.32,2.08,0,90.18,null,null,null
133,1/12/2011,2/12/2011,15.00399971,7.35,220,null,25.8,Light Brown,odour free,7.35,220,null,null,null,0.363,0.01,9,null,null,0,18.475,52.2,40.075,0.05,0.01,16.03,2.91,7.2,0.7,20.74,2.44,0,22.54,null,null,null
134,1/12/2011,2/12/2011,15.00399971,7.35,220,null,25.8,Light Brown,odour free,7.35,220,null,null,null,0.363,0.01,9,null,null,0,18.475,52.2,40.075,0.05,0.01,16.03,2.91,7.2,0.7,20.74,2.44,0,22.54,null,null,null
135,1/2/2012,2/2/2012,11.16300011,8.2,210,null,22.9,Clear,odour free,8.2,210,null,null,null,0.363,0.01,9,null,null,0,87.77,120.85,60.1,0.05,0.01,24.04,14.58,11,1.1,16.97,4.88,0,107.08,null,null,null
136,1/2/2012,2/2/2012,11.16300011,8.2,210,null,22.9,Clear,odour free,8.2,210,null,null,null,0.363,0.01,9,null,null,0,87.77,120.85,60.1,0.05,0.01,24.04,14.58,11,1.1,16.97,4.88,0,107.08,null,null,null
137,2/4/2012,3/4/2012,2.108999968,7.6,260,null,null,Clear,odour free,7.6,260,null,null,null,0.419,0.01,9,null,null,0,106.254,100.442,76.15,0.05,0.01,30.46,5.83,18.2,1.1,33.95,21.76,0,129.63,null,null,null
138,2/4/2012,3/4/2012,2.108999968,7.6,260,null,null,Clear,odour free,7.6,260,null,null,null,0.419,0.01,9,null,null,0,106.254,100.442,76.15,0.05,0.01,30.46,5.83,18.2,1.1,33.95,21.76,0,129.63,null,null,null
139,1/6/2012,2/6/2012,3.621000051,7.4,180,null,23.6,Clear,odour free,7.4,180,null,null,null,0.995,0.001,18.6,null,null,null,null,99.833,49,0.05,0.001,19.6,12.2,14.3,5.6,22.6,6.2,0,124.6,null,null,null
140,1/6/2012,2/6/2012,3.621000051,7.4,180,null,23.6,Clear,odour free,7.4,180,null,null,null,0.995,0.001,18.6,null,null,null,null,99.833,49,0.05,0.001,19.6,12.2,14.3,5.6,22.6,6.2,0,124.6,null,null,null
141,1/8/2012,2/8/2012,150.0559998,7.5,121,null,29.6,Brown,odour free,7.5,121,null,null,null,0.953,0.01,24.3,null,null,null,null,60.325,40.075,0.05,0.001,16.03,4.86,2.9,1.2,9.43,9.88,0,90.18,null,null,null
142,1/8/2012,2/8/2012,150.0559998,7.5,121,null,29.6,Brown,odour free,7.5,121,null,null,null,0.953,0.01,24.3,null,null,null,null,60.325,40.075,0.05,0.001,16.03,4.86,2.9,1.2,9.43,9.88,0,90.18,null,null,null
143,1/10/2012,3/10/2012,111.625,7.32,210,null,26.3,Clear,odour free,7.3,210,null,null,null,0.897,0.001,22.6,null,null,null,null,72.75,46.5,0.05,0.001,18.6,6.3,12.4,3.2,22.36,6.3,0,112.6,null,null,null
144,1/10/2012,3/10/2012,111.625,7.32,210,null,26.3,Clear,odour free,7.3,210,null,null,null,0.897,0.001,22.6,null,null,null,null,72.75,46.5,0.05,0.001,18.6,6.3,12.4,3.2,22.36,6.3,0,112.6,null,null,null
145,1/12/2012,3/12/2012,12.70300007,7.2,195,null,20.3,Clear,odour free,7.2,195,null,null,null,1.107,0.001,22.6,null,null,null,null,82.75,44,0.05,0.001,17.6,9.3,12.8,4.2,25.8,6.8,0,183.6,null,null,null
146,1/12/2012,3/12/2012,12.70300007,7.2,195,null,20.3,Clear,odour free,7.2,195,null,null,null,1.107,0.001,22.6,null,null,null,null,82.75,44,0.05,0.001,17.6,9.3,12.8,4.2,25.8,6.8,0,183.6,null,null,null
147,1/2/2013,2/2/2013,3.400000095,7.4,220,null,null,Clear,odour free,7.4,220,null,null,null,0.967,0.001,18.36,null,null,null,null,99.042,66.625,0.05,0.001,26.65,7.78,21.6,1.1,18.86,20.36,0,118.36,null,null,null
148,1/2/2013,2/2/2013,3.400000095,7.4,220,null,null,Clear,odour free,7.4,220,null,null,null,0.967,0.001,18.36,null,null,null,null,99.042,66.625,0.05,0.001,26.65,7.78,21.6,1.1,18.86,20.36,0,118.36,null,null,null
149,1/4/2013,2/4/2013,2.131000042,7.25,230,null,28,Clear,odour free,7.3,230,null,null,null,1.163,0.001,18.6,null,null,null,null,62.75,36.5,0.05,0.001,14.6,6.3,12.4,6.3,22.1,6.2,0,122.3,null,null,null
150,1/4/2013,2/4/2013,2.131000042,7.25,230,null,28,Clear,odour free,7.3,230,null,null,null,1.163,0.001,18.6,null,null,null,null,62.75,36.5,0.05,0.001,14.6,6.3,12.4,6.3,22.1,6.2,0,122.3,null,null,null
151,1/6/2013,2/6/2013,15.20699978,7.6,230,null,24,null,null,7.6,230,null,null,null,0.392,0.001,9.2,null,null,null,null,70.167,46,0.05,0.001,18.4,5.8,11.8,1.8,25.6,20.3,0,68.2,null,null,null
152,1/6/2013,2/6/2013,15.20699978,7.6,230,null,24,null,null,7.6,230,null,null,null,0.392,0.001,9.2,null,null,null,null,70.167,46,0.05,0.001,18.4,5.8,11.8,1.8,25.6,20.3,0,68.2,null,null,null
153,1/8/2013,2/8/2013,834.9260254,7.65,220,null,32.2,Clear,odour free,7.65,220,null,null,null,0.336,0.001,8.2,null,null,null,null,82.333,56.5,0.05,0.001,22.6,6.2,12.4,1.6,25.8,18.6,0,76.2,null,null,null
154,1/8/2013,2/8/2013,834.9260254,7.65,220,null,32.2,Clear,odour free,7.65,220,null,null,null,0.336,0.001,8.2,null,null,null,null,82.333,56.5,0.05,0.001,22.6,6.2,12.4,1.6,25.8,18.6,0,76.2,null,null,null
155,1/10/2013,2/10/2013,780.6019897,7.45,93,null,32,Brown,odour free,7.4,93,null,null,null,0.504,0.001,9.6,null,null,null,null,52.417,40.75,0.05,0.001,16.3,2.8,8.6,0.8,16.2,18.6,0,66.2,null,null,null
156,1/10/2013,2/10/2013,780.6019897,7.45,93,null,32,Brown,odour free,7.4,93,null,null,null,0.504,0.001,9.6,null,null,null,null,52.417,40.75,0.05,0.001,16.3,2.8,8.6,0.8,16.2,18.6,0,66.2,null,null,null
157,2/12/2013,3/12/2013,96.03800201,7.51,144,null,23.4,Clear,odour free,7.5,144,null,null,null,0.911,0.001,11.2,null,null,null,null,56.333,40.5,0.05,0.001,16.2,3.8,10.8,1.2,20.6,22.8,0,88.2,null,null,null
158,2/12/2013,3/12/2013,96.03800201,7.51,144,null,23.4,Clear,odour free,7.5,144,null,null,null,0.911,0.001,11.2,null,null,null,null,56.333,40.5,0.05,0.001,16.2,3.8,10.8,1.2,20.6,22.8,0,88.2,null,null,null
159,1/2/2014,2/2/2014,12.55900002,7.6,194,null,22.5,Clear,odour free,7.6,194,null,null,null,0.897,0.001,7.8,null,null,null,null,62.167,40.5,0.05,0.001,16.2,5.2,11.5,1.4,18.2,20.4,0,106.8,null,null,null
160,1/2/2014,2/2/2014,12.55900002,7.6,194,null,22.5,Clear,odour free,7.6,194,null,null,null,0.897,0.001,7.8,null,null,null,null,62.167,40.5,0.05,0.001,16.2,5.2,11.5,1.4,18.2,20.4,0,106.8,null,null,null
161,1/4/2014,2/4/2014,50.88000107,8.05,186,null,27,Clear,odour free,8.1,186,null,null,null,0.729,0.001,9.8,null,null,null,null,50.917,38,0.05,0.001,15.2,3.1,12.3,2.6,25.3,21.2,0,92.6,null,null,null
162,1/4/2014,2/4/2014,50.88000107,8.05,186,null,27,Clear,odour free,8.1,186,null,null,null,0.729,0.001,9.8,null,null,null,null,50.917,38,0.05,0.001,15.2,3.1,12.3,2.6,25.3,21.2,0,92.6,null,null,null
163,2/6/2014,3/6/2014,null,8.1,320,null,29.5,Clear,odour free,8.1,320,null,null,null,0.995,0.001,6,null,null,null,null,108.667,64.125,0.05,0.001,25.65,10.69,22.6,1.1,15.09,24.48,0,102.38,null,null,null
164,1/8/2014,2/8/2014,null,7.75,210,null,27.3,Light Brown,odour free,7.75,210,null,null,null,0.953,0.001,8,null,null,null,null,100.783,44.075,0.05,0.001,17.63,13.61,4.5,1.4,9.43,11.4,0,56.36,null,null,null
165,1/9/2014,2/9/2014,null,null,null,null,null,null,null,null,null,null,null,null,null,null,null,null,null,null,null,null,null,null,null,null,null,null,null,null,null,null,null,null,null,null
166,1/10/2014,2/10/2014,null,7.6,190,null,26.5,Light Brown,odour free,7.6,190,null,null,null,1.135,0.001,8,null,null,null,null,104.583,68.125,0.05,0.001,27.25,8.75,3.1,1.8,15.09,3.72,0,85.54,null,null,null
167,1/12/2014,2/12/2014,null,7.6,270,null,24,Clear,odour free,7.6,270,null,null,null,1.233,0.001,6,null,null,null,null,99.142,54.6,0.05,0.001,21.84,10.69,9.8,1.1,16.97,4.52,0,107.08,null,null,null
