Standard Parameter Analysis Data of : Hanskhali (GHC00N7)
Laboratory : BEHRAMPORE 
Period : January-2001 To January-2015 
S.No.,Date_of_Collection,Date_of_Receipt,Discharge(cumecs),pH_FLD,EC_FLD(umho/cm),DO(mg/l),Water Temp(deg C),Colour,Odour,pH_GEN,EC_GEN(umho/cm),TDS(mg/l),SS(mg/l),NH3(mg N/l),NO2+NO3(mg N/l),Total_Nutrients(mg P/l),SiO2(mg/l),BOD(mg/l),COD(mg/l),Phen(mg CaCO3/l),Total_Alkallnity(mg CaCO3/l),Total_Hardness(mg CaCO3/l),Ca_Hardness(mg CaCO3/l),F(mg/l),B(mg/l),Ca_Major_Ions(mg/l),Mg(mg/l),Na(mg/l),K(mg/l),Cl(mg/l),SO4(mg/l),CO3(mg/l),HCO3(mg/l),Total_Coliforms(MPN/100ml),Faecal(MPN/100ml),Chlorophyll-A(ug/L)
1,01/06/2001,02/06/2001,null,null,null,null,null,null,null,null,null,null,null,null,null,null,null,null,null,null,null,null,null,null,null,null,null,null,null,null,null,null,null,null,null,null
2,01/07/2001,02/07/2001,null,7.9,329,null,30,null,odour free,null,null,null,null,null,null,null,null,null,null,.007,3.579,8.225,3.225,null,null,1.29,1.2,.43,.07,.47,.072,.008,4.35,null,null,null
3,01/08/2001,02/08/2001,null,8.1,217,null,30,null,odour free,null,null,null,null,null,null,null,null,null,null,.133,2.226,7.667,3,null,null,1.2,1.12,.26,.1,.28,.24,.16,2.39,null,null,null
4,01/09/2001,02/09/2001,null,7.9,241,null,30.5,null,odour free,null,null,null,null,null,null,null,null,null,null,.133,2.234,7.4,4.525,null,null,1.81,.69,.24,.13,.28,.45,.16,2.4,null,null,null
5,01/10/2001,02/10/2001,null,7.6,213,null,30,null,odour free,null,null,null,null,null,null,null,null,null,null,.282,3.108,8.808,5.6,null,null,2.24,.77,.35,.15,.31,.22,.34,3.1,null,null,null
6,01/11/2001,,null,null,null,null,null,null,null,null,null,null,null,null,null,null,null,null,null,null,null,null,null,null,null,null,null,null,null,null,null,null,null,null,null,null
7,01/12/2001,02/12/2001,null,8,623,null,26.7,null,odour free,null,null,null,null,null,null,null,null,null,null,.066,6.174,12.692,10.525,null,null,4.21,.52,.65,.12,.31,.08,.08,7.37,null,null,null
8,01/01/2002,02/01/2002,null,8.2,675,null,21,null,odour free,null,null,null,null,null,null,null,null,null,null,.133,5.103,12.458,9.25,null,null,3.7,.77,.7,.13,.41,.08,.16,5.9,null,null,null
9,01/02/2002,02/02/2002,null,8.1,635,null,21,null,odour free,null,null,null,null,null,null,null,null,null,null,.266,5.755,15.1,10.1,null,null,4.04,1.2,.65,.14,.31,.02,.32,6.37,null,null,null
10,01/03/2002,02/03/2002,null,7.8,757,null,24,null,odour free,null,null,null,null,null,null,null,null,null,null,.013,5.674,13.308,10.1,null,null,4.04,.77,.74,.1,.39,.09,.016,6.89,null,null,null
11,01/04/2002,02/04/2002,null,7.9,612,null,27.5,null,odour free,null,null,null,null,null,null,null,null,null,null,.266,6.115,9.817,9.025,null,null,3.61,.19,.86,.76,.41,.02,.32,6.81,null,null,null
12,01/05/2002,02/05/2002,null,7.8,709,null,30.5,null,odour free,null,null,null,null,null,null,null,null,null,null,.266,6.115,15.392,8.6,null,null,3.44,1.63,.74,.19,.41,.01,.32,6.81,null,null,null
13,01/06/2002,02/06/2002,null,7.8,670,null,32,null,odour free,null,null,null,null,null,null,null,null,null,null,.332,6.183,10.675,8.175,null,null,3.27,.6,.74,.15,.41,.12,.4,6.73,null,null,null
14,01/07/2002,02/07/2002,null,7.8,396,null,31.5,null,odour free,null,null,null,null,null,null,null,null,null,null,.199,3.597,9.375,6.875,null,null,2.75,.6,.35,.09,.26,.02,.24,3.9,null,null,null
15,01/08/2002,02/08/2002,null,8.1,240,null,31.5,null,odour free,null,null,null,null,null,null,null,null,null,null,.066,2.125,6.517,4.725,null,null,1.89,.43,.3,.14,.25,.26,.08,2.43,null,null,null
16,01/09/2002,02/09/2002,null,7.7,313,null,31,null,odour free,null,null,null,null,null,null,null,null,null,null,null,null,8.683,4.725,null,null,1.89,.95,.48,.17,.3,.17,null,3.07,null,null,null
17,01/10/2002,02/10/2002,null,7.9,342,null,30.9,null,odour free,null,null,null,null,null,null,null,null,null,null,.066,2.519,9.558,5.6,null,null,2.24,.95,.48,.12,.25,.09,.08,2.91,null,null,null
18,01/11/2002,02/11/2002,null,7.9,590,null,27.25,null,odour free,null,null,null,null,null,null,null,null,null,null,.332,5.536,12.85,7.1,null,null,2.84,1.38,.69,.12,.41,.13,.4,5.94,null,null,null
19,01/12/2002,02/12/2002,null,7.9,647,null,24.6,null,odour free,null,null,null,null,null,null,null,null,null,null,.241,5.754,15.192,10.525,null,null,4.21,1.12,.87,.13,.46,.09,.29,6.43,null,null,null
20,01/01/2003,02/01/2003,null,7.8,715,null,21.5,null,odour free,null,null,null,null,null,null,null,null,null,null,null,null,15,9.25,null,null,3.7,1.38,1.1,.14,.36,.01,null,7.43,null,null,null
21,01/02/2003,02/02/2003,null,7.7,729,null,21.4,null,odour free,null,null,null,null,null,null,null,null,null,null,.012,5.573,16.958,8.375,null,null,3.35,2.06,.92,.12,.36,.09,.014,6.77,null,null,null
22,01/03/2003,02/03/2003,null,7.8,735,null,27.5,null,odour free,null,null,null,null,null,null,null,null,null,null,.116,5.299,15.042,10.75,null,null,4.3,1.03,.91,.12,.34,.09,.14,6.18,null,null,null
23,01/04/2003,02/04/2003,null,7.8,676,null,28.4,null,odour free,null,null,null,null,null,null,null,null,null,null,.058,5.6,14.742,10.525,null,null,4.21,1.012,1.02,.17,.46,.01,.07,6.69,null,null,null
24,01/05/2003,02/05/2003,null,7.8,701,null,31.4,null,odour free,null,null,null,null,null,null,null,null,null,null,.183,6.293,16.475,8.6,null,null,3.44,1.89,1.07,.13,.41,.02,.22,7.23,null,null,null
25,01/06/2003,02/06/2003,null,7.7,715,null,33,null,odour free,null,null,null,null,null,null,null,null,null,null,.299,5.526,8.9,6.025,null,null,2.41,.69,1.3,.19,.36,null,.36,6.01,null,null,null
26,01/07/2003,02/07/2003,null,8.1,461,null,29.5,null,odour free,null,null,null,null,null,null,null,null,null,null,.116,4.151,12.617,7.95,null,null,3.18,1.12,.78,.14,.36,null,.14,4.78,null,null,null
27,01/08/2003,02/08/2003,null,8.3,218,null,29.5,null,odour free,null,null,null,null,null,null,null,null,null,null,.116,1.791,6.375,3.875,null,null,1.55,.6,.46,.12,.32,null,.14,1.9,null,null,null
28,01/09/2003,02/09/2003,null,7.9,221,null,31,null,odour free,null,null,null,null,null,null,null,null,null,null,.058,1.945,6.858,3.65,null,null,1.46,.77,.63,.15,.29,null,.07,2.23,null,null,null
29,01/10/2003,02/10/2003,null,8.4,265,null,30.2,null,odour free,null,null,null,null,null,null,null,null,null,null,.241,2.401,9.725,4.725,null,null,1.89,1.2,.57,.14,.32,null,.29,2.34,null,null,null
30,01/11/2003,02/11/2003,null,7.9,362,null,28,null,odour free,null,null,null,null,null,null,null,null,null,null,.241,3.844,11.542,6.875,null,null,2.75,1.12,.87,.13,.29,null,.29,4.1,null,null,null
31,01/12/2003,02/12/2003,null,8.1,652,null,23,null,odour free,null,null,null,null,null,null,null,null,null,null,.241,6.262,12.117,10.325,null,null,4.13,.43,.81,.12,.36,null,.29,7.05,null,null,null
32,01/01/2004,02/01/2004,null,7.8,657,null,21,null,odour free,null,null,null,null,null,null,null,null,null,null,.183,6.826,16.208,12.25,null,null,4.9,.95,1.26,.13,.36,null,.22,7.88,null,null,null
33,01/02/2004,02/02/2004,null,8.1,687,null,22.2,null,odour free,null,null,null,null,null,null,null,null,null,null,null,null,15.975,10.975,null,null,4.39,1.2,1.5,.13,.36,null,null,8.63,null,null,null
34,01/03/2004,02/03/2004,null,8.1,688,null,24.5,null,odour free,null,null,null,null,null,null,null,null,null,null,null,null,16.175,11.175,null,null,4.47,1.2,1,.11,.44,null,null,8.45,null,null,null
35,01/04/2004,02/04/2004,null,8,675,null,29.5,null,odour free,null,null,null,null,null,null,null,null,null,null,.183,4.76,15.533,9.45,null,null,3.78,1.46,1.18,.15,.32,null,.22,5.36,null,null,null
36,01/05/2004,02/05/2004,null,8.12,625,null,32,null,odour free,null,null,null,null,null,null,null,null,null,null,.357,5.463,13.9,6.025,null,null,2.41,1.89,1.36,.12,.56,null,.43,5.79,null,null,null
37,01/06/2004,02/06/2004,null,8,692,null,32.5,null,odour free,null,null,null,null,null,null,null,null,null,null,.299,6.616,15.325,10.325,null,null,4.13,1.2,1.7,.18,.41,.09,.36,7.34,null,null,null
38,01/07/2004,02/07/2004,null,8.2,504,null,31.5,null,odour free,null,null,null,null,null,null,null,null,null,null,.473,4.843,12.533,6.45,null,null,2.58,1.46,1.31,.12,.36,.02,.57,4.75,null,null,null
39,01/08/2004,02/08/2004,null,8,212,null,31.4,null,odour free,null,null,null,null,null,null,null,null,null,null,.241,2.033,6.158,2.575,null,null,1.03,.86,.57,.1,.26,.16,.29,1.89,null,null,null
40,01/09/2004,01/09/2004,null,8.1,226,null,29.4,null,odour free,null,null,null,null,null,null,null,null,null,null,null,null,6.575,4.075,null,null,1.63,.6,.65,.12,.33,.26,null,2.46,null,null,null
41,01/10/2004,01/10/2004,null,7.7,255,null,31,null,odour free,null,null,null,null,null,null,null,null,null,null,null,null,7.517,4.725,null,null,1.89,.67,.66,.12,.26,.02,null,2.89,null,null,null
42,01/11/2004,01/11/2004,null,7.7,371,null,27.5,null,odour free,null,null,null,null,null,null,null,null,null,null,null,null,10.975,5.6,null,null,2.24,1.29,.74,.1,.3,.02,null,5.14,null,null,null
43,01/12/2004,02/12/2004,null,7.9,627,null,24,null,odour free,null,null,null,null,null,null,null,null,null,null,.241,7.041,15.642,10.975,null,null,4.39,1.12,1.17,.37,.03,.03,.29,8,null,null,null
44,01/01/2005,02/01/2005,null,8,682,null,22,null,odour free,null,null,null,null,null,null,null,null,null,null,null,null,12.2,11.825,null,null,4.73,.09,1.15,.09,.4,.02,null,8.89,null,null,null
45,01/02/2005,02/02/2005,null,7.9,679,null,22,null,odour free,null,null,null,null,null,null,null,null,null,null,null,null,17.05,12.05,null,null,4.82,1.2,1.05,.1,.35,.01,null,8.68,null,null,null
46,01/03/2005,02/03/2005,null,7.9,684,null,27,null,odour free,null,null,null,null,null,null,null,null,null,null,null,null,14.325,11.825,null,null,4.73,.6,1.1,.09,.37,.02,null,8.21,null,null,null
47,01/04/2005,02/04/2005,null,7.9,634,null,28.5,null,odour free,null,null,null,null,null,null,null,null,null,null,null,null,13.483,9.9,null,null,3.96,.86,.96,.11,.37,.03,null,6.82,null,null,null
48,01/05/2005,02/05/2005,null,8,656,null,30.7,null,odour free,null,null,null,null,null,null,null,null,null,null,null,null,12.058,10.975,null,null,4.39,.26,1.26,.09,.4,.03,null,6.57,null,null,null
49,01/06/2005,02/06/2005,null,7.9,631,null,33,null,odour free,null,null,null,null,null,null,null,null,null,null,.036,4.26,14.908,8.825,null,null,3.53,1.46,1.04,.15,.4,.003,.043,5.11,null,null,null
50,01/07/2005,02/07/2005,null,8.1,631,null,30.2,null,odour free,null,null,null,null,null,null,null,null,null,null,null,null,17.608,9.025,null,null,3.61,2.06,1.48,.18,.42,.02,null,6.86,null,null,null
51,01/08/2005,02/08/2005,null,8.1,197,null,31,null,odour free,null,null,null,null,null,null,null,null,null,null,.183,1.867,7.017,5.6,null,null,2.24,.34,.57,.09,.26,.44,.22,1.83,null,null,null
52,01/09/2005,02/09/2005,null,7.6,220,null,30.6,null,odour free,null,null,null,null,null,null,null,null,null,null,.116,2.078,9.817,5.15,null,null,2.06,1.12,.53,.09,.33,.17,.14,2.25,null,null,null
53,01/10/2005,02/10/2005,null,7.9,259,null,29.7,null,odour free,null,null,null,null,null,null,null,null,null,null,null,null,8.108,4.525,null,null,1.81,.86,1.02,.15,.3,.31,null,2.81,null,null,null
54,01/11/2005,01/11/2005,null,7.7,264,null,28.5,null,odour free,null,null,null,null,null,null,null,null,null,null,null,null,9.008,5.8,null,null,2.32,.77,.61,.09,.28,.03,null,2.7,null,null,null
55,01/12/2005,02/12/2005,null,8.2,411,null,23.2,null,odour free,null,null,null,null,null,null,null,null,null,null,.29,4.985,18.917,9.25,null,null,3.7,2.32,1,.09,.45,.02,.35,5.37,null,null,null
56,01/01/2006,02/01/2006,null,7.8,644,null,22,null,odour free,null,null,null,null,null,null,null,null,null,null,null,null,14.183,10.975,null,null,4.39,.77,1.01,.1,.35,.02,null,10.18,null,null,null
57,01/02/2006,02/02/2006,null,7.7,694,null,22.3,null,odour free,null,null,null,null,null,null,null,null,null,null,null,null,12.592,11.175,null,null,4.47,.34,.96,.1,.38,.02,null,7.23,null,null,null
58,01/03/2006,02/03/2006,null,7.7,715,null,27.9,null,odour free,null,null,null,null,null,null,null,null,null,null,.174,6.104,11.883,11.175,null,null,4.47,.17,1.13,.14,.38,.01,.21,7.02,null,null,null
59,01/04/2006,02/04/2006,null,7.6,732,null,28.8,null,odour free,null,null,null,null,null,null,null,null,null,null,null,null,16.892,10.1,null,null,4.04,1.63,1.57,.13,.42,.04,null,6.52,null,null,null
60,01/05/2006,02/05/2006,null,7.7,688,null,31.8,null,odour free,null,null,null,null,null,null,null,null,null,null,.232,5.754,15.258,12.05,null,null,4.82,.77,.96,.12,.42,.03,.28,6.45,null,null,null
61,01/06/2006,02/06/2006,null,7.9,625,null,32.6,null,odour free,null,null,null,null,null,null,null,null,null,null,.34,null,21.142,3.225,null,null,1.29,4.3,1.3,.1,.35,.01,.41,null,null,null,null
62,01/07/2006,02/07/2006,null,8,573,null,32,null,odour free,null,null,null,null,null,null,null,null,null,null,.515,null,15.75,10.75,null,null,4.3,1.2,1.3,.13,.42,.01,.62,null,null,null,null
63,01/08/2006,02/08/2006,null,8,246,null,30.5,null,odour free,null,null,null,null,null,null,null,null,null,null,.232,null,6.258,4.3,null,null,1.72,.47,.77,.1,.3,.02,.28,null,null,null,null
64,01/09/2006,01/09/2006,null,8.1,229,null,30.9,null,odour free,null,null,null,null,null,null,null,null,null,null,.174,null,15.533,11.575,null,null,4.63,.95,.7,.09,.33,.35,.21,null,null,null,null
65,01/10/2006,02/10/2006,null,8.1,261,null,30.8,null,odour free,null,null,null,null,null,null,null,null,null,null,.116,null,9.392,4.725,null,null,1.89,1.12,.74,.11,.37,.03,.14,null,null,null,null
66,01/11/2006,02/11/2006,null,7.6,551,null,27.5,null,odour free,null,null,null,null,null,null,null,null,null,null,null,null,14.683,8.6,null,null,3.44,1.46,1.13,.12,.33,.02,null,null,null,null,null
67,01/12/2006,02/12/2006,null,7.7,711,null,22.5,null,odour free,null,null,null,null,null,null,null,null,null,null,null,null,21.267,11.6,null,null,4.64,2.32,1.3,.1,.4,.03,null,null,null,null,null
68,01/01/2007,02/01/2007,null,7.6,795,null,21.5,null,odour free,null,null,null,null,null,null,null,null,null,null,null,null,19.642,12.475,null,null,4.99,1.72,1.15,.11,.4,.01,null,null,null,null,null
69,01/02/2007,02/02/2007,null,7.8,634,null,22.4,null,odour free,null,null,null,null,null,null,null,null,null,null,null,null,16.008,12.05,null,null,4.82,.95,.96,.13,.52,.01,null,null,null,null,null
70,01/03/2007,02/03/2007,null,7.4,671,null,26,null,odour free,null,null,null,null,null,null,null,null,null,null,.116,null,19.558,10.975,null,null,4.39,2.06,1.22,.09,.4,.01,.14,null,null,null,null
71,01/04/2007,02/04/2007,null,7.4,726,null,30.5,null,odour free,null,null,null,null,null,null,null,null,null,null,.299,null,17.1,11.6,null,null,4.64,1.32,1.23,.16,.35,.01,.36,null,null,null,null
72,01/05/2007,02/05/2007,null,7.6,649,null,33,null,odour free,null,null,null,null,null,null,null,null,null,null,.415,null,19.225,10.975,null,null,4.39,1.98,1.14,.09,.34,.1,.5,null,null,null,null
73,01/06/2007,02/06/2007,null,7.8,686,null,35,null,odour free,null,null,null,null,null,null,null,null,null,null,null,null,16.4,11.4,null,null,4.56,1.2,1.3,.09,.38,null,null,5.79,null,null,null
74,01/07/2007,02/07/2007,null,8.1,597,null,31.6,null,odour free,null,null,null,null,null,null,null,null,null,null,null,null,17.483,11.4,null,null,4.56,1.46,1.43,.15,.36,.008,null,5.93,null,null,null
75,01/08/2007,02/08/2007,null,8,183,null,30,null,odour free,null,null,null,null,null,null,null,null,null,null,.249,2.082,6.583,3,null,null,1.2,.86,.52,.11,.28,.03,.3,1.93,null,null,null
76,01/09/2007,02/09/2007,null,7.7,282,null,32.3,null,odour free,null,null,null,null,null,null,null,null,null,null,.124,1.98,7.508,4.3,null,null,1.72,.77,.85,.12,.36,.04,.15,2.11,null,null,null
77,01/10/2007,02/10/2007,null,7.2,292,null,31,null,odour free,null,null,null,null,null,null,null,null,null,null,.124,2.16,8.025,5.15,null,null,2.06,.69,.7,.11,.26,.01,.15,2.33,null,null,null
78,01/11/2007,02/11/2007,null,7.5,417,null,25,null,odour free,null,null,null,null,null,null,null,null,null,null,null,null,10.65,8.15,null,null,3.26,.6,1.01,.11,.32,.04,null,4.41,null,null,null
79,01/12/2007,02/12/2007,null,7.3,755,null,24.5,null,odour free,null,null,null,null,null,null,null,null,null,null,null,null,16.925,11.175,null,null,4.47,1.38,1.17,.03,.036,.01,null,6.56,null,null,null
80,01/01/2008,02/01/2008,null,7.8,653,null,21,null,odour free,null,null,null,null,null,null,null,null,null,null,null,null,15.183,11.6,null,null,4.64,.86,1.28,.08,.38,.01,null,7.33,null,null,null
81,01/02/2008,02/02/2008,null,7.2,697,null,20,null,odour free,null,null,null,null,null,null,null,null,null,null,6.117,null,14.117,12.325,null,null,4.93,.43,1.03,.38,.01,null,7.37,null,null,null,null
82,01/03/2008,02/03/2008,null,6.8,672,null,26.1,null,odour free,null,null,null,null,null,null,null,null,null,null,null,null,19.7,11.825,null,null,4.73,1.89,1.16,.07,.38,.01,null,7.3,null,null,null
83,01/04/2008,02/04/2008,null,8.1,633,null,29,null,odour free,null,null,null,null,null,null,null,null,null,null,.183,6.162,29.275,11.4,null,null,4.56,4.29,1,.11,.46,.01,.22,7.07,null,null,null
84,01/05/2008,02/05/2008,null,8.2,662,null,31.6,null,odour free,null,null,null,null,null,null,null,null,null,null,.124,5.775,13.9,11.4,null,null,4.56,.6,1.21,.11,.43,.01,.15,6.74,null,null,null
85,01/06/2008,02/06/2008,null,8,517,null,33.5,null,odour free,null,null,null,null,null,null,null,null,null,null,.365,5.225,9.233,6.025,null,null,2.41,.77,1.09,.1,.54,.01,.44,5.48,null,null,null
86,01/07/2008,02/07/2008,null,8.1,646,null,28.3,null,odour free,null,null,null,null,null,null,null,null,null,null,null,null,18.575,10.325,null,null,4.13,1.98,1.07,.12,.4,.05,null,6.48,null,null,null
87,01/08/2008,02/08/2008,null,8.4,192,null,31,null,odour free,null,null,null,null,null,null,null,null,null,null,.124,1.947,7.933,4.725,null,null,1.89,.77,.87,.08,.38,.03,.15,2.07,null,null,null
88,01/09/2008,02/09/2008,null,8.3,263,null,30.5,null,odour free,null,null,null,null,null,null,null,null,null,null,.124,2.299,7.225,4.725,null,null,1.89,.6,.85,.09,.38,.04,.15,2.5,null,null,null
89,01/10/2008,02/10/2008,null,8.5,240,null,28.6,null,odour free,null,null,null,null,null,null,null,null,null,null,.307,2.256,7.283,4.075,null,null,1.63,.77,.77,.11,.32,.02,.37,2,null,null,null
90,01/11/2008,02/11/2008,null,7.9,480,null,28,null,odour free,null,null,null,null,null,null,null,null,null,null,null,null,13.608,7.525,null,null,3.01,1.46,.91,.07,.46,.1,null,4.56,null,null,null
91,01/12/2008,02/12/2008,null,8,677,null,24.5,null,odour free,null,null,null,null,null,null,null,null,null,null,0,3.738,15.817,11.15,null,null,4.46,1.12,1.4,.1,.48,.05,0,4.56,null,null,null
92,01/01/2009,02/01/2009,null,7.8,739,null,22.2,null,odour free,null,null,null,null,null,null,null,null,null,null,null,null,24.65,11.4,null,null,4.56,3.18,1.04,.12,.37,.02,null,7.65,null,null,null
93,01/02/2009,02/02/2009,null,7.7,696,null,22.3,null,odour free,null,null,null,null,null,null,null,null,null,null,null,null,18.283,11.825,null,null,4.73,1.55,1,.1,.5,.01,null,8.24,null,null,null
94,01/03/2009,02/03/2009,null,7.9,642,null,35.6,null,odour free,null,null,null,null,null,null,null,null,null,null,null,null,19.65,11.4,null,null,4.56,1.98,1.05,.12,.55,.05,null,7.57,null,null,null
95,01/04/2009,02/04/2009,null,7.7,713,null,29.6,null,odour free,null,null,null,null,null,null,null,null,null,null,.672,9.039,19.567,9.9,null,null,3.96,2.32,1.04,.03,.55,.01,.81,9.38,null,null,null
96,01/05/2009,02/05/2009,null,7.8,668,null,31.5,null,odour free,null,null,null,null,null,null,null,null,null,null,.241,4.762,16.183,10.1,null,null,4.04,1.46,1.07,.09,.37,.01,.29,5.22,null,null,null
97,01/06/2009,02/06/2009,null,7.9,719,null,32,null,odour free,null,null,null,null,null,null,null,null,null,null,.241,4.762,19.35,8.6,null,null,3.44,2.58,1.21,.1,.44,.01,.29,5.22,null,null,null
98,01/07/2009,02/07/2009,null,7.7,788,null,28.3,null,odour free,null,null,null,null,null,null,null,null,null,null,.423,4.801,20.2,9.45,null,null,3.78,2.58,1.17,.11,.44,.03,.51,4.82,null,null,null
99,01/08/2009,02/08/2009,null,8.1,691,null,31.5,null,odour free,null,null,null,null,null,null,null,null,null,null,.124,4.225,24.933,10.975,null,null,4.39,3.35,1.17,.12,.42,.01,.15,4.85,null,null,null
100,01/09/2009,02/09/2009,null,8.1,267,null,30.7,null,odour free,null,null,null,null,null,null,null,null,null,null,.183,1.604,9.192,4.525,null,null,1.81,1.12,.87,.11,.29,.09,.22,1.51,null,null,null
101,01/10/2009,02/10/2009,null,7.7,424,null,30.8,null,odour free,null,null,null,null,null,null,null,null,null,null,null,null,10.033,6.45,null,null,2.58,.86,1,.13,.38,.01,null,3.49,null,null,null
102,01/11/2009,02/11/2009,null,8,524,null,27.5,null,odour free,null,null,null,null,null,null,null,null,null,null,null,null,14.317,7.525,null,null,3.01,1.63,1.28,.13,.38,.01,null,3.49,null,null,null
103,01/12/2009,02/12/2009,null,7.7,583,null,24.2,null,odour free,null,null,null,null,null,null,null,null,null,null,.241,4.844,19.925,12.05,null,null,4.82,1.89,1.28,.1,.52,.01,.29,5.32,null,null,null
104,01/01/2010,02/01/2010,null,7.6,697,null,20.8,null,odour free,null,null,null,null,null,null,null,null,null,null,null,null,19.925,12.05,null,null,4.82,1.89,1.02,.1,.52,.01,null,5.61,null,null,null
105,01/02/2010,02/02/2010,null,7.7,660,null,21.2,null,odour free,null,null,null,null,null,null,null,null,null,null,null,null,18.425,12.675,null,null,5.07,1.38,1.13,.12,.47,null,null,5.29,null,null,null
106,01/03/2010,02/03/2010,null,7.7,762,null,27.8,null,odour free,null,null,null,null,null,null,null,null,null,null,null,null,14.342,9.675,null,null,3.87,1.12,1.13,.11,.56,.01,null,5.54,null,null,null
107,01/04/2010,02/04/2010,null,7.8,726,null,34,null,odour free,null,null,null,null,null,null,null,null,null,null,.183,4.76,15.042,10.75,null,null,4.3,1.03,1.13,.1,.45,.01,.22,5.36,null,null,null
108,01/05/2010,02/05/2010,null,7.9,711,null,30.5,null,odour free,null,null,null,null,null,null,null,null,null,null,.266,4.132,19.633,8.175,null,null,3.27,2.75,1.09,.1,.45,.01,.32,4.39,null,null,null
109,01/06/2010,02/06/2010,null,7.7,712,null,32.5,null,odour free,null,null,null,null,null,null,null,null,null,null,.266,4.714,14.108,5.15,null,null,2.06,2.15,1.09,.01,.4,null,.32,5.1,null,null,null
110,01/07/2010,02/07/2010,null,7.8,557,null,30.7,null,odour free,null,null,null,null,null,null,null,null,null,null,.207,3.63,12.483,6.025,null,null,2.41,1.55,1.11,.13,.42,.04,.25,3.92,null,null,null
111,01/08/2010,02/08/2010,null,8.3,268,null,31.5,null,odour free,null,null,null,null,null,null,null,null,null,null,.207,1.876,8.108,4.525,null,null,1.81,.86,1.22,.13,.28,.28,.25,1.78,null,null,null
112,01/09/2010,02/09/2010,null,7.9,244,null,31.3,null,odour free,null,null,null,null,null,null,null,null,null,null,.207,1.982,8.108,4.525,null,null,1.81,.86,1.22,.13,.33,.27,.25,1.91,null,null,null
113,01/10/2010,02/10/2010,null,8.4,280,null,30.7,null,odour free,null,null,null,null,null,null,null,null,null,null,.158,2.431,7.025,4.525,.22,null,1.81,.6,null,null,.35,.07,.19,2.58,null,null,null
114,01/11/2010,02/11/2010,null,8.1,390,null,29,null,odour free,null,null,null,null,null,null,null,null,null,null,.124,3.799,9.55,6.675,.2,null,2.67,.69,null,null,.37,.02,.15,4.33,null,null,null
115,01/12/2010,02/12/2010,null,8,577,null,24.2,null,odour free,null,null,null,null,null,null,null,null,null,null,null,null,17.083,7.75,.27,null,3.1,2.24,null,null,.68,.01,null,7.09,null,null,null
116,01/01/2011,02/01/2011,null,8.1,408,null,20.3,null,odour free,null,null,null,null,null,null,null,null,null,null,.124,7.012,17.058,10.975,.15,null,4.39,1.46,null,null,.55,.01,.15,8.25,null,null,null
117,01/02/2011,02/02/2011,null,8.1,690,null,20,null,odour free,null,null,null,null,null,null,null,null,null,null,.133,6.881,17.117,10.325,null,null,4.13,1.63,null,null,.47,.01,.16,8.07,null,null,null
118,01/03/2011,02/03/2011,null,7.7,761,null,24.8,null,odour free,null,null,null,null,null,null,null,null,null,null,null,null,15.642,10.975,.12,null,4.39,1.12,null,null,.55,.02,null,10.15,null,null,null
119,01/04/2011,02/04/2011,null,8.2,693,null,27,null,odour free,null,null,null,null,null,null,null,null,null,null,null,null,14.125,8.375,.19,null,3.35,1.38,null,null,.47,.21,null,8.62,null,null,null
120,01/05/2011,02/05/2011,null,7.9,656,null,30.5,null,odour free,null,null,null,null,null,null,null,null,null,null,null,null,16.842,9.675,.13,null,3.87,1.72,null,null,.55,.01,null,9.28,null,null,null
121,01/06/2011,02/06/2011,null,7.6,668,null,33,null,odour free,null,null,null,null,null,null,null,null,null,null,null,null,16.25,8.375,.13,null,3.35,1.89,null,null,.44,.01,null,8.06,null,null,null
122,01/07/2011,02/07/2011,null,7.4,332,null,29.5,null,odour free,null,null,null,null,null,null,null,null,null,null,null,null,10.267,5.6,.18,null,2.24,1.12,1.12,null,.4,.02,null,4.6,null,null,null
123,01/08/2011,02/08/2011,null,7.9,227,null,32.7,null,odour free,null,null,null,null,null,null,null,null,null,null,null,null,8.167,3.875,.2,null,1.55,1.03,null,null,.35,.28,null,2.72,null,null,null
124,01/09/2011,02/09/2011,null,7.3,264,null,31,null,odour free,null,null,null,null,null,null,null,null,null,null,null,null,7.225,4.725,.2,null,1.89,.6,null,null,.4,.05,null,3.24,null,null,null
125,01/10/2011,02/10/2011,null,7.4,301,null,32,null,odour free,null,null,null,null,null,null,null,null,null,null,null,null,9.242,4.95,.15,null,1.98,1.03,null,null,.4,.02,null,4.6,null,null,null
126,01/11/2011,02/11/2011,null,7.4,492,null,28,null,odour free,null,null,null,null,null,null,null,null,null,null,.183,6.211,12.55,9.675,.17,null,3.87,.69,null,null,.43,.01,.22,7.13,null,null,null
127,01/12/2011,02/12/2011,null,7.6,431,null,23.7,null,odour free,null,null,null,null,null,null,null,null,null,null,.183,9.104,14.75,12.25,.17,null,4.9,.6,.17,.08,null,.01,.22,10.66,null,null,null
128,01/01/2012,02/01/2012,null,7.4,598,null,25,null,odour free,null,null,null,null,null,null,null,null,null,null,null,null,20.017,12.475,.17,null,4.99,1.81,.26,.05,null,.004,null,14.45,null,null,null
129,01/02/2012,02/02/2012,null,7.1,616,null,23.2,null,odour free,null,null,null,null,null,null,null,null,null,null,null,null,17.25,12.25,.15,null,4.9,1.2,.26,.1,null,.01,null,10.55,null,null,null
130,01/03/2012,02/03/2012,null,7.6,606,null,28,null,odour free,null,null,null,null,null,null,null,null,null,null,.73,8.877,16.992,9.45,.18,null,3.78,1.81,.17,.1,null,.02,.88,9.04,null,null,null
131,01/04/2012,02/04/2012,null,7.1,792,null,30.2,null,odour free,null,null,null,null,null,null,null,null,null,null,null,null,16.067,11.4,null,null,4.56,1.12,.22,.1,null,.01,null,10.65,null,null,null
132,01/05/2012,02/05/2012,null,7.8,675,null,31.5,null,odour free,null,null,null,null,null,null,null,null,null,null,.481,1.426,17.425,6.675,null,null,2.67,2.58,.39,.08,null,.01,.58,.56,null,null,null
133,01/06/2012,02/06/2012,null,7.5,570,null,33,null,odour free,null,null,null,null,null,null,null,null,null,null,.149,6.243,13.892,12.475,null,null,4.99,.34,.57,.09,.56,.01,.18,7.25,null,null,null
134,01/07/2012,02/07/2012,null,7.2,107,null,32,null,odour free,null,null,null,null,null,null,null,null,null,null,.149,3.53,10.267,5.6,null,null,2.24,1.12,.3,.1,.48,.01,.18,3.94,null,null,null
135,01/08/2012,02/08/2012,null,7.5,255,null,30.5,null,odour free,null,null,null,null,null,null,null,null,null,null,.232,2.081,6.525,3.65,null,null,1.46,.69,.13,.07,.4,.05,.28,1.97,null,null,null
136,01/09/2012,02/09/2012,null,7.7,258,null,30.5,null,odour free,null,null,null,null,null,null,null,null,null,null,.149,2.218,7.658,4.075,null,null,1.63,.86,.18,.09,.39,.11,.18,2.34,null,null,null
137,01/10/2012,02/10/2012,null,7.9,88,null,31,null,odour free,null,null,null,null,null,null,null,null,null,null,null,null,null,null,null,null,null,null,null,null,.43,null,null,null,null,null,null
138,01/11/2012,02/11/2012,null,7.7,407,null,27,null,odour free,null,null,null,null,null,null,null,null,null,null,.075,2.552,8.108,4.525,null,null,1.81,.86,.21,.06,.43,.06,.09,2.93,null,null,null
139,01/12/2012,02/12/2012,null,7.7,407,null,21.5,null,odour free,null,null,null,null,null,null,null,null,null,null,.241,3.557,9.65,3.9,null,null,1.56,1.38,.26,.08,.64,.01,.29,3.75,null,null,null
140,01/01/2013,02/01/2013,null,7.9,146,null,19.2,null,odour free,null,null,null,null,null,null,null,null,null,null,null,null,5.725,3.225,null,null,1.29,.6,.65,.11,null,.02,null,.1,null,null,null
141,01/02/2013,02/02/2013,null,8,310,null,20.5,null,odour free,null,null,null,null,null,null,null,null,null,null,.005,.149,11.567,5.15,null,null,2.06,1.54,.78,.14,.57,.33,.006,.17,null,null,null
142,01/03/2013,02/03/2013,null,7.7,180,null,25.5,null,odour free,null,null,null,null,null,null,null,null,null,null,.003,.162,9.017,4.725,null,null,1.89,1.03,.63,.08,.57,null,.004,.19,null,null,null
143,01/04/2013,02/04/2013,null,7.6,185,null,29,null,odour free,null,null,null,null,null,null,null,null,null,null,.002,.068,5.25,2.375,null,null,.95,.69,.63,.12,.39,.15,.003,.077,null,null,null
144,01/05/2013,02/05/2013,null,8.3,112,null,30.5,null,odour free,null,null,null,null,null,null,null,null,null,null,null,null,8.3,5.8,null,null,2.32,.6,.61,.1,.5,null,null,.15,null,null,null
145,01/06/2013,02/06/2013,null,7.4,169,null,30.5,null,odour free,null,null,null,null,null,null,null,null,null,null,null,null,2.808,1.725,null,null,.69,.26,.61,.14,.39,.03,null,.09,null,null,null
146,01/07/2013,02/07/2013,null,7.7,163,null,32,null,odour free,null,null,null,null,null,null,null,null,null,null,.008,.112,5.95,3.45,null,null,1.38,.6,.65,.09,.34,.35,.01,.116,null,null,null
147,01/08/2013,02/08/2013,null,7.9,227,null,32,null,odour free,null,null,null,null,null,null,null,null,null,null,null,null,8.167,3.875,null,null,1.55,1.03,.7,.11,.34,.127,null,.121,null,null,null
148,01/09/2013,02/09/2013,null,7.4,231,null,31,null,odour free,null,null,null,null,null,null,null,null,null,null,.001,.11,6.467,4.3,null,null,1.72,.52,.78,.07,.34,.21,.001,.132,null,null,null
149,01/10/2013,02/10/2013,null,7.3,233,null,31,null,odour free,null,null,null,null,null,null,null,null,null,null,null,null,6.533,2.575,null,null,1.03,.95,.63,.08,.42,.17,null,.133,null,null,null
150,01/11/2013,02/11/2013,null,8.1,175,null,23,null,odour free,null,null,null,null,null,null,null,null,null,null,null,null,8.958,2.375,null,null,.95,1.58,.61,.11,.42,.08,null,.092,null,null,null
151,01/12/2013,02/12/2013,null,8.2,212,null,25,null,odour free,null,null,null,null,null,null,null,null,null,null,null,null,11.375,3,null,null,1.2,2.01,.61,.09,.42,null,null,.116,null,null,null
152,01/01/2014,02/01/2014,null,8.4,408,null,22.5,null,odour free,null,null,null,null,null,null,null,null,null,null,null,null,13.9,6.025,null,null,2.41,1.89,.3,.04,.5,.31,null,.16,null,null,null
153,01/02/2014,02/02/2014,null,7.7,392,null,23,null,odour free,null,null,null,null,null,null,null,null,null,null,.003,.13,11.942,5.15,null,null,2.06,1.63,.78,.08,.63,.4,.004,.15,null,null,null
154,01/03/2014,02/03/2014,null,7.6,305,null,27.5,null,odour free,null,null,null,null,null,null,null,null,null,null,.002,.282,14.467,7.3,null,null,2.92,1.72,.78,.14,.65,null,.002,.34,null,null,null
155,01/04/2014,02/04/2014,null,8.3,345,null,32,null,odour free,null,null,null,null,null,null,null,null,null,null,.002,.156,10.158,4.075,null,null,1.63,1.46,.63,.08,.57,.42,.003,.184,null,null,null
156,01/05/2014,02/05/2014,null,8.3,285,null,33.5,null,odour free,null,null,null,null,null,null,null,null,null,null,.008,.158,6.883,5.8,null,null,2.32,.26,.52,.1,.63,null,.01,.172,null,null,null
157,01/06/2014,02/06/2014,null,8.82,275,null,30.5,null,odour free,null,null,null,null,null,null,null,null,null,null,.002,.107,6.958,3,null,null,1.2,.95,.7,.12,.42,.38,.003,.125,null,null,null
158,01/07/2014,02/07/2014,null,7.8,170,null,31,null,odour free,null,null,null,null,null,null,null,null,null,null,.058,.184,6.208,3,null,null,1.2,.77,.7,.09,.34,.33,.07,.082,null,null,null
159,01/08/2014,02/08/2014,null,7.8,225,null,31.5,null,odour free,null,null,null,null,null,null,null,null,null,null,null,null,8.167,3.875,null,null,1.55,1.03,.57,.09,.36,.29,null,.121,null,null,null
160,01/09/2014,02/09/2014,null,7.5,302,null,31,null,odour free,null,null,null,null,null,null,null,null,null,null,.002,.112,8.483,4.525,null,null,1.81,.95,.46,.09,.42,.25,.003,.131,null,null,null
161,01/10/2014,02/10/2014,null,7.4,225,null,31.5,null,odour free,null,null,null,null,null,null,null,null,null,null,null,null,5.167,3,null,null,1.2,.52,.17,.06,.34,.19,null,.133,null,null,null
162,01/11/2014,02/11/2014,null,8.2,305,null,28,null,odour free,null,null,null,null,null,null,null,null,null,null,null,null,7.883,4.3,null,null,1.72,.86,.17,.06,.42,.4,null,.141,null,null,null
163,01/12/2014,02/12/2014,null,8.2,254,null,22,null,odour free,null,null,null,null,null,null,null,null,null,null,null,null,220.117,3.45,null,null,1.38,52,.21,.09,.3,.02,null,.154,null,null,null
164,01/01/2015,02/01/2015,null,8.5,410,null,22.5,null,odour free,null,null,null,null,null,null,null,null,null,null,null,null,6.958,3,null,null,1.2,.95,.65,.09,.31,.08,null,.08,null,null,null
