Standard Parameter Analysis Data of : Hathidah (GGO00P1)
Laboratory : AP Cuddapah SW 
Period : January-2011 To January-2015 
S.No.,Date_of_Collection,Date_of_Receipt,Discharge(cumecs),pH_FLD,EC_FLD(umho/cm),DO(mg/l),Water Temp(deg C),Colour,Odour,pH_GEN,EC_GEN(umho/cm),TDS(mg/l),SS(mg/l),NH3(mg N/l),NO2+NO3(mg N/l),Total_Nutrients(mg P/l),SiO2(mg/l),BOD(mg/l),COD(mg/l),Phen(mg CaCO3/l),Total_Alkallnity(mg CaCO3/l),Total_Hardness(mg CaCO3/l),Ca_Hardness(mg CaCO3/l),F(mg/l),B(mg/l),Ca_Major_Ions(mg/l),Mg(mg/l),Na(mg/l),K(mg/l),Cl(mg/l),SO4(mg/l),CO3(mg/l),HCO3(mg/l),Total_Coliforms(MPN/100ml),Faecal(MPN/100ml),Chlorophyll-A(ug/L)
1,01/06/2011,02/06/2011,null,7.83,333,6.078,26,Light Brown,odour free,7.8,333,null,null,null,null,null,null,1.96,null,31.872,206,146.192,98.9,null,null,39.56,11.35,null,null,60,null,38.4,173.24,null,null,null
2,01/07/2011,03/07/2011,null,7.9,348,5.88,26,Light Brown,odour free,7.9,348,null,null,null,null,null,null,1.764,null,31.872,174,141.883,90.3,null,null,36.12,12.38,null,null,40,null,38.4,134.2,null,null,null
3,01/08/2011,02/08/2011,null,8.45,260,5.882,25,Light Brown,odour free,8.4,260,null,null,null,null,null,null,1.791,null,7.968,104,165.567,55.9,null,null,22.36,26.32,null,null,18,33.5,9.6,107.36,null,null,null
4,01/09/2011,02/09/2011,null,8.47,290,5.882,24.5,Light Brown,odour free,8.5,290,null,null,null,null,null,null,2.157,null,15.936,120,227.883,90.3,null,null,36.12,33.02,null,null,28,8,19.2,107.36,null,null,null
5,01/10/2011,03/10/2011,null,8.35,265,6.471,24,Light Brown,odour free,8.4,265,null,null,null,null,null,null,2.157,null,9.96,110,172,64.5,null,null,25.8,25.8,null,null,22,8,12,109.8,null,null,null
6,02/11/2011,02/11/2011,null,8.48,470,6.471,21.5,Light Brown,odour free,8.5,470,null,null,null,null,null,null,2.156,null,11.952,160,163.392,30.1,null,null,12.04,31.99,null,null,null,6.5,14.4,165.92,null,null,null
7,01/12/2011,02/12/2011,null,8.41,450,7.647,26.5,Light Brown,odour free,8.4,450,null,null,null,null,null,null,2.547,null,19.92,164,197.783,103.2,null,null,41.28,22.7,null,null,26,14,24,151.28,null,null,null
8,02/01/2012,03/01/2012,null,8.59,390,6.078,14.5,Light Brown,odour free,8.6,390,null,null,null,null,null,null,1.97,null,20.584,177.333,391.317,98.9,null,null,39.56,70.18,null,null,null,43,24.8,165.92,null,null,null
9,01/02/2012,02/03/2012,null,8.29,410,8.235,15,Light Brown,odour free,8.3,410,null,null,null,null,null,null,2.235,null,29.88,180,197.783,103.2,null,null,41.28,22.7,null,null,38,21,36,146.4,null,null,null
10,02/04/2012,02/04/2012,null,8.15,480,5.882,28.5,Light Brown,odour free,8.1,480,null,null,null,null,null,null,1.97,null,19.92,170,167.708,86,null,null,34.4,19.61,null,null,32,29,24,158.6,null,null,null
11,01/05/2012,02/05/2012,null,8.38,560,6.667,23.5,Light Brown,odour free,8.4,560,null,null,null,null,null,null,2.157,null,19.92,170,313,211,null,null,84.4,24.48,null,null,38,21,24,158.6,null,null,null
12,01/06/2012,02/06/2012,null,8.39,500,6.078,29,Clear,odour free,8.4,500,null,null,null,null,null,null,2.157,null,9.96,134,154.808,51.6,null,null,20.64,24.77,null,null,38,19.06,12,139.08,null,null,null
13,02/07/2012,03/07/2012,null,8,350,6.275,26.5,Brown,odour free,8,350,null,null,null,null,null,null,1.791,null,11.952,138,154.792,64.5,null,null,25.8,21.67,null,null,40,24,14.4,139.08,null,null,null
14,01/08/2012,02/08/2012,null,8.31,320,6.078,26.5,Brown,odour free,8.3,320,null,null,null,null,null,null,1.737,null,9.96,102,163.4,55.9,null,null,22.36,25.8,null,null,24,21,12,100.04,null,null,null
15,01/09/2012,02/09/2012,null,8.04,350,6.471,27,Brown,odour free,8,350,null,null,null,null,null,null,null,null,11.952,110.098,163.408,60.2,null,null,24.08,24.77,null,null,26,28.5,14.4,105.04,null,null,null
16,01/10/2012,03/10/2012,null,7.59,350,6.275,27,Brown,odour free,7.6,350,null,null,null,null,null,null,null,null,17.928,122,214.6,94.6,null,null,37.84,28.8,null,null,32,9,21.6,104.92,null,null,null
17,01/11/2012,02/11/2012,null,8.3,390,6.275,22,Light Brown,odour free,8.3,390,null,null,null,null,null,null,null,null,17.928,122,172.008,111.8,null,null,44.72,14.45,null,null,34,98,21.6,104.92,null,null,null
18,01/12/2012,02/12/2012,null,8.29,420,6.078,18,Clear,odour free,8.29,420,null,null,null,null,null,null,null,null,null,null,133.317,98.9,null,null,39.56,8.26,null,null,null,null,null,null,null,null,null
19,01/01/2013,02/01/2013,null,8.4,340,6.275,13,Brown,odour free,8.4,340,null,null,null,null,null,null,2.157,null,null,null,null,null,null,null,null,null,5.3,3.57,89,null,null,null,null,null,null
20,01/02/2013,02/02/2013,null,8.29,393,6.667,14,Brown,odour free,8.3,393,null,null,null,null,null,null,2.157,null,null,null,null,null,null,null,null,null,8.3,17.1,null,91,null,null,null,null,null
21,01/03/2013,02/03/2013,null,8.37,355,7.059,18,Brown,odour free,8.436,355,null,null,null,null,null,null,2.157,null,16.633,108.843,120.333,68.75,null,null,27.5,12.38,90.2,5.1,42,92,20.04,92.04,null,null,null
22,02/04/2013,03/04/2013,null,8.44,391,7.059,23.5,Brown,odour free,8.4,391,null,null,null,null,null,null,2.157,null,19.962,169.641,189.2,38.7,null,null,15.48,36.12,3.8,27.5,52,9.4,24.05,158.06,null,null,null
23,01/05/2013,02/05/2013,null,8.45,391,6.471,26,Brown,odour free,8.4,391,null,null,null,null,null,null,2.353,null,11.686,74.303,448.5,182.75,null,null,73.1,63.78,9.6,26.4,46,90,14.08,62.02,null,null,null
24,01/06/2013,,null,null,null,null,null,null,null,null,null,null,null,null,null,null,null,null,null,null,null,null,null,null,null,null,null,null,null,null,null,null,null,null,null,null
25,01/07/2013,02/07/2013,null,8.11,294,6.078,26,Light Brown,odour free,8.1,294,188,92,null,null,null,null,1.611,null,13.944,136,137.6,51.6,null,.05,20.64,20.64,33.8,24,22,8,16.8,131.76,null,null,null
26,01/08/2013,02/08/2013,null,8.13,243,6.47,27,Light Brown,odour free,8.1,243,156,82,null,null,null,null,2.157,null,11.952,118,94.592,68.8,null,null,27.52,6.19,null,null,22,null,14.4,114.68,null,null,null
27,01/09/2013,02/09/2013,null,7.95,248,6.862,26.5,Light Brown,odour free,7.9,248,159,83,null,null,null,null,null,null,19.92,62,146.217,47.3,null,null,18.92,23.74,45.6,40.3,18,null,24,26.84,null,null,null
28,01/10/2013,02/10/2013,null,8.34,300,6.471,26.5,Light Brown,odour free,8.34,300,192,null,null,null,null,null,1.765,null,29.88,92,193.492,81.7,null,null,32.68,26.83,29.5,37.3,14,null,36,39.04,null,null,null
29,01/11/2013,02/12/2013,null,8.17,381,6.275,24,Light Brown,odour free,8.2,381,244,null,null,null,null,null,2.157,null,31.872,84,193.492,81.7,null,null,32.68,26.83,29.5,39,45,null,38.4,24.4,null,null,null
30,01/12/2013,02/12/2013,null,8.19,385,5.882,17.5,Light Brown,odour free,8.2,385,246,null,null,null,null,null,1.961,null,15.936,92,104.717,68.8,null,null,27.52,8.62,24.1,33.8,24,null,19.2,73.2,null,null,null
31,01/01/2014,02/01/2014,null,8.01,392,6.078,null,Light Brown,odour free,8.01,392,251,null,null,null,null,null,1.96,null,31.872,72,219.3,111.8,null,null,44.72,25.8,28,36,43,null,38.4,9.76,null,null,null
32,01/02/2014,03/02/2014,null,8.33,386,6.471,14,Light Brown,odour free,8.33,386,251,null,null,null,null,null,1.791,null,17.563,83.267,106.208,67.5,null,null,27,9.29,13,32.8,31,null,21.16,58.56,null,null,null
33,01/03/2014,02/04/2014,null,8.39,246,6.471,18.5,Light Brown,odour free,8.4,246,157,null,null,null,null,null,1.961,null,37.848,84,206.033,60.2,null,null,24.08,35,81,23.6,70,null,45.6,9.76,null,null,null
34,01/04/2014,02/04/2014,null,8.56,501,6.471,21.5,Light Brown,odour free,8.6,501,321,null,null,null,null,null,2.157,null,19.92,62.098,145.825,103.2,null,null,41.28,10.23,31.3,9.6,48,null,24,26.96,null,null,null
35,01/05/2014,02/05/2014,null,8.32,594,6.471,25,Light Brown,odour free,8.3,594,380,null,null,null,null,null,4.314,null,23.904,104.041,391.45,81.7,null,null,32.68,74.34,31.4,12.4,62,null,28.8,68.37,null,null,null
36,01/06/2014,03/06/2014,null,8.5,501,6.275,25,Light Brown,odour free,8.5,501,326,null,null,null,null,null,1.433,null,23.904,84,141.908,103.2,null,null,41.28,9.29,28.2,19.2,22,null,28.8,43.92,null,null,null
37,01/07/2014,02/07/2014,null,8.52,285,6.862,28,Light Brown,odour free,8.52,285,182,null,null,null,null,null,2.941,null,23.904,88,189.183,94.6,null,null,37.84,22.7,27.4,16.4,25,null,28.8,48.8,null,null,null
38,01/08/2014,02/08/2014,null,7.86,139,7.255,28,Light Green,odour free,7.86,139,89,null,null,null,null,null,3.137,null,19.92,70,146.217,68.8,null,null,27.52,18.58,28,18,18,null,24,36.6,null,null,null
39,01/09/2014,02/09/2014,null,7.36,331,7.255,28,Light Green,odour free,7.36,331,212,null,null,null,null,null,2.328,null,21.912,210,120.4,77.4,null,null,30.96,10.32,27.6,17.6,34,null,26.4,202.52,null,null,null
40,01/10/2014,02/10/2014,null,6.91,124,7.059,27,Light Green,odour free,6.91,124,79,null,null,null,null,null,2.549,null,25.896,112,141.883,68.8,null,null,27.52,17.54,32.1,29.4,20,null,31.2,73.2,null,null,null
41,01/11/2014,02/11/2014,null,7.9,143,6.667,22,Light Green,odour free,7.9,143,52,null,null,null,null,null,1.961,null,17.928,130,141.908,81.7,null,null,32.68,14.45,41.5,31.9,23,null,21.6,114.68,null,null,null
42,01/12/2014,02/12/2014,null,8.17,145,6.667,16.5,Light Green,odour free,8.17,145,92,null,null,null,null,null,1.97,null,15.936,170,154.792,64.5,null,null,25.8,21.67,18.9,28.1,22,null,19.2,168.36,null,null,null
43,01/01/2015,02/01/2015,null,8.33,151,6.667,13,Light Green,odour free,8.33,151,97,null,null,null,null,null,1.961,null,13.944,222,133.308,30.1,null,null,12.04,24.77,32.1,27.3,44,null,16.8,236.68,null,null,null
