Standard Parameter Analysis Data of : Holehonnur (AKLE0A4)
Laboratory : CWC CSRO Coimbatore 
Period : January-2009 To January-2010 
S.No.,Date_of_Collection,Date_of_Receipt,Discharge(cumecs),pH_FLD,EC_FLD(umho/cm),DO(mg/l),Water Temp(deg C),Colour,Odour,pH_GEN,EC_GEN(umho/cm),TDS(mg/l),SS(mg/l),NH3(mg N/l),NO2+NO3(mg N/l),Total_Nutrients(mg P/l),SiO2(mg/l),BOD(mg/l),COD(mg/l),Phen(mg CaCO3/l),Total_Alkallnity(mg CaCO3/l),Total_Hardness(mg CaCO3/l),Ca_Hardness(mg CaCO3/l),F(mg/l),B(mg/l),Ca_Major_Ions(mg/l),Mg(mg/l),Na(mg/l),K(mg/l),Cl(mg/l),SO4(mg/l),CO3(mg/l),HCO3(mg/l),Total_Coliforms(MPN/100ml),Faecal(MPN/100ml),Chlorophyll-A(ug/L)
1,01/06/2009,02/06/2009,29.319000244140625,null,null,5.1,25.5,Clear,odour free,7.52,188,null,null,null,.616,null,12.963,1.3,null,0,54,60.35,32,.114,.041,12.8,6.804,16.1,1.564,23.43,3.792,0,65.88,null,null,null
2,01/06/2009,02/06/2009,29.319000244140625,null,null,5.1,25.5,Clear,odour free,7.52,188,null,null,null,.616,null,12.963,1.3,null,0,54,60.35,32,.114,.041,12.8,6.804,16.1,1.564,23.43,3.792,0,65.88,null,null,null
3,01/07/2009,02/07/2009,14.206999778747559,null,null,5.23,25,Clear,odour free,7.76,256,null,null,null,1.065,null,13.184,1.6,null,0,61.5,72.35,44,.114,.015,17.6,6.804,23.69,2.346,41.18,5.616,0,75.03,null,null,null
4,01/07/2009,02/07/2009,14.206999778747559,null,null,5.23,25,Clear,odour free,7.76,256,null,null,null,1.065,null,13.184,1.6,null,0,61.5,72.35,44,.114,.015,17.6,6.804,23.69,2.346,41.18,5.616,0,75.03,null,null,null
5,03/08/2009,04/08/2009,74.76000213623047,null,null,5.63,23,Brown,odour free,7.52,183,null,null,null,1.163,null,9.74,.4,null,0,58,64.3,40,.152,.031,16,5.832,15.41,3.519,19.454,4.992,0,70.76,null,null,null
6,03/08/2009,04/08/2009,74.76000213623047,null,null,5.63,23,Brown,odour free,7.52,183,null,null,null,1.163,null,9.74,.4,null,0,58,64.3,40,.152,.031,16,5.832,15.41,3.519,19.454,4.992,0,70.76,null,null,null
7,01/09/2009,02/09/2009,119,null,null,5.98,24,Clear,odour free,7.47,130,null,null,null,.855,null,11.251,.39,null,0,38.45,44.25,24,.114,0,9.6,4.86,8.51,1.603,11.573,4.992,0,46.909,null,null,null
8,01/09/2009,02/09/2009,119,null,null,5.98,24,Clear,odour free,7.47,130,null,null,null,.855,null,11.251,.39,null,0,38.45,44.25,24,.114,0,9.6,4.86,8.51,1.603,11.573,4.992,0,46.909,null,null,null
9,05/10/2009,06/10/2009,782.4229736328125,null,null,7.15,23,Clear,odour free,7.62,67,null,null,null,.518,null,9.508,.6,null,0,19.6,24.15,12,.038,.018,4.8,2.916,3.105,1.017,5.786,3.168,0,23.912,null,null,null
10,05/10/2009,06/10/2009,782.4229736328125,null,null,7.15,23,Clear,odour free,7.62,67,null,null,null,.518,null,9.508,.6,null,0,19.6,24.15,12,.038,.018,4.8,2.916,3.105,1.017,5.786,3.168,0,23.912,null,null,null
11,03/11/2009,04/11/2009,37.472999572753906,null,null,6.03,23,Clear,odour free,7.64,194,null,null,null,.631,null,11.927,.39,null,0,58.8,68.35,40,.19,.17,16,6.804,14.099,1.681,19.454,3.504,0,71.736,null,null,null
12,03/11/2009,04/11/2009,37.472999572753906,null,null,6.03,23,Clear,odour free,7.64,194,null,null,null,.631,null,11.927,.39,null,0,58.8,68.35,40,.19,.17,16,6.804,14.099,1.681,19.454,3.504,0,71.736,null,null,null
13,01/12/2009,02/12/2009,17.790000915527344,null,null,5.96,23.5,Clear,odour free,7.75,257,null,null,null,.91,null,13.892,1.79,null,0,73.8,84.4,52,.133,.047,20.8,7.776,19.412,1.29,30.814,5.376,0,90.036,null,null,null
14,01/12/2009,02/12/2009,17.790000915527344,null,null,5.96,23.5,Clear,odour free,7.75,257,null,null,null,.91,null,13.892,1.79,null,0,73.8,84.4,52,.133,.047,20.8,7.776,19.412,1.29,30.814,5.376,0,90.036,null,null,null
15,01/01/2010,02/01/2010,125.4739990234375,null,null,4.93,22,Clear,odour free,7.57,237,null,null,null,1.415,null,12.532,1.82,null,0,69.9,84.45,48,.152,.058,19.2,8.748,9.499,1.095,25.276,4.56,0,85.278,null,null,null
16,01/01/2010,02/01/2010,125.4739990234375,null,null,4.93,22,Clear,odour free,7.57,237,null,null,null,1.415,null,12.532,1.82,null,0,69.9,84.45,48,.152,.058,19.2,8.748,9.499,1.095,25.276,4.56,0,85.278,null,null,null
