Standard Parameter Analysis Data of : Irrukkankudi (CY000K7)
Laboratory : CWC CSRO Coimbatore 
Period : January-1981 To January-2014 
S.No.,Date_of_Collection,Date_of_Receipt,Discharge(cumecs),pH_FLD,EC_FLD(umho/cm),DO(mg/l),Water Temp(deg C),Colour,Odour,pH_GEN,EC_GEN(umho/cm),TDS(mg/l),SS(mg/l),NH3(mg N/l),NO2+NO3(mg N/l),Total_Nutrients(mg P/l),SiO2(mg/l),BOD(mg/l),COD(mg/l),Phen(mg CaCO3/l),Total_Alkallnity(mg CaCO3/l),Total_Hardness(mg CaCO3/l),Ca_Hardness(mg CaCO3/l),F(mg/l),B(mg/l),Ca_Major_Ions(mg/l),Mg(mg/l),Na(mg/l),K(mg/l),Cl(mg/l),SO4(mg/l),CO3(mg/l),HCO3(mg/l),Total_Coliforms(MPN/100ml),Faecal(MPN/100ml),Chlorophyll-A(ug/L)
1,01/04/1981,01/04/1981,null,null,null,null,null,null,null,null,null,null,null,null,null,null,null,null,null,null,null,null,null,null,null,null,null,null,null,null,null,null,null,null,null,null
2,01/06/1993,,null,null,null,null,null,null,null,null,null,null,null,null,null,null,null,null,null,null,null,null,null,null,null,null,null,null,null,null,null,null,null,null,null,null
3,02/07/1993,,null,null,null,null,null,null,null,null,null,null,null,null,null,null,null,null,null,null,null,null,null,null,null,null,null,null,null,null,null,null,null,null,null,null
4,02/08/1993,,null,null,null,null,null,null,null,null,null,null,null,null,null,null,null,null,null,null,null,null,null,null,null,null,null,null,null,null,null,null,null,null,null,null
5,01/09/1993,,null,null,null,null,null,null,null,null,null,null,null,null,null,null,null,null,null,null,null,null,null,null,null,null,null,null,null,null,null,null,null,null,null,null
6,01/10/1993,,null,null,null,null,null,null,null,null,null,null,null,null,null,null,null,null,null,null,null,null,null,null,null,null,null,null,null,null,null,null,null,null,null,null
7,01/11/1993,01/11/1993,0.828000009059906,null,null,null,null,Clear,odour free,8.2,306,null,null,.04,5,.02,20.209,null,null,0,120.926,86.03,52,.39,.4,20.8,8.167,32,3.2,17.45,20,0,147.53,null,null,null
8,01/11/1993,01/11/1993,0.828000009059906,null,null,null,null,Clear,odour free,8.2,306,null,null,.04,5,.02,20.209,null,null,0,120.926,86.03,52,.39,.4,20.8,8.167,32,3.2,17.45,20,0,147.53,null,null,null
9,01/12/1993,01/12/1993,0.8519999980926514,null,null,null,null,Clear,odour free,8.57,422,null,null,.03,.8,.01,26.198,null,null,9.055,131.823,129.04,69,.48,.29,27.6,14.41,44.5,5,34.57,40,10.91,138.64,null,null,null
10,01/12/1993,01/12/1993,0.8519999980926514,null,null,null,null,Clear,odour free,8.57,422,null,null,.03,.8,.01,26.198,null,null,9.055,131.823,129.04,69,.48,.29,27.6,14.41,44.5,5,34.57,40,10.91,138.64,null,null,null
11,01/01/1994,01/01/1994,0.44600000977516174,null,null,null,null,Clear,odour free,7.68,528,null,null,.03,.8,.02,20.209,null,null,0,152.172,141.96,82,.3,.37,32.8,14.39,63,4.6,40.88,61.6,0,185.65,null,null,null
12,01/01/1994,01/01/1994,0.44600000977516174,null,null,null,null,Clear,odour free,7.68,528,null,null,.03,.8,.02,20.209,null,null,0,152.172,141.96,82,.3,.37,32.8,14.39,63,4.6,40.88,61.6,0,185.65,null,null,null
13,01/02/1994,01/02/1994,0.35899999737739563,null,null,null,null,Clear,odour free,7.91,918,null,null,.02,.1,.08,40.169,null,null,0,208.697,184.94,90,.52,.65,36,22.786,127.5,5.4,100.33,102,0,254.61,null,null,null
14,01/02/1994,01/02/1994,0.35899999737739563,null,null,null,null,Clear,odour free,7.91,918,null,null,.02,.1,.08,40.169,null,null,0,208.697,184.94,90,.52,.65,36,22.786,127.5,5.4,100.33,102,0,254.61,null,null,null
15,01/03/1994,01/03/1994,0.06800000369548798,null,null,null,null,Clear,odour free,8.54,1266,null,null,.02,1.2,.01,51.896,null,null,12.99,191.296,223.69,116,.44,.29,46.4,25.846,null,null,131.59,160,15.65,201.56,null,null,null
16,01/03/1994,01/03/1994,0.06800000369548798,null,null,null,null,Clear,odour free,8.54,1266,null,null,.02,1.2,.01,51.896,null,null,12.99,191.296,223.69,116,.44,.29,46.4,25.846,null,null,131.59,160,15.65,201.56,null,null,null
17,01/04/1994,,null,null,null,null,null,null,null,null,null,null,null,null,null,null,null,null,null,null,null,null,null,null,null,null,null,null,null,null,null,null,null,null,null,null
18,01/05/1994,,null,null,null,null,null,null,null,null,null,null,null,null,null,null,null,null,null,null,null,null,null,null,null,null,null,null,null,null,null,null,null,null,null,null
19,01/06/1994,,null,null,null,null,null,null,null,null,null,null,null,null,null,null,null,null,null,null,null,null,null,null,null,null,null,null,null,null,null,null,null,null,null,null
20,01/07/1994,,null,null,null,null,null,null,null,null,null,null,null,null,null,null,null,null,null,null,null,null,null,null,null,null,null,null,null,null,null,null,null,null,null,null
21,01/08/1994,,null,null,null,null,null,null,null,null,null,null,null,null,null,null,null,null,null,null,null,null,null,null,null,null,null,null,null,null,null,null,null,null,null,null
22,01/09/1994,,null,null,null,null,null,null,null,null,null,null,null,null,null,null,null,null,null,null,null,null,null,null,null,null,null,null,null,null,null,null,null,null,null,null
23,01/10/1994,,null,null,null,null,null,null,null,null,null,null,null,null,null,null,null,null,null,null,null,null,null,null,null,null,null,null,null,null,null,null,null,null,null,null
24,01/11/1994,01/11/1994,27.829999923706055,null,null,null,null,Clear,odour free,8.2,158,null,null,.05,1.1,.01,11.477,null,null,0,61.762,76.08,48,.3,.36,19.2,6.739,12,2,7.62,16,0,75.35,null,null,null
25,01/11/1994,01/11/1994,27.829999923706055,null,null,null,null,Clear,odour free,8.2,158,null,null,.05,1.1,.01,11.477,null,null,0,61.762,76.08,48,.3,.36,19.2,6.739,12,2,7.62,16,0,75.35,null,null,null
26,01/12/1994,,0,null,null,null,null,null,null,null,null,null,null,null,null,null,null,null,null,null,null,null,null,null,null,null,null,null,null,null,null,null,null,null,null,null
27,01/12/1994,,0,null,null,null,null,null,null,null,null,null,null,null,null,null,null,null,null,null,null,null,null,null,null,null,null,null,null,null,null,null,null,null,null,null
28,02/01/1995,,null,null,null,null,null,null,null,null,null,null,null,null,null,null,null,null,null,null,null,null,null,null,null,null,null,null,null,null,null,null,null,null,null,null
29,01/02/1995,,null,null,null,null,null,null,null,null,null,null,null,null,null,null,null,null,null,null,null,null,null,null,null,null,null,null,null,null,null,null,null,null,null,null
30,01/03/1995,,null,null,null,null,null,null,null,null,null,null,null,null,null,null,null,null,null,null,null,null,null,null,null,null,null,null,null,null,null,null,null,null,null,null
31,01/04/1995,,null,null,null,null,null,null,null,null,null,null,null,null,null,null,null,null,null,null,null,null,null,null,null,null,null,null,null,null,null,null,null,null,null,null
32,01/05/1995,,null,null,null,null,null,null,null,null,null,null,null,null,null,null,null,null,null,null,null,null,null,null,null,null,null,null,null,null,null,null,null,null,null,null
33,01/06/1995,,0,null,null,null,null,null,null,null,null,null,null,null,null,null,null,null,null,null,null,null,null,null,null,null,null,null,null,null,null,null,null,null,null,null
34,01/06/1995,,0,null,null,null,null,null,null,null,null,null,null,null,null,null,null,null,null,null,null,null,null,null,null,null,null,null,null,null,null,null,null,null,null,null
35,01/07/1995,,null,null,null,null,null,null,null,null,null,null,null,null,null,null,null,null,null,null,null,null,null,null,null,null,null,null,null,null,null,null,null,null,null,null
36,01/08/1995,,null,null,null,null,null,null,null,null,null,null,null,null,null,null,null,null,null,null,null,null,null,null,null,null,null,null,null,null,null,null,null,null,null,null
37,01/09/1995,,null,null,null,null,null,null,null,null,null,null,null,null,null,null,null,null,null,null,null,null,null,null,null,null,null,null,null,null,null,null,null,null,null,null
38,04/10/1995,,null,null,null,null,null,null,null,null,null,null,null,null,null,null,null,null,null,null,null,null,null,null,null,null,null,null,null,null,null,null,null,null,null,null
39,01/11/1995,,null,null,null,null,null,null,null,null,null,null,null,null,null,null,null,null,null,null,null,null,null,null,null,null,null,null,null,null,null,null,null,null,null,null
40,01/12/1995,,null,null,null,null,null,null,null,null,null,null,null,null,null,null,null,null,null,null,null,null,null,null,null,null,null,null,null,null,null,null,null,null,null,null
41,01/01/1996,,null,null,null,null,null,null,null,null,null,null,null,null,null,null,null,null,null,null,null,null,null,null,null,null,null,null,null,null,null,null,null,null,null,null
42,01/02/1996,,null,null,null,null,null,null,null,null,null,null,null,null,null,null,null,null,null,null,null,null,null,null,null,null,null,null,null,null,null,null,null,null,null,null
43,01/03/1996,,null,null,null,null,null,null,null,null,null,null,null,null,null,null,null,null,null,null,null,null,null,null,null,null,null,null,null,null,null,null,null,null,null,null
44,02/04/1996,,null,null,null,null,null,null,null,null,null,null,null,null,null,null,null,null,null,null,null,null,null,null,null,null,null,null,null,null,null,null,null,null,null,null
45,01/05/1996,,null,null,null,null,null,null,null,null,null,null,null,null,null,null,null,null,null,null,null,null,null,null,null,null,null,null,null,null,null,null,null,null,null,null
46,01/06/1996,,null,null,null,null,null,null,null,null,null,null,null,null,null,null,null,null,null,null,null,null,null,null,null,null,null,null,null,null,null,null,null,null,null,null
47,01/07/1996,,null,null,null,null,null,null,null,null,null,null,null,null,null,null,null,null,null,null,null,null,null,null,null,null,null,null,null,null,null,null,null,null,null,null
48,01/08/1996,,null,null,null,null,null,null,null,null,null,null,null,null,null,null,null,null,null,null,null,null,null,null,null,null,null,null,null,null,null,null,null,null,null,null
49,02/09/1996,02/09/1996,0.19499999284744263,null,null,null,null,Clear,odour free,8.61,169,null,null,.05,5.7,.01,13.722,null,null,0,66.664,60.04,0,.78,.31,0,14.41,null,null,11.69,null,0,81.33,null,null,null
50,02/09/1996,02/09/1996,0.19499999284744263,null,null,null,null,Clear,odour free,8.61,169,null,null,.05,5.7,.01,13.722,null,null,0,66.664,60.04,0,.78,.31,0,14.41,null,null,11.69,null,0,81.33,null,null,null
51,01/10/1996,,null,null,null,null,null,null,null,null,null,null,null,null,null,null,null,null,null,null,null,null,null,null,null,null,null,null,null,null,null,null,null,null,null,null
52,01/11/1996,01/11/1996,0.40400001406669617,null,null,null,null,Clear,odour free,8.34,320,null,null,.04,.8,.02,22.705,null,null,12.384,99.481,88.09,80,.86,.31,32,1.942,null,null,19.49,null,14.92,91.03,null,null,null
53,01/11/1996,01/11/1996,0.40400001406669617,null,null,null,null,Clear,odour free,8.34,320,null,null,.04,.8,.02,22.705,null,null,12.384,99.481,88.09,80,.86,.31,32,1.942,null,null,19.49,null,14.92,91.03,null,null,null
54,02/12/1996,,null,null,null,null,null,null,null,null,null,null,null,null,null,null,null,null,null,null,null,null,null,null,null,null,null,null,null,null,null,null,null,null,null,null
55,01/01/1997,,null,null,null,null,null,null,null,null,null,null,null,null,null,null,null,null,null,null,null,null,null,null,null,null,null,null,null,null,null,null,null,null,null,null
56,01/02/1997,,null,null,null,null,null,null,null,null,null,null,null,null,null,null,null,null,null,null,null,null,null,null,null,null,null,null,null,null,null,null,null,null,null,null
57,01/03/1997,,null,null,null,null,null,null,null,null,null,null,null,null,null,null,null,null,null,null,null,null,null,null,null,null,null,null,null,null,null,null,null,null,null,null
58,01/04/1997,,null,null,null,null,null,null,null,null,null,null,null,null,null,null,null,null,null,null,null,null,null,null,null,null,null,null,null,null,null,null,null,null,null,null
59,01/05/1997,,null,null,null,null,null,null,null,null,null,null,null,null,null,null,null,null,null,null,null,null,null,null,null,null,null,null,null,null,null,null,null,null,null,null
60,02/06/1997,,null,null,null,null,null,null,null,null,null,null,null,null,null,null,null,null,null,null,null,null,null,null,null,null,null,null,null,null,null,null,null,null,null,null
61,01/07/1997,,null,null,null,null,null,null,null,null,null,null,null,null,null,null,null,null,null,null,null,null,null,null,null,null,null,null,null,null,null,null,null,null,null,null
62,01/08/1997,,null,null,null,null,null,null,null,null,null,null,null,null,null,null,null,null,null,null,null,null,null,null,null,null,null,null,null,null,null,null,null,null,null,null
63,01/09/1997,,null,null,null,null,null,null,null,null,null,null,null,null,null,null,null,null,null,null,null,null,null,null,null,null,null,null,null,null,null,null,null,null,null,null
64,01/10/1997,,null,null,null,null,null,null,null,null,null,null,null,null,null,null,null,null,null,null,null,null,null,null,null,null,null,null,null,null,null,null,null,null,null,null
65,01/11/1997,,3.799999952316284,null,null,null,null,null,null,null,null,null,null,null,null,null,null,null,null,null,null,null,null,null,null,null,null,null,null,null,null,null,null,null,null,null
66,01/11/1997,,3.799999952316284,null,null,null,null,null,null,null,null,null,null,null,null,null,null,null,null,null,null,null,null,null,null,null,null,null,null,null,null,null,null,null,null,null
67,01/12/1997,01/12/1997,153.10000610351563,null,null,null,null,Clear,odour free,7.9,223,null,null,.06,2.1,.02,15.469,null,null,0,69.016,76,56,.4,.29,22.4,4.8,13,2.7,18,9,0,84.2,null,null,null
68,01/12/1997,01/12/1997,153.10000610351563,null,null,null,null,Clear,odour free,7.9,223,null,null,.06,2.1,.02,15.469,null,null,0,69.016,76,56,.4,.29,22.4,4.8,13,2.7,18,9,0,84.2,null,null,null
69,01/01/1998,01/01/1998,1.0670000314712524,null,null,null,null,Clear,odour free,8.2,532,null,null,.06,1.2,.01,23.702,null,null,0,148.525,144,88,1.2,.35,35.2,13.44,61,4.7,39,82,0,181.2,null,null,null
70,01/01/1998,01/01/1998,1.0670000314712524,null,null,null,null,Clear,odour free,8.2,532,null,null,.06,1.2,.01,23.702,null,null,0,148.525,144,88,1.2,.35,35.2,13.44,61,4.7,39,82,0,181.2,null,null,null
71,02/02/1998,02/02/1998,0.164000004529953,null,null,null,null,Clear,odour free,8.3,650,null,null,.03,.8,0,20.209,null,null,7.586,156.184,145,76.25,1.1,.39,30.5,16.5,89,5.5,57,90,9.14,171.96,null,null,null
72,02/02/1998,02/02/1998,0.164000004529953,null,null,null,null,Clear,odour free,8.3,650,null,null,.03,.8,0,20.209,null,null,7.586,156.184,145,76.25,1.1,.39,30.5,16.5,89,5.5,57,90,9.14,171.96,null,null,null
73,02/03/1998,02/03/1998,0.11400000005960464,null,null,null,null,Clear,odour free,7.9,947,null,null,.03,.7,.01,30.938,null,null,0,142.049,192,92,.6,.41,36.8,24,126,6.3,99,189,0,173.3,null,null,null
74,02/03/1998,02/03/1998,0.11400000005960464,null,null,null,null,Clear,odour free,7.9,947,null,null,.03,.7,.01,30.938,null,null,0,142.049,192,92,.6,.41,36.8,24,126,6.3,99,189,0,173.3,null,null,null
75,01/04/1998,,null,null,null,null,null,null,null,null,null,null,null,null,null,null,null,null,null,null,null,null,null,null,null,null,null,null,null,null,null,null,null,null,null,null
76,01/05/1998,,null,null,null,null,null,null,null,null,null,null,null,null,null,null,null,null,null,null,null,null,null,null,null,null,null,null,null,null,null,null,null,null,null,null
77,01/06/1998,,null,null,null,null,null,null,null,null,null,null,null,null,null,null,null,null,null,null,null,null,null,null,null,null,null,null,null,null,null,null,null,null,null,null
78,01/07/1998,,null,null,null,null,null,null,null,null,null,null,null,null,null,null,null,null,null,null,null,null,null,null,null,null,null,null,null,null,null,null,null,null,null,null
79,01/08/1998,,null,null,null,null,null,null,null,null,null,null,null,null,null,null,null,null,null,null,null,null,null,null,null,null,null,null,null,null,null,null,null,null,null,null
80,01/09/1998,,null,null,null,null,null,null,null,null,null,null,null,null,null,null,null,null,null,null,null,null,null,null,null,null,null,null,null,null,null,null,null,null,null,null
81,01/10/1998,,null,null,null,null,null,null,null,null,null,null,null,null,null,null,null,null,null,null,null,null,null,null,null,null,null,null,null,null,null,null,null,null,null,null
82,02/11/1998,,null,null,null,null,null,null,null,null,null,null,null,null,null,null,null,null,null,null,null,null,null,null,null,null,null,null,null,null,null,null,null,null,null,null
83,01/12/1998,01/12/1998,0.31299999356269836,null,null,null,29.5,Clear,odour free,8,507,null,null,null,1.9,.01,39.671,null,null,0,131.213,128,80,1.369,.28,32,11.52,54.9,4.6,42.34,57.64,0,160.08,null,null,null
84,01/12/1998,01/12/1998,0.31299999356269836,null,null,null,29.5,Clear,odour free,8,507,null,null,null,1.9,.01,39.671,null,null,0,131.213,128,80,1.369,.28,32,11.52,54.9,4.6,42.34,57.64,0,160.08,null,null,null
85,01/01/1999,01/01/1999,1.4420000314712524,null,null,null,28.5,Clear,odour free,8.27,518,null,null,null,1.3,.01,28.692,null,null,8.433,139.687,132,80,.65,.35,32,12.48,54.9,2.9,42.34,41.44,10.16,149.76,null,null,null
86,01/01/1999,01/01/1999,1.4420000314712524,null,null,null,28.5,Clear,odour free,8.27,518,null,null,null,1.3,.01,28.692,null,null,8.433,139.687,132,80,.65,.35,32,12.48,54.9,2.9,42.34,41.44,10.16,149.76,null,null,null
87,01/02/1999,01/02/1999,0.26600000262260437,null,null,null,28,Clear,odour free,8.24,833,null,null,null,.8,.01,29.191,null,null,0,177.32,168,88,1.66,.47,35.2,19.2,100,4.8,71.6,80.8,0,216.33,null,null,null
88,01/02/1999,01/02/1999,0.26600000262260437,null,null,null,28,Clear,odour free,8.24,833,null,null,null,.8,.01,29.191,null,null,0,177.32,168,88,1.66,.47,35.2,19.2,100,4.8,71.6,80.8,0,216.33,null,null,null
89,01/03/1999,01/03/1999,0.24899999797344208,null,null,null,28.5,Clear,odour free,7.8,1029,null,null,null,.7,.01,56.886,null,null,0,184.295,184,76,1.13,.37,30.4,25.92,146.5,9.1,101.25,225.4,0,224.84,null,null,null
90,01/03/1999,01/03/1999,0.24899999797344208,null,null,null,28.5,Clear,odour free,7.8,1029,null,null,null,.7,.01,56.886,null,null,0,184.295,184,76,1.13,.37,30.4,25.92,146.5,9.1,101.25,225.4,0,224.84,null,null,null
91,01/04/1999,,null,null,null,null,null,null,null,null,null,null,null,null,null,null,null,null,null,null,null,null,null,null,null,null,null,null,null,null,null,null,null,null,null,null
92,01/05/1999,,null,null,null,null,null,null,null,null,null,null,null,null,null,null,null,null,null,null,null,null,null,null,null,null,null,null,null,null,null,null,null,null,null,null
93,01/06/1999,,null,null,null,null,null,null,null,null,null,null,null,null,null,null,null,null,null,null,null,null,null,null,null,null,null,null,null,null,null,null,null,null,null,null
94,01/07/1999,,null,null,null,null,null,null,null,null,null,null,null,null,null,null,null,null,null,null,null,null,null,null,null,null,null,null,null,null,null,null,null,null,null,null
95,02/08/1999,,null,null,null,null,null,null,null,null,null,null,null,null,null,null,null,null,null,null,null,null,null,null,null,null,null,null,null,null,null,null,null,null,null,null
96,01/09/1999,,null,null,null,null,null,null,null,null,null,null,null,null,null,null,null,null,null,null,null,null,null,null,null,null,null,null,null,null,null,null,null,null,null,null
97,01/10/1999,,null,null,null,null,null,null,null,null,null,null,null,null,null,null,null,null,null,null,null,null,null,null,null,null,null,null,null,null,null,null,null,null,null,null
98,01/11/1999,,null,null,null,null,null,null,null,null,null,null,null,null,null,null,null,null,null,null,null,null,null,null,null,null,null,null,null,null,null,null,null,null,null,null
99,01/12/1999,02/12/1999,3.005000114440918,null,null,null,null,Clear,odour free,8.21,267,null,null,.05,.7,.016,null,null,null,0,83.48,80.4,48,.39,.8,19.2,7.776,26,4.3,17.22,26.8,0,101.846,null,null,null
100,01/12/1999,02/12/1999,3.005000114440918,null,null,null,null,Clear,odour free,8.21,267,null,null,.05,.7,.016,null,null,null,0,83.48,80.4,48,.39,.8,19.2,7.776,26,4.3,17.22,26.8,0,101.846,null,null,null
101,01/01/2000,,null,null,null,null,null,null,null,null,null,null,null,null,null,null,null,null,null,null,null,null,null,null,null,null,null,null,null,null,null,null,null,null,null,null
102,01/02/2000,,null,null,null,null,null,null,null,null,null,null,null,null,null,null,null,null,null,null,null,null,null,null,null,null,null,null,null,null,null,null,null,null,null,null
103,01/03/2000,02/03/2000,0.25699999928474426,null,null,null,null,Clear,odour free,8.52,549,null,null,null,1.3,.007,null,null,null,20.119,125.253,136.95,60,.45,.3,24,18.468,67.8,5.6,51.36,64,24.24,103.52,null,null,null
104,01/03/2000,02/03/2000,0.25699999928474426,null,null,null,null,Clear,odour free,8.52,549,null,null,null,1.3,.007,null,null,null,20.119,125.253,136.95,60,.45,.3,24,18.468,67.8,5.6,51.36,64,24.24,103.52,null,null,null
105,01/04/2000,,null,null,null,null,null,null,null,null,null,null,null,null,null,null,null,null,null,null,null,null,null,null,null,null,null,null,null,null,null,null,null,null,null,null
106,01/05/2000,,null,null,null,null,null,null,null,null,null,null,null,null,null,null,null,null,null,null,null,null,null,null,null,null,null,null,null,null,null,null,null,null,null,null
107,01/06/2000,,null,null,null,null,null,null,null,null,null,null,null,null,null,null,null,null,null,null,null,null,null,null,null,null,null,null,null,null,null,null,null,null,null,null
108,01/07/2000,,null,null,null,null,null,null,null,null,null,null,null,null,null,null,null,null,null,null,null,null,null,null,null,null,null,null,null,null,null,null,null,null,null,null
109,01/08/2000,,null,null,null,null,null,null,null,null,null,null,null,null,null,null,null,null,null,null,null,null,null,null,null,null,null,null,null,null,null,null,null,null,null,null
110,02/09/2000,,null,null,null,null,null,null,null,null,null,null,null,null,null,null,null,null,null,null,null,null,null,null,null,null,null,null,null,null,null,null,null,null,null,null
111,03/10/2000,,null,null,null,null,null,null,null,null,null,null,null,null,null,null,null,null,null,null,null,null,null,null,null,null,null,null,null,null,null,null,null,null,null,null
112,01/11/2000,,null,null,null,null,null,null,null,null,null,null,null,null,null,null,null,null,null,null,null,null,null,null,null,null,null,null,null,null,null,null,null,null,null,null
113,01/12/2000,,null,null,null,null,null,null,null,null,null,null,null,null,null,null,null,null,null,null,null,null,null,null,null,null,null,null,null,null,null,null,null,null,null,null
114,01/01/2001,,null,null,null,null,null,null,null,null,null,null,null,null,null,null,null,null,null,null,null,null,null,null,null,null,null,null,null,null,null,null,null,null,null,null
115,01/02/2001,,null,null,null,null,null,null,null,null,null,null,null,null,null,null,null,null,null,null,null,null,null,null,null,null,null,null,null,null,null,null,null,null,null,null
116,01/03/2001,,null,null,null,null,null,null,null,null,null,null,null,null,null,null,null,null,null,null,null,null,null,null,null,null,null,null,null,null,null,null,null,null,null,null
117,02/04/2001,,null,null,null,null,null,null,null,null,null,null,null,null,null,null,null,null,null,null,null,null,null,null,null,null,null,null,null,null,null,null,null,null,null,null
118,01/05/2001,,null,null,null,null,null,null,null,null,null,null,null,null,null,null,null,null,null,null,null,null,null,null,null,null,null,null,null,null,null,null,null,null,null,null
119,01/06/2001,,null,null,null,null,null,null,null,null,null,null,null,null,null,null,null,null,null,null,null,null,null,null,null,null,null,null,null,null,null,null,null,null,null,null
120,03/07/2001,,null,null,null,null,null,null,null,null,null,null,null,null,null,null,null,null,null,null,null,null,null,null,null,null,null,null,null,null,null,null,null,null,null,null
121,01/08/2001,,null,null,null,null,null,null,null,null,null,null,null,null,null,null,null,null,null,null,null,null,null,null,null,null,null,null,null,null,null,null,null,null,null,null
122,01/09/2001,,null,null,null,null,null,null,null,null,null,null,null,null,null,null,null,null,null,null,null,null,null,null,null,null,null,null,null,null,null,null,null,null,null,null
123,01/10/2001,,null,null,null,null,null,null,null,null,null,null,null,null,null,null,null,null,null,null,null,null,null,null,null,null,null,null,null,null,null,null,null,null,null,null
124,01/11/2001,01/11/2001,0.7699999809265137,null,null,null,28.5,Clear,odour free,7.98,295,null,null,null,.758,.007,12.79,null,null,0,82.623,112.933,48.1,.78,.31,19.24,15.56,16.3,3.9,32.51,12.88,0,100.8,null,null,null
125,01/11/2001,01/11/2001,0.7699999809265137,null,null,null,28.5,Clear,odour free,7.98,295,null,null,null,.758,.007,12.79,null,null,0,82.623,112.933,48.1,.78,.31,19.24,15.56,16.3,3.9,32.51,12.88,0,100.8,null,null,null
126,01/12/2001,01/12/2001,0.4690000116825104,null,null,null,27,Clear,odour free,8.3,525,null,null,null,2.029,.02,34.42,null,null,8.848,142.094,153.067,80.15,.72,.28,32.06,17.5,59.2,5.5,53.21,35.9,10.66,151.68,null,null,null
127,01/12/2001,01/12/2001,0.4690000116825104,null,null,null,27,Clear,odour free,8.3,525,null,null,null,2.029,.02,34.42,null,null,8.848,142.094,153.067,80.15,.72,.28,32.06,17.5,59.2,5.5,53.21,35.9,10.66,151.68,null,null,null
128,01/01/2002,01/01/2002,0.13500000536441803,null,null,null,26.5,Clear,odour free,8.32,520,null,null,null,2.202,.02,34.09,null,null,8.848,159.849,137.183,52.1,.357,.36,20.84,20.42,65.5,6.6,62.08,24.88,10.66,173.34,null,null,null
129,01/01/2002,01/01/2002,0.13500000536441803,null,null,null,26.5,Clear,odour free,8.32,520,null,null,null,2.202,.02,34.09,null,null,8.848,159.849,137.183,52.1,.357,.36,20.84,20.42,65.5,6.6,62.08,24.88,10.66,173.34,null,null,null
130,01/02/2002,,null,null,null,null,null,null,null,null,null,null,null,null,null,null,null,null,null,null,null,null,null,null,null,null,null,null,null,null,null,null,null,null,null,null
131,01/03/2002,,null,null,null,null,null,null,null,null,null,null,null,null,null,null,null,null,null,null,null,null,null,null,null,null,null,null,null,null,null,null,null,null,null,null
132,01/04/2002,,null,null,null,null,null,null,null,null,null,null,null,null,null,null,null,null,null,null,null,null,null,null,null,null,null,null,null,null,null,null,null,null,null,null
133,01/05/2002,,null,null,null,null,null,null,null,null,null,null,null,null,null,null,null,null,null,null,null,null,null,null,null,null,null,null,null,null,null,null,null,null,null,null
134,01/06/2002,,null,null,null,null,null,null,null,null,null,null,null,null,null,null,null,null,null,null,null,null,null,null,null,null,null,null,null,null,null,null,null,null,null,null
135,01/07/2002,,null,null,null,null,null,null,null,null,null,null,null,null,null,null,null,null,null,null,null,null,null,null,null,null,null,null,null,null,null,null,null,null,null,null
136,01/08/2002,,null,null,null,null,null,null,null,null,null,null,null,null,null,null,null,null,null,null,null,null,null,null,null,null,null,null,null,null,null,null,null,null,null,null
137,02/09/2002,,null,null,null,null,null,null,null,null,null,null,null,null,null,null,null,null,null,null,null,null,null,null,null,null,null,null,null,null,null,null,null,null,null,null
138,01/10/2002,,null,null,null,null,null,null,null,null,null,null,null,null,null,null,null,null,null,null,null,null,null,null,null,null,null,null,null,null,null,null,null,null,null,null
139,01/11/2002,01/11/2002,2.234999895095825,null,null,null,null,Clear,odour free,7.82,288,null,null,.062,3.772,.028,18.92,null,null,0,86.016,92.642,48.1,.411,.231,19.24,10.69,24.2,5.3,21.13,16.06,0,104.94,null,null,null
140,01/11/2002,01/11/2002,2.234999895095825,null,null,null,null,Clear,odour free,7.82,288,null,null,.062,3.772,.028,18.92,null,null,0,86.016,92.642,48.1,.411,.231,19.24,10.69,24.2,5.3,21.13,16.06,0,104.94,null,null,null
141,01/12/2002,01/12/2002,0.10899999737739563,null,null,null,null,Clear,odour free,7.37,521,null,null,.058,5.202,.016,29.62,null,null,0,149.738,120.833,64.125,.751,.284,25.65,13.61,59.8,5.7,35.3,56.24,0,182.68,null,null,null
142,01/12/2002,01/12/2002,0.10899999737739563,null,null,null,null,Clear,odour free,7.37,521,null,null,.058,5.202,.016,29.62,null,null,0,149.738,120.833,64.125,.751,.284,25.65,13.61,59.8,5.7,35.3,56.24,0,182.68,null,null,null
143,01/01/2003,,null,null,null,null,null,null,null,null,null,null,null,null,null,null,null,null,null,null,null,null,null,null,null,null,null,null,null,null,null,null,null,null,null,null
144,01/02/2003,,null,null,null,null,null,null,null,null,null,null,null,null,null,null,null,null,null,null,null,null,null,null,null,null,null,null,null,null,null,null,null,null,null,null
145,01/03/2003,,null,null,null,null,null,null,null,null,null,null,null,null,null,null,null,null,null,null,null,null,null,null,null,null,null,null,null,null,null,null,null,null,null,null
146,01/04/2003,,null,null,null,null,null,null,null,null,null,null,null,null,null,null,null,null,null,null,null,null,null,null,null,null,null,null,null,null,null,null,null,null,null,null
147,01/05/2003,,null,null,null,null,null,null,null,null,null,null,null,null,null,null,null,null,null,null,null,null,null,null,null,null,null,null,null,null,null,null,null,null,null,null
148,02/06/2003,,null,null,null,null,null,null,null,null,null,null,null,null,null,null,null,null,null,null,null,null,null,null,null,null,null,null,null,null,null,null,null,null,null,null
149,01/07/2003,,null,null,null,null,null,null,null,null,null,null,null,null,null,null,null,null,null,null,null,null,null,null,null,null,null,null,null,null,null,null,null,null,null,null
150,01/08/2003,,null,null,null,null,null,null,null,null,null,null,null,null,null,null,null,null,null,null,null,null,null,null,null,null,null,null,null,null,null,null,null,null,null,null
151,01/09/2003,,null,null,null,null,null,null,null,null,null,null,null,null,null,null,null,null,null,null,null,null,null,null,null,null,null,null,null,null,null,null,null,null,null,null
152,01/10/2003,,null,null,null,null,null,null,null,null,null,null,null,null,null,null,null,null,null,null,null,null,null,null,null,null,null,null,null,null,null,null,null,null,null,null
153,01/11/2003,01/11/2003,0.4699999988079071,null,null,null,28.5,Light Brown,odour free,8.48,350,null,null,null,1.127,.045,10.8,null,null,6.931,93.908,100.642,56.1,null,.242,22.44,10.69,25.3,5,33.29,17.2,8.35,97.59,null,null,null
154,01/11/2003,01/11/2003,0.4699999988079071,null,null,null,28.5,Light Brown,odour free,8.48,350,null,null,null,1.127,.045,10.8,null,null,6.931,93.908,100.642,56.1,null,.242,22.44,10.69,25.3,5,33.29,17.2,8.35,97.59,null,null,null
155,01/12/2003,01/12/2003,0.26100000739097595,null,null,null,null,Clear,odour free,9.58,275,null,null,null,.622,.019,21.09,null,null,20.169,81.008,72.533,36.075,.539,.41,14.43,8.75,32.1,5.5,21.02,23.6,24.3,49.42,null,null,null
156,01/12/2003,01/12/2003,0.26100000739097595,null,null,null,null,Clear,odour free,9.58,275,null,null,null,.622,.019,21.09,null,null,20.169,81.008,72.533,36.075,.539,.41,14.43,8.75,32.1,5.5,21.02,23.6,24.3,49.42,null,null,null
157,01/01/2004,,null,null,null,null,null,null,null,null,null,null,null,null,null,null,null,null,null,null,null,null,null,null,null,null,null,null,null,null,null,null,null,null,null,null
158,03/02/2004,,null,null,null,null,null,null,null,null,null,null,null,null,null,null,null,null,null,null,null,null,null,null,null,null,null,null,null,null,null,null,null,null,null,null
159,01/03/2004,,null,null,null,null,null,null,null,null,null,null,null,null,null,null,null,null,null,null,null,null,null,null,null,null,null,null,null,null,null,null,null,null,null,null
160,01/04/2004,,null,null,null,null,null,null,null,null,null,null,null,null,null,null,null,null,null,null,null,null,null,null,null,null,null,null,null,null,null,null,null,null,null,null
161,01/05/2004,,null,null,null,null,null,null,null,null,null,null,null,null,null,null,null,null,null,null,null,null,null,null,null,null,null,null,null,null,null,null,null,null,null,null
162,01/06/2004,,null,null,null,null,null,null,null,null,null,null,null,null,null,null,null,null,null,null,null,null,null,null,null,null,null,null,null,null,null,null,null,null,null,null
163,01/07/2004,,null,null,null,null,null,null,null,null,null,null,null,null,null,null,null,null,null,null,null,null,null,null,null,null,null,null,null,null,null,null,null,null,null,null
164,02/08/2004,,null,null,null,null,null,null,null,null,null,null,null,null,null,null,null,null,null,null,null,null,null,null,null,null,null,null,null,null,null,null,null,null,null,null
165,01/09/2004,,null,null,null,null,null,null,null,null,null,null,null,null,null,null,null,null,null,null,null,null,null,null,null,null,null,null,null,null,null,null,null,null,null,null
166,07/10/2004,07/10/2004,0.07400000095367432,null,null,null,32,Light Brown,odour free,8.8,171,null,null,.068,1.125,.016,16.53,null,null,9.52,57.363,56.283,40.075,.291,.192,16.03,3.89,14.2,4,11.16,7.6,11.47,46.66,null,null,null
167,07/10/2004,07/10/2004,0.07400000095367432,null,null,null,32,Light Brown,odour free,8.8,171,null,null,.068,1.125,.016,16.53,null,null,9.52,57.363,56.283,40.075,.291,.192,16.03,3.89,14.2,4,11.16,7.6,11.47,46.66,null,null,null
168,01/11/2004,01/11/2004,0.07999999821186066,null,null,null,null,Clear,odour free,8.26,279,null,null,null,1.821,.02,15.67,null,null,0,61.287,76.392,52.1,.384,.218,20.84,5.83,23.1,4.7,23.41,27.06,0,74.77,null,null,null
169,01/11/2004,01/11/2004,0.07999999821186066,null,null,null,null,Clear,odour free,8.26,279,null,null,null,1.821,.02,15.67,null,null,0,61.287,76.392,52.1,.384,.218,20.84,5.83,23.1,4.7,23.41,27.06,0,74.77,null,null,null
170,01/12/2004,01/12/2004,0.07100000232458115,null,null,null,25,Clear,odour free,8.99,338,null,null,.05,.59,.011,20.92,null,null,6.35,89.242,100.625,60.125,.328,.245,24.05,9.72,23.5,4.8,26.04,28.6,7.65,93.32,null,null,null
171,01/12/2004,01/12/2004,0.07100000232458115,null,null,null,25,Clear,odour free,8.99,338,null,null,.05,.59,.011,20.92,null,null,6.35,89.242,100.625,60.125,.328,.245,24.05,9.72,23.5,4.8,26.04,28.6,7.65,93.32,null,null,null
172,01/01/2005,,null,null,null,null,null,null,null,null,null,null,null,null,null,null,null,null,null,null,null,null,null,null,null,null,null,null,null,null,null,null,null,null,null,null
173,01/02/2005,,null,null,null,null,null,null,null,null,null,null,null,null,null,null,null,null,null,null,null,null,null,null,null,null,null,null,null,null,null,null,null,null,null,null
174,01/03/2005,,null,null,null,null,null,null,null,null,null,null,null,null,null,null,null,null,null,null,null,null,null,null,null,null,null,null,null,null,null,null,null,null,null,null
175,01/04/2005,,0.15700000524520874,null,null,null,null,null,null,null,null,null,null,null,null,null,null,null,null,null,null,null,null,null,null,null,null,null,null,null,null,null,null,null,null,null
176,01/04/2005,,0.15700000524520874,null,null,null,null,null,null,null,null,null,null,null,null,null,null,null,null,null,null,null,null,null,null,null,null,null,null,null,null,null,null,null,null,null
177,01/05/2005,01/05/2005,0.2240000069141388,null,null,null,28.5,Clear,odour free,7.78,506,null,null,null,1.8,.018,21.65,null,null,0,113.779,108.75,60.125,.484,.215,24.05,11.67,37.4,7,29.26,26.44,0,138.81,null,null,null
178,01/05/2005,01/05/2005,0.2240000069141388,null,null,null,28.5,Clear,odour free,7.78,506,null,null,null,1.8,.018,21.65,null,null,0,113.779,108.75,60.125,.484,.215,24.05,11.67,37.4,7,29.26,26.44,0,138.81,null,null,null
179,01/06/2005,,null,null,null,null,null,null,null,null,null,null,null,null,null,null,null,null,null,null,null,null,null,null,null,null,null,null,null,null,null,null,null,null,null,null
180,01/07/2005,,null,null,null,null,null,null,null,null,null,null,null,null,null,null,null,null,null,null,null,null,null,null,null,null,null,null,null,null,null,null,null,null,null,null
181,01/08/2005,,null,null,null,null,null,null,null,null,null,null,null,null,null,null,null,null,null,null,null,null,null,null,null,null,null,null,null,null,null,null,null,null,null,null
182,01/09/2005,,null,null,null,null,null,null,null,null,null,null,null,null,null,null,null,null,null,null,null,null,null,null,null,null,null,null,null,null,null,null,null,null,null,null
183,01/10/2005,,null,null,null,null,null,null,null,null,null,null,null,null,null,null,null,null,null,null,null,null,null,null,null,null,null,null,null,null,null,null,null,null,null,null
184,02/11/2005,,null,null,null,null,null,null,null,null,null,null,null,null,null,null,null,null,null,null,null,null,null,null,null,null,null,null,null,null,null,null,null,null,null,null
185,01/12/2005,01/12/2005,3.921999931335449,null,null,null,19,Clear,odour free,7.82,258,null,null,null,1.555,.024,20.18,null,null,0,76.664,76.95,36.45,.385,.268,14.58,9.72,21.7,5.1,16.07,34.86,0,93.53,null,null,null
186,01/12/2005,01/12/2005,3.921999931335449,null,null,null,19,Clear,odour free,7.82,258,null,null,null,1.555,.024,20.18,null,null,0,76.664,76.95,36.45,.385,.268,14.58,9.72,21.7,5.1,16.07,34.86,0,93.53,null,null,null
187,02/01/2006,02/01/2006,0.39899998903274536,null,null,null,25.5,Clear,odour free,7.55,323,null,null,null,1.97,.011,22.29,null,null,0,86.852,96.642,52.1,.304,.215,20.84,10.69,22.3,5.3,15.53,41.44,0,105.96,null,null,null
188,02/01/2006,02/01/2006,0.39899998903274536,null,null,null,25.5,Clear,odour free,7.55,323,null,null,null,1.97,.011,22.29,null,null,0,86.852,96.642,52.1,.304,.215,20.84,10.69,22.3,5.3,15.53,41.44,0,105.96,null,null,null
189,01/02/2006,01/02/2006,0.22699999809265137,null,null,null,26,Clear,odour free,8.03,428,null,null,null,1.539,.022,16.05,null,null,0,142.574,120.775,72.15,.412,.224,28.86,11.67,40.2,5.5,22.2,26.73,0,173.94,null,null,null
190,01/02/2006,01/02/2006,0.22699999809265137,null,null,null,26,Clear,odour free,8.03,428,null,null,null,1.539,.022,16.05,null,null,0,142.574,120.775,72.15,.412,.224,28.86,11.67,40.2,5.5,22.2,26.73,0,173.94,null,null,null
191,01/03/2006,01/03/2006,0.21199999749660492,null,null,null,27.5,Clear,odour free,9.11,341,null,null,.22,.41,.025,10.04,null,null,15.77,102.954,76.575,36.075,.488,.288,14.43,9.72,38.3,6,28.7,21.1,19,86.97,null,null,null
192,01/03/2006,01/03/2006,0.21199999749660492,null,null,null,27.5,Clear,odour free,9.11,341,null,null,.22,.41,.025,10.04,null,null,15.77,102.954,76.575,36.075,.488,.288,14.43,9.72,38.3,6,28.7,21.1,19,86.97,null,null,null
193,01/04/2006,01/04/2006,0.12700000405311584,null,null,null,27,Clear,odour free,8.46,501,null,null,null,1.49,.02,18.68,null,null,19.621,149.744,120.833,64.125,.474,.201,25.65,13.61,48,7.5,26.66,34.95,23.64,134.62,null,null,null
194,01/04/2006,01/04/2006,0.12700000405311584,null,null,null,27,Clear,odour free,8.46,501,null,null,null,1.49,.02,18.68,null,null,19.621,149.744,120.833,64.125,.474,.201,25.65,13.61,48,7.5,26.66,34.95,23.64,134.62,null,null,null
195,01/05/2006,01/05/2006,0.0820000022649765,null,null,null,27,Clear,odour free,8.67,388,null,null,null,.615,.02,19.18,null,null,7.835,130.02,96.642,52.1,.421,.285,20.84,10.69,42.6,6.8,29.08,41.62,9.44,139.43,null,null,null
196,01/05/2006,01/05/2006,0.0820000022649765,null,null,null,27,Clear,odour free,8.67,388,null,null,null,.615,.02,19.18,null,null,7.835,130.02,96.642,52.1,.421,.285,20.84,10.69,42.6,6.8,29.08,41.62,9.44,139.43,null,null,null
197,01/06/2006,01/06/2006,0.13500000536441803,null,null,null,27,Clear,odour free,8.21,431,null,null,.085,.795,.021,20.16,null,null,0,120.975,112.933,48.1,.412,.313,19.24,15.56,47.2,6.9,29.12,47.51,0,147.59,null,null,null
198,01/06/2006,01/06/2006,0.13500000536441803,null,null,null,27,Clear,odour free,8.21,431,null,null,.085,.795,.021,20.16,null,null,0,120.975,112.933,48.1,.412,.313,19.24,15.56,47.2,6.9,29.12,47.51,0,147.59,null,null,null
199,01/07/2006,,null,null,null,null,null,null,null,null,null,null,null,null,null,null,null,null,null,null,null,null,null,null,null,null,null,null,null,null,null,null,null,null,null,null
200,01/08/2006,01/08/2006,0.2160000056028366,null,null,null,27.5,Clear,odour free,7.92,584,null,null,null,1.937,.019,29.17,null,null,0,161.656,124.958,60.125,.396,.312,24.05,15.56,71.6,8.7,44.43,74.8,0,197.22,null,null,null
201,01/08/2006,01/08/2006,0.2160000056028366,null,null,null,27.5,Clear,odour free,7.92,584,null,null,null,1.937,.019,29.17,null,null,0,161.656,124.958,60.125,.396,.312,24.05,15.56,71.6,8.7,44.43,74.8,0,197.22,null,null,null
202,01/09/2006,,null,null,null,null,null,null,null,null,null,null,null,null,null,null,null,null,null,null,null,null,null,null,null,null,null,null,null,null,null,null,null,null,null,null
203,03/10/2006,,null,null,null,null,null,null,null,null,null,null,null,null,null,null,null,null,null,null,null,null,null,null,null,null,null,null,null,null,null,null,null,null,null,null
204,01/11/2006,01/11/2006,2.940999984741211,null,null,null,18,Clear,odour free,7.76,299,null,null,null,4.513,.001,9.29,null,null,0,82.902,84.417,60.125,.496,.31,24.05,5.83,27.9,4.8,18.34,37.67,0,101.14,null,null,null
205,01/11/2006,01/11/2006,2.940999984741211,null,null,null,18,Clear,odour free,7.76,299,null,null,null,4.513,.001,9.29,null,null,0,82.902,84.417,60.125,.496,.31,24.05,5.83,27.9,4.8,18.34,37.67,0,101.14,null,null,null
206,01/12/2006,01/12/2006,1.4709999561309814,null,null,null,18.7,Clear,odour free,8.33,347,null,null,null,null,.031,12.72,null,null,12.782,106.954,104.558,68.1,.411,.23,27.24,8.75,30.7,5.5,27.51,34.2,15.4,99.17,null,null,null
207,01/12/2006,01/12/2006,1.4709999561309814,null,null,null,18.7,Clear,odour free,8.33,347,null,null,null,null,.031,12.72,null,null,12.782,106.954,104.558,68.1,.411,.23,27.24,8.75,30.7,5.5,27.51,34.2,15.4,99.17,null,null,null
208,02/01/2007,02/01/2007,0.5350000262260437,null,null,null,16.5,Clear,odour free,7.83,783,null,null,null,2.352,.001,30.12,null,null,0,167.164,181.2,100.2,.497,.331,40.08,19.44,104.7,7.2,87.24,131.91,0,203.94,null,null,null
209,02/01/2007,02/01/2007,0.5350000262260437,null,null,null,16.5,Clear,odour free,7.83,783,null,null,null,2.352,.001,30.12,null,null,0,167.164,181.2,100.2,.497,.331,40.08,19.44,104.7,7.2,87.24,131.91,0,203.94,null,null,null
210,01/02/2007,01/02/2007,0.6990000009536743,null,null,null,16.5,Clear,odour free,7.91,714,null,null,null,1.947,.001,19.72,null,null,0,180,181.342,88.175,.211,.271,35.27,22.36,98.4,7.3,70.31,111,0,219.6,null,null,null
211,01/02/2007,01/02/2007,0.6990000009536743,null,null,null,16.5,Clear,odour free,7.91,714,null,null,null,1.947,.001,19.72,null,null,0,180,181.342,88.175,.211,.271,35.27,22.36,98.4,7.3,70.31,111,0,219.6,null,null,null
212,01/03/2007,01/03/2007,0.4390000104904175,null,null,null,19,Clear,odour free,8.81,982,null,null,.051,4.371,.012,29.34,null,null,3.967,139.311,165.375,64.125,.44,.235,25.65,24.3,152.5,7.6,128.14,170.78,4.78,160.24,null,null,null
213,01/03/2007,01/03/2007,0.4390000104904175,null,null,null,19,Clear,odour free,8.81,982,null,null,.051,4.371,.012,29.34,null,null,3.967,139.311,165.375,64.125,.44,.235,25.65,24.3,152.5,7.6,128.14,170.78,4.78,160.24,null,null,null
214,02/04/2007,,null,null,null,null,null,null,null,null,null,null,null,null,null,null,null,null,null,null,null,null,null,null,null,null,null,null,null,null,null,null,null,null,null,null
215,01/05/2007,,null,null,null,null,null,null,null,null,null,null,null,null,null,null,null,null,null,null,null,null,null,null,null,null,null,null,null,null,null,null,null,null,null,null
216,01/06/2007,,null,null,null,null,null,null,null,null,null,null,null,null,null,null,null,null,null,null,null,null,null,null,null,null,null,null,null,null,null,null,null,null,null,null
217,02/07/2007,,null,null,null,null,null,null,null,null,null,null,null,null,null,null,null,null,null,null,null,null,null,null,null,null,null,null,null,null,null,null,null,null,null,null
218,01/08/2007,,null,null,null,null,null,null,null,null,null,null,null,null,null,null,null,null,null,null,null,null,null,null,null,null,null,null,null,null,null,null,null,null,null,null
219,01/09/2007,01/09/2007,0,null,null,null,22.5,Clear,odour free,9.1,576,null,null,.098,5.776,.013,12.56,null,null,11.894,91.547,112.808,56.1,.463,.31,22.44,13.61,83.6,6.7,73.07,75.66,14.33,82.55,null,null,null
220,01/09/2007,01/09/2007,0,null,null,null,22.5,Clear,odour free,9.1,576,null,null,.098,5.776,.013,12.56,null,null,11.894,91.547,112.808,56.1,.463,.31,22.44,13.61,83.6,6.7,73.07,75.66,14.33,82.55,null,null,null
221,03/10/2007,,null,null,null,null,null,null,null,null,null,null,null,null,null,null,null,null,null,null,null,null,null,null,null,null,null,null,null,null,null,null,null,null,null,null
222,01/11/2007,,null,null,null,null,null,null,null,null,null,null,null,null,null,null,null,null,null,null,null,null,null,null,null,null,null,null,null,null,null,null,null,null,null,null
223,01/12/2007,01/12/2007,0.19099999964237213,null,null,null,18,Clear,odour free,9.09,380,null,null,.121,1.424,.058,11.24,null,null,0,92.459,92.558,56.1,.327,.273,22.44,8.75,46.2,5.2,30.92,54.17,0,112.8,null,null,null
224,01/12/2007,01/12/2007,0.19099999964237213,null,null,null,18,Clear,odour free,9.09,380,null,null,.121,1.424,.058,11.24,null,null,0,92.459,92.558,56.1,.327,.273,22.44,8.75,46.2,5.2,30.92,54.17,0,112.8,null,null,null
225,01/01/2008,01/01/2008,0.22599999606609344,null,null,null,16.25,Dark Green,odour free,8.27,531,null,null,.054,1.341,.026,29.59,null,null,0,142.131,116.75,68.125,.473,.237,27.25,11.67,65.7,5.9,48.06,60.87,0,173.4,null,null,null
226,01/01/2008,01/01/2008,0.22599999606609344,null,null,null,16.25,Dark Green,odour free,8.27,531,null,null,.054,1.341,.026,29.59,null,null,0,142.131,116.75,68.125,.473,.237,27.25,11.67,65.7,5.9,48.06,60.87,0,173.4,null,null,null
227,01/02/2008,01/02/2008,0.07599999755620956,null,null,null,16.75,Clear,odour free,8.03,1070,null,null,.062,1.832,.01,21.53,null,null,0,214.139,193.425,92.175,.936,.313,36.87,24.3,146.6,8.1,110.11,146.96,0,261.25,null,null,null
228,01/02/2008,01/02/2008,0.07599999755620956,null,null,null,16.75,Clear,odour free,8.03,1070,null,null,.062,1.832,.01,21.53,null,null,0,214.139,193.425,92.175,.936,.313,36.87,24.3,146.6,8.1,110.11,146.96,0,261.25,null,null,null
229,01/03/2008,,0.039000000804662704,null,null,null,null,null,null,null,null,null,null,null,null,null,null,null,null,null,null,null,null,null,null,null,null,null,null,null,null,null,null,null,null,null
230,01/03/2008,,0.039000000804662704,null,null,null,null,null,null,null,null,null,null,null,null,null,null,null,null,null,null,null,null,null,null,null,null,null,null,null,null,null,null,null,null,null
231,01/04/2008,01/04/2008,3.359999895095825,null,null,null,18.75,Clear,odour free,8.14,496,null,null,.051,.918,.034,23.17,null,null,0,134.779,128.858,72.15,.406,.25,28.86,13.61,52.1,6.1,51.47,39.98,0,164.43,null,null,null
232,01/04/2008,01/04/2008,3.359999895095825,null,null,null,18.75,Clear,odour free,8.14,496,null,null,.051,.918,.034,23.17,null,null,0,134.779,128.858,72.15,.406,.25,28.86,13.61,52.1,6.1,51.47,39.98,0,164.43,null,null,null
233,01/05/2008,01/05/2008,0.382999986410141,null,null,null,20.3,Clear,odour free,7.92,898,null,null,.053,1.476,.029,27.84,null,null,0,185.639,185.325,96.2,.374,.294,38.48,21.39,111.2,7.7,102.39,109.56,0,226.48,null,null,null
234,01/05/2008,01/05/2008,0.382999986410141,null,null,null,20.3,Clear,odour free,7.92,898,null,null,.053,1.476,.029,27.84,null,null,0,185.639,185.325,96.2,.374,.294,38.48,21.39,111.2,7.7,102.39,109.56,0,226.48,null,null,null
235,02/06/2008,,null,null,null,null,null,null,null,null,null,null,null,null,null,null,null,null,null,null,null,null,null,null,null,null,null,null,null,null,null,null,null,null,null,null
236,01/07/2008,,null,null,null,null,null,null,null,null,null,null,null,null,null,null,null,null,null,null,null,null,null,null,null,null,null,null,null,null,null,null,null,null,null,null
237,01/08/2008,,null,null,null,null,null,null,null,null,null,null,null,null,null,null,null,null,null,null,null,null,null,null,null,null,null,null,null,null,null,null,null,null,null,null
238,01/09/2008,,null,null,null,null,null,null,null,null,null,null,null,null,null,null,null,null,null,null,null,null,null,null,null,null,null,null,null,null,null,null,null,null,null,null
239,03/10/2008,,null,null,null,null,null,null,null,null,null,null,null,null,null,null,null,null,null,null,null,null,null,null,null,null,null,null,null,null,null,null,null,null,null,null
240,01/11/2008,01/11/2008,0.14399999380111694,null,null,null,19.25,Clear,odour free,8.14,988,null,null,null,null,null,null,null,null,null,null,292.35,120.225,null,null,48.09,29.16,136.16,6.1,189.96,136,0,184.66,null,null,null
241,01/11/2008,01/11/2008,0.14399999380111694,null,null,null,19.25,Clear,odour free,8.14,988,null,null,null,null,null,null,null,null,null,null,292.35,120.225,null,null,48.09,29.16,136.16,6.1,189.96,136,0,184.66,null,null,null
242,01/12/2008,01/12/2008,1.4179999828338623,null,null,null,null,null,null,7.9,948,null,null,null,null,null,null,null,null,null,null,221.475,120.225,.651,.21,48.09,24.3,128,4.7,170.755,132,0,182.39,null,null,null
243,01/12/2008,01/12/2008,1.4179999828338623,null,null,null,null,null,null,7.9,948,null,null,null,null,null,null,null,null,null,null,221.475,120.225,.651,.21,48.09,24.3,128,4.7,170.755,132,0,182.39,null,null,null
244,01/01/2009,01/01/2009,0.8140000104904175,null,null,null,16,Clear,odour free,8.54,938,null,null,null,null,null,null,null,null,null,null,232.083,80,.631,.49,32,36.5,122.13,7.5,162.235,130,33.6,154,null,null,null
245,01/01/2009,01/01/2009,0.8140000104904175,null,null,null,16,Clear,odour free,8.54,938,null,null,null,null,null,null,null,null,null,null,232.083,80,.631,.49,32,36.5,122.13,7.5,162.235,130,33.6,154,null,null,null
246,02/02/2009,,null,null,null,null,null,null,null,null,null,null,null,null,null,null,null,null,null,null,null,null,null,null,null,null,null,null,null,null,null,null,null,null,null,null
247,02/03/2009,,null,null,null,null,null,null,null,null,null,null,null,null,null,null,null,null,null,null,null,null,null,null,null,null,null,null,null,null,null,null,null,null,null,null
248,01/04/2009,,null,null,null,null,null,null,null,null,null,null,null,null,null,null,null,null,null,null,null,null,null,null,null,null,null,null,null,null,null,null,null,null,null,null
249,01/05/2009,,null,null,null,null,null,null,null,null,null,null,null,null,null,null,null,null,null,null,null,null,null,null,null,null,null,null,null,null,null,null,null,null,null,null
250,01/06/2009,01/06/2009,null,null,null,null,null,null,null,null,null,null,null,null,null,null,null,null,null,null,null,null,null,null,null,null,null,null,null,null,null,null,null,null,null,null
251,01/07/2009,01/07/2009,null,null,null,null,null,null,null,null,null,null,null,null,null,null,null,null,null,null,null,null,null,null,null,null,null,null,null,null,null,null,null,null,null,null
252,01/08/2009,01/08/2009,null,null,null,null,null,null,null,null,null,null,null,null,null,null,null,null,null,null,null,null,null,null,null,null,null,null,null,null,null,null,null,null,null,null
253,01/09/2009,01/09/2009,null,null,null,null,null,null,null,null,null,null,null,null,null,null,null,null,null,null,null,null,null,null,null,null,null,null,null,null,null,null,null,null,null,null
254,01/10/2009,01/10/2009,null,null,null,null,null,null,null,null,null,null,null,null,null,null,null,null,null,null,null,null,null,null,null,null,null,null,null,null,null,null,null,null,null,null
255,03/11/2009,03/11/2009,null,null,null,null,null,null,null,null,null,null,null,null,null,null,null,null,null,null,null,null,null,null,null,null,null,null,null,null,null,null,null,null,null,null
256,01/12/2009,01/12/2009,null,null,null,null,null,null,null,null,null,null,null,null,null,null,null,null,null,null,null,null,null,null,null,null,null,null,null,null,null,null,null,null,null,null
257,01/01/2010,01/01/2010,null,null,null,null,null,null,null,null,null,null,null,null,null,null,null,null,null,null,null,null,null,null,null,null,null,null,null,null,null,null,null,null,null,null
258,01/02/2010,01/02/2010,null,null,null,null,null,null,null,null,null,null,null,null,null,null,null,null,null,null,null,null,null,null,null,null,null,null,null,null,null,null,null,null,null,null
259,01/03/2010,01/03/2010,null,null,null,null,null,null,null,null,null,null,null,null,null,null,null,null,null,null,null,null,null,null,null,null,null,null,null,null,null,null,null,null,null,null
260,01/04/2010,01/04/2010,null,null,null,null,null,null,null,null,null,null,null,null,null,null,null,null,null,null,null,null,null,null,null,null,null,null,null,null,null,null,null,null,null,null
261,01/05/2010,01/05/2010,null,null,null,null,null,null,null,null,null,null,null,null,null,null,null,null,null,null,null,null,null,null,null,null,null,null,null,null,null,null,null,null,null,null
262,01/06/2010,,null,null,null,null,null,null,null,null,null,null,null,null,null,null,null,null,null,null,null,null,null,null,null,null,null,null,null,null,null,null,null,null,null,null
263,01/07/2010,,null,null,null,null,null,null,null,null,null,null,null,null,null,null,null,null,null,null,null,null,null,null,null,null,null,null,null,null,null,null,null,null,null,null
264,02/08/2010,,null,null,null,null,null,null,null,null,null,null,null,null,null,null,null,null,null,null,null,null,null,null,null,null,null,null,null,null,null,null,null,null,null,null
265,01/09/2010,,null,null,null,null,null,null,null,null,null,null,null,null,null,null,null,null,null,null,null,null,null,null,null,null,null,null,null,null,null,null,null,null,null,null
266,01/10/2010,,null,null,null,null,null,null,null,null,null,null,null,null,null,null,null,null,null,null,null,null,null,null,null,null,null,null,null,null,null,null,null,null,null,null
267,01/11/2010,,null,null,null,null,null,null,null,null,null,null,null,null,null,null,null,null,null,null,null,null,null,null,null,null,null,null,null,null,null,null,null,null,null,null
268,01/12/2010,01/12/2010,1.1260000467300415,null,null,null,22.5,Clear,odour free,7.9,239,null,null,.076,null,null,6.332,null,null,0,84,88.5,60.125,.515,.378,24.05,6.81,22.6,3.9,36.34,15.68,0,102.48,null,null,null
269,01/12/2010,01/12/2010,1.1260000467300415,null,null,null,22.5,Clear,odour free,7.9,239,null,null,.076,null,null,6.332,null,null,0,84,88.5,60.125,.515,.378,24.05,6.81,22.6,3.9,36.34,15.68,0,102.48,null,null,null
270,01/01/2011,01/01/2011,1.2710000276565552,null,null,null,23.5,Clear,odour free,8.18,260,null,null,.012,null,null,5.061,null,null,0,108,100.525,72.15,.272,.114,28.86,6.81,27.6,5.7,36.34,21.1,0,131.76,null,null,null
271,01/01/2011,01/01/2011,1.2710000276565552,null,null,null,23.5,Clear,odour free,8.18,260,null,null,.012,null,null,5.061,null,null,0,108,100.525,72.15,.272,.114,28.86,6.81,27.6,5.7,36.34,21.1,0,131.76,null,null,null
272,01/02/2011,01/02/2011,0.9279999732971191,null,null,null,23,Clear,odour free,9.3,289,null,null,.038,null,null,6.297,null,null,27.888,108,112.408,96.2,.682,.068,38.48,3.89,35,6,59.47,18.67,33.6,63.44,null,null,null
273,01/02/2011,01/02/2011,0.9279999732971191,null,null,null,23,Clear,odour free,9.3,289,null,null,.038,null,null,6.297,null,null,27.888,108,112.408,96.2,.682,.068,38.48,3.89,35,6,59.47,18.67,33.6,63.44,null,null,null
274,01/03/2011,01/03/2011,0.9419999718666077,null,null,null,26,Clear,odour free,9.05,378,null,null,.06,null,null,10.13,null,null,15.936,120,112.65,72.15,.225,0,28.86,9.72,38.6,6.1,49.62,22.63,19.2,107.36,null,null,null
275,01/03/2011,01/03/2011,0.9419999718666077,null,null,null,26,Clear,odour free,9.05,378,null,null,.06,null,null,10.13,null,null,15.936,120,112.65,72.15,.225,0,28.86,9.72,38.6,6.1,49.62,22.63,19.2,107.36,null,null,null
276,01/04/2011,01/04/2011,0.36800000071525574,null,null,null,26,Clear,odour free,8.33,367,null,null,null,null,null,null,null,null,15.936,124,112.608,76.15,.239,null,30.46,8.75,47.8,7.2,62.86,25.39,19.2,112.24,null,null,null
277,01/04/2011,01/04/2011,0.36800000071525574,null,null,null,26,Clear,odour free,8.33,367,null,null,null,null,null,null,null,null,15.936,124,112.608,76.15,.239,null,30.46,8.75,47.8,7.2,62.86,25.39,19.2,112.24,null,null,null
278,02/05/2011,02/05/2011,0.13099999725818634,null,null,null,28,Clear,odour free,7.73,407,null,null,null,null,null,null,null,null,0,144,128.775,80.15,.29,null,32.06,11.67,46.2,7.3,59.81,27.65,0,175.68,null,null,null
279,02/05/2011,02/05/2011,0.13099999725818634,null,null,null,28,Clear,odour free,7.73,407,null,null,null,null,null,null,null,null,0,144,128.775,80.15,.29,null,32.06,11.67,46.2,7.3,59.81,27.65,0,175.68,null,null,null
280,01/06/2011,,null,null,null,null,null,null,null,null,null,null,null,null,null,null,null,null,null,null,null,null,null,null,null,null,null,null,null,null,null,null,null,null,null,null
281,01/07/2011,,null,null,null,null,null,null,null,null,null,null,null,null,null,null,null,null,null,null,null,null,null,null,null,null,null,null,null,null,null,null,null,null,null,null
282,01/08/2011,,null,null,null,null,null,null,null,null,null,null,null,null,null,null,null,null,null,null,null,null,null,null,null,null,null,null,null,null,null,null,null,null,null,null
283,02/09/2011,,null,null,null,null,null,null,null,null,null,null,null,null,null,null,null,null,null,null,null,null,null,null,null,null,null,null,null,null,null,null,null,null,null,null
284,01/10/2011,,null,null,null,null,null,null,null,null,null,null,null,null,null,null,null,null,null,null,null,null,null,null,null,null,null,null,null,null,null,null,null,null,null,null
285,01/11/2011,,null,null,null,null,null,null,null,null,null,null,null,null,null,null,null,null,null,null,null,null,null,null,null,null,null,null,null,null,null,null,null,null,null,null
286,01/12/2011,01/12/2011,1.4210000038146973,null,null,null,23.5,Clear,odour free,8.32,410,null,null,null,null,null,null,null,null,8.723,127.033,133,64.125,.472,null,25.65,16.53,50,6,66.11,33.62,10.51,133.61,null,null,null
287,01/12/2011,01/12/2011,1.4210000038146973,null,null,null,23.5,Clear,odour free,8.32,410,null,null,null,null,null,null,null,null,8.723,127.033,133,64.125,.472,null,25.65,16.53,50,6,66.11,33.62,10.51,133.61,null,null,null
288,02/01/2012,02/01/2012,1.3550000190734863,null,null,null,21.5,Clear,odour free,7.8,439,null,null,null,null,null,null,null,null,0,131.418,144.983,80.15,.17,null,32.06,15.56,56,7,72.4,36.2,0,160.33,null,null,null
289,02/01/2012,02/01/2012,1.3550000190734863,null,null,null,21.5,Clear,odour free,7.8,439,null,null,null,null,null,null,null,null,0,131.418,144.983,80.15,.17,null,32.06,15.56,56,7,72.4,36.2,0,160.33,null,null,null
290,01/02/2012,,null,null,null,null,null,null,null,null,null,null,null,null,null,null,null,null,null,null,null,null,null,null,null,null,null,null,null,null,null,null,null,null,null,null
291,01/03/2012,,null,null,null,null,null,null,null,null,null,null,null,null,null,null,null,null,null,null,null,null,null,null,null,null,null,null,null,null,null,null,null,null,null,null
292,02/04/2012,,null,null,null,null,null,null,null,null,null,null,null,null,null,null,null,null,null,null,null,null,null,null,null,null,null,null,null,null,null,null,null,null,null,null
293,01/05/2012,,null,null,null,null,null,null,null,null,null,null,null,null,null,null,null,null,null,null,null,null,null,null,null,null,null,null,null,null,null,null,null,null,null,null
294,01/06/2013,,null,null,null,null,null,null,null,null,null,null,null,null,null,null,null,null,null,null,null,null,null,null,null,null,null,null,null,null,null,null,null,null,null,null
295,01/07/2013,,null,null,null,null,null,null,null,null,null,null,null,null,null,null,null,null,null,null,null,null,null,null,null,null,null,null,null,null,null,null,null,null,null,null
296,01/08/2013,,null,null,null,null,null,null,null,null,null,null,null,null,null,null,null,null,null,null,null,null,null,null,null,null,null,null,null,null,null,null,null,null,null,null
297,02/09/2013,,null,null,null,null,null,null,null,null,null,null,null,null,null,null,null,null,null,null,null,null,null,null,null,null,null,null,null,null,null,null,null,null,null,null
298,01/10/2013,,null,null,null,null,null,null,null,null,null,null,null,null,null,null,null,null,null,null,null,null,null,null,null,null,null,null,null,null,null,null,null,null,null,null
299,01/11/2013,,null,null,null,null,null,null,null,null,null,null,null,null,null,null,null,null,null,null,null,null,null,null,null,null,null,null,null,null,null,null,null,null,null,null
300,02/12/2013,,null,null,null,null,null,null,null,null,null,null,null,null,null,null,null,null,null,null,null,null,null,null,null,null,null,null,null,null,null,null,null,null,null,null
301,01/01/2014,,null,null,null,null,null,null,null,null,null,null,null,null,null,null,null,null,null,null,null,null,null,null,null,null,null,null,null,null,null,null,null,null,null,null
