Standard Parameter Analysis Data of : Jaraikela (EBJ00D5)
Laboratory : CWC MERO Bhubneshwar 
Period : January-2003 To January-2015 
S.No.,Date_of_Collection,Date_of_Receipt,Discharge(cumecs),pH_FLD,EC_FLD(umho/cm),DO(mg/l),Water Temp(deg C),Colour,Odour,pH_GEN,EC_GEN(umho/cm),TDS(mg/l),SS(mg/l),NH3(mg N/l),NO2+NO3(mg N/l),Total_Nutrients(mg P/l),SiO2(mg/l),BOD(mg/l),COD(mg/l),Phen(mg CaCO3/l),Total_Alkallnity(mg CaCO3/l),Total_Hardness(mg CaCO3/l),Ca_Hardness(mg CaCO3/l),F(mg/l),B(mg/l),Ca_Major_Ions(mg/l),Mg(mg/l),Na(mg/l),K(mg/l),Cl(mg/l),SO4(mg/l),CO3(mg/l),HCO3(mg/l),Total_Coliforms(MPN/100ml),Faecal(MPN/100ml),Chlorophyll-A(ug/L)
1,01/01/2003,02/01/2003,10.52299976348877,8.1,171,8.75,18,Clear,odour free,8.1,171,null,null,null,.336,null,11.43,1.02,null,null,null,64.3,40,0,0,16,5.832,9.108,1.251,13.632,1.392,2.94,86.01,null,null,null
2,01/01/2003,02/01/2003,10.52299976348877,8.1,171,8.75,18,Clear,odour free,8.1,171,null,null,null,.336,null,11.43,1.02,null,null,null,64.3,40,0,0,16,5.832,9.108,1.251,13.632,1.392,2.94,86.01,null,null,null
3,01/02/2003,02/02/2003,6.577000141143799,7.4,158,7.32,18.5,Clear,odour free,7.4,158,null,null,null,.21,null,7.89,.81,null,null,null,64.3,40,0,0,16,5.832,6.509,2.385,9.656,1.008,0,84.607,null,null,null
4,01/02/2003,02/02/2003,6.577000141143799,7.4,158,7.32,18.5,Clear,odour free,7.4,158,null,null,null,.21,null,7.89,.81,null,null,null,64.3,40,0,0,16,5.832,6.509,2.385,9.656,1.008,0,84.607,null,null,null
5,01/03/2003,02/03/2003,5.833000183105469,8.1,109,7.73,23,Clear,odour free,8.1,109,null,null,null,.406,null,11.54,.61,null,null,null,36.2,20,0,0,8,3.888,6.095,1.251,9.656,1.344,0,54.046,null,null,null
6,01/03/2003,02/03/2003,5.833000183105469,8.1,109,7.73,23,Clear,odour free,8.1,109,null,null,null,.406,null,11.54,.61,null,null,null,36.2,20,0,0,8,3.888,6.095,1.251,9.656,1.344,0,54.046,null,null,null
7,01/04/2003,02/04/2003,7.565999984741211,8.1,210,6.12,26.5,Clear,odour free,8.1,210,null,null,null,.714,null,11.43,.72,null,null,null,84.4,52,0,0,20.8,7.776,9.108,1.642,11.679,1.2,0,114.07,null,null,null
8,01/04/2003,02/04/2003,7.565999984741211,8.1,210,6.12,26.5,Clear,odour free,8.1,210,null,null,null,.714,null,11.43,.72,null,null,null,84.4,52,0,0,20.8,7.776,9.108,1.642,11.679,1.2,0,114.07,null,null,null
9,01/05/2003,02/05/2003,2.128999948501587,7.9,220,5.76,26,Clear,odour free,7.9,220,null,null,null,.434,null,8.1,.54,null,null,null,64.25,44,0,0,17.6,4.86,6.509,3.089,9.656,1.008,0,86.01,null,null,null
10,01/05/2003,02/05/2003,2.128999948501587,7.9,220,5.76,26,Clear,odour free,7.9,220,null,null,null,.434,null,8.1,.54,null,null,null,64.25,44,0,0,17.6,4.86,6.509,3.089,9.656,1.008,0,86.01,null,null,null
11,02/06/2003,03/06/2003,1.6100000143051147,7.7,250,5.94,30.5,Light Brown,odour free,7.7,250,null,null,null,.434,null,null,.72,null,null,null,null,null,null,null,null,null,null,null,null,null,null,null,null,null,null
12,02/06/2003,03/06/2003,1.6100000143051147,7.7,250,5.94,30.5,Light Brown,odour free,7.7,250,null,null,null,.434,null,null,.72,null,null,null,null,null,null,null,null,null,null,null,null,null,null,null,null,null,null
13,11/06/2003,12/06/2003,1.6729999780654907,7.7,270,5.42,30,Light Brown,odour free,7.7,270,null,null,null,null,null,null,.58,null,null,null,null,null,null,null,null,null,null,null,null,null,null,null,null,null,null
14,11/06/2003,12/06/2003,1.6729999780654907,7.7,270,5.42,30,Light Brown,odour free,7.7,270,null,null,null,null,null,null,.58,null,null,null,null,null,null,null,null,null,null,null,null,null,null,null,null,null,null
15,21/06/2003,22/06/2003,23.658000946044922,7.3,142,5.81,29,Light Brown,odour free,7.3,142,null,null,null,null,null,null,.97,null,null,null,null,null,null,null,null,null,null,null,null,null,null,null,null,null,null
16,21/06/2003,22/06/2003,23.658000946044922,7.3,142,5.81,29,Light Brown,odour free,7.3,142,null,null,null,null,null,null,.97,null,null,null,null,null,null,null,null,null,null,null,null,null,null,null,null,null,null
17,01/07/2003,20/07/2003,166,7.25,82,6.78,29.5,Light Brown,odour free,7.3,82,null,null,null,4.344,null,8.25,.77,null,null,null,32.15,20,0,0,8,2.916,4.209,2.072,5.822,1.008,0,28.792,null,null,null
18,01/07/2003,20/07/2003,166,7.25,82,6.78,29.5,Light Brown,odour free,7.3,82,null,null,null,4.344,null,8.25,.77,null,null,null,32.15,20,0,0,8,2.916,4.209,2.072,5.822,1.008,0,28.792,null,null,null
19,01/08/2003,02/08/2003,721.8740234375,7.1,63,5.81,27.5,Light Brown,odour free,7.1,63,null,null,null,.336,null,5.87,1.35,null,null,null,20.075,14,0,0,5.6,1.458,4.094,1.368,7.703,1.2,0,24.034,null,null,null
20,01/08/2003,02/08/2003,721.8740234375,7.1,63,5.81,27.5,Light Brown,odour free,7.1,63,null,null,null,.336,null,5.87,1.35,null,null,null,20.075,14,0,0,5.6,1.458,4.094,1.368,7.703,1.2,0,24.034,null,null,null
21,01/09/2003,02/09/2003,178.28599548339844,7.2,110,5.81,29.5,Light Brown,odour free,7.2,110,null,null,null,.433,null,11.58,.97,null,null,null,38.15,26,0,0,10.4,2.916,3.795,2.268,5.822,1.344,0,45.018,null,null,null
22,01/09/2003,02/09/2003,178.28599548339844,7.2,110,5.81,29.5,Light Brown,odour free,7.2,110,null,null,null,.433,null,11.58,.97,null,null,null,38.15,26,0,0,10.4,2.916,3.795,2.268,5.822,1.344,0,45.018,null,null,null
23,01/10/2003,02/10/2003,340.885009765625,7.3,95,6.92,29.5,Clear,odour free,7.3,95,null,null,null,.532,null,8.45,.61,null,null,null,40.2,24,0,0,9.6,3.888,4.554,1.134,7.703,.912,0,44.408,null,null,null
24,01/10/2003,02/10/2003,340.885009765625,7.3,95,6.92,29.5,Clear,odour free,7.3,95,null,null,null,.532,null,8.45,.61,null,null,null,40.2,24,0,0,9.6,3.888,4.554,1.134,7.703,.912,0,44.408,null,null,null
25,01/11/2003,02/11/2003,256.5050048828125,7.7,112,6.51,28.5,Clear,odour free,7.7,112,null,null,null,.434,null,8.45,1.02,null,null,null,40.125,30,0,0,12,2.43,6.509,1.642,11.679,.816,0,39.04,null,null,null
26,01/11/2003,02/11/2003,256.5050048828125,7.7,112,6.51,28.5,Clear,odour free,7.7,112,null,null,null,.434,null,8.45,1.02,null,null,null,40.125,30,0,0,12,2.43,6.509,1.642,11.679,.816,0,39.04,null,null,null
27,11/11/2003,12/11/2003,107.0719985961914,7.7,136,7.93,25.5,Light Brown,odour free,7.7,136,null,null,null,null,null,null,.81,null,null,null,null,null,null,null,null,null,null,null,null,null,null,null,null,null,null
28,11/11/2003,12/11/2003,107.0719985961914,7.7,136,7.93,25.5,Light Brown,odour free,7.7,136,null,null,null,null,null,null,.81,null,null,null,null,null,null,null,null,null,null,null,null,null,null,null,null,null,null
29,21/11/2003,22/11/2003,67.375,7.6,135,7.93,24,Light Brown,odour free,7.6,135,null,null,null,null,null,null,.61,null,null,null,null,null,null,null,null,null,null,null,null,null,null,null,null,null,null
30,21/11/2003,22/11/2003,67.375,7.6,135,7.93,24,Light Brown,odour free,7.6,135,null,null,null,null,null,null,.61,null,null,null,null,null,null,null,null,null,null,null,null,null,null,null,null,null,null
31,01/12/2003,01/12/2003,42.58100128173828,7.45,156,8.75,20,Clear,odour free,7.4,156,null,null,null,.224,null,8.45,.61,null,null,null,58.3,34,0,0,13.6,5.832,6.509,11.065,9.727,1.488,0,78.08,null,null,null
32,01/12/2003,01/12/2003,42.58100128173828,7.45,156,8.75,20,Clear,odour free,7.4,156,null,null,null,.224,null,8.45,.61,null,null,null,58.3,34,0,0,13.6,5.832,6.509,11.065,9.727,1.488,0,78.08,null,null,null
33,11/12/2003,12/12/2003,33.56800079345703,7.4,147,9.02,19,Clear,odour free,7.4,147,null,null,null,null,null,null,.61,null,null,null,null,null,null,null,null,null,null,null,null,null,null,null,null,null,null
34,11/12/2003,12/12/2003,33.56800079345703,7.4,147,9.02,19,Clear,odour free,7.4,147,null,null,null,null,null,null,.61,null,null,null,null,null,null,null,null,null,null,null,null,null,null,null,null,null,null
35,22/12/2003,23/12/2003,30.44099998474121,7.5,147,9.43,16.5,Clear,odour free,7.5,147,null,null,null,null,null,null,.61,null,null,null,null,null,null,null,null,null,null,null,null,null,null,null,null,null,null
36,22/12/2003,23/12/2003,30.44099998474121,7.5,147,9.43,16.5,Clear,odour free,7.5,147,null,null,null,null,null,null,.61,null,null,null,null,null,null,null,null,null,null,null,null,null,null,null,null,null,null
37,01/01/2004,02/01/2004,38.84000015258789,7.2,142,9.23,18,Clear,odour free,7.2,142,null,null,0,.252,null,9,.41,null,null,null,54.275,32,0,0,12.8,5.346,7.705,2.776,11.679,1.008,0,71.98,null,null,null
38,01/01/2004,02/01/2004,38.84000015258789,7.2,142,9.23,18,Clear,odour free,7.2,142,null,null,0,.252,null,9,.41,null,null,null,54.275,32,0,0,12.8,5.346,7.705,2.776,11.679,1.008,0,71.98,null,null,null
39,12/01/2004,13/01/2004,18.459999084472656,7.3,164,9.02,18,Clear,odour free,7.3,164,null,null,null,null,null,null,.41,null,null,null,null,null,null,null,null,null,null,null,null,null,null,null,null,null,null
40,12/01/2004,13/01/2004,18.459999084472656,7.3,164,9.02,18,Clear,odour free,7.3,164,null,null,null,null,null,null,.41,null,null,null,null,null,null,null,null,null,null,null,null,null,null,null,null,null,null
41,21/01/2004,22/01/2004,16.170000076293945,7.3,108,8.82,19,Clear,odour free,7.3,108,null,null,null,0,null,null,.62,null,null,null,null,null,null,null,null,null,null,null,null,null,null,null,null,null,null
42,21/01/2004,22/01/2004,16.170000076293945,7.3,108,8.82,19,Clear,odour free,7.3,108,null,null,null,0,null,null,.62,null,null,null,null,null,null,null,null,null,null,null,null,null,null,null,null,null,null
43,03/02/2004,04/02/2004,18.75,7.8,164,8.82,20,Clear,odour free,7.8,164,null,null,null,.196,null,12.45,.62,null,null,null,64.3,40,0,0,16,5.832,8.096,2.385,15.443,1.008,0,71.98,null,null,null
44,03/02/2004,04/02/2004,18.75,7.8,164,8.82,20,Clear,odour free,7.8,164,null,null,null,.196,null,12.45,.62,null,null,null,64.3,40,0,0,16,5.832,8.096,2.385,15.443,1.008,0,71.98,null,null,null
45,11/02/2004,12/02/2004,14.350000381469727,7.3,166,8.54,19.5,Clear,odour free,7.3,166,null,null,null,null,null,null,.61,null,null,null,null,null,null,null,null,null,null,null,null,null,null,null,null,null,null
46,11/02/2004,12/02/2004,14.350000381469727,7.3,166,8.54,19.5,Clear,odour free,7.3,166,null,null,null,null,null,null,.61,null,null,null,null,null,null,null,null,null,null,null,null,null,null,null,null,null,null
47,21/02/2004,22/02/2004,9.690999984741211,7.5,176,8.14,22,Clear,odour free,7.5,176,null,null,null,null,null,null,.61,null,null,null,null,null,null,null,null,null,null,null,null,null,null,null,null,null,null
48,21/02/2004,22/02/2004,9.690999984741211,7.5,176,8.14,22,Clear,odour free,7.5,176,null,null,null,null,null,null,.61,null,null,null,null,null,null,null,null,null,null,null,null,null,null,null,null,null,null
49,01/03/2004,02/03/2004,7.4120001792907715,7.7,185,8.34,23,Clear,odour free,7.7,185,null,null,null,.266,null,8.97,.61,null,null,null,68.35,40,0,0,16,6.804,9.108,2.268,11.679,.816,0,84.058,null,null,null
50,01/03/2004,02/03/2004,7.4120001792907715,7.7,185,8.34,23,Clear,odour free,7.7,185,null,null,null,.266,null,8.97,.61,null,null,null,68.35,40,0,0,16,6.804,9.108,2.268,11.679,.816,0,84.058,null,null,null
51,11/03/2004,12/03/2004,5.285999774932861,7.7,195,8.14,22.5,Clear,odour free,7.7,195,null,null,null,null,null,null,.61,null,null,null,null,null,null,null,null,null,null,null,null,null,null,null,null,null,null
52,11/03/2004,12/03/2004,5.285999774932861,7.7,195,8.14,22.5,Clear,odour free,7.7,195,null,null,null,null,null,null,.61,null,null,null,null,null,null,null,null,null,null,null,null,null,null,null,null,null,null
53,22/03/2004,23/03/2004,4.554999828338623,7.7,210,7.93,25,Clear,odour free,7.7,210,null,null,null,null,null,null,.61,null,null,null,null,null,null,null,null,null,null,null,null,null,null,null,null,null,null
54,22/03/2004,23/03/2004,4.554999828338623,7.7,210,7.93,25,Clear,odour free,7.7,210,null,null,null,null,null,null,.61,null,null,null,null,null,null,null,null,null,null,null,null,null,null,null,null,null,null
55,01/04/2004,02/04/2004,3.693000078201294,8,212,7.93,27.5,Clear,odour free,8,212,null,null,null,.21,null,9.66,.81,null,null,null,80.45,44,0,0,17.6,8.748,8.303,1.603,15.443,.864,0,86.01,null,null,null
56,01/04/2004,02/04/2004,3.693000078201294,8,212,7.93,27.5,Clear,odour free,8,212,null,null,null,.21,null,9.66,.81,null,null,null,80.45,44,0,0,17.6,8.748,8.303,1.603,15.443,.864,0,86.01,null,null,null
57,12/04/2004,13/04/2004,4.333000183105469,7.8,220,7.12,29.5,Clear,odour free,7.8,220,null,null,null,null,null,null,.61,null,null,null,null,null,null,null,null,null,null,null,null,null,null,null,null,null,null
58,12/04/2004,13/04/2004,4.333000183105469,7.8,220,7.12,29.5,Clear,odour free,7.8,220,null,null,null,null,null,null,.61,null,null,null,null,null,null,null,null,null,null,null,null,null,null,null,null,null,null
59,21/04/2004,22/04/2004,2.6449999809265137,8.03,230,7.12,30.5,Clear,odour free,8,230,null,null,null,null,null,null,.61,null,null,null,null,null,null,null,null,null,null,null,null,null,null,null,null,null,null
60,21/04/2004,22/04/2004,2.6449999809265137,8.03,230,7.12,30.5,Clear,odour free,8,230,null,null,null,null,null,null,.61,null,null,null,null,null,null,null,null,null,null,null,null,null,null,null,null,null,null
61,01/05/2004,02/05/2004,22.420000076293945,8,150,6.71,28,Clear,odour free,8,150,null,null,null,.238,null,7.89,.61,null,null,null,56.275,34,0,0,13.6,5.346,9.108,2.776,11.679,.576,0,71.98,null,null,null
62,01/05/2004,02/05/2004,22.420000076293945,8,150,6.71,28,Clear,odour free,8,150,null,null,null,.238,null,7.89,.61,null,null,null,56.275,34,0,0,13.6,5.346,9.108,2.776,11.679,.576,0,71.98,null,null,null
63,11/05/2004,12/05/2004,5.53000020980835,7.8,194,6.82,31,Clear,odour free,7.8,194,null,null,null,null,null,null,.64,null,null,null,null,null,null,null,null,null,null,null,null,null,null,null,null,null,null
64,11/05/2004,12/05/2004,5.53000020980835,7.8,194,6.82,31,Clear,odour free,7.8,194,null,null,null,null,null,null,.64,null,null,null,null,null,null,null,null,null,null,null,null,null,null,null,null,null,null
65,21/05/2004,22/05/2004,7.072000026702881,8,191,6.82,30.5,Clear,odour free,8,191,null,null,null,null,null,null,.85,null,null,null,null,null,null,null,null,null,null,null,null,null,null,null,null,null,null
66,21/05/2004,22/05/2004,7.072000026702881,8,191,6.82,30.5,Clear,odour free,8,191,null,null,null,null,null,null,.85,null,null,null,null,null,null,null,null,null,null,null,null,null,null,null,null,null,null
67,01/06/2004,02/06/2004,4.380000114440918,8,200,7.25,30,Light Brown,odour free,8,200,null,null,null,.659,.001,28.7,.85,null,null,null,74.25,54,0,0,21.6,4.86,6.9,2.659,9.656,1.2,0,96.075,null,null,null
68,01/06/2004,02/06/2004,4.380000114440918,8,200,7.25,30,Light Brown,odour free,8,200,null,null,null,.659,.001,28.7,.85,null,null,null,74.25,54,0,0,21.6,4.86,6.9,2.659,9.656,1.2,0,96.075,null,null,null
69,11/06/2004,12/06/2004,21.576000213623047,7.9,158,7.25,32,Light Brown,odour free,7.9,158,null,null,null,.784,.001,18.2,.85,null,null,null,null,null,null,null,null,null,null,null,null,null,null,null,null,null,null
70,11/06/2004,12/06/2004,21.576000213623047,7.9,158,7.25,32,Light Brown,odour free,7.9,158,null,null,null,.784,.001,18.2,.85,null,null,null,null,null,null,null,null,null,null,null,null,null,null,null,null,null,null
71,21/06/2004,22/06/2004,25.707000732421875,7.9,135,7.03,28,Light Brown,odour free,7.9,135,null,null,null,.602,.001,21.5,.85,null,null,null,null,null,null,null,null,null,null,null,null,null,null,null,null,null,null
72,21/06/2004,22/06/2004,25.707000732421875,7.9,135,7.03,28,Light Brown,odour free,7.9,135,null,null,null,.602,.001,21.5,.85,null,null,null,null,null,null,null,null,null,null,null,null,null,null,null,null,null,null
73,01/07/2004,02/07/2004,117.7239990234375,7.84,97,7.67,29,Light Brown,odour free,7.9,94,null,null,null,.252,null,null,1.49,null,null,null,32.15,20,0,0,8,2.916,6.095,1.095,7.703,2.256,0,42.029,null,null,null
74,01/07/2004,02/07/2004,117.7239990234375,7.84,97,7.67,29,Light Brown,odour free,7.9,94,null,null,null,.252,null,null,1.49,null,null,null,32.15,20,0,0,8,2.916,6.095,1.095,7.703,2.256,0,42.029,null,null,null
75,02/08/2004,03/08/2004,102.6719970703125,7.22,105,7.03,30,Brown,odour free,7.1,103,null,null,null,null,null,null,.64,null,null,null,58.3,34,.346,.001,13.6,5.832,5.52,1.6,7.77,3.4,0,64,null,null,null
76,02/08/2004,03/08/2004,102.6719970703125,7.22,105,7.03,30,Brown,odour free,7.1,103,null,null,null,null,null,null,.64,null,null,null,58.3,34,.346,.001,13.6,5.832,5.52,1.6,7.77,3.4,0,64,null,null,null
77,01/09/2004,02/09/2004,178.88299560546875,7.8,126,6.42,29.5,Brown,odour free,7.8,126,null,null,null,.883,.001,19.3,.57,null,null,null,52.525,32,.421,.001,12.8,9.72,4.83,1.8,7.77,4.6,0,81.65,null,null,null
78,01/09/2004,02/09/2004,178.88299560546875,7.8,126,6.42,29.5,Brown,odour free,7.8,126,null,null,null,.883,.001,19.3,.57,null,null,null,52.525,32,.421,.001,12.8,9.72,4.83,1.8,7.77,4.6,0,81.65,null,null,null
79,01/10/2004,02/10/2004,187.9739990234375,7.65,123,6.42,29.5,Brown,odour free,7.7,123,null,null,null,.729,.001,22.4,.57,null,null,null,48.3,28.05,.463,.001,11.22,4.86,13.8,2.1,22.01,5.2,0,40.687,null,null,null
80,01/10/2004,02/10/2004,187.9739990234375,7.65,123,6.42,29.5,Brown,odour free,7.7,123,null,null,null,.729,.001,22.4,.57,null,null,null,48.3,28.05,.463,.001,11.22,4.86,13.8,2.1,22.01,5.2,0,40.687,null,null,null
81,01/11/2004,02/11/2004,47.7760009765625,8,153,7.55,26,Light Brown,odour free,8,153,null,null,null,1.499,.001,20.6,.56,null,null,null,56.3,32,0,0,12.8,5.832,6.509,.86,9.656,4.416,0,65.941,null,null,null
82,01/11/2004,02/11/2004,47.7760009765625,8,153,7.55,26,Light Brown,odour free,8,153,null,null,null,1.499,.001,20.6,.56,null,null,null,56.3,32,0,0,12.8,5.832,6.509,.86,9.656,4.416,0,65.941,null,null,null
83,11/11/2004,12/11/2004,35.224998474121094,8.02,163,8.12,25,Light Brown,odour free,null,null,null,null,null,null,null,null,.57,null,null,null,null,null,null,null,null,null,null,null,null,null,null,null,null,null,null
84,11/11/2004,12/11/2004,35.224998474121094,8.02,163,8.12,25,Light Brown,odour free,null,null,null,null,null,null,null,null,.57,null,null,null,null,null,null,null,null,null,null,null,null,null,null,null,null,null,null
85,22/11/2004,23/11/2004,25.086999893188477,8.1,176,7.55,21,Light Brown,odour free,null,null,null,null,null,null,null,null,.56,null,null,null,null,null,null,null,null,null,null,null,null,null,null,null,null,null,null
86,22/11/2004,23/11/2004,25.086999893188477,8.1,176,7.55,21,Light Brown,odour free,null,null,null,null,null,null,null,null,.56,null,null,null,null,null,null,null,null,null,null,null,null,null,null,null,null,null,null
87,01/12/2004,02/12/2004,22.37700080871582,8.1,174,8.03,20,Clear,odour free,8.1,174,null,null,null,.924,.001,21.8,.57,null,null,null,64.45,36.075,.432,.001,14.43,6.81,6,1.2,18.46,1.36,0,54.046,null,null,null
88,01/12/2004,02/12/2004,22.37700080871582,8.1,174,8.03,20,Clear,odour free,8.1,174,null,null,null,.924,.001,21.8,.57,null,null,null,64.45,36.075,.432,.001,14.43,6.81,6,1.2,18.46,1.36,0,54.046,null,null,null
89,11/12/2004,12/12/2004,18.503000259399414,null,null,null,null,null,null,null,null,null,null,null,null,null,null,null,null,null,null,null,null,null,null,null,null,null,null,null,null,null,null,null,null,null
90,11/12/2004,12/12/2004,18.503000259399414,null,null,null,null,null,null,null,null,null,null,null,null,null,null,null,null,null,null,null,null,null,null,null,null,null,null,null,null,null,null,null,null,null
91,21/12/2004,22/12/2004,16.386999130249023,null,null,null,null,null,null,null,null,null,null,null,null,null,null,null,null,null,null,null,null,null,null,null,null,null,null,null,null,null,null,null,null,null
92,21/12/2004,22/12/2004,16.386999130249023,null,null,null,null,null,null,null,null,null,null,null,null,null,null,null,null,null,null,null,null,null,null,null,null,null,null,null,null,null,null,null,null,null
93,01/05/2005,02/05/2005,3.052999973297119,null,null,null,null,null,null,null,null,null,null,null,null,null,null,null,null,null,null,null,null,null,null,null,null,null,null,null,null,null,null,null,null,null
94,01/05/2005,02/05/2005,3.052999973297119,null,null,null,null,null,null,null,null,null,null,null,null,null,null,null,null,null,null,null,null,null,null,null,null,null,null,null,null,null,null,null,null,null
95,01/06/2007,02/06/2007,2.621999979019165,8.15,204,6.28,31.5,Clear,odour free,8.26,200,null,null,null,.279,.001,8.34,.98,null,0,154.062,83.688,44.2,0,0,17.68,9.477,8.464,2.268,14.129,1.344,0,93.94,null,null,null
96,01/06/2007,02/06/2007,2.621999979019165,8.15,204,6.28,31.5,Clear,odour free,8.26,200,null,null,null,.279,.001,8.34,.98,null,0,154.062,83.688,44.2,0,0,17.68,9.477,8.464,2.268,14.129,1.344,0,93.94,null,null,null
97,01/08/2007,02/08/2007,197.6269989013672,8.14,125,7.5,29,Light Brown,odour free,8.2,122,null,null,null,.953,.001,5.54,.89,null,0,39.4,47.667,31.5,0,0,12.6,3.88,6.854,1.86,11.076,1.344,0,48.068,null,null,null
98,01/08/2007,02/08/2007,197.6269989013672,8.14,125,7.5,29,Light Brown,odour free,8.2,122,null,null,null,.953,.001,5.54,.89,null,0,39.4,47.667,31.5,0,0,12.6,3.88,6.854,1.86,11.076,1.344,0,48.068,null,null,null
99,01/10/2007,02/10/2007,726.9290161132813,7.84,171,7.15,29,Clear,odour free,7.81,168,null,null,null,.574,.001,13.2,1.05,null,0,50.164,60.833,36.5,0,0,14.6,5.84,8.832,2.268,13.86,8.2,0,61.2,null,null,null
100,01/10/2007,02/10/2007,726.9290161132813,7.84,171,7.15,29,Clear,odour free,7.81,168,null,null,null,.574,.001,13.2,1.05,null,0,50.164,60.833,36.5,0,0,14.6,5.84,8.832,2.268,13.86,8.2,0,61.2,null,null,null
101,01/12/2007,02/12/2007,38.612998962402344,7.32,168,8.19,23,Clear,odour free,7.25,157,null,null,null,.028,.001,9.68,1.04,null,0,46.918,60.133,39.05,0,0,15.62,5.06,8.763,1.916,12.58,11.24,0,57.24,null,null,null
102,01/12/2007,02/12/2007,38.612998962402344,7.32,168,8.19,23,Clear,odour free,7.25,157,null,null,null,.028,.001,9.68,1.04,null,0,46.918,60.133,39.05,0,0,15.62,5.06,8.763,1.916,12.58,11.24,0,57.24,null,null,null
103,01/02/2008,02/02/2008,19.422000885009766,7.78,154,9.18,18.5,Clear,odour free,8,146,null,null,null,.673,.001,18.34,.76,null,0,53.475,49.737,30.5,.152,0,12.2,4.617,8.901,1.877,11.644,3.264,0,65.24,null,null,null
104,01/02/2008,02/02/2008,19.422000885009766,7.78,154,9.18,18.5,Clear,odour free,8,146,null,null,null,.673,.001,18.34,.76,null,0,53.475,49.737,30.5,.152,0,12.2,4.617,8.901,1.877,11.644,3.264,0,65.24,null,null,null
105,01/04/2008,02/04/2008,7.449999809265137,7.95,182,7.46,26.5,Clear,odour free,8.02,188,null,null,null,.729,.06,7.3,.76,null,0,59.836,68.833,45.5,.05,.01,18.2,5.6,9.94,.46,14.1,10.2,0,73,null,null,null
106,01/04/2008,02/04/2008,7.449999809265137,7.95,182,7.46,26.5,Clear,odour free,8.02,188,null,null,null,.729,.06,7.3,.76,null,0,59.836,68.833,45.5,.05,.01,18.2,5.6,9.94,.46,14.1,10.2,0,73,null,null,null
107,01/05/2008,02/05/2008,3.0789999961853027,null,null,null,null,null,null,null,null,null,null,null,null,null,null,null,null,null,null,null,null,null,null,null,null,null,null,null,null,null,null,null,null,null
108,01/05/2008,02/05/2008,3.0789999961853027,null,null,null,null,null,null,null,null,null,null,null,null,null,null,null,null,null,null,null,null,null,null,null,null,null,null,null,null,null,null,null,null,null
109,01/06/2008,02/06/2008,7.429999828338623,null,null,null,null,null,null,null,null,null,null,null,null,null,null,null,null,null,null,null,null,null,null,null,null,null,null,null,null,null,null,null,null,null
110,01/06/2008,02/06/2008,7.429999828338623,null,null,null,null,null,null,null,null,null,null,null,null,null,null,null,null,null,null,null,null,null,null,null,null,null,null,null,null,null,null,null,null,null
111,01/07/2008,02/07/2008,362.30999755859375,null,null,null,null,null,null,null,null,null,null,null,null,null,null,null,null,null,null,null,null,null,null,null,null,null,null,null,null,null,null,null,null,null
112,01/07/2008,02/07/2008,362.30999755859375,null,null,null,null,null,null,null,null,null,null,null,null,null,null,null,null,null,null,null,null,null,null,null,null,null,null,null,null,null,null,null,null,null
113,01/08/2008,02/08/2008,560.5579833984375,null,null,null,null,null,null,null,null,null,null,null,null,null,null,null,null,null,null,null,null,null,null,null,null,null,null,null,null,null,null,null,null,null
114,01/08/2008,02/08/2008,560.5579833984375,null,null,null,null,null,null,null,null,null,null,null,null,null,null,null,null,null,null,null,null,null,null,null,null,null,null,null,null,null,null,null,null,null
115,01/09/2008,02/09/2008,695.322998046875,null,null,null,null,null,null,null,null,null,null,null,null,null,null,null,null,null,null,null,null,null,null,null,null,null,null,null,null,null,null,null,null,null
116,01/09/2008,02/09/2008,695.322998046875,null,null,null,null,null,null,null,null,null,null,null,null,null,null,null,null,null,null,null,null,null,null,null,null,null,null,null,null,null,null,null,null,null
117,01/11/2008,02/11/2008,34.46500015258789,7.2,210,8.04,26,Light Brown,odour free,7.2,210,null,null,null,.574,.001,9.43,.8,null,null,null,64.183,56.1,.05,.002,22.44,1.94,13.2,2.5,19.57,10.28,0,66.61,null,null,null
118,01/11/2008,02/11/2008,34.46500015258789,7.2,210,8.04,26,Light Brown,odour free,7.2,210,null,null,null,.574,.001,9.43,.8,null,null,null,64.183,56.1,.05,.002,22.44,1.94,13.2,2.5,19.57,10.28,0,66.61,null,null,null
119,01/01/2009,02/01/2009,13.41100025177002,7.85,280,8.94,19,Clear,odour free,7.85,280,null,null,null,.434,.003,9.36,1,null,0,103.738,110.317,57.65,.05,.002,23.06,12.64,9.1,1.3,13.7,12.92,0,126.56,null,null,null
120,01/01/2009,02/01/2009,13.41100025177002,7.85,280,8.94,19,Clear,odour free,7.85,280,null,null,null,.434,.003,9.36,1,null,0,103.738,110.317,57.65,.05,.002,23.06,12.64,9.1,1.3,13.7,12.92,0,126.56,null,null,null
121,02/03/2009,03/03/2009,5.686999797821045,7.6,320,7.75,24,Clear,odour free,7.6,320,null,null,null,.743,.001,9.82,.78,null,0,98.279,128.717,84.175,.05,.002,33.67,10.69,10.1,1.3,19.43,14.4,0,119.9,null,null,null
122,02/03/2009,03/03/2009,5.686999797821045,7.6,320,7.75,24,Clear,odour free,7.6,320,null,null,null,.743,.001,9.82,.78,null,0,98.279,128.717,84.175,.05,.002,33.67,10.69,10.1,1.3,19.43,14.4,0,119.9,null,null,null
123,01/05/2009,02/05/2009,1.7369999885559082,7.9,240,7.17,29,Clear,odour free,7.9,240,null,null,null,.546,.003,9.36,1.16,null,0,81.902,108.625,68.125,.05,.003,27.25,9.72,6.1,1.2,11.66,12.8,0,99.92,null,null,null
124,01/05/2009,02/05/2009,1.7369999885559082,7.9,240,7.17,29,Clear,odour free,7.9,240,null,null,null,.546,.003,9.36,1.16,null,0,81.902,108.625,68.125,.05,.003,27.25,9.72,6.1,1.2,11.66,12.8,0,99.92,null,null,null
125,01/06/2009,02/06/2009,22.437999725341797,7.8,320,6.35,29,Clear,odour free,7.8,320,null,null,null,.434,.001,9.75,.99,null,0,88,116.833,60.125,.05,0,24.05,13.61,15.6,4,27.2,15.6,0,107.36,null,null,null
126,01/06/2009,02/06/2009,22.437999725341797,7.8,320,6.35,29,Clear,odour free,7.8,320,null,null,null,.434,.001,9.75,.99,null,0,88,116.833,60.125,.05,0,24.05,13.61,15.6,4,27.2,15.6,0,107.36,null,null,null
127,01/08/2009,02/08/2010,68.48799896240234,7.5,99,6.35,30,Brown,odour free,7.5,99,null,null,null,.35,.001,6.2,.99,null,null,null,40.258,24.05,.05,0,9.62,3.89,4,1.8,5.83,17.92,0,24.4,null,null,null
128,01/08/2009,02/08/2010,68.48799896240234,7.5,99,6.35,30,Brown,odour free,7.5,99,null,null,null,.35,.001,6.2,.99,null,null,null,40.258,24.05,.05,0,9.62,3.89,4,1.8,5.83,17.92,0,24.4,null,null,null
129,01/10/2009,02/10/2009,115.24099731445313,7.58,139,7.47,27,Brown,odour free,7.6,139,null,null,null,.252,.001,6.5,1.02,null,0,40,52.242,40.075,.05,0,16.03,2.92,7.2,1,11.66,7.4,0,48.8,null,null,null
130,01/10/2009,02/10/2009,115.24099731445313,7.58,139,7.47,27,Brown,odour free,7.6,139,null,null,null,.252,.001,6.5,1.02,null,0,40,52.242,40.075,.05,0,16.03,2.92,7.2,1,11.66,7.4,0,48.8,null,null,null
131,01/12/2009,02/12/2009,16.322999954223633,7.5,230,8.11,17,Clear,odour free,7.5,230,null,null,null,.336,.001,8,1.78,null,0,68,80.517,48.1,.05,0,19.24,7.78,10.2,4.1,13.6,13.04,0,82.96,null,null,null
132,01/12/2009,02/12/2009,16.322999954223633,7.5,230,8.11,17,Clear,odour free,7.5,230,null,null,null,.336,.001,8,1.78,null,0,68,80.517,48.1,.05,0,19.24,7.78,10.2,4.1,13.6,13.04,0,82.96,null,null,null
133,01/02/2010,02/02/2010,6.9710001945495605,7.6,147,8.31,19.5,Clear,odour free,7.6,147,null,null,null,.308,.001,7.5,.99,null,3.984,46.221,60.367,36.075,.05,0,14.43,5.83,6.2,1,11.66,5,4.8,46.63,null,null,null
134,01/02/2010,02/02/2010,6.9710001945495605,7.6,147,8.31,19.5,Clear,odour free,7.6,147,null,null,null,.308,.001,7.5,.99,null,3.984,46.221,60.367,36.075,.05,0,14.43,5.83,6.2,1,11.66,5,4.8,46.63,null,null,null
135,01/04/2010,02/04/2010,1.9390000104904175,7.3,220,7.18,19.5,Clear,odour free,7.6,220,null,null,null,.238,.001,9.7,.99,null,0,87.598,96.6,56.1,.05,0,22.44,9.72,6.4,1.6,11.15,3.12,0,106.87,null,null,null
136,01/04/2010,02/04/2010,1.9390000104904175,7.3,220,7.18,19.5,Clear,odour free,7.6,220,null,null,null,.238,.001,9.7,.99,null,0,87.598,96.6,56.1,.05,0,22.44,9.72,6.4,1.6,11.15,3.12,0,106.87,null,null,null
137,01/06/2010,02/06/2010,2.572999954223633,7.6,230,6.78,29,Clear,odour free,7.6,230,null,null,null,.434,.001,7.6,1,null,0,88,100.908,32.075,.05,.001,12.83,16.52,6.8,2.1,13.02,4.28,0,107.36,null,null,null
138,01/06/2010,02/06/2010,2.572999954223633,7.6,230,6.78,29,Clear,odour free,7.6,230,null,null,null,.434,.001,7.6,1,null,0,88,100.908,32.075,.05,.001,12.83,16.52,6.8,2.1,13.02,4.28,0,107.36,null,null,null
139,02/08/2010,03/08/2010,49.85300064086914,7.4,167,6.38,29,Brown,odour free,7.4,167,null,null,null,.518,.001,8,1.4,null,0,52,60.367,36.075,.05,.001,14.43,5.83,8.7,2.4,13.02,5.64,0,63.44,null,null,null
140,02/08/2010,03/08/2010,49.85300064086914,7.4,167,6.38,29,Brown,odour free,7.4,167,null,null,null,.518,.001,8,1.4,null,0,52,60.367,36.075,.05,.001,14.43,5.83,8.7,2.4,13.02,5.64,0,63.44,null,null,null
141,01/10/2010,02/10/2010,45.005001068115234,7.4,171,7.25,28,Brown,odour free,7.4,171,null,null,null,.673,.001,6.5,1.28,null,0,48,68.392,44.1,.05,.001,17.64,5.83,8.6,2.1,14.88,9.8,0,58.56,null,null,null
142,01/10/2010,02/10/2010,45.005001068115234,7.4,171,7.25,28,Brown,odour free,7.4,171,null,null,null,.673,.001,6.5,1.28,null,0,48,68.392,44.1,.05,.001,17.64,5.83,8.6,2.1,14.88,9.8,0,58.56,null,null,null
143,01/12/2010,02/12/2010,10.800000190734863,7.5,220,7.88,22.5,Clear,odour free,7.5,220,null,null,null,.434,.001,9.1,1.16,null,null,null,92.642,48.1,.05,.001,19.24,10.69,8.2,1.5,13.2,6.56,0,93.26,null,null,null
144,01/12/2010,02/12/2010,10.800000190734863,7.5,220,7.88,22.5,Clear,odour free,7.5,220,null,null,null,.434,.001,9.1,1.16,null,null,null,92.642,48.1,.05,.001,19.24,10.69,8.2,1.5,13.2,6.56,0,93.26,null,null,null
145,01/02/2011,02/02/2011,3.617000102996826,8,184,8.07,22,Clear,odour free,8,184,null,null,null,.406,.001,3.5,.96,null,0,64.68,72.433,44.1,.05,.001,17.64,6.8,6.8,1.7,11.32,7.1,0,78.91,null,null,null
146,01/02/2011,02/02/2011,3.617000102996826,8,184,8.07,22,Clear,odour free,8,184,null,null,null,.406,.001,3.5,.96,null,0,64.68,72.433,44.1,.05,.001,17.64,6.8,6.8,1.7,11.32,7.1,0,78.91,null,null,null
147,01/04/2011,02/04/2011,1.0420000553131104,8.1,310,7.14,23,Clear,odour free,8.1,310,null,null,null,.574,.001,9.6,1.35,null,0,111.721,128.733,80.15,.05,.005,32.06,11.66,9.4,2.5,16.97,7.6,0,136.3,null,null,null
148,01/04/2011,02/04/2011,1.0420000553131104,8.1,310,7.14,23,Clear,odour free,8.1,310,null,null,null,.574,.001,9.6,1.35,null,0,111.721,128.733,80.15,.05,.005,32.06,11.66,9.4,2.5,16.97,7.6,0,136.3,null,null,null
149,01/06/2011,02/06/2011,3.555999994277954,8.5,250,6.03,26,Clear,odour free,8.5,250,null,null,null,.461,.01,9,1.21,null,9.205,92.401,116.892,52.1,.05,.01,20.84,15.55,4.6,2.8,20.74,14.56,11.09,90.18,null,null,null
150,01/06/2011,02/06/2011,3.555999994277954,8.5,250,6.03,26,Clear,odour free,8.5,250,null,null,null,.461,.01,9,1.21,null,9.205,92.401,116.892,52.1,.05,.01,20.84,15.55,4.6,2.8,20.74,14.56,11.09,90.18,null,null,null
151,01/08/2011,02/08/2011,158.97900390625,8.1,98,6.43,29.5,Brown,odour free,8.1,98,null,null,null,.405,.01,9,1.2,null,0,32.336,285.017,240.475,.05,.01,96.19,10.69,3.5,1.4,20.74,4.6,0,39.45,null,null,null
152,01/08/2011,02/08/2011,158.97900390625,8.1,98,6.43,29.5,Brown,odour free,8.1,98,null,null,null,.405,.01,9,1.2,null,0,32.336,285.017,240.475,.05,.01,96.19,10.69,3.5,1.4,20.74,4.6,0,39.45,null,null,null
153,01/10/2011,02/10/2011,213.04800415039063,7.46,129,6.56,27.5,Light Brown,odour free,7.46,129,null,null,null,.461,.01,8,.97,null,0,60.074,56.342,32.05,.08,.01,12.82,5.83,3.8,.9,11.32,2.48,0,73.29,null,null,null
154,01/10/2011,02/10/2011,213.04800415039063,7.46,129,6.56,27.5,Light Brown,odour free,7.46,129,null,null,null,.461,.01,8,.97,null,0,60.074,56.342,32.05,.08,.01,12.82,5.83,3.8,.9,11.32,2.48,0,73.29,null,null,null
155,01/12/2011,02/12/2011,22.941999435424805,7.45,162,7.52,21,Clear,odour free,7.4,162,null,null,null,.433,.01,11,1.54,null,0,69.295,80.45,48.075,.06,.01,19.23,7.77,6.5,1,13.2,1.2,0,84.54,null,null,null
156,01/12/2011,02/12/2011,22.941999435424805,7.45,162,7.52,21,Clear,odour free,7.4,162,null,null,null,.433,.01,11,1.54,null,0,69.295,80.45,48.075,.06,.01,19.23,7.77,6.5,1,13.2,1.2,0,84.54,null,null,null
157,01/02/2012,02/02/2012,21.101999282836914,7.36,155,8.54,17,Clear,odour free,7.36,155,null,null,null,.447,.01,11,1.99,null,0,78.533,44.492,44.075,.05,.01,17.63,.1,6.8,1.5,15.08,1.12,0,95.81,null,null,null
158,01/02/2012,02/02/2012,21.101999282836914,7.36,155,8.54,17,Clear,odour free,7.36,155,null,null,null,.447,.01,11,1.99,null,0,78.533,44.492,44.075,.05,.01,17.63,.1,6.8,1.5,15.08,1.12,0,95.81,null,null,null
159,02/04/2012,03/04/2012,3.7980000972747803,7.8,210,6.75,24,Clear,odour free,7.8,210,null,null,null,.461,.01,10,.99,null,0,83.156,92.375,72.125,.05,.01,28.85,4.86,6.9,1.5,13.2,1.6,0,101.45,null,null,null
160,02/04/2012,03/04/2012,3.7980000972747803,7.8,210,6.75,24,Clear,odour free,7.8,210,null,null,null,.461,.01,10,.99,null,0,83.156,92.375,72.125,.05,.01,28.85,4.86,6.9,1.5,13.2,1.6,0,101.45,null,null,null
161,01/06/2012,02/06/2012,1.5089999437332153,7.85,250,5.96,30,Clear,odour free,7.85,250,null,null,null,1.051,.001,18.32,.2,null,null,null,108.625,68.125,.05,.001,27.25,9.72,6.9,2.2,30.17,36.2,0,107.09,null,null,null
162,01/06/2012,02/06/2012,1.5089999437332153,7.85,250,5.96,30,Clear,odour free,7.85,250,null,null,null,1.051,.001,18.32,.2,null,null,null,108.625,68.125,.05,.001,27.25,9.72,6.9,2.2,30.17,36.2,0,107.09,null,null,null
163,01/08/2012,02/08/2012,138.6719970703125,7.5,330,6.55,26,Brown,odour free,7.5,330,null,null,null,.953,.001,24.6,.2,null,null,null,40.217,28.05,.05,.01,11.22,2.92,2.5,2,16.97,4.64,0,33.82,null,null,null
164,01/08/2012,02/08/2012,138.6719970703125,7.5,330,6.55,26,Brown,odour free,7.5,330,null,null,null,.953,.001,24.6,.2,null,null,null,40.217,28.05,.05,.01,11.22,2.92,2.5,2,16.97,4.64,0,33.82,null,null,null
165,01/10/2012,03/10/2012,104.57099914550781,7.55,157,6.55,28,Light Brown,odour free,7.55,157,null,null,null,null,.001,16.32,1.59,null,0,46.197,64.372,40.08,.05,.01,16.032,5.83,2.4,2,11.31,2.04,0,56.36,null,null,null
166,01/10/2012,03/10/2012,104.57099914550781,7.55,157,6.55,28,Light Brown,odour free,7.55,157,null,null,null,null,.001,16.32,1.59,null,0,46.197,64.372,40.08,.05,.01,16.032,5.83,2.4,2,11.31,2.04,0,56.36,null,null,null
167,01/12/2012,03/12/2012,16.886999130249023,7.15,187,8.14,19,Clear,odour free,7.15,187,null,null,null,.883,.001,18.32,.4,null,null,null,95.417,60.75,.05,.001,24.3,8.32,15.3,6.2,26.4,3.2,0,11.3,null,null,null
168,01/12/2012,03/12/2012,16.886999130249023,7.15,187,8.14,19,Clear,odour free,7.15,187,null,null,null,.883,.001,18.32,.4,null,null,null,95.417,60.75,.05,.001,24.3,8.32,15.3,6.2,26.4,3.2,0,11.3,null,null,null
169,01/02/2013,02/02/2013,5.757999897003174,7.97,177,8.54,17,Clear,odour free,7.97,177,null,null,null,.785,.001,18.3,.2,null,null,null,80.617,36.075,.05,.001,14.43,10.69,6.9,1.4,13.2,1.2,0,84.54,null,null,null
170,01/02/2013,02/02/2013,5.757999897003174,7.97,177,8.54,17,Clear,odour free,7.97,177,null,null,null,.785,.001,18.3,.2,null,null,null,80.617,36.075,.05,.001,14.43,10.69,6.9,1.4,13.2,1.2,0,84.54,null,null,null
171,01/04/2013,02/04/2013,4.061999797821045,7.83,230,6.55,26,Clear,odour free,7.8,230,null,null,null,9.528,.001,18.3,.59,null,null,null,79.917,45.75,.05,.001,18.3,8.2,14.2,8.1,21.3,2.8,0,104.3,null,null,null
172,01/04/2013,02/04/2013,4.061999797821045,7.83,230,6.55,26,Clear,odour free,7.8,230,null,null,null,9.528,.001,18.3,.59,null,null,null,79.917,45.75,.05,.001,18.3,8.2,14.2,8.1,21.3,2.8,0,104.3,null,null,null
173,01/06/2013,02/06/2013,1.7380000352859497,7.82,210,6.35,28,Light Brown,odour free,7.8,210,null,null,null,.392,.001,8.3,.59,null,null,null,100.667,54,.05,.001,21.6,11.2,11.1,1.8,14.6,12.6,0,78.6,null,null,null
174,01/06/2013,02/06/2013,1.7380000352859497,7.82,210,6.35,28,Light Brown,odour free,7.8,210,null,null,null,.392,.001,8.3,.59,null,null,null,100.667,54,.05,.001,21.6,11.2,11.1,1.8,14.6,12.6,0,78.6,null,null,null
175,01/08/2013,02/08/2013,0,7.44,97,6.75,27,Light Brown,odour free,7.4,97,null,null,null,.392,.001,9.6,.2,null,null,null,40.667,29,.05,.001,11.6,2.8,10.6,1.6,12.3,8.6,0,76.8,null,null,null
176,01/08/2013,02/08/2013,0,7.44,97,6.75,27,Light Brown,odour free,7.4,97,null,null,null,.392,.001,9.6,.2,null,null,null,40.667,29,.05,.001,11.6,2.8,10.6,1.6,12.3,8.6,0,76.8,null,null,null
177,01/10/2013,02/10/2013,167.58799743652344,7.45,114,5.36,28,Light Brown,odour free,7.4,114,null,null,null,.504,.001,7.8,1.1,null,null,null,89,46.5,.05,.001,18.6,10.2,8.6,1,12.6,10.2,0,82.6,null,null,null
178,01/10/2013,02/10/2013,167.58799743652344,7.45,114,5.36,28,Light Brown,odour free,7.4,114,null,null,null,.504,.001,7.8,1.1,null,null,null,89,46.5,.05,.001,18.6,10.2,8.6,1,12.6,10.2,0,82.6,null,null,null
179,02/12/2013,03/12/2013,39.62799835205078,7.9,151,8.94,19,Light Brown,odour free,7.9,151,null,null,null,.673,.001,11.2,.2,null,null,null,109.167,70,.05,.001,28,9.4,11.6,1.4,15.6,12.4,0,108.6,null,null,null
180,02/12/2013,03/12/2013,39.62799835205078,7.9,151,8.94,19,Light Brown,odour free,7.9,151,null,null,null,.673,.001,11.2,.2,null,null,null,109.167,70,.05,.001,28,9.4,11.6,1.4,15.6,12.4,0,108.6,null,null,null
181,01/02/2014,02/02/2014,18.187999725341797,8.07,148,5.16,18,Clear,odour free,8.1,148,null,null,null,.897,.001,9.1,.79,null,null,null,59.5,42,.05,.001,16.8,4.2,12.3,1.8,15.3,13.2,0,124.6,null,null,null
182,01/02/2014,02/02/2014,18.187999725341797,8.07,148,5.16,18,Clear,odour free,8.1,148,null,null,null,.897,.001,9.1,.79,null,null,null,59.5,42,.05,.001,16.8,4.2,12.3,1.8,15.3,13.2,0,124.6,null,null,null
183,01/04/2014,02/04/2014,8.946999549865723,7.67,194,6.95,25.2,Light Brown,odour free,7.7,194,null,null,null,.532,.001,10.8,.2,null,null,null,67.167,45.5,.05,.001,18.2,5.2,12.1,2.1,14.6,12.8,0,78.6,null,null,null
184,01/04/2014,02/04/2014,8.946999549865723,7.67,194,6.95,25.2,Light Brown,odour free,7.7,194,null,null,null,.532,.001,10.8,.2,null,null,null,67.167,45.5,.05,.001,18.2,5.2,12.1,2.1,14.6,12.8,0,78.6,null,null,null
185,02/06/2014,05/06/2014,null,7.9,154,6.75,30.5,Clear,odour free,7.9,154,null,null,null,.784,.001,4,1.79,null,null,null,87.583,51.125,.05,.001,20.45,8.75,3.5,2.1,16.98,4.32,0,56.36,null,null,null
186,01/08/2014,02/08/2014,null,7.8,138,6.16,28,Light Brown,odour free,7.8,138,null,null,null,.953,.001,4,.4,null,0,32.336,99.542,55,.05,.001,22,10.69,3.5,1.4,20.74,4.6,0,39.45,null,null,null
187,01/10/2014,02/10/2014,null,8.02,152,6.35,28,Light Brown,odour free,8.02,152,null,null,null,.896,.001,4,.2,null,null,null,56.342,32.05,.05,.001,12.82,5.83,3.8,.9,11.32,2.48,0,73.29,null,null,null
188,01/12/2014,04/12/2014,null,7.76,230,9.33,20,Clear,odour free,7.76,230,null,null,null,.981,.001,3,.2,null,null,null,80.45,48.075,.05,.001,19.23,7.77,6.5,1,13.2,1.2,0,84.54,null,null,null
