Standard Parameter Analysis Data of : Kashinagar (AV000J4)
Laboratory : CWC KGBO Hyderabad (LKD) 
Period : January-2009 To January-2010 
S.No.,Date_of_Collection,Date_of_Receipt,Discharge(cumecs),pH_FLD,EC_FLD(umho/cm),DO(mg/l),Water Temp(deg C),Colour,Odour,pH_GEN,EC_GEN(umho/cm),TDS(mg/l),SS(mg/l),NH3(mg N/l),NO2+NO3(mg N/l),Total_Nutrients(mg P/l),SiO2(mg/l),BOD(mg/l),COD(mg/l),Phen(mg CaCO3/l),Total_Alkallnity(mg CaCO3/l),Total_Hardness(mg CaCO3/l),Ca_Hardness(mg CaCO3/l),F(mg/l),B(mg/l),Ca_Major_Ions(mg/l),Mg(mg/l),Na(mg/l),K(mg/l),Cl(mg/l),SO4(mg/l),CO3(mg/l),HCO3(mg/l),Total_Coliforms(MPN/100ml),Faecal(MPN/100ml),Chlorophyll-A(ug/L)
1,02/02/2009,03/02/2009,14.22700023651123,null,null,null,null,null,null,null,null,null,null,null,null,null,null,null,null,null,null,null,null,null,null,null,null,null,null,null,null,null,null,null,null,null
2,02/02/2009,03/02/2009,14.22700023651123,null,null,null,null,null,null,null,null,null,null,null,null,null,null,null,null,null,null,null,null,null,null,null,null,null,null,null,null,null,null,null,null,null
3,01/04/2009,02/04/2009,5.117000102996826,null,null,null,null,null,null,null,null,null,null,null,null,null,null,null,null,null,null,null,null,null,null,null,null,null,null,null,null,null,null,null,null,null
4,01/04/2009,02/04/2009,5.117000102996826,null,null,null,null,null,null,null,null,null,null,null,null,null,null,null,null,null,null,null,null,null,null,null,null,null,null,null,null,null,null,null,null,null
5,01/06/2009,06/06/2009,3.755000114440918,null,null,null,null,null,null,null,null,null,null,null,null,null,null,null,null,null,null,null,null,null,null,null,null,null,null,null,null,null,null,null,null,null
6,01/06/2009,06/06/2009,3.755000114440918,null,null,null,null,null,null,null,null,null,null,null,null,null,null,null,null,null,null,null,null,null,null,null,null,null,null,null,null,null,null,null,null,null
7,01/08/2009,05/08/2009,189.61000061035156,7.82,144,null,29,Brown,odour free,7.8,144,null,null,null,.364,.01,9.55,null,null,0,40,56.325,36.075,.095,0,14.43,4.86,6.2,2.6,11.66,11.76,0,48.8,null,null,null
8,01/08/2009,06/08/2009,189.61000061035156,null,null,null,null,null,null,null,null,null,null,null,null,null,null,null,null,null,null,null,null,null,null,null,null,null,null,null,null,null,null,null,null,null
9,01/08/2009,06/08/2009,189.61000061035156,null,null,null,null,null,null,null,null,null,null,null,null,null,null,null,null,null,null,null,null,null,null,null,null,null,null,null,null,null,null,null,null,null
10,01/08/2009,05/08/2009,189.61000061035156,7.82,144,null,29,Brown,odour free,7.8,144,null,null,null,.364,.01,9.55,null,null,0,40,56.325,36.075,.095,0,14.43,4.86,6.2,2.6,11.66,11.76,0,48.8,null,null,null
11,01/10/2009,04/10/2009,147.17100524902344,null,null,null,null,null,null,null,null,null,null,null,null,null,null,null,null,null,null,null,null,null,null,null,null,null,null,null,null,null,null,null,null,null
12,01/10/2009,05/10/2009,147.17100524902344,null,null,null,null,null,null,null,null,null,null,null,null,null,null,null,null,null,null,null,null,null,null,null,null,null,null,null,null,null,null,null,null,null
13,01/10/2009,04/10/2009,147.17100524902344,null,null,null,null,null,null,null,null,null,null,null,null,null,null,null,null,null,null,null,null,null,null,null,null,null,null,null,null,null,null,null,null,null
14,01/10/2009,05/10/2009,147.17100524902344,null,null,null,null,null,null,null,null,null,null,null,null,null,null,null,null,null,null,null,null,null,null,null,null,null,null,null,null,null,null,null,null,null
15,01/12/2009,06/12/2009,34.909000396728516,7.8,210,null,18,Clear,odour free,7.8,210,null,null,null,.168,.01,8.75,null,null,0,60,72.533,36.075,.076,0,14.43,8.75,12.5,3.6,19.43,11.68,0,73.2,null,null,null
16,01/12/2009,06/12/2009,34.909000396728516,7.8,210,null,18,Clear,odour free,7.8,210,null,null,null,.168,.01,8.75,null,null,0,60,72.533,36.075,.076,0,14.43,8.75,12.5,3.6,19.43,11.68,0,73.2,null,null,null
