Standard Parameter Analysis Data of : Kota (GGT3OB1)
Laboratory : Middle Ganga Divn,Varanasi 
Period : January-1995 To January-2004 
S.No.,Date_of_Collection,Date_of_Receipt,Discharge(cumecs),pH_FLD,EC_FLD(umho/cm),DO(mg/l),Water Temp(deg C),Colour,Odour,pH_GEN,EC_GEN(umho/cm),TDS(mg/l),SS(mg/l),NH3(mg N/l),NO2+NO3(mg N/l),Total_Nutrients(mg P/l),SiO2(mg/l),BOD(mg/l),COD(mg/l),Phen(mg CaCO3/l),Total_Alkallnity(mg CaCO3/l),Total_Hardness(mg CaCO3/l),Ca_Hardness(mg CaCO3/l),F(mg/l),B(mg/l),Ca_Major_Ions(mg/l),Mg(mg/l),Na(mg/l),K(mg/l),Cl(mg/l),SO4(mg/l),CO3(mg/l),HCO3(mg/l),Total_Coliforms(MPN/100ml),Faecal(MPN/100ml),Chlorophyll-A(ug/L)
1,02/01/1995,03/01/1995,null,8,800,null,25,Clear,odour free,8.1,757,null,null,.05,11.05,.002,19.2,null,null,0,728.16,496.583,356.75,.05,.49,142.7,33.56,37,6,52,47,0,444,null,null,null
2,02/01/1995,03/01/1995,null,8,250,null,15,Clear,odour free,8.58,212,null,null,.05,.92,.001,13.2,null,null,3.984,235.976,133.517,45.35,.3,.27,18.14,21.16,26.5,1.5,12,3,4.8,139,null,null,null
3,01/02/1995,02/02/1995,null,7,1050,null,25,Clear,odour free,7.35,1014,null,null,.35,10.17,.017,6.3,null,null,0,783.92,367.875,309.625,.54,.18,123.85,13.98,72,5.5,52,32,0,478,null,null,null
4,01/02/1995,02/02/1995,null,8,250,null,17,Clear,odour free,8.14,224,null,null,.26,1.26,.01,7.3,null,null,0,260.76,114.35,56.1,.54,.14,22.44,13.98,52.5,1.5,12,35,0,159,null,null,null
5,01/03/1995,04/03/1995,null,7,1000,null,25,Clear,odour free,7.22,966,null,null,.05,5.47,.016,19.6,null,null,0,783.92,385,307.5,.42,.6,123,18.6,21,8,56,35,0,478,null,null,null
6,01/03/1995,02/03/1995,null,7,300,null,19,Clear,odour free,7.96,249,null,null,.05,.16,.001,3.4,null,null,0,247.64,103.267,51.6,.4,.47,20.64,12.4,15.5,1.8,8,4,0,151,null,null,null
7,01/04/1995,03/04/1995,null,7,900,null,25,Clear,odour free,7.9,886,null,null,.59,9.29,.001,9.3,null,null,0,783.92,464.292,348.25,.1,.36,139.3,27.85,25.5,8.3,56,48,0,478,null,null,null
8,01/04/1995,03/04/1995,null,8,250,null,26,Clear,odour free,8.37,223,null,null,.52,.23,.001,6.8,null,null,3.984,227.776,107.208,62.125,.56,.001,24.85,10.82,17,1.7,14,25,4.8,134,null,null,null
9,01/05/1995,02/05/1995,null,7,850,null,28,Clear,odour free,7.63,839,null,null,.07,18.9,.001,9.2,null,null,35.856,1088.616,554.558,242.975,.3,.75,97.19,74.78,20,6,88,34,43.2,619.8,null,null,null
10,01/05/1995,02/05/1995,null,8,250,null,27,Clear,odour free,8.18,211,null,null,.05,5.3,.001,2,null,null,15.936,273.144,96.508,62.05,.59,.45,24.82,8.27,13,1,16,1,19.2,147,null,null,null
11,01/06/1995,02/06/1995,null,7,900,null,27.5,Clear,odour free,7.6,858,null,null,.05,12,.001,17.7,null,null,0,808.52,173.742,95.7,.41,.001,38.28,18.73,30,8.5,50,40,0,493,null,null,null
12,01/06/1995,02/06/1995,null,8,250,null,23.5,Clear,odour free,8.43,229,null,null,.05,11,.001,8.8,null,null,19.92,256.56,82.292,63.125,.53,.001,25.25,4.6,20,2.5,14,16,24,132,null,null,null
13,01/07/1995,03/07/1995,null,7,900,null,27,Clear,odour free,7.89,893,null,null,.15,16.59,.01,13.4,null,null,11.952,768.608,410.792,312.5,1.1,.12,125,23.59,43,6.5,50.9,40.5,14.4,454,null,null,null
14,01/07/1995,03/07/1995,null,7,150,null,22.5,Light Brown,odour free,7.69,112,null,null,.12,.65,.076,6.8,null,null,3.984,111.336,64.45,35.575,.05,.001,14.23,6.93,6,1,12.48,20,4.8,63,null,null,null
15,01/08/1995,02/08/1995,null,7,1000,null,26.5,Clear,odour free,7.48,966,null,null,.05,11.33,.001,12.8,null,null,0,797.04,416.842,148.3,.39,.001,59.32,64.45,27,6.5,58,48,0,486,null,null,null
16,01/08/1995,02/08/1995,null,7,200,null,27,Brown,odour free,7.87,180,null,null,.28,1.88,.001,8.5,null,null,0,211.56,141.083,56,.19,.001,22.4,20.42,10,1,11.48,15,0,129,null,null,null
17,01/09/1995,04/09/1995,null,7,950,null,27,Clear,odour free,7.13,928,null,null,.05,9.7,.007,12.1,null,null,1.992,720.688,401.092,216.925,.05,.09,86.77,44.2,19.5,6,63.4,57,2.4,437,null,null,null
18,01/09/1995,04/09/1995,null,8,150,null,28.5,Light Brown,odour free,8.16,142,null,null,.05,.52,.001,9,null,null,0,139.4,81.7,33.075,.05,.15,13.23,11.67,9.5,1.5,8.48,25,0,85,null,null,null
19,04/10/1995,05/10/1995,null,7,1000,null,26.5,Clear,odour free,7.21,975,null,null,.05,9.67,.015,17,null,null,0,611.72,317.342,209.425,1.42,.33,83.77,25.9,37.5,6.4,72,51,0,373,null,null,null
20,04/10/1995,05/10/1995,null,7,200,null,28,Clear,odour free,7.75,166,null,null,.05,2.52,.004,12.1,null,null,0,191.88,43.158,36.075,1.34,.18,14.43,1.7,22,1.2,12,4,0,117,null,null,null
21,01/11/1995,02/11/1995,null,8,1300,null,26.5,Clear,odour free,8,1273,null,null,.05,8.88,.008,11.5,null,null,0,719.96,429.958,357.5,.46,.26,143,17.39,32.5,4.6,86,92,0,439,null,null,null
22,01/11/1995,02/11/1995,null,8,250,null,26.5,Clear,odour free,8.68,232,null,null,.05,.38,.018,5.4,null,null,3.984,224.496,77.375,59.125,.45,.07,23.65,4.38,21,1.8,12,8,4.8,132,null,null,null
23,01/12/1995,02/12/1995,null,7,1000,null,23,Clear,odour free,7.08,974,null,null,.05,8.78,.001,8.2,null,null,0,797.04,365.75,310,.05,.36,124,13.38,29.5,6.5,66,48,0,486,null,null,null
24,01/12/1995,05/12/1995,null,7,200,null,19.5,Clear,odour free,7.97,194,null,null,.05,.3,.001,7.1,null,null,3.984,244.176,276.792,65,.05,.5,26,50.83,18.5,2,10,3,4.8,144,null,null,null
25,01/01/1996,02/01/1996,null,7,1050,null,25,Clear,odour free,7.84,1017,null,null,.05,11.99,.001,20.4,null,null,0,764.24,402.783,387.575,.3,.001,155.03,3.65,31,8.5,68,63,0,466,null,null,null
26,01/01/1996,02/01/1996,null,7,200,null,17,Clear,odour free,7.94,173,null,null,.05,2.88,.001,10,null,null,0,188.6,137.958,65,.05,.45,26,17.51,19,4.5,14,49,0,115,null,null,null
27,01/02/1996,02/02/1996,null,7,1050,null,25,Clear,odour free,7.04,1018,null,null,.05,2.99,.001,15.5,null,null,0,769.672,439.667,350,1.2,.33,140,21.52,30,5.5,64,52,0,939,null,null,null
28,01/02/1996,02/02/1996,null,7,250,null,17.5,Clear,odour free,7.2,227,null,null,.21,5.82,.001,11.4,null,null,0,240.164,131.6,55.6,1.13,.44,22.24,18.24,11.5,2,14,8,0,293,null,null,null
29,01/03/1996,02/03/1996,null,7,1050,null,25,Clear,odour free,7.21,1015,null,null,.05,11.43,.001,10.5,null,null,0,373.771,315.833,251,.44,.48,100.4,15.56,28,8.3,62,50,0,456,null,null,null
30,01/03/1996,02/03/1996,null,7,300,null,19,Clear,odour free,7.5,263,null,null,.05,2.84,.006,8.5,null,null,0,137.705,132.875,66,.3,.15,26.4,16.05,16.5,2.8,14,18,0,168,null,null,null
31,02/04/1996,03/04/1996,null,8,1050,null,26,Clear,odour free,8.17,1018,null,null,.08,13.81,.046,12.4,null,null,0,708.48,375.175,211.425,.35,.25,84.57,39.3,40.5,11.5,62,52,0,432,null,null,null
32,02/04/1996,03/04/1996,null,8,300,null,23,Clear,odour free,8.4,260,null,null,.05,.42,.004,3.1,null,null,3.984,268.776,135.083,63.125,.12,.001,25.25,17.27,23,2,14,10,4.8,159,null,null,null
33,01/05/1996,04/05/1996,null,8,700,null,26,Clear,odour free,8.2,685,null,null,.23,14.78,.026,9.2,null,null,0,404.098,232.075,222.95,.11,.38,89.18,2.19,58,13.5,60,34,0,493,null,null,null
34,01/05/1996,04/05/1996,null,8,300,null,24,Clear,odour free,8.36,255,null,null,.05,.01,.001,5.3,null,null,15.106,140.169,85.958,62.125,.45,.32,24.85,5.72,31,2.5,14,1,18.2,134,null,null,null
35,01/06/1996,03/06/1996,null,7,900,null,26,Clear,odour free,7.13,857,null,null,.05,8.1,.007,17.4,null,null,59.76,550.328,573.625,259.5,1.23,.45,103.8,75.39,36.5,6.5,386,29,72,525,null,null,null
36,01/06/1996,03/06/1996,null,7,250,null,25.5,Clear,odour free,7.67,226,null,null,.05,1.57,.01,13.3,null,null,35.856,209.705,164.717,86.675,.5,.18,34.67,18.73,22,1,38,7,43.2,168,null,null,null
37,01/07/1996,03/07/1996,null,6,800,null,25.5,Dark Green,odour free,6.97,797,null,null,.05,10.08,.004,8.3,null,null,0,764.24,502.708,125.75,1.2,.28,50.3,90.47,32.5,7,52,19.86,0,466,null,null,null
38,01/07/1996,03/07/1996,null,7,300,null,25.5,Light Brown,odour free,7.12,259,null,null,.12,.41,.001,6.8,null,null,0,152.52,213.975,166.35,.5,.17,66.54,11.43,10,1.5,10,23.5,0,93,null,null,null
39,01/08/1996,05/08/1996,null,7,800,null,25.5,Clear,odour free,7.32,759,null,null,.05,10.5,.014,1.07,null,null,35.856,644.504,240.083,189.375,.05,.22,75.75,12.17,35,10.5,58,102.5,43.2,349,null,null,null
40,01/08/1996,05/08/1996,null,7,100,null,24.5,Brown,odour free,7.23,73,null,null,.05,.02,.027,2.1,null,null,0,103.32,82.617,41.575,.05,.04,16.63,9.85,12,4,14,31.2,0,63,null,null,null
41,02/09/1996,04/09/1996,null,7,900,null,25.5,Clear,odour free,7.12,850,null,null,.05,11.02,.001,7,null,null,27.39,740.63,474.308,305.6,.05,.21,122.24,40.49,40,6.5,78,52.2,33,418,null,null,null
42,02/09/1996,04/09/1996,null,7,150,null,24.5,Light Brown,odour free,7.5,120,null,null,.05,5.85,.016,4,null,null,0,147.6,78.292,64.625,.05,.11,25.85,3.28,9.5,1,22,15.2,0,90,null,null,null
43,01/10/1996,03/10/1996,null,8,850,null,26,Clear,odour free,8,800,null,null,.05,3.36,.026,10.5,null,null,0,774.08,344.958,328.25,.26,.06,131.3,4.01,23,2,92,40.6,0,472,null,null,null
44,01/10/1996,03/10/1996,null,8,300,null,26.5,Clear,odour free,8.4,200,null,null,.05,.36,.012,10.7,null,null,17.181,149.369,104.892,44.6,.5,.001,17.84,14.47,11,1,18,7.7,20.7,70,null,null,null
45,01/11/1996,03/11/1996,null,7,1000,null,26,Clear,odour free,7.33,958,null,null,.05,1.17,.003,7.8,null,null,0,54.918,427.458,314.25,.73,.2,125.7,27.17,17,5.5,82,65,0,67,null,null,null
46,01/11/1996,03/11/1996,null,8,200,null,27,Clear,odour free,8.3,190,null,null,.05,2.2,.001,3.8,null,null,1.743,16.615,114.75,68.125,.56,.15,27.25,11.19,7.5,1,20,36,2.1,16,null,null,null
47,02/12/1996,04/12/1996,null,7,850,null,22,Clear,odour free,7.42,834,null,null,.05,1.18,.002,12.8,null,null,0,377.049,511.917,383.75,.95,.2,153.5,30.76,27,11.5,64,90,0,460,null,null,null
48,02/12/1996,03/12/1996,null,8,200,null,21,Clear,odour free,8.17,168,null,null,.05,.07,.001,7.7,null,null,4.731,102.943,138.4,80.15,1.25,.16,32.06,13.98,15,3,18,49,5.7,114,null,null,null
49,01/01/1997,02/01/1997,null,7,800,null,24.5,Clear,odour free,7.45,752,null,null,.25,1.44,.001,16.8,null,null,0,801.96,597.025,386.775,.45,.19,154.71,50.46,25,22,66,80,0,489,null,null,null
50,01/01/1997,02/01/1997,null,8,250,null,16,Clear,odour free,7.98,202,null,null,.21,.18,.001,7.5,null,null,.548,140.502,248.8,148.8,.05,.25,59.52,24,11,3.5,14,48,.66,85,null,null,null
51,01/02/1997,02/02/1997,null,7,900,null,24.5,Clear,odour free,7.58,842,null,null,.76,.3,.001,17.5,null,null,0,805.24,572.825,410.325,.1,.2,164.13,39,37.5,8.8,64,43.6,0,491,null,null,null
52,01/02/1997,02/02/1997,null,7,150,null,18,Clear,odour free,7.11,106,null,null,.05,.68,.001,8.6,null,null,0,124.64,88.233,44.65,.11,.15,17.86,10.46,7.5,2,12,18.8,0,76,null,null,null
53,01/03/1997,02/03/1997,null,7,900,null,24.5,Clear,odour free,7.59,879,null,null,.24,.51,.001,2,null,null,0,665.84,364,249.5,.65,.8,99.8,27.48,25,8,64,17,0,406,null,null,null
54,01/03/1997,02/03/1997,null,7,150,null,19.5,Clear,odour free,7.52,140,null,null,.05,.01,.001,3.42,null,null,18.177,213.693,151.708,68.625,.4,.001,27.45,19.94,12.5,1.2,16,7,21.9,108,null,null,null
55,01/04/1997,02/04/1997,null,7,1000,null,25.5,Clear,odour free,7.91,970,null,null,.24,.51,.001,11.2,null,null,109.56,812.48,176.3,87.675,.45,.001,35.07,21.27,41,5.5,70,20,132,361,null,null,null
56,01/04/1997,02/04/1997,null,8,300,null,25,Clear,odour free,8.36,246,null,null,.19,.06,.001,5,null,null,22.41,504.29,235.967,147.3,.59,.001,58.92,21.28,21.5,.1,20,12,27,280,null,null,null
57,01/05/1997,02/05/1997,null,7,1100,null,25.5,Clear,odour free,7.7,1046,null,null,.15,.06,.068,10.2,null,null,20.916,730.884,290.208,189.375,.88,.001,75.75,24.2,17.5,11,68,21,25.2,420,null,null,null
58,01/05/1997,02/05/1997,null,8,300,null,27.5,Clear,odour free,8.1,278,null,null,.05,.3,.001,4.7,null,null,18.426,230.594,121.375,63.125,1.085,.001,25.25,13.98,11,4,16,14,22.2,118,null,null,null
59,01/06/1997,02/06/1997,null,8,800,null,26,Clear,odour free,8.1,787,null,null,.05,9.85,.001,27.8,null,null,36.105,1010.725,383.633,83.675,.33,.001,33.47,71.99,37.5,10,58,25,43.5,572,null,null,null
60,01/06/1997,02/06/1997,null,8,400,null,27.5,Clear,odour free,8.74,387,null,null,.05,1.3,.001,16,null,null,34.113,650.837,128.642,50.1,.5,.001,20.04,18.85,37.5,3,22,14,41.1,355,null,null,null
61,01/07/1997,02/07/1997,null,7,900,null,26,Clear,odour free,7.58,845,null,null,.05,1.23,.001,19.2,null,null,68.89,1508.01,430.767,304.1,.22,.07,121.64,30.4,21.5,15,68,53,83,835,null,null,null
62,01/07/1997,02/07/1997,null,8,500,null,27.5,Light Brown,odour free,7.83,433,null,null,.1,.01,.001,13.8,null,null,0,182.04,332.808,50.1,.05,.05,20.04,67.85,7,9,16,29,0,111,null,null,null
63,01/08/1997,02/08/1997,null,7,850,null,25.5,Clear,odour free,7.77,836,null,null,.16,6.84,.076,17.6,null,null,45.318,845.582,272.95,102.7,.21,.14,41.08,40.86,23,13.5,54,8.5,54.6,460,null,null,null
64,01/08/1997,02/08/1997,null,7,500,null,26.5,Brown,odour free,7.4,418,null,null,.15,2.72,.001,10.5,null,null,0,95.12,307.283,33.075,.05,.22,13.23,65.81,14,6,18,10,0,58,null,null,null
65,01/09/1997,02/09/1997,null,8,1100,null,25.5,Clear,odour free,8.24,1054,null,null,.56,4.14,.001,20.9,null,null,0,792.12,404.417,258,.75,.59,103.2,35.14,11.5,2.5,90,51,0,483,null,null,null
66,01/09/1997,02/09/1997,null,8,150,null,24.5,Light Brown,odour free,8.36,121,null,null,.56,.96,.001,12,null,null,0,157.44,77.075,38.575,.05,.001,15.43,9.24,8.5,2,12,21,0,96,null,null,null
67,01/10/1997,03/10/1997,null,7,1200,null,25,Clear,odour free,7.58,1190,null,null,.26,.09,.001,19.4,null,null,0,200.82,266.5,38.5,.05,.22,15.4,54.72,46,2,94,50,0,245,null,null,null
68,01/10/1997,03/10/1997,null,8,250,null,25.5,Clear,odour free,8.33,201,null,null,.19,.33,.001,16.3,null,null,12.699,117.303,86.158,41.075,1.3,.001,16.43,10.82,14,2,14,20,15.3,112,null,null,null
69,01/11/1997,02/11/1997,null,7,1150,null,25,Clear,odour free,7.5,1111,null,null,.44,.25,.001,9.8,null,null,0,381.148,317.167,267.5,.05,.67,107,11.92,57,5.5,116,90,0,465,null,null,null
70,01/11/1997,02/11/1997,null,8,250,null,26,Clear,odour free,8.31,199,null,null,.05,.01,.03,4.8,null,null,11.703,152.189,92,62.125,.05,.31,24.85,7.17,16.5,2,20,13,14.1,157,null,null,null
71,01/12/1997,02/12/1997,null,7,1000,null,24.5,Clear,odour free,7.75,975,null,null,.05,.11,.145,5,null,null,0,603.52,348.183,305.1,.08,.5,122.04,10.34,44,2.5,80,53,0,368,null,null,null
72,01/12/1997,02/12/1997,null,7,200,null,25,Clear,odour free,7.74,170,null,null,.05,1.33,.001,9.8,null,null,0,191.88,152.967,92.675,.4,.35,37.07,14.47,17.5,1.5,12,31,0,117,null,null,null
73,01/01/1998,02/01/1998,null,7,900,null,25,Clear,odour free,7.31,832,null,null,.05,2.45,.133,14.8,null,null,0,1503.88,438.375,376.25,.1,.2,150.5,14.91,54,7,84,54,0,917,null,null,null
74,01/01/1998,02/01/1998,null,7,200,null,17.5,Clear,odour free,7.99,155,null,null,.05,4.3,.133,5.6,null,null,7.968,391.592,120.433,49.6,.05,.25,19.84,17,17.5,1,22,15,9.6,229,null,null,null
75,02/02/1998,03/02/1998,null,8,1000,null,25,Clear,odour free,8.52,915,null,null,.05,8.97,.12,12.8,null,null,21.912,688.608,375.667,287.5,.05,.2,115,21.16,40,12,74,54,26.4,393,null,null,null
76,02/02/1998,03/02/1998,null,8,200,null,20.5,Clear,odour free,8.51,154,null,null,.05,.01,.135,6,null,null,0,155.8,86,58.125,.05,.25,23.25,6.69,11.5,4,40,38,0,95,null,null,null
77,02/03/1998,03/03/1998,null,8,1000,null,25,Clear,odour free,8.56,912,null,null,.42,10.53,.088,11.3,null,null,29.88,707.92,391.433,242.975,.29,.22,97.19,35.63,42.5,13,72,53,36,395,null,null,null
78,02/03/1998,03/03/1998,null,8,200,null,20.5,Clear,odour free,8.62,176,null,null,.05,.55,.097,5.4,null,null,0,191.88,101.267,51.6,.05,.28,20.64,11.92,15,4,28,37,0,117,null,null,null
79,01/04/1998,02/04/1998,null,7,1100,null,25,Clear,odour free,7.68,1070,null,null,.05,2.85,.001,21.7,null,null,11.952,535.728,290.2,101.2,.12,.08,40.48,45.36,45,6.5,74,53.5,14.4,312,null,null,null
80,01/04/1998,02/04/1998,null,8,300,null,23,Clear,odour free,8.4,233,null,null,.05,4.72,.001,11.6,null,null,7.968,227.592,120.433,56.1,.54,.001,22.44,15.44,18,1.5,24,12.1,9.6,129,null,null,null
81,01/05/1998,02/05/1998,null,8,1000,null,25.5,Clear,odour free,8.23,997,null,null,.87,.6,.218,6.5,null,null,15.936,584.744,277.792,122.75,.35,.001,49.1,37.21,46,5,76,52.8,19.2,337,null,null,null
82,01/05/1998,02/05/1998,null,8,250,null,25,Clear,odour free,8.5,206,null,null,.58,.46,.001,5.6,null,null,19.92,176.2,90.1,53.6,.57,.001,21.44,8.76,17.5,1,32,8.7,24,83,null,null,null
83,01/06/1998,02/06/1998,null,8,800,null,25.5,Clear,odour free,8.9,757,null,null,.12,10.18,.001,22.6,null,null,11.952,768.608,356.583,45,.31,.001,18,74.78,62.5,7,80,20.5,14.4,454,null,null,null
84,01/06/1998,02/06/1998,null,8,300,null,26.5,Clear,odour free,8.9,285,null,null,.05,.01,.001,15.7,null,null,27.888,224.212,96.833,38.5,.52,.001,15.4,14,31,1,26,15.5,33.6,102.5,null,null,null
85,01/07/1998,02/07/1998,null,8,700,null,26,Clear,odour free,8.44,664,null,null,.05,9.83,.057,17.3,null,null,0,1111.92,270.875,51.5,.4,.25,20.6,52.65,65,6,36,18.5,0,678,null,null,null
86,01/07/1998,02/07/1998,null,8,200,null,26.5,Light Brown,odour free,8.55,166,null,null,.05,6.78,.031,9.1,null,null,0,247.64,68.95,41.075,.35,.13,16.43,6.69,20.5,1,10,14.5,0,151,null,null,null
87,01/08/1998,02/08/1998,null,8,850,null,25.5,Clear,odour free,8.28,796,null,null,.05,14.16,.049,.9,null,null,15.936,704.464,380.5,94.75,.05,.48,37.9,68.58,44,9,74,35.5,19.2,410,null,null,null
88,01/08/1998,02/08/1998,null,8,200,null,25.5,Brown,odour free,8.42,166,null,null,.05,.02,.047,2,null,null,9.96,195.52,86.017,53.6,.05,.07,21.44,7.78,19,1.5,18,15.1,12,107,null,null,null
89,01/09/1998,02/09/1998,null,8,1000,null,25.5,Clear,odour free,8.31,984,null,null,.05,11.09,.054,9.6,null,null,0,672.4,361.45,161.325,.05,.001,64.53,48.03,34,6,76,10.8,0,410,null,null,null
90,01/09/1998,02/09/1998,null,8,250,null,25,Brown,odour free,8.09,231,null,null,.05,.47,.022,5.9,null,null,0,196.8,105.567,73.15,.52,.001,29.26,7.78,15,3,10,30.9,0,120,null,null,null
91,03/10/1998,04/10/1998,null,7,1250,null,25.5,Clear,odour free,7.7,1223,null,null,.05,11.02,.028,6.5,null,null,11.952,128.098,275.033,98.7,.05,.001,39.48,42.32,43,6,44,19,14.4,127,null,null,null
92,03/10/1998,04/10/1998,null,8,200,null,26,Clear,odour free,8.15,166,null,null,.05,5.41,.045,3,null,null,7.968,116,86.058,51.6,.22,.001,20.64,8.27,7.5,1.5,18,10,9.6,122,null,null,null
93,02/11/1998,03/11/1998,null,7,1250,null,25.5,Clear,odour free,7.76,1227,null,null,.05,11.08,.001,2.6,null,null,0,792.12,374.008,214.925,.55,.001,85.97,38.18,45,9,76,59,0,483,null,null,null
94,02/11/1998,03/11/1998,null,8,200,null,26,Clear,odour free,8.2,69,null,null,.05,5.7,.001,2.5,null,null,3.984,235.976,103.208,60.125,.52,.08,24.05,10.34,12.5,4,14,12,4.8,139,null,null,null
95,01/12/1998,02/12/1998,null,8,900,null,25.5,Clear,odour free,8.09,896,null,null,.17,11.76,.001,8,null,null,3.984,780.456,410.417,206.25,.26,.001,82.5,49,49,6,68,48,4.8,471,null,null,null
96,01/12/1998,02/12/1998,null,8,200,null,23,Clear,odour free,8.1,177,null,null,.05,.14,.001,9.2,null,null,0,255.84,127.042,58.125,.16,.06,23.25,16.54,20,1.5,20,19,0,156,null,null,null
97,01/01/1999,04/01/1999,null,7,850,null,24.5,Clear,odour free,7.86,811,null,null,.05,8.48,.001,6.5,null,null,15.936,376.262,241.542,58.625,.05,.001,23.45,43.9,48,5,60,49,19.2,420,null,null,null
98,01/01/1999,04/01/1999,null,7.5,200,null,20,Clear,odour free,7.96,169,null,null,.05,.01,.001,7.5,null,null,8.001,235.859,128.958,64.625,.05,.04,25.85,15.44,20,1.5,18,60,9.64,134,null,null,null
99,01/02/1999,04/02/1999,null,8,700,null,24.5,Clear,odour free,8.3,687,null,null,.05,11.5,.001,9,null,null,0,767.52,303.375,258,.05,.03,103.2,10.89,45,1.96,60,49,0,468,null,null,null
100,01/02/1999,04/02/1999,null,8,300,null,22,Clear,odour free,8.56,277,null,null,.05,.96,.001,.5,null,null,0,355.88,204.217,88.175,.64,.001,35.27,27.85,21,.9,20,60,0,217,null,null,null
101,01/03/1999,04/03/1999,null,8,900,null,25,Clear,odour free,8.31,861,null,null,.8,.66,.001,10,null,null,0,241.803,271.5,184.875,.05,.02,73.95,20.79,40,6.9,56,41,0,295,null,null,null
102,01/03/1999,04/03/1999,null,8,250,null,23.5,Clear,odour free,8.6,194,null,null,.05,.56,.001,6.5,null,null,0,94.262,118.517,49.6,.7,.001,19.84,16.54,14,1.1,20,4,0,115,null,null,null
103,01/04/1999,04/04/1999,null,8,900,null,25.5,Clear,odour free,8.32,862,null,null,.05,8.42,.197,4.8,null,null,0,496.92,286.167,189.375,.05,.02,75.75,23.23,34.5,6.5,54,40,0,303,null,null,null
104,01/04/1999,04/04/1999,null,8,250,null,27.5,Clear,odour free,8.4,196,null,null,.07,.38,.001,4.5,null,null,0,200.08,187.267,107.725,.05,.001,43.09,19.09,13,1,22,12,0,122,null,null,null
105,01/05/1999,04/05/1999,null,8,900,null,26.5,Clear,odour free,8.36,870,null,null,.08,9.09,.21,5.7,null,null,0,516.6,301.275,197.9,.05,.03,79.16,24.81,36,7,58,40,0,315,null,null,null
106,01/05/1999,04/05/1999,null,8,250,null,28,Clear,odour free,8.42,196,null,null,.72,7.38,.001,5.2,null,null,0,219.76,202.35,116.225,.05,.001,46.49,20.67,15,2,26,12,0,134,null,null,null
107,01/06/1999,04/06/1999,null,7,1000,null,26.5,Clear,odour free,7.65,964,null,null,.25,2.16,.001,4.8,null,null,0,511.68,310.058,181.35,.05,.001,72.54,30.89,76,7,62,14,0,312,null,null,null
108,01/06/1999,04/06/1999,null,8,300,null,29.5,Clear,odour free,8.32,273,null,null,.05,3.13,.156,5.3,null,null,9.96,323.44,107.608,73.15,.32,.02,29.26,8.27,100,2,22,12,12,185,null,null,null
109,01/07/1999,04/07/1999,null,8,1100,null,26,Clear,odour free,8.54,1050,null,null,1.21,1.69,.092,7.5,null,null,0,241.803,253.842,90.175,.05,.001,36.07,39.28,21,7,40,22,0,295,null,null,null
110,01/07/1999,04/07/1999,null,8,200,null,28.5,Light Brown,odour free,8.15,138,null,null,.35,.01,.001,4,null,null,15.936,126.262,92.642,51.6,.05,.001,20.64,9.85,8,2.5,20,28,19.2,115,null,null,null
111,01/08/1999,04/08/1999,null,7,1050,null,26,Clear,odour free,7.85,1004,null,null,.05,.15,.152,18.6,null,null,0,588.268,290.233,184.9,.05,.001,73.96,25.28,40,11,56,25,0,358.7,null,null,null
112,01/08/1999,04/08/1999,null,7,200,null,28,Brown,odour free,7.62,139,null,null,.05,.56,.146,7.9,null,null,0,160.064,86.017,51.6,.05,.001,20.64,8.26,14,7,20,30,0,97.6,null,null,null
113,01/09/1999,04/09/1999,null,7,1000,null,26,Clear,odour free,7.79,922,null,null,.05,.71,.001,8.9,null,null,0,592.04,268.75,172,.05,.05,68.8,23.22,41,12,48,27,0,361,null,null,null
114,01/09/1999,04/09/1999,null,7,200,null,27,Light Brown,odour free,7.87,132,null,null,.05,.16,.085,9.6,null,null,0,168.1,101.05,58.05,.05,.001,23.22,10.32,14,6,24,31,0,102.5,null,null,null
115,01/10/1999,04/10/1999,null,7,1050,null,26.5,Clear,odour free,7.8,1003,null,null,.05,.61,.123,9.5,null,null,0,288.509,309.583,139.75,1,.001,55.9,40.76,88,8,102,30,0,175.92,null,null,null
116,01/10/1999,04/10/1999,null,7,250,null,28,Clear,odour free,7.85,223,null,null,.05,.11,.085,6.7,null,null,0,272.076,120.417,96.75,.05,.001,38.7,5.68,17,1.5,10,29,0,165.9,null,null,null
117,01/11/1999,04/11/1999,null,7,1050,null,27,Clear,odour free,7.35,1030,null,null,.05,.39,.118,7.5,null,null,0,303.4,322.542,146.25,1.3,.001,58.5,42.31,23,11,105,25,0,185,null,null,null
118,01/11/1999,04/11/1999,null,8,300,null,25.7,Clear,odour free,8.08,241,null,null,.05,.24,.067,6.2,null,null,0,288.64,137.583,107.5,.05,.001,43,7.22,12,3.1,15,21,0,176,null,null,null
119,01/12/1999,04/12/1999,null,8,950,null,25.5,Clear,odour free,8.01,930,null,null,.05,.57,.107,5.5,null,null,0,375.56,346.158,156.95,.97,.001,62.78,45.41,27,10,115,24,0,229,null,null,null
120,01/12/1999,04/12/1999,null,7,300,null,20,Clear,odour free,7.82,276,null,null,.05,.03,.062,6.2,null,null,0,344.4,161.242,113.95,.16,.001,45.58,11.35,13,5,20,20,0,210,null,null,null
121,01/01/2000,02/01/2000,null,7,750,null,25,Clear,odour free,7.95,734,null,null,.05,5.74,.111,5.2,null,null,0,720.288,363.717,264.8,.45,.001,105.92,23.74,28,9,60,55,0,439.2,null,null,null
122,01/01/2000,02/01/2000,null,8,250,null,18,Clear,odour free,8.4,217,null,null,.05,1.86,.077,5.7,null,null,0,264.106,202.108,77.4,.05,.001,30.96,29.93,16,2,15,8,0,161.04,null,null,null
123,01/02/2000,02/02/2000,null,7,800,null,24.5,Clear,odour free,7.61,738,null,null,.05,3.96,.114,5.5,null,null,0,732.293,371.933,266.6,.05,.001,106.64,25.28,17,9,63,53,0,446.52,null,null,null
124,01/02/2000,02/02/2000,null,8,300,null,19,Clear,odour free,8.1,266,null,null,.05,1.39,.072,6.7,null,null,0,280.112,208.542,86,.05,.001,34.4,29.41,9,2,17,7,0,170.8,null,null,null
125,01/03/2000,02/03/2000,null,7,800,null,25,Clear,odour free,7.62,790,null,null,.05,3.34,.118,6.6,null,null,0,338,391.292,279.5,.05,.001,111.8,26.83,24,7,64,52,0,412.36,null,null,null
126,01/03/2000,02/03/2000,null,8,300,null,21.5,Clear,odour free,8.16,270,null,null,.05,1,.066,4.7,null,null,0,148,221.433,94.6,.05,.001,37.84,30.44,13,2,24,9,0,180.56,null,null,null
127,01/04/2000,02/04/2000,null,7,850,null,25.5,Clear,odour free,7.61,795,null,null,.05,2.1,.129,4.3,null,null,0,720.288,412.817,292.4,.46,.001,116.96,28.9,24,7,68,50,0,439.2,null,null,null
128,01/04/2000,02/04/2000,null,8,300,null,26,Clear,odour free,8.17,276,null,null,.05,1.01,.057,5.7,null,null,0,312.125,234.358,98.9,.69,.001,39.56,32.51,13,2,26,13,0,190.32,null,null,null
129,01/05/2000,02/05/2000,null,7,850,null,26,Clear,odour free,7.62,794,null,null,.05,1.24,.13,5,null,null,0,397.798,425.683,298.85,.88,.001,119.54,30.44,24,6,69,50,0,242.56,null,null,null
130,01/05/2000,02/05/2000,null,8,300,null,26.5,Clear,odour free,8.18,274,null,null,.05,.79,.046,4.8,null,null,0,296.118,115.783,103.2,1.3,.04,41.28,3.02,13,2,29,15,0,180.56,null,null,null
131,01/06/2000,02/06/2000,null,7,850,null,26,Clear,odour free,7.62,790,null,null,.05,.47,.142,5.7,null,null,0,704.282,438.592,305.3,.05,.001,122.12,31.99,24,6,70,52,0,429.44,null,null,null
132,01/06/2000,02/06/2000,null,8,300,null,28.5,Light Brown,odour free,8.18,280,null,null,.05,.66,.051,5.26,null,null,0,156,260.133,111.8,.8,.07,44.72,35.6,14,2,36,16,0,190.32,null,null,null
133,01/07/2000,02/07/2000,null,7,850,null,26,Clear,odour free,7.65,796,null,null,.05,1.02,.153,6.5,null,null,0,696.278,423.55,294.55,.82,.001,117.82,30.96,22,6,67,48,0,424.56,null,null,null
134,01/07/2000,02/07/2000,null,8,300,null,28,Light Brown,odour free,8.5,270,null,null,.05,1.5,.047,6.2,null,null,0,304.122,247.25,107.5,.15,.08,43,33.54,13,2,35,14,0,185.44,null,null,null
135,01/08/2000,02/08/2000,null,7,800,null,26,Clear,odour free,7.66,790,null,null,.05,.91,.165,7,null,null,0,348,402.058,277.35,.26,.001,110.94,29.93,18,6,64,45,0,424.56,null,null,null
136,01/08/2000,02/08/2000,null,8,350,null,27.5,Brown,odour free,8.14,300,null,null,.05,.01,.057,5.5,null,null,0,164,238.633,101.05,.08,.03,40.42,33.02,11,3,33,14,0,200.08,null,null,null
137,01/09/2000,02/09/2000,null,7,800,null,26,Clear,odour free,7.63,790,null,null,.05,1.19,.172,4.5,null,null,0,703.56,380.55,262.3,.43,.001,104.92,28.38,18,6,60,46,0,429,null,null,null
138,01/09/2000,02/09/2000,null,8,350,null,26,Light Brown,odour free,8.13,304,null,null,.05,.01,.047,5.7,null,null,0,328,215.017,94.6,.27,.02,37.84,28.9,11,3,32,15,0,200,null,null,null
139,03/10/2000,04/10/2000,null,7,800,null,26,Clear,odour free,7.6,786,null,null,.05,.06,.185,5.5,null,null,0,680.6,376.242,264.45,.85,.001,105.78,26.83,17,7,52,52,0,415,null,null,null
140,03/10/2000,04/10/2000,null,8,350,null,6.5,Clear,odour free,8.1,306,null,null,.05,.98,.034,6,null,null,0,319.8,204.258,90.3,.6,.03,36.12,27.35,12,3,30,18,0,195,null,null,null
141,01/11/2000,02/11/2000,null,7,800,null,24,Clear,odour free,7.62,792,null,null,.05,2.12,.195,8,null,null,0,611.72,356.9,249.4,.74,.001,99.76,25.8,18,6,45,50,0,373,null,null,null
142,01/11/2000,02/11/2000,null,8,350,null,22,Clear,odour free,8.08,305,null,null,.05,1.38,.052,7.5,null,null,0,380.48,193.5,86,.56,.05,34.4,25.8,13,3,28,18,0,232,null,null,null
143,01/12/2000,02/12/2000,null,7,850,null,25.5,Clear,odour free,7.62,798,null,null,.05,.26,.119,9.7,null,null,0,1120.12,234.842,58.05,.9,.001,23.22,42.43,19,6,36,48,0,683,null,null,null
144,01/12/2000,02/12/2000,null,8,350,null,19,Clear,odour free,8.08,300,null,null,.05,.03,.074,6.8,null,null,0,290.28,182.733,109.65,.05,.001,43.86,17.54,14,3,22,19,0,177,null,null,null
145,01/01/2001,02/01/2001,null,8,800,null,25.5,Clear,odour free,8.38,740,null,null,.07,8.4,.001,8.2,null,null,0,680.6,470.008,334.55,.05,.07,133.82,32.51,35,1,53,40.8,0,415,null,null,null
146,01/01/2001,02/01/2001,null,8,200,null,16,Clear,odour free,8.52,183,null,null,.05,.01,.001,3.5,null,null,0,244.36,98.042,50.75,.05,.12,20.3,11.35,18,1,12,4.6,0,149,null,null,null
147,01/02/2001,02/02/2001,null,8,850,null,25,Clear,odour free,8.39,802,null,null,.05,8.07,.001,9.8,null,null,0,875.76,356.45,256.7,.07,.04,102.68,23.94,36,1,60,51.4,0,534,null,null,null
148,01/02/2001,02/02/2001,null,8,300,null,18,Clear,odour free,8.62,284,null,null,.05,.69,.001,4.9,null,null,0,360.8,173.725,62.35,.24,.1,24.94,26.73,23,1,12,7.7,0,220,null,null,null
149,01/03/2001,02/03/2001,null,8,900,null,25,Clear,odour free,8.4,861,null,null,.05,10.56,.1,10.2,null,null,0,865.92,412.792,197.375,.05,.22,78.95,51.7,35,2,64,42.7,0,528,null,null,null
150,01/03/2001,02/03/2001,null,8,300,null,19.5,Clear,odour free,8.68,248,null,null,.05,.31,.001,5.6,null,null,0,300.12,262.283,67.075,.5,.02,26.83,46.85,21,1,18,3.2,0,183,null,null,null
151,01/04/2001,02/04/2001,null,8,750,null,25,Clear,odour free,8.42,726,null,null,.05,8.15,.015,11.5,null,null,0,605.16,314.35,94.6,.08,.07,37.84,52.74,38,2,54,21.3,0,369,null,null,null
152,01/04/2001,02/04/2001,null,8,300,null,23,Clear,odour free,8.7,287,null,null,.05,.8,.011,6.3,null,null,0,270.6,184.467,68.8,.35,.15,27.52,27.76,24,2.5,14,11.5,0,165,null,null,null
153,01/05/2001,02/05/2001,null,7,1050,null,26,Clear,odour free,7.44,1012,null,null,.07,8.59,.027,12.7,null,null,0,447.541,483.75,225.75,.15,.09,90.3,61.92,32,6,68,40.3,0,546,null,null,null
154,01/05/2001,02/05/2001,null,8,300,null,27.5,Clear,odour free,8.69,245,null,null,.05,.63,.008,5.5,null,null,0,300.12,172,64.5,.27,.07,25.8,25.8,13,1,12,3.5,0,183,null,null,null
155,01/06/2001,02/06/2001,null,7,1050,null,26.5,Clear,odour free,7.98,1004,null,null,.05,6.65,.022,10.5,null,null,0,900.36,384.833,215,.16,.15,86,40.76,23,10,64,30.5,0,549,null,null,null
156,01/06/2001,02/06/2001,null,8,400,null,27,Clear,odour free,8.25,341,null,null,.05,.76,.015,6.7,null,null,0,305.04,214.983,66.65,.37,.09,26.66,35.6,19,3,14,5.5,0,186,null,null,null
157,02/07/2001,03/07/2001,null,8,1000,null,26,Clear,odour free,8.02,928,null,null,.05,5.18,.015,9.3,null,null,0,575.64,288.958,86,.09,.13,34.4,48.71,35,6,59.6,18.5,0,351,null,null,null
158,02/07/2001,03/07/2001,null,8,150,null,27.5,Light Brown,odour free,8.1,102,null,null,.05,.48,.011,5.9,null,null,0,139.4,66.95,14.075,.2,.07,5.63,12.69,7,2,13,4,0,85,null,null,null
159,01/08/2001,02/08/2001,null,8,1050,null,26,Clear,odour free,8.1,1012,null,null,.05,5.95,.023,11.3,null,null,0,685.52,471.267,238.225,.15,.17,95.29,55.93,37,8,78,16.5,0,418,null,null,null
160,01/08/2001,02/08/2001,null,8,150,null,27,Brown,odour free,8.12,126,null,null,.05,.61,.017,5.4,null,null,0,144.32,89.875,39.125,.25,.1,15.65,12.18,8,2,13,3.5,0,88,null,null,null
161,01/09/2001,02/09/2001,null,8,1150,null,26,Clear,odour free,8.16,1129,null,null,.05,6.48,.033,12.5,null,null,0,680.6,493.2,315.2,.2,.22,126.08,42.72,30,4,67,17.5,0,415,null,null,null
162,01/09/2001,02/09/2001,null,8,150,null,26.5,Brown,odour free,8.13,105,null,null,.05,.44,.001,4.7,null,null,0,144.32,114.808,62.35,.05,.001,24.94,12.59,6,2,10,1,0,88,null,null,null
163,01/10/2001,03/10/2001,null,8,1250,null,26,Clear,odour free,8.2,1225,null,null,.05,3.09,.035,12.7,null,null,0,785.56,522.467,337.55,.15,.2,135.02,44.38,34,5,71.6,18.5,0,479,null,null,null
164,01/10/2001,03/10/2001,null,8,150,null,24,Clear,odour free,8.15,125,null,null,.05,.46,.001,4.9,null,null,0,211.56,135.458,64.5,.05,.001,25.8,17.03,8,2,11,1,0,129,null,null,null
165,01/11/2001,02/11/2001,null,8,1100,null,26,Clear,odour free,8.58,1094,null,null,.05,.15,.015,9,null,null,0,775.72,526.733,324.65,.07,.05,129.86,48.5,33,5,66,20.5,0,473,null,null,null
166,01/11/2001,02/11/2001,null,8,250,null,27,Clear,odour free,8.82,242,null,null,.05,.56,.009,5.2,null,null,0,234.52,144.067,66.65,.05,.02,26.66,18.58,9,3,13,4.5,0,143,null,null,null
167,01/12/2001,02/12/2001,null,7,900,null,25.5,Clear,odour free,7.39,861,null,null,.05,.01,.001,7.8,null,null,0,790.48,541.783,328.95,.05,.02,131.58,51.08,53,5,70,18.3,0,482,null,null,null
168,01/12/2001,02/12/2001,null,7,250,null,21.5,Clear,odour free,7.91,198,null,null,.05,.01,.001,4.7,null,null,0,250.92,104.542,64.5,.05,.001,25.8,9.61,13,3,15,4.9,0,153,null,null,null
169,01/01/2002,02/01/2002,null,7,750,null,25.5,Clear,odour free,7.52,721,null,null,.05,.01,.017,8.2,null,null,0,615,408.508,251.55,.05,.02,100.62,37.67,44,1.5,50,31.5,0,375,null,null,null
170,01/01/2002,02/01/2002,null,8,200,null,21,Clear,odour free,8.31,162,null,null,.05,.01,.008,5.3,null,null,0,160.064,181.475,76.975,.05,.001,30.79,25.08,19.5,2,16,1.2,0,97.6,null,null,null
171,01/02/2002,02/02/2002,null,7,800,null,25.5,Clear,odour free,7.54,754,null,null,.05,.31,.027,7.9,null,null,0,656,411.933,255.85,.05,.05,102.34,37.46,43,8,55,32.5,0,400,null,null,null
172,01/02/2002,02/02/2002,null,7,250,null,17.5,Clear,odour free,7.25,210,null,null,.05,.13,.011,6,null,null,0,205,199.942,77.4,.05,.02,30.96,29.41,26,2,19,36.2,0,125,null,null,null
173,01/03/2002,02/03/2002,null,7,850,null,25.5,Clear,odour free,7.61,801,null,null,.05,.57,.052,8.5,null,null,0,639.6,415.167,230.25,.05,.07,92.1,44.38,42,18,58,42,0,390,null,null,null
174,01/03/2002,02/03/2002,null,8,250,null,22.5,Clear,odour free,8.15,228,null,null,.05,.34,.029,6.9,null,null,0,195.16,176.708,78.25,.05,.03,31.3,23.63,16,6,17,7,0,119,null,null,null
175,01/04/2002,02/04/2002,null,7,850,null,25.5,Clear,odour free,7.79,818,null,null,.1,1.16,.09,8.9,null,null,0,685.52,423.533,232.2,.05,.1,92.88,45.92,48,19,59,43,0,418,null,null,null
176,01/04/2002,02/04/2002,null,8,300,null,25,Clear,odour free,8.26,258,null,null,.05,.47,.046,7.3,null,null,0,205,178.467,79.55,.05,.04,31.82,23.74,24,5,19,9.5,0,125,null,null,null
177,01/05/2002,02/05/2002,null,8,900,null,26,Clear,odour free,8.25,846,null,null,.08,1.41,.109,9.5,null,null,0,690.44,464.067,238.65,.05,.15,95.46,54.1,37,18,61,42.5,0,421,null,null,null
178,01/05/2002,02/05/2002,null,8,300,null,30,Clear,odour free,8.57,272,null,null,.05,.65,.064,8.2,null,null,0,214.84,180.592,79.55,.05,.02,31.82,24.25,15,5,20,10.9,0,131,null,null,null
179,01/06/2002,02/06/2002,null,7,1000,null,26.5,Clear,odour free,7.73,968,null,null,.13,1.71,.118,13.3,null,null,0,350,429.975,234.35,.05,.17,93.74,46.95,49,22,63,43,0,427,null,null,null
180,01/06/2002,02/06/2002,null,8,350,null,28.5,Light Brown,odour free,8.38,313,null,null,.06,.81,.081,9.7,null,null,0,112.295,183.575,81.7,.05,.03,32.68,24.45,20,6,22,11,0,137,null,null,null
181,01/07/2002,02/07/2002,null,7,1000,null,26.5,Clear,odour free,7.5,967,null,null,.1,1.58,.131,13.7,null,null,0,705.2,431.917,236.5,.05,.09,94.6,46.9,48,20,64,43.5,0,430,null,null,null
182,01/07/2002,02/07/2002,null,8,350,null,28.5,Light Brown,odour free,8.37,315,null,null,.07,.62,.099,10.3,null,null,0,229.6,184.908,81.7,.05,.001,32.68,24.77,22,6,22,11.05,0,140,null,null,null
183,01/08/2002,02/08/2002,null,7,1000,null,26.5,Clear,odour free,7.6,935,null,null,.05,1.03,.128,12.3,null,null,0,312.295,425.683,223.6,.05,.05,89.44,48.5,40,18,62,40.2,0,381,null,null,null
184,01/08/2002,02/08/2002,null,8,350,null,29.5,Brown,odour free,8.37,315,null,null,.05,.31,.087,9.5,null,null,0,180.4,141.892,51.6,.05,.02,20.64,21.67,10,2,22,5.5,0,110,null,null,null
185,02/09/2002,03/09/2002,null,8,850,null,26,Clear,odour free,8.05,817,null,null,.05,.53,.092,9.2,null,null,0,511.68,378.383,176.3,.05,.001,70.52,48.5,30,10,43,20.5,0,312,null,null,null
186,02/09/2002,03/09/2002,null,8,150,null,27,Brown,odour free,8.22,132,null,null,.05,.15,.032,7.7,null,null,0,150.88,129,43,.05,.001,17.2,20.64,8,3,11,1,0,92,null,null,null
187,01/10/2002,03/10/2002,null,7,850,null,26,Clear,odour free,7.21,830,null,null,.05,.57,.055,7.5,null,null,0,519.88,395.583,172,.05,.02,68.8,53.66,32,9,.56,22,0,317,null,null,null
188,01/10/2002,03/10/2002,null,7,150,null,26.5,Clear,odour free,7.99,147,null,null,.05,.02,.001,5.5,null,null,0,160.064,137.592,47.3,.05,.001,18.92,21.67,10,4,12,1,0,97.6,null,null,null
189,01/11/2002,02/11/2002,null,7,700,null,26,Clear,odour free,7.54,697,null,null,.05,.49,.033,7.2,null,null,0,344.4,335.417,129,.05,.03,51.6,49.54,30,8,36,18,0,210,null,null,null
190,01/11/2002,02/11/2002,null,8,200,null,25,Clear,odour free,8.37,169,null,null,.05,.18,.019,6.2,null,null,0,175.48,146.183,51.6,.05,.001,20.64,22.7,12,8,15,4,0,107,null,null,null
191,01/12/2002,02/12/2002,null,7,700,null,25,Clear,odour free,7.58,690,null,null,.05,.5,.039,7.8,null,null,0,339.48,290.225,129.85,.05,.02,51.94,38.49,28,7,37,17,0,207,null,null,null
192,01/12/2002,02/12/2002,null,8,200,null,21,Clear,odour free,8.35,168,null,null,.05,.29,.027,6.9,null,null,0,180.4,137.583,43,.05,.001,17.2,22.7,11,7,13,5,0,110,null,null,null
193,01/01/2003,02/01/2003,null,7.5,800,null,25,Clear,odour free,7.86,761,null,null,.05,.76,.083,9.2,null,null,0,318.488,344.667,153.75,.05,.02,61.5,45.82,31,9,39,24,0,194.2,null,null,null
194,01/01/2003,02/01/2003,null,8,350,null,18,Clear,odour free,8.35,337,null,null,.05,.48,.039,7.6,null,null,0,224.024,179.767,80.85,.05,.001,32.34,23.74,22,10,26,15,0,136.6,null,null,null
195,01/02/2003,02/02/2003,null,7,750,null,25,Clear,odour free,7.6,734,null,null,.05,.5,.057,8.5,null,null,0,277.652,339.75,149.25,.05,.001,59.7,45.72,30,8,37,2,0,169.3,null,null,null
196,01/02/2003,02/02/2003,null,8,250,null,18.5,Clear,odour free,8.07,217,null,null,.05,.235,.019,5.7,null,null,0,158.424,148.25,73,.05,.001,29.2,18.06,20,8,22,10,0,96.6,null,null,null
197,01/03/2003,02/03/2003,null,7,850,null,25,Clear,odour free,7,807,null,null,.05,.71,.033,9,null,null,0,317.668,344.833,154,.05,.001,61.6,45.8,35,10,39,26,0,193.7,null,null,null
198,01/03/2003,02/03/2003,null,8,250,null,25.5,Clear,odour free,8.01,242,null,null,.05,.16,.001,4.5,null,null,0,161.704,171.983,77.4,.05,.001,30.96,22.7,22,9,24,12,0,98.6,null,null,null
199,01/04/2003,02/04/2003,null,7,1050,null,25,Clear,odour free,7.34,999,null,null,.05,1.07,.067,10.5,null,null,0,255.738,346.5,102.75,.07,.03,41.1,58.5,42,12,43,37,0,312,null,null,null
200,01/04/2003,02/04/2003,null,7.7,600,null,27,Clear,odour free,7.54,542,null,null,.05,.44,.028,7,null,null,0,119.672,208.542,75.25,.05,.02,30.1,31.99,24,10,37,10,0,146,null,null,null
201,01/05/2003,02/05/2003,null,7.5,1050,null,26,Clear,odour free,7.82,990,null,null,.05,.67,.053,12,null,null,0,254.098,346.833,102.25,.05,.02,40.9,58.7,42,14,43,38,0,310,null,null,null
202,01/05/2003,02/05/2003,null,7,600,null,28,Clear,odour free,7.58,548,null,null,.05,.46,.037,9.5,null,null,0,200,204.242,70.95,.05,.001,28.38,31.99,25,12,37,12,0,244,null,null,null
203,02/06/2003,03/06/2003,null,7,750,null,26.5,Clear,odour free,7.99,719,null,null,.07,1.55,.164,17.5,null,null,0,273.771,393.583,104,.05,.03,41.6,69.5,48,10,113,87,0,334,null,null,null
204,02/06/2003,03/06/2003,null,8,600,null,29.5,Clear,odour free,8.89,582,null,null,.05,1.59,.138,14.2,null,null,0,218.033,212.75,76.5,.05,.05,30.6,32.7,30,12,38,14,0,266,null,null,null
205,01/07/2003,02/07/2003,null,7,550,null,28.5,Clear,odour free,7.47,538,null,null,.05,.55,.095,11.5,null,null,0,218.852,270.167,86,.05,.001,34.4,44.2,30,8,36,25,0,267,null,null,null
206,01/07/2003,02/07/2003,null,8,400,null,31,Light Brown,odour free,8.14,370,null,null,.05,.36,.68,10,null,null,0,174.59,129.667,58,.05,.001,23.2,17.2,20,18,32,10,0,213,null,null,null
207,01/08/2003,02/08/2003,null,7.5,600,null,27,Clear,odour free,7.81,590,null,null,.05,.18,.073,9.7,null,null,0,310.452,235.217,79.55,.05,.001,31.82,37.36,20,6,34,8,0,189.3,null,null,null
208,01/08/2003,02/08/2003,null,7.8,150,null,29.5,Light Brown,odour free,7.92,134,null,null,.05,.06,.049,8.2,null,null,0,241.703,110.942,34.4,.05,.001,13.76,18.37,10,5,20.8,5,0,147.38,null,null,null
209,01/09/2003,02/09/2003,null,7.5,500,null,26,Clear,odour free,7.98,480,null,null,.05,.13,.057,8.5,null,null,0,246.492,188.342,75.675,.05,.001,30.27,27.04,15,5,27.6,5,0,150.3,null,null,null
210,01/09/2003,02/09/2003,null,7.5,120,null,28,Light Brown,odour free,7.89,101,null,null,.05,.01,.001,7,null,null,0,176.07,86.008,33.55,.05,.001,13.42,12.59,8,4,29.6,4,0,107.36,null,null,null
211,01/10/2003,03/10/2003,null,8,500,null,28.5,Clear,odour free,8.14,482,null,null,.05,.16,.068,8.7,null,null,0,125.984,189.2,73.95,.05,.02,29.58,27.66,14,5,29,4,0,153.7,null,null,null
212,01/10/2003,03/10/2003,null,8,170,null,28.5,Dark Green,odour free,8.28,147,null,null,.05,.01,.035,7.5,null,null,0,91.967,88.15,34.4,.05,.001,13.76,12.9,7,3,20,5,0,112.2,null,null,null
213,01/11/2003,02/11/2003,null,7,600,null,26,Clear,odour free,7.41,569,null,null,.05,.438,.088,9.2,null,null,0,257.644,196.067,77.4,.05,.04,30.96,28.48,15,6,30,4,0,157.1,null,null,null
214,01/11/2003,02/11/2003,null,8,200,null,25,Clear,odour free,8.08,178,null,null,.05,.08,.049,8.2,null,null,0,188.108,91.617,35.7,.05,.02,14.28,13.42,6,2,21,6,0,114.7,null,null,null
215,01/12/2003,02/12/2003,null,7.5,600,null,23,Clear,odour free,8,590,null,null,.05,.478,.097,10.3,null,null,0,241.736,134.167,43,.05,.05,17.2,21.88,6,5,22,5,0,147.4,null,null,null
216,01/12/2003,02/12/2003,null,8,170,null,29,Clear,odour free,8.43,164,null,null,.05,.234,.062,8.7,null,null,0,160.064,85.133,33.55,.05,.03,13.42,12.38,5,4,19.6,5,0,97.6,null,null,null
217,01/01/2004,02/01/2004,null,7,650,null,24,Clear,odour free,7.95,605,null,null,.05,.16,.117,11.2,null,null,0,119.672,129,64.5,.05,.03,25.8,15.48,14,6,21.2,4,0,146,null,null,null
218,01/01/2004,02/01/2004,null,8,200,null,16,Clear,odour free,8.51,167,null,null,.05,.06,.081,9.5,null,null,0,191.88,86.833,35.25,.05,.02,14.1,12.38,8,5,20,8,0,117,null,null,null
