Standard Parameter Analysis Data of : Kudalaiyathur (CE000F6)
Laboratory : CWC CSRO Chennai 
Period : January-1995 To January-2014 
S.No.,Date_of_Collection,Date_of_Receipt,Discharge(cumecs),pH_FLD,EC_FLD(umho/cm),DO(mg/l),Water Temp(deg C),Colour,Odour,pH_GEN,EC_GEN(umho/cm),TDS(mg/l),SS(mg/l),NH3(mg N/l),NO2+NO3(mg N/l),Total_Nutrients(mg P/l),SiO2(mg/l),BOD(mg/l),COD(mg/l),Phen(mg CaCO3/l),Total_Alkallnity(mg CaCO3/l),Total_Hardness(mg CaCO3/l),Ca_Hardness(mg CaCO3/l),F(mg/l),B(mg/l),Ca_Major_Ions(mg/l),Mg(mg/l),Na(mg/l),K(mg/l),Cl(mg/l),SO4(mg/l),CO3(mg/l),HCO3(mg/l),Total_Coliforms(MPN/100ml),Faecal(MPN/100ml),Chlorophyll-A(ug/L)
1,01/08/1995,02/08/1995,null,null,null,null,null,null,null,null,null,null,null,null,null,null,null,null,null,null,null,null,null,null,null,null,null,null,null,null,null,null,null,null,null,null
2,01/09/1995,02/09/1995,null,null,null,null,null,null,null,null,null,null,null,null,null,null,null,null,null,null,null,null,null,null,null,null,null,null,null,null,null,null,null,null,null,null
3,01/10/1995,02/10/1995,null,null,null,null,null,null,null,null,null,null,null,null,null,null,null,null,null,null,null,null,null,null,null,null,null,null,null,null,null,null,null,null,null,null
4,01/11/1995,02/11/1995,null,null,null,null,null,null,null,null,null,null,null,null,null,null,null,null,null,null,null,null,null,null,null,null,null,null,null,null,null,null,null,null,null,null
5,01/12/1995,02/12/1995,null,null,null,null,null,null,null,null,null,null,null,null,null,null,null,null,null,null,null,null,null,null,null,null,null,null,null,null,null,null,null,null,null,null
6,01/01/1996,02/01/1996,null,null,null,null,null,null,null,null,null,null,null,null,null,null,null,null,null,null,null,null,null,null,null,null,null,null,null,null,null,null,null,null,null,null
7,01/02/1996,02/02/1996,null,null,null,null,null,null,null,null,null,null,null,null,null,null,null,null,null,null,null,null,null,null,null,null,null,null,null,null,null,null,null,null,null,null
8,01/03/1996,02/03/1996,null,null,null,null,null,null,null,null,null,null,null,null,null,null,null,null,null,null,null,null,null,null,null,null,null,null,null,null,null,null,null,null,null,null
9,01/04/1996,02/04/1996,null,null,null,null,null,null,null,null,null,null,null,null,null,null,null,null,null,null,null,null,null,null,null,null,null,null,null,null,null,null,null,null,null,null
10,01/05/1996,02/05/1996,null,null,null,null,null,null,null,null,null,null,null,null,null,null,null,null,null,null,null,null,null,null,null,null,null,null,null,null,null,null,null,null,null,null
11,01/06/1996,02/06/1996,null,null,null,null,null,null,null,null,null,null,null,null,null,null,null,null,null,null,null,null,null,null,null,null,null,null,null,null,null,null,null,null,null,null
12,01/07/1996,02/07/1996,null,null,null,null,null,null,null,null,null,null,null,null,null,null,null,null,null,null,null,null,null,null,null,null,null,null,null,null,null,null,null,null,null,null
13,01/08/1996,02/08/1996,null,null,null,null,null,null,null,null,null,null,null,null,null,null,null,null,null,null,null,null,null,null,null,null,null,null,null,null,null,null,null,null,null,null
14,01/09/1996,02/09/1996,null,null,null,null,null,null,null,null,null,null,null,null,null,null,null,null,null,null,null,null,null,null,null,null,null,null,null,null,null,null,null,null,null,null
15,01/10/1996,02/10/1996,null,null,null,null,null,null,null,null,null,null,null,null,null,null,null,null,null,null,null,null,null,null,null,null,null,null,null,null,null,null,null,null,null,null
16,01/11/1996,02/11/1996,null,null,null,null,null,null,null,null,null,null,null,null,null,null,null,null,null,null,null,null,null,null,null,null,null,null,null,null,null,null,null,null,null,null
17,01/12/1996,02/12/1996,null,null,null,null,null,null,null,8.55,579,null,null,.056,1.835,null,46.58,null,null,6.225,202,188.85,120,.874,1.26,48,16.524,null,null,47.215,null,7.5,231.19,null,null,null
18,01/01/1997,02/01/1997,72.5,null,null,null,null,null,null,8.5,622,null,null,.042,2.865,null,43.57,null,null,3.984,218.5,221.5,100,.855,1.188,40,29.16,null,null,58.22,21.648,4.8,256.81,null,null,null
19,01/02/1997,02/02/1997,null,null,null,null,null,null,null,8.48,738,null,null,.056,1.723,null,41.47,null,null,12.201,224.5,213.55,88,.551,1.44,35.2,30.132,null,null,82.005,27.792,14.7,244,null,null,null
20,01/03/1997,02/03/1997,null,null,null,null,null,null,null,null,null,null,null,null,null,null,null,null,null,null,null,null,null,null,null,null,null,null,null,null,null,null,null,null,null,null
21,01/04/1997,02/04/1997,null,null,null,null,null,null,null,null,null,null,null,null,null,null,null,null,null,null,null,null,null,null,null,null,null,null,null,null,null,null,null,null,null,null
22,01/05/1997,02/05/1997,null,null,null,null,null,null,null,null,null,null,null,null,null,null,null,null,null,null,null,null,null,null,null,null,null,null,null,null,null,null,null,null,null,null
23,01/06/1997,02/06/1997,null,null,null,null,null,null,null,null,null,null,null,null,null,null,null,null,null,null,null,null,null,null,null,null,null,null,null,null,null,null,null,null,null,null
24,01/07/1997,02/07/1997,null,null,null,null,null,null,null,null,null,null,null,null,null,null,null,null,null,null,null,null,null,null,null,null,null,null,null,null,null,null,null,null,null,null
25,01/08/1997,02/08/1997,null,null,null,null,null,null,null,null,null,null,null,null,null,null,null,null,null,null,null,null,null,null,null,null,null,null,null,null,null,null,null,null,null,null
26,01/09/1997,02/09/1997,null,null,null,null,null,null,null,null,null,null,null,null,null,null,null,null,null,null,null,null,null,null,null,null,null,null,null,null,null,null,null,null,null,null
27,01/10/1997,02/10/1997,null,null,null,null,null,null,null,null,null,null,null,null,null,null,null,null,null,null,null,null,null,null,null,null,null,null,null,null,null,null,null,null,null,null
28,01/11/1997,02/11/1997,24.25,null,null,null,22,null,null,8.31,345,null,null,.042,2.046,null,24.34,null,null,3.735,133.15,108.65,56,1.045,1.044,22.4,12.636,33.12,3.128,25.915,9.168,4.5,153.293,null,null,null
29,01/12/1997,02/12/1997,225,null,null,null,28,null,null,8.02,480,null,null,.056,1.681,null,28.55,null,null,0,142.5,144.8,80,.817,.972,32,15.552,40.94,3.128,51.475,21.984,0,173.85,null,null,null
30,01/01/1998,02/01/1998,null,null,null,null,29,null,null,8.35,681,null,null,.056,.855,null,28.25,null,null,8.964,220,197.05,112,.95,1.116,44.8,20.412,88.09,3.91,63.9,52.464,10.8,246.44,null,null,null
31,01/02/1998,02/02/1998,null,null,null,null,28,null,null,8.65,743,null,null,.056,.728,null,30.05,null,null,18.924,236,173.15,80,1.463,1.476,32,22.356,104.65,4.301,79.875,31.488,22.8,241.56,null,null,null
32,01/03/1998,02/03/1998,null,null,null,null,null,null,null,null,null,null,null,null,null,null,null,null,null,null,null,null,null,null,null,null,null,null,null,null,null,null,null,null,null,null
33,01/04/1998,02/04/1998,null,null,null,null,null,null,null,null,null,null,null,null,null,null,null,null,null,null,null,null,null,null,null,null,null,null,null,null,null,null,null,null,null,null
34,01/05/1998,02/05/1998,null,null,null,null,null,null,null,null,null,null,null,null,null,null,null,null,null,null,null,null,null,null,null,null,null,null,null,null,null,null,null,null,null,null
35,01/06/1998,02/06/1998,null,null,null,null,null,null,null,null,null,null,null,null,null,null,null,null,null,null,null,null,null,null,null,null,null,null,null,null,null,null,null,null,null,null
36,01/07/1998,02/07/1998,null,null,null,null,null,null,null,null,null,null,null,null,null,null,null,null,null,null,null,null,null,null,null,null,null,null,null,null,null,null,null,null,null,null
37,01/08/1998,02/08/1998,null,null,null,null,null,null,null,null,null,null,null,null,null,null,null,null,null,null,null,null,null,null,null,null,null,null,null,null,null,null,null,null,null,null
38,01/09/1998,02/09/1998,null,null,null,null,null,null,null,null,null,null,null,null,null,null,null,null,null,null,null,null,null,null,null,null,null,null,null,null,null,null,null,null,null,null
39,01/10/1998,02/10/1998,14.680000305175781,null,null,null,24,null,null,7.11,306,null,null,.042,2.424,null,21.04,null,null,0,110.5,112.75,52,.304,.9,20.8,14.58,25.3,1.955,24.14,14.016,0,134.81,null,null,null
40,01/11/1998,02/11/1998,null,null,null,null,null,null,null,null,null,null,null,null,null,null,null,null,null,null,null,null,null,null,null,null,null,null,null,null,null,null,null,null,null,null
41,01/12/1998,02/12/1998,19.5,null,null,null,23,null,null,8.23,713,null,null,.042,1.934,null,39.37,null,null,0,216,193.1,104,.722,3.348,41.6,21.384,80.5,3.91,68.16,26.016,0,263.52,null,null,null
42,01/01/1999,02/01/1999,13.399999618530273,null,null,null,23.5,null,null,8.03,762,null,null,.042,2.101,null,42.07,null,null,4.233,203,213.3,108,.76,1.404,43.2,25.272,80.27,2.737,95.85,27.84,5.1,237.29,null,null,null
43,01/02/1999,02/02/1999,null,null,null,null,null,null,null,null,null,null,null,null,null,null,null,null,null,null,null,null,null,null,null,null,null,null,null,null,null,null,null,null,null,null
44,01/03/1999,02/03/1999,null,null,null,null,null,null,null,null,null,null,null,null,null,null,null,null,null,null,null,null,null,null,null,null,null,null,null,null,null,null,null,null,null,null
45,01/04/1999,02/04/1999,null,null,null,null,null,null,null,null,null,null,null,null,null,null,null,null,null,null,null,null,null,null,null,null,null,null,null,null,null,null,null,null,null,null
46,01/05/1999,02/05/1999,null,null,null,null,null,null,null,null,null,null,null,null,null,null,null,null,null,null,null,null,null,null,null,null,null,null,null,null,null,null,null,null,null,null
47,01/06/1999,02/06/1999,null,null,null,null,null,null,null,null,null,null,null,null,null,null,null,null,null,null,null,null,null,null,null,null,null,null,null,null,null,null,null,null,null,null
48,01/07/1999,02/07/1999,null,null,null,null,null,null,null,null,null,null,null,null,null,null,null,null,null,null,null,null,null,null,null,null,null,null,null,null,null,null,null,null,null,null
49,01/08/1999,02/08/1999,null,null,null,null,null,null,null,null,null,null,null,null,null,null,null,null,null,null,null,null,null,null,null,null,null,null,null,null,null,null,null,null,null,null
50,01/09/1999,02/09/1999,null,null,null,null,null,null,null,null,null,null,null,null,null,null,null,null,null,null,null,null,null,null,null,null,null,null,null,null,null,null,null,null,null,null
51,01/10/1999,02/10/1999,null,null,null,null,null,null,null,null,null,null,null,null,null,null,null,null,null,null,null,null,null,null,null,null,null,null,null,null,null,null,null,null,null,null
52,01/11/1999,02/11/1999,null,null,null,null,null,null,null,null,null,null,null,null,null,null,null,null,null,null,null,null,null,null,null,null,null,null,null,null,null,null,null,null,null,null
53,01/12/1999,02/12/1999,205.5,null,null,null,26.5,null,null,7.83,296,null,null,.056,.602,null,21.64,null,null,0,104.5,100.5,60,.076,1.008,24,9.72,27.37,2.737,23.075,13.92,0,127.49,null,null,null
54,01/01/2000,02/01/2000,21.559999465942383,null,null,null,26.5,null,null,8.17,702,null,null,.042,.518,null,32.75,null,null,7.968,232,201.9,48,.399,1.188,19.2,36.936,82.34,4.692,69.58,40.704,9.6,263.52,null,null,null
55,01/02/2000,02/02/2000,null,null,null,null,null,null,null,null,null,null,null,null,null,null,null,null,null,null,null,null,null,null,null,null,null,null,null,null,null,null,null,null,null,null
56,01/03/2000,02/03/2000,null,null,null,null,null,null,null,null,null,null,null,null,null,null,null,null,null,null,null,null,null,null,null,null,null,null,null,null,null,null,null,null,null,null
57,01/04/2000,02/04/2000,null,null,null,null,null,null,null,null,null,null,null,null,null,null,null,null,null,null,null,null,null,null,null,null,null,null,null,null,null,null,null,null,null,null
58,01/05/2000,02/05/2000,null,null,null,null,null,null,null,null,null,null,null,null,null,null,null,null,null,null,null,null,null,null,null,null,null,null,null,null,null,null,null,null,null,null
59,01/06/2005,02/06/2005,null,null,null,null,null,null,null,null,null,null,null,null,null,null,null,null,null,null,null,null,null,null,null,null,null,null,null,null,null,null,null,null,null,null
60,01/07/2005,02/07/2005,null,null,null,null,null,null,null,null,null,null,null,null,null,null,null,null,null,null,null,null,null,null,null,null,null,null,null,null,null,null,null,null,null,null
61,01/08/2005,02/08/2005,null,null,null,null,null,null,null,null,null,null,null,null,null,null,null,null,null,null,null,null,null,null,null,null,null,null,null,null,null,null,null,null,null,null
62,01/09/2005,02/09/2005,null,null,null,null,null,null,null,null,null,null,null,null,null,null,null,null,null,null,null,null,null,null,null,null,null,null,null,null,null,null,null,null,null,null
63,01/10/2005,02/10/2005,null,null,null,null,null,null,null,null,null,null,null,null,null,null,null,null,null,null,null,null,null,null,null,null,null,null,null,null,null,null,null,null,null,null
64,02/11/2005,02/11/2005,null,null,null,null,28,Brown,odour free,7.5,406,null,null,null,null,null,null,null,null,0,146,148.95,72,null,null,28.8,18.468,25.76,null,59.285,null,0,178.12,null,null,null
65,01/12/2005,02/12/2005,null,null,null,null,28,Brown,odour free,8.02,566,null,null,null,null,null,null,null,null,0,196,201.35,92,null,null,36.8,26.244,35.42,null,47.57,null,0,239.12,null,null,null
66,02/01/2006,02/01/2006,null,null,null,null,24,Clear,odour free,7.24,759,null,null,null,null,null,null,null,null,0,225,209.575,82,null,null,32.8,30.618,43.47,null,76.325,null,0,274.5,null,null,null
67,01/02/2006,01/02/2006,null,null,null,null,25,Clear,odour free,7.85,816,null,null,null,null,null,null,null,null,0,229,90.075,84,null,null,33.6,1.458,88.32,null,83.78,42.72,0,279.38,null,null,null
68,01/03/2006,02/03/2006,null,null,null,null,null,null,null,null,null,null,null,null,null,null,null,null,null,null,null,null,null,null,null,null,null,null,null,null,null,null,null,null,null,null
69,01/04/2006,02/04/2006,null,null,null,null,null,null,null,null,null,null,null,null,null,null,null,null,null,null,null,null,null,null,null,null,null,null,null,null,null,null,null,null,null,null
70,01/05/2006,02/05/2006,null,null,null,null,null,null,null,null,null,null,null,null,null,null,null,null,null,null,null,null,null,null,null,null,null,null,null,null,null,null,null,null,null,null
71,01/06/2006,01/06/2006,null,null,null,null,null,null,null,null,null,null,null,null,null,null,null,null,null,null,null,null,null,null,null,null,null,null,null,null,null,null,null,null,null,null
72,01/07/2006,,null,null,null,null,null,null,null,null,null,null,null,null,null,null,null,null,null,null,null,null,null,null,null,null,null,null,null,null,null,null,null,null,null,null
73,01/08/2006,,null,null,null,null,null,null,null,null,null,null,null,null,null,null,null,null,null,null,null,null,null,null,null,null,null,null,null,null,null,null,null,null,null,null
74,01/09/2006,,null,null,null,null,null,null,null,null,null,null,null,null,null,null,null,null,null,null,null,null,null,null,null,null,null,null,null,null,null,null,null,null,null,null
75,01/10/2006,,null,null,null,null,null,null,null,null,null,null,null,null,null,null,null,null,null,null,null,null,null,null,null,null,null,null,null,null,null,null,null,null,null,null
76,01/11/2006,,25.97100067138672,null,null,null,null,null,null,null,null,null,null,null,null,null,null,null,null,null,null,null,null,null,null,null,null,null,null,null,null,null,null,null,null,null
77,01/12/2006,,38.902000427246094,null,null,null,null,null,null,null,null,null,null,null,null,null,null,null,null,null,null,null,null,null,null,null,null,null,null,null,null,null,null,null,null,null
78,01/01/2007,,null,null,null,null,null,null,null,null,null,null,null,null,null,null,null,null,null,null,null,null,null,null,null,null,null,null,null,null,null,null,null,null,null,null
79,01/02/2007,,null,null,null,null,null,null,null,null,null,null,null,null,null,null,null,null,null,null,null,null,null,null,null,null,null,null,null,null,null,null,null,null,null,null
80,01/03/2007,,null,null,null,null,null,null,null,null,null,null,null,null,null,null,null,null,null,null,null,null,null,null,null,null,null,null,null,null,null,null,null,null,null,null
81,01/04/2007,,null,null,null,null,null,null,null,null,null,null,null,null,null,null,null,null,null,null,null,null,null,null,null,null,null,null,null,null,null,null,null,null,null,null
82,01/05/2007,,null,null,null,null,null,null,null,null,null,null,null,null,null,null,null,null,null,null,null,null,null,null,null,null,null,null,null,null,null,null,null,null,null,null
83,01/06/2007,,null,null,null,null,null,null,null,null,null,null,null,null,null,null,null,null,null,null,null,null,null,null,null,null,null,null,null,null,null,null,null,null,null,null
84,01/07/2007,,null,null,null,null,null,null,null,null,null,null,null,null,null,null,null,null,null,null,null,null,null,null,null,null,null,null,null,null,null,null,null,null,null,null
85,01/08/2007,,null,null,null,null,null,null,null,null,null,null,null,null,null,null,null,null,null,null,null,null,null,null,null,null,null,null,null,null,null,null,null,null,null,null
86,01/09/2007,,null,null,null,null,null,null,null,null,null,null,null,null,null,null,null,null,null,null,null,null,null,null,null,null,null,null,null,null,null,null,null,null,null,null
87,01/10/2007,,null,null,null,null,null,null,null,null,null,null,null,null,null,null,null,null,null,null,null,null,null,null,null,null,null,null,null,null,null,null,null,null,null,null
88,01/11/2007,,8.133000373840332,null,null,null,null,null,null,null,null,null,null,null,null,null,null,null,null,null,null,null,null,null,null,null,null,null,null,null,null,null,null,null,null,null
89,01/12/2007,,null,null,null,null,null,null,null,null,null,null,null,null,null,null,null,null,null,null,null,null,null,null,null,null,null,null,null,null,null,null,null,null,null,null
90,01/01/2008,,null,null,null,null,null,null,null,null,null,null,null,null,null,null,null,null,null,null,null,null,null,null,null,null,null,null,null,null,null,null,null,null,null,null
91,01/02/2008,,null,null,null,null,null,null,null,null,null,null,null,null,null,null,null,null,null,null,null,null,null,null,null,null,null,null,null,null,null,null,null,null,null,null
92,01/03/2008,,null,null,null,null,null,null,null,null,null,null,null,null,null,null,null,null,null,null,null,null,null,null,null,null,null,null,null,null,null,null,null,null,null,null
93,01/04/2008,,null,null,null,null,null,null,null,null,null,null,null,null,null,null,null,null,null,null,null,null,null,null,null,null,null,null,null,null,null,null,null,null,null,null
94,01/05/2008,,null,null,null,null,null,null,null,null,null,null,null,null,null,null,null,null,null,null,null,null,null,null,null,null,null,null,null,null,null,null,null,null,null,null
95,01/06/2008,02/06/2008,null,null,null,null,null,null,null,null,null,null,null,null,null,null,null,null,null,null,null,null,null,null,null,null,null,null,null,null,null,null,null,null,null,null
96,01/07/2008,02/07/2008,null,null,null,null,null,null,null,null,null,null,null,null,null,null,null,null,null,null,null,null,null,null,null,null,null,null,null,null,null,null,null,null,null,null
97,01/08/2008,02/08/2008,null,null,null,null,null,null,null,null,null,null,null,null,null,null,null,null,null,null,null,null,null,null,null,null,null,null,null,null,null,null,null,null,null,null
98,01/09/2008,02/09/2008,null,null,null,null,null,null,null,null,null,null,null,null,null,null,null,null,null,null,null,null,null,null,null,null,null,null,null,null,null,null,null,null,null,null
99,01/10/2008,02/10/2008,null,null,null,null,null,null,null,null,null,null,null,null,null,null,null,null,null,null,null,null,null,null,null,null,null,null,null,null,null,null,null,null,null,null
100,01/11/2008,02/11/2008,null,null,null,null,null,null,null,null,null,null,null,null,null,null,null,null,null,null,null,null,null,null,null,null,null,null,null,null,null,null,null,null,null,null
101,01/12/2008,01/12/2008,null,7,null,null,26,Clear,odour free,7.35,361,null,null,null,null,null,null,null,null,0,156.2,122.6,74,null,null,29.6,11.664,null,null,49.558,null,0,190.564,null,null,null
102,01/01/2009,02/01/2009,null,7,null,null,23,Clear,odour free,8.28,610,null,null,null,null,null,null,null,null,20.742,173.1,169.025,86,null,null,34.4,19.926,null,null,76.254,null,24.99,160.369,null,null,null
103,02/02/2009,03/02/2009,null,null,null,null,null,null,null,null,null,null,null,null,null,null,null,null,null,null,null,null,null,null,null,null,null,null,null,null,null,null,null,null,null,null
104,02/03/2009,03/03/2009,null,null,null,null,null,null,null,null,null,null,null,null,null,null,null,null,null,null,null,null,null,null,null,null,null,null,null,null,null,null,null,null,null,null
105,01/04/2009,02/04/2009,null,null,null,null,null,null,null,null,null,null,null,null,null,null,null,null,null,null,null,null,null,null,null,null,null,null,null,null,null,null,null,null,null,null
106,01/05/2009,02/05/2009,null,null,null,null,null,null,null,null,null,null,null,null,null,null,null,null,null,null,null,null,null,null,null,null,null,null,null,null,null,null,null,null,null,null
107,01/06/2009,02/06/2009,null,null,null,null,null,null,null,null,null,null,null,null,null,null,null,null,null,null,null,null,null,null,null,null,null,null,null,null,null,null,null,null,null,null
108,01/07/2009,02/07/2009,null,null,null,null,null,null,null,null,null,null,null,null,null,null,null,null,null,null,null,null,null,null,null,null,null,null,null,null,null,null,null,null,null,null
109,01/08/2009,02/08/2009,null,null,null,null,null,null,null,null,null,null,null,null,null,null,null,null,null,null,null,null,null,null,null,null,null,null,null,null,null,null,null,null,null,null
110,01/09/2009,01/09/2009,null,null,null,null,null,null,null,null,null,null,null,null,null,null,null,null,null,null,null,null,null,null,null,null,null,null,null,null,null,null,null,null,null,null
111,01/10/2009,01/10/2009,null,null,null,null,null,null,null,null,null,null,null,null,null,null,null,null,null,null,null,null,null,null,null,null,null,null,null,null,null,null,null,null,null,null
112,11/11/2009,11/11/2009,56.470001220703125,null,null,null,null,null,null,null,null,null,null,null,null,null,null,null,null,null,null,null,null,null,null,null,null,null,null,null,null,null,null,null,null,null
113,01/12/2009,02/12/2009,0,7,null,null,28.5,Clear,odour free,8.1,573,null,null,null,null,null,null,.649,null,0,267.1,158.6,85.7,.376,null,34.28,17.496,94.53,7.781,68.835,36.864,0,325.862,null,null,null
114,01/01/2010,01/01/2010,null,null,null,null,null,null,null,null,null,null,null,null,null,null,null,null,null,null,null,null,null,null,null,null,null,null,null,null,null,null,null,null,null,null
115,01/02/2010,01/02/2010,null,null,null,null,null,null,null,null,null,null,null,null,null,null,null,null,null,null,null,null,null,null,null,null,null,null,null,null,null,null,null,null,null,null
116,01/03/2010,01/03/2010,null,null,null,null,null,null,null,null,null,null,null,null,null,null,null,null,null,null,null,null,null,null,null,null,null,null,null,null,null,null,null,null,null,null
117,01/04/2010,02/04/2010,null,null,null,null,null,null,null,null,null,null,null,null,null,null,null,null,null,null,null,null,null,null,null,null,null,null,null,null,null,null,null,null,null,null
118,01/05/2010,02/05/2010,null,null,null,null,null,null,null,null,null,null,null,null,null,null,null,null,null,null,null,null,null,null,null,null,null,null,null,null,null,null,null,null,null,null
119,01/06/2010,01/06/2010,null,null,null,null,null,null,null,null,null,null,null,null,null,null,null,null,null,null,null,null,null,null,null,null,null,null,null,null,null,null,null,null,null,null
120,01/07/2010,01/07/2010,null,null,null,null,null,null,null,null,null,null,null,null,null,null,null,null,null,null,null,null,null,null,null,null,null,null,null,null,null,null,null,null,null,null
121,01/08/2010,01/08/2010,null,null,null,null,null,null,null,null,null,null,null,null,null,null,null,null,null,null,null,null,null,null,null,null,null,null,null,null,null,null,null,null,null,null
122,01/09/2010,01/09/2010,null,null,null,null,null,null,null,null,null,null,null,null,null,null,null,null,null,null,null,null,null,null,null,null,null,null,null,null,null,null,null,null,null,null
123,01/10/2010,01/10/2010,null,null,null,null,null,null,null,null,null,null,null,null,null,null,null,null,null,null,null,null,null,null,null,null,null,null,null,null,null,null,null,null,null,null
124,08/11/2010,09/11/2010,3.3399999141693115,7,null,null,30,Clear,odour free,8.41,578,null,null,null,null,null,null,2.403,null,20.75,195.117,153.992,81.075,.402,null,32.43,17.5,60.3,5.1,77.74,15.6,25,187.21,null,null,null
125,01/12/2010,01/12/2010,null,7,null,null,26,Light Brown,odour free,8.15,305,null,null,null,null,null,null,1.103,null,0,131.475,113.992,61.325,.254,null,24.53,12.64,26.3,3.9,33.9,13.6,0,160.4,null,null,null
126,03/01/2011,03/01/2011,null,7,null,null,25.5,Light Brown,odour free,8.48,715,null,null,null,null,null,null,.479,null,30.893,209.206,211.233,65.4,.443,null,26.16,35,77,5.8,99.89,71.5,37.22,179.55,null,null,null
127,01/02/2011,01/02/2011,null,null,null,null,null,null,null,null,null,null,null,null,null,null,null,null,null,null,null,null,null,null,null,null,null,null,null,null,null,null,null,null,null,null
128,01/03/2011,01/03/2011,null,null,null,null,null,null,null,null,null,null,null,null,null,null,null,null,null,null,null,null,null,null,null,null,null,null,null,null,null,null,null,null,null,null
129,01/04/2011,01/04/2011,null,7,null,null,27,Light Brown,odour free,8,499,null,null,null,null,null,null,2.74,null,0,88,129.2,40.075,.395,null,16.03,21.39,61.9,6.5,115.79,41.35,0,107.36,null,null,null
130,02/05/2011,02/05/2011,null,null,null,null,null,null,null,null,null,null,null,null,null,null,null,null,null,null,null,null,null,null,null,null,null,null,null,null,null,null,null,null,null,null
131,01/06/2011,01/06/2011,null,null,null,null,null,null,null,null,null,null,null,null,null,null,null,null,null,null,null,null,null,null,null,null,null,null,null,null,null,null,null,null,null,null
132,01/07/2011,01/07/2011,null,null,null,null,null,null,null,null,null,null,null,null,null,null,null,null,null,null,null,null,null,null,null,null,null,null,null,null,null,null,null,null,null,null
133,01/08/2011,01/08/2011,null,null,null,null,null,null,null,null,null,null,null,null,null,null,null,null,null,null,null,null,null,null,null,null,null,null,null,null,null,null,null,null,null,null
134,01/09/2011,01/09/2011,null,null,null,null,null,null,null,null,null,null,null,null,null,null,null,null,null,null,null,null,null,null,null,null,null,null,null,null,null,null,null,null,null,null
135,01/10/2011,01/10/2011,null,null,null,null,null,null,null,null,null,null,null,null,null,null,null,null,null,null,null,null,null,null,null,null,null,null,null,null,null,null,null,null,null,null
136,01/11/2011,01/11/2011,37.005001068115234,7,null,null,26.5,Light Brown,odour free,8.09,454,null,null,null,null,null,null,1.29,null,0,120.959,133.183,48.1,.375,null,19.24,20.42,52.2,3.9,72.16,51.15,0,147.57,null,null,null
137,01/12/2011,01/12/2011,148,7,null,null,25.5,Light Brown,odour free,8.31,521,null,null,null,null,null,null,1.75,null,5.735,144,145.308,48.1,.295,null,19.24,23.33,51.5,5.3,68.73,33.77,6.91,161.63,null,null,null
138,01/12/2011,01/12/2011,148,7,null,null,25.5,Light Brown,odour free,8.31,521,null,null,null,null,null,null,1.75,null,5.735,144,145.308,48.1,.295,null,19.24,23.33,51.5,5.3,68.73,33.77,6.91,161.63,null,null,null
139,02/01/2012,02/01/2012,128.39999389648438,7,null,null,25,Clear,odour free,7.68,635,null,null,null,null,null,null,1.73,null,0,149.762,169.642,48.1,.317,null,19.24,29.17,61.3,6.3,85.91,50.34,0,182.71,null,null,null
140,02/01/2012,02/01/2012,128.39999389648438,7,null,null,25,Clear,odour free,7.68,635,null,null,null,null,null,null,1.73,null,0,149.762,169.642,48.1,.317,null,19.24,29.17,61.3,6.3,85.91,50.34,0,182.71,null,null,null
141,01/02/2012,01/02/2012,null,null,null,null,null,null,null,null,null,null,null,null,null,null,null,null,null,null,null,null,null,null,null,null,null,null,null,null,null,null,null,null,null,null
142,01/03/2012,01/03/2012,null,null,null,null,null,null,null,null,null,null,null,null,null,null,null,null,null,null,null,null,null,null,null,null,null,null,null,null,null,null,null,null,null,null
143,02/04/2012,02/04/2012,null,null,null,null,null,null,null,null,null,null,null,null,null,null,null,null,null,null,null,null,null,null,null,null,null,null,null,null,null,null,null,null,null,null
144,01/05/2012,01/05/2012,null,null,null,null,null,null,null,null,null,null,null,null,null,null,null,null,null,null,null,null,null,null,null,null,null,null,null,null,null,null,null,null,null,null
145,01/06/2012,02/06/2012,null,null,null,null,null,null,null,null,null,null,null,null,null,null,null,null,null,null,null,null,null,null,null,null,null,null,null,null,null,null,null,null,null,null
146,02/07/2012,03/07/2012,null,null,null,null,null,null,null,null,null,null,null,null,null,null,null,null,null,null,null,null,null,null,null,null,null,null,null,null,null,null,null,null,null,null
147,01/08/2012,02/08/2012,null,null,null,null,null,null,null,null,null,null,null,null,null,null,null,null,null,null,null,null,null,null,null,null,null,null,null,null,null,null,null,null,null,null
148,01/09/2012,02/09/2012,null,null,null,null,null,null,null,null,null,null,null,null,null,null,null,null,null,null,null,null,null,null,null,null,null,null,null,null,null,null,null,null,null,null
149,24/10/2012,25/10/2012,24.649999618530273,7,null,null,26,Light Brown,odour free,7.94,231,122,null,null,null,null,null,2.56,null,0,77.549,94.65,51.025,.72,null,20.41,10.47,61,7.6,103.85,30.77,0,94.61,null,null,null
150,24/10/2012,25/10/2012,24.649999618530273,7,null,null,26,Light Brown,odour free,7.94,231,122,null,null,null,null,null,2.56,null,0,77.549,94.65,51.025,.72,null,20.41,10.47,61,7.6,103.85,30.77,0,94.61,null,null,null
151,01/11/2012,02/11/2012,29.356000900268555,7,null,null,24,Light Brown,odour free,7.3,304,162,null,null,null,null,null,2.9,null,0,77.549,82.775,51.025,.64,null,20.41,7.62,23.5,3.4,36.17,16.94,0,94.61,null,null,null
152,01/11/2012,02/11/2012,29.356000900268555,7,null,null,24,Light Brown,odour free,7.3,304,162,null,null,null,null,null,2.9,null,0,77.549,82.775,51.025,.64,null,20.41,7.62,23.5,3.4,36.17,16.94,0,94.61,null,null,null
153,01/12/2012,02/12/2012,null,null,null,null,null,null,null,null,null,null,null,null,null,null,null,null,null,null,null,null,null,null,null,null,null,null,null,null,null,null,null,null,null,null
154,01/01/2013,02/01/2013,null,null,null,null,null,null,null,null,null,null,null,null,null,null,null,null,null,null,null,null,null,null,null,null,null,null,null,null,null,null,null,null,null,null
155,01/02/2013,02/02/2013,null,null,null,null,null,null,null,null,null,null,null,null,null,null,null,null,null,null,null,null,null,null,null,null,null,null,null,null,null,null,null,null,null,null
156,01/03/2013,02/03/2013,null,null,null,null,null,null,null,null,null,null,null,null,null,null,null,null,null,null,null,null,null,null,null,null,null,null,null,null,null,null,null,null,null,null
157,01/04/2013,01/04/2013,null,null,null,null,null,null,null,null,null,null,null,null,null,null,null,null,null,null,null,null,null,null,null,null,null,null,null,null,null,null,null,null,null,null
158,01/05/2013,01/05/2013,null,null,null,null,null,null,null,null,null,null,null,null,null,null,null,null,null,null,null,null,null,null,null,null,null,null,null,null,null,null,null,null,null,null
159,01/06/2013,01/06/2013,null,null,null,null,null,null,null,null,null,null,null,null,null,null,null,null,null,null,null,null,null,null,null,null,null,null,null,null,null,null,null,null,null,null
160,01/07/2013,01/07/2013,null,null,null,null,null,null,null,null,null,null,null,null,null,null,null,null,null,null,null,null,null,null,null,null,null,null,null,null,null,null,null,null,null,null
161,30/08/2013,30/08/2013,0,7,null,null,28.5,Light Brown,odour free,8.7,242,128,null,null,null,null,null,1.55,null,8.134,48.989,71.292,41.75,.23,null,16.7,7.09,29.1,2.1,39.7,21.94,9.8,39.84,null,null,null
162,01/09/2013,01/09/2013,null,null,null,null,null,null,null,null,null,null,null,null,null,null,null,null,null,null,null,null,null,null,null,null,null,null,null,null,null,null,null,null,null,null
163,01/10/2013,01/10/2013,null,null,null,null,null,null,null,null,null,null,null,null,null,null,null,null,null,null,null,null,null,null,null,null,null,null,null,null,null,null,null,null,null,null
164,01/11/2013,01/11/2013,null,null,null,null,null,null,null,null,null,null,null,null,null,null,null,null,null,null,null,null,null,null,null,null,null,null,null,null,null,null,null,null,null,null
165,01/12/2013,01/12/2013,null,null,null,null,null,null,null,null,null,null,null,null,null,null,null,null,null,null,null,null,null,null,null,null,null,null,null,null,null,null,null,null,null,null
166,01/01/2014,01/01/2014,null,null,null,null,null,null,null,null,null,null,null,null,null,null,null,null,null,null,null,null,null,null,null,null,null,null,null,null,null,null,null,null,null,null
