Standard Parameter Analysis Data of : Kuniyil (KB000J3)
Laboratory : CWC CSRO Cochin 
Period : January-1980 To January-2014 
S.No.,Date_of_Collection,Date_of_Receipt,Discharge(cumecs),pH_FLD,EC_FLD(umho/cm),DO(mg/l),Water Temp(deg C),Colour,Odour,pH_GEN,EC_GEN(umho/cm),TDS(mg/l),SS(mg/l),NH3(mg N/l),NO2+NO3(mg N/l),Total_Nutrients(mg P/l),SiO2(mg/l),BOD(mg/l),COD(mg/l),Phen(mg CaCO3/l),Total_Alkallnity(mg CaCO3/l),Total_Hardness(mg CaCO3/l),Ca_Hardness(mg CaCO3/l),F(mg/l),B(mg/l),Ca_Major_Ions(mg/l),Mg(mg/l),Na(mg/l),K(mg/l),Cl(mg/l),SO4(mg/l),CO3(mg/l),HCO3(mg/l),Total_Coliforms(MPN/100ml),Faecal(MPN/100ml),Chlorophyll-A(ug/L)
1,02/06/1980,04/06/1980,18.700000762939453,null,null,null,null,7,odour free,7.9,63,42,null,null,null,null,null,null,null,0,65.9,13.5,5.4,null,null,2.16,1.968,null,null,13.6,null,.488,65.372,null,null,null
2,01/07/1980,04/07/1980,null,null,null,null,null,7,odour free,7.8,32,24,null,null,null,null,null,null,null,0,43.6,10.2,3.1,null,null,1.24,1.725,null,null,10,null,.257,43.312,null,null,null
3,01/08/1980,04/08/1980,null,null,null,null,null,7,odour free,8.05,39,30,null,null,null,null,null,null,null,0,46.9,13.5,5.4,null,null,2.16,1.968,null,null,7.3,null,.489,46.36,null,null,null
4,01/09/1980,04/09/1980,null,null,null,null,null,7,odour free,8.1,87,64,null,null,null,null,null,null,null,0,43.5,22.7,5,null,null,2,4.301,null,null,12.5,null,.508,42.929,null,null,null
5,01/10/1980,04/10/1980,null,null,null,null,null,7,odour free,8.1,42,28,null,null,null,null,null,null,null,0,30.5,22.5,3,null,null,1.2,4.739,null,null,15,null,.356,30.081,null,null,null
6,01/11/1980,04/11/1980,null,null,null,null,null,7,odour free,7.75,54,36,null,null,null,null,null,null,null,0,51.9,16.5,4.4,null,null,1.76,2.94,null,null,10,null,.273,51.599,null,null,null
7,01/12/1980,04/12/1980,null,null,null,null,null,7,odour free,7.06,55,36,null,null,null,null,null,null,null,0,42.7,19.5,6,null,null,2.4,3.28,null,null,15,null,4.603,42.648,null,null,null
8,01/01/1981,04/01/1981,null,null,null,null,null,7,odour free,null,95,64,null,null,null,null,null,null,null,0,73.2,30,5,null,null,2,6.075,null,null,9.8,null,null,null,null,null,null
9,02/02/1981,04/02/1981,null,null,null,null,null,7,odour free,null,102,68,null,null,null,null,null,null,null,0,61,22.5,8,null,null,3.2,3.523,null,null,14.7,null,null,null,null,null,null
10,03/03/1981,04/03/1981,null,null,null,null,null,7,odour free,null,148,100,null,null,null,null,null,null,null,0,58.4,25.8,6.2,null,null,2.48,4.763,null,null,12.4,null,null,null,null,null,null
11,01/04/1981,04/04/1981,null,null,null,null,null,7,odour free,null,104,68,null,null,null,null,null,null,null,0,61,25,4,null,null,1.6,5.103,null,null,12.5,null,null,null,null,null,null
12,01/05/1981,04/05/1981,null,null,null,null,null,7,odour free,null,98,62,null,null,null,null,null,null,null,0,61,18.4,6.1,null,null,2.44,2.989,null,null,12.9,null,null,null,null,null,null
13,01/06/1981,04/06/1981,24.700000762939453,null,null,null,null,7,odour free,7.56,82,56,null,null,null,null,null,null,null,0,54.9,25,4,null,null,1.6,5.103,null,null,12.5,null,.187,54.695,null,null,null
14,01/07/1981,04/07/1981,117.9000015258789,null,null,null,null,7,odour free,7.3,127,88,null,null,null,null,null,null,null,0,77.1,32.3,7.5,null,null,3,6.026,null,null,17.6,null,.144,76.946,null,null,null
15,01/08/1981,04/08/1981,518.0999755859375,null,null,null,null,7,odour free,6.6,39,26,null,null,null,null,null,null,null,0,61,15.6,4.2,null,null,1.68,2.77,null,null,12.5,null,2.282,60.975,null,null,null
16,01/09/1981,04/09/1981,244.1999969482422,null,null,null,null,7,odour free,7.11,91,70,null,null,null,null,null,null,null,0,92.8,22.9,6.1,null,null,2.44,4.082,null,null,10,null,.112,92.681,null,null,null
17,01/10/1981,04/10/1981,172.3000030517578,null,null,null,null,1,odour free,7.06,63,22,null,null,null,null,null,null,null,0,48.8,10.2,6.2,null,null,2.48,.972,null,null,19.8,null,5.261,48.742,null,null,null
18,02/11/1981,04/11/1981,242,null,null,null,null,7,odour free,6.52,56,50,null,null,null,null,null,null,null,0,38.9,15.3,4.1,null,null,1.64,2.722,null,null,19.8,null,1.21,38.886,null,null,null
19,01/12/1981,04/12/1981,null,null,null,null,null,7,odour free,6.64,62,60,null,null,null,null,null,null,null,0,64.9,15.3,4.1,null,null,1.64,2.722,null,null,9.9,null,2.662,64.871,null,null,null
20,01/01/1982,04/01/1982,null,null,null,null,null,7,odour free,7.7,75,65,null,null,null,null,null,null,null,0,64.9,15.3,4.1,null,null,1.64,2.722,3.3,.5,9.9,null,.304,64.571,null,null,null
21,01/02/1982,04/02/1982,null,null,null,null,null,7,odour free,7.52,92,88,null,null,null,null,null,null,null,0,61,15.3,4.1,null,null,1.64,2.722,11,.8,12.4,null,.189,60.794,null,null,null
22,01/03/1982,04/03/1982,null,null,null,null,null,7,odour free,6.82,106,72,null,null,null,null,null,null,null,0,54.2,20.4,4.1,null,null,1.64,3.961,6.5,.9,12.4,null,3.364,54.163,null,null,null
23,01/04/1982,04/04/1982,null,null,null,null,null,7,odour free,7.09,116,110,null,null,null,null,null,null,null,0,46.3,25.5,4.1,null,null,1.64,5.2,13.8,1,14.9,null,5.347,46.24,null,null,null
24,01/05/1982,04/05/1982,null,null,null,null,null,7,odour free,6.99,148,78,null,null,null,null,null,null,null,0,78.2,25.5,8.2,null,null,3.28,4.204,13.8,1,9.9,null,.072,78.123,null,null,null
25,01/06/1982,04/06/1982,14.300000190734863,null,null,null,null,7,odour free,7.52,84,null,null,null,null,null,null,null,null,0,63,25,5,null,null,2,4.86,4.1,1.3,9.9,null,0,76.9,null,null,null
26,01/07/1982,04/07/1982,80.0999984741211,null,null,null,null,7,odour free,6.62,57,42,null,null,null,null,null,null,null,0,55,17.5,3,null,null,1.2,3.523,2.8,.6,9.9,null,2.154,54.976,null,null,null
27,01/08/1982,04/08/1982,995.5,null,null,null,null,7,odour free,6.56,48,17,null,null,null,null,null,null,null,0,8,10,1,null,null,.4,2.187,3.1,.5,9.9,null,2.729,7.995,null,null,null
28,01/09/1982,04/09/1982,126,null,null,null,null,7,odour free,7.05,64,61,null,null,null,null,null,null,null,0,44,12.4,3,null,null,1.2,2.284,5.2,.5,13.2,null,.046,43.948,null,null,null
29,01/10/1982,04/10/1982,57.70000076293945,null,null,null,null,7,odour free,7,65,20,null,null,null,null,null,null,null,0,69,15.1,4,null,null,1.6,2.697,4.2,.7,16.5,null,6.479,68.93,null,null,null
30,02/11/1982,04/11/1982,30.600000381469727,null,null,null,null,7,odour free,7.47,74,65,null,null,null,null,null,null,null,0,61,30,4,null,null,1.6,6.318,5.4,.8,13.9,null,.169,60.817,null,null,null
31,01/12/1982,04/12/1982,null,null,null,null,null,7,odour free,7.01,64,57,null,null,null,null,null,null,null,0,74.4,14.9,4,null,null,1.6,2.649,3.6,.9,12.3,null,7.149,74.323,null,null,null
32,01/01/1983,04/01/1983,null,null,null,null,null,7,odour free,7.6,82,80,null,null,null,null,null,null,null,0,115,19.7,3,null,null,1.2,4.058,4.9,1.6,18.6,null,.429,114.551,null,null,null
33,01/02/1983,04/02/1983,null,null,null,null,null,7,odour free,6.95,85,60,null,null,null,null,null,null,null,0,75,22.5,5,null,null,2,4.253,5.6,1.1,15.3,null,6.278,74.933,null,null,null
34,01/03/1983,04/03/1983,null,null,null,null,null,7,odour free,7.26,92,74,null,null,null,null,null,null,null,0,137,20.7,4.1,null,null,1.64,4.034,6.4,1.5,18.3,null,.234,136.76,null,null,null
35,04/04/1983,05/04/1983,null,null,null,null,null,7,odour free,7.62,106,70,null,null,null,null,null,null,null,0,86,29,4.8,null,null,1.92,5.881,7.3,2.2,18,null,.336,85.644,null,null,null
36,02/05/1983,04/05/1983,null,null,null,null,null,7,odour free,7.07,116,77,null,null,null,null,null,null,null,0,7.4,28.9,3.9,null,null,1.56,6.075,8.5,2.2,15.4,null,8.157,7.386,null,null,null
37,01/06/1983,04/06/1983,3.0999999046325684,null,null,null,null,7,odour free,6.89,84,60,null,null,null,null,null,null,null,0,117.3,12,2,null,null,.8,2.43,5.7,1.3,21,null,.086,117.211,null,null,null
38,01/07/1983,04/07/1983,772,null,null,null,null,7,odour free,7.37,206,135,null,null,null,null,null,null,null,0,144.9,44,10,null,null,4,8.262,6.9,1.5,13,null,.319,144.57,null,null,null
39,01/08/1983,04/08/1983,183.1999969482422,null,null,null,null,7,odour free,6.41,42,36,null,null,null,null,null,null,null,0,44.1,15,2,null,null,.8,3.159,2.1,.5,16,null,1.065,44.088,null,null,null
40,01/09/1983,04/09/1983,212,null,null,null,null,7,odour free,6.8,53,50,null,null,null,null,null,null,null,0,44.6,15,6,null,null,2.4,2.187,1.8,.6,17,null,2.643,44.57,null,null,null
41,01/10/1983,04/10/1983,173.10000610351563,null,null,null,null,7,odour free,6.56,66,62,null,null,null,null,null,null,null,0,43.6,10,4,null,null,1.6,1.458,10.5,2.1,9,null,1.487,43.583,null,null,null
42,01/11/1983,04/11/1983,153.60000610351563,null,null,null,null,7,odour free,7.34,106,76,null,null,null,null,null,null,null,0,56.1,10,2,null,null,.8,1.944,2.3,.8,18,null,.115,55.974,null,null,null
43,01/12/1983,04/12/1983,null,null,null,null,null,7,odour free,7.01,96,84,null,null,null,null,null,null,null,0,58.1,15,4,null,null,1.6,2.673,3.4,.8,17,null,5.583,58.039,null,null,null
44,01/01/1984,04/01/1984,null,null,null,null,null,7,odour free,7.11,116,104,null,null,null,null,null,null,null,0,58.1,10,2,null,null,.8,1.944,3.5,.3,9,null,7.026,58.023,null,null,null
45,01/02/1984,04/02/1984,null,null,null,null,null,7,odour free,7.13,79,64,null,null,null,null,null,null,null,0,72.6,15,2,null,null,.8,3.159,2.8,1.5,17,null,9.193,72.501,null,null,null
46,01/03/1984,04/03/1984,null,null,null,null,null,7,odour free,7.17,146,124,null,null,null,null,null,null,null,0,60,10,2,null,null,.8,1.944,6,1.4,17,null,8.33,59.909,null,null,null
47,02/04/1984,04/04/1984,null,null,null,null,null,7,odour free,7.01,91,64,null,null,null,null,null,null,null,0,58.1,20,6,null,null,2.4,3.402,5.6,1,26,null,5.583,58.039,null,null,null
48,01/05/1984,04/05/1984,null,null,null,null,null,7,odour free,6.83,74,40,null,null,null,null,null,null,null,0,56.1,10,6,null,null,2.4,.972,5.4,1.4,14,null,3.563,56.061,null,null,null
49,01/06/1984,04/06/1984,4.300000190734863,null,null,null,null,7,odour free,6.8,71,40,null,null,null,null,null,null,null,0,56.1,20,10,null,null,4,2.43,4,1.2,19,null,3.325,56.064,null,null,null
50,01/07/1984,04/07/1984,1121.199951171875,null,null,null,null,7,odour free,6.9,59,42,null,null,null,null,null,null,null,0,34.6,15,4,null,null,1.6,2.673,3.2,.6,15,null,.026,34.57,null,null,null
51,01/08/1984,04/08/1984,359.79998779296875,null,null,null,null,7,odour free,6.5,58,48,null,null,null,null,null,null,null,0,34.4,20,4,null,null,1.6,3.888,null,null,10,null,1.022,34.388,null,null,null
52,01/09/1984,04/09/1984,231.1999969482422,null,null,null,null,7,odour free,6.6,85,70,null,null,null,null,null,null,null,0,27.1,15,2,null,null,.8,3.159,2,.4,15,null,1.014,27.088,null,null,null
53,01/10/1984,04/10/1984,105.9000015258789,null,null,null,null,7,odour free,6.9,55,44,null,null,null,null,null,null,null,0,41.1,15,2,null,null,.8,3.159,1.8,.5,10,null,3.066,41.065,null,null,null
54,02/11/1984,04/11/1984,61.099998474121094,null,null,null,null,7,odour free,7,66,64,null,null,null,null,null,null,null,0,41.1,25,6,null,null,2.4,4.617,8,.8,5,null,3.859,41.056,null,null,null
55,01/12/1984,04/12/1984,null,null,null,null,null,7,odour free,6.9,73,58,null,null,null,null,null,null,null,0,42.5,10,2,null,null,.8,1.944,3.3,.7,10,null,3.171,42.464,null,null,null
56,01/01/1985,04/01/1985,null,null,null,null,null,7,odour free,6.8,72,46,null,null,null,null,null,null,null,0,42.6,13,3,null,null,1.2,2.43,4.5,8,8,null,2.525,42.572,null,null,null
57,01/02/1985,04/02/1985,null,null,null,null,null,7,odour free,6.9,90,68,null,null,null,null,null,null,null,0,48.5,13,4,null,null,1.6,2.187,5.5,1.3,8,null,3.618,48.46,null,null,null
58,01/03/1985,04/03/1985,null,null,null,null,null,7,odour free,6.8,95,62,null,null,null,null,null,null,null,0,48.5,13,4,null,null,1.6,2.187,7.3,1.7,9,null,2.875,48.468,null,null,null
59,01/04/1985,04/04/1985,null,null,null,null,null,7,odour free,6.8,103,56,null,null,null,null,null,null,null,0,49.7,15,3,null,null,1.2,2.916,6.3,1.6,9,null,2.946,49.667,null,null,null
60,01/05/1985,04/05/1985,null,null,null,null,null,7,odour free,6.9,98,62,null,null,null,null,null,null,null,0,55.7,15,3,null,null,1.2,2.916,6.7,1.4,9,null,4.156,55.654,null,null,null
61,01/06/1985,04/06/1985,19.100000381469727,null,null,null,null,7,odour free,6.34,54,34,null,null,null,null,null,null,null,0,28,8,2,null,null,.8,1.458,3.6,1.1,10,null,5.757,27.993,null,null,null
62,01/07/1985,04/07/1985,712.5,null,null,null,null,7,odour free,6.51,38,28,null,null,null,null,null,null,null,0,21,5,1,null,null,.4,.972,2.6,.6,9,null,6.385,20.99,null,null,null
63,01/08/1985,04/08/1985,438.79998779296875,null,null,null,null,7,odour free,6.54,38,28,null,null,null,null,null,null,null,0,34,5,2,null,null,.8,.729,2.2,.3,12,null,1.108,33.987,null,null,null
64,01/09/1985,04/09/1985,131.5,null,null,null,null,7,odour free,7,69,52,null,null,null,null,null,null,null,0,28,8,2,null,null,.8,1.458,2.4,.4,7,null,2.629,27.969,null,null,null
65,01/10/1985,04/10/1985,126.9000015258789,null,null,null,null,7,odour free,7,58,40,null,null,null,null,null,null,null,0,31,10,3,null,null,1.2,1.701,3.1,.7,7,null,2.911,30.966,null,null,null
66,01/11/1985,04/11/1985,38.79999923706055,null,null,null,null,7,odour free,7.24,70,54,null,null,null,null,null,null,null,0,36,13,3,null,null,1.2,2.43,3.5,.9,7,null,5.87,35.933,null,null,null
67,01/12/1985,04/12/1985,null,null,null,null,null,7,odour free,7.12,82,54,null,null,null,null,null,null,null,0,39,10,3,null,null,1.2,1.701,8.3,1.2,7,null,4.826,38.945,null,null,null
68,01/01/1986,04/01/1986,null,null,null,null,null,7,odour free,7.21,77,52,null,null,null,null,null,null,null,0,39,26,7,null,null,2.8,4.617,4.8,1,9,6.8,5.935,38.932,null,null,null
69,01/02/1986,04/02/1986,null,null,null,null,null,7,odour free,6.94,80,64,null,null,null,null,null,null,null,0,44,26,7,null,null,2.8,4.617,5.3,1.3,10,2,3.599,43.96,null,null,null
70,01/03/1986,04/03/1986,null,null,null,null,null,7,odour free,7.8,97,72,null,null,null,null,null,null,null,0,49,17,7,null,null,2.8,2.43,5.5,1.2,9,4.8,.289,48.68,null,null,null
71,01/04/1986,04/04/1986,null,null,null,null,null,7,odour free,7.48,106,66,null,null,null,null,null,null,null,0,49,30,7,null,null,2.8,5.589,6.8,1.7,10,4.8,.139,48.846,null,null,null
72,01/05/1986,04/05/1986,null,null,null,null,null,7,odour free,7.44,108,98,null,null,null,null,null,null,null,0,43,127,16,null,null,6.4,26.973,null,null,23,null,.111,42.875,null,null,null
73,01/06/1986,04/06/1986,6.199999809265137,null,null,null,null,7,odour free,7.45,107,75,null,null,null,null,null,null,null,0,49,109,13,null,null,5.2,23.328,null,null,19,null,.129,48.856,null,null,null
74,01/07/1986,04/07/1986,372.70001220703125,null,null,null,null,7,odour free,7.52,46,30,null,null,null,null,null,null,null,0,19,42,8,null,null,3.2,8.262,null,null,19,null,5.891,18.924,null,null,null
75,01/08/1986,04/08/1986,94.5999984741211,null,null,null,null,7,odour free,7.11,54,36,null,null,null,null,null,null,null,0,26,45,13,null,null,5.2,7.776,null,null,17,null,3.144,25.962,null,null,null
76,01/09/1986,04/09/1986,56.599998474121094,null,null,null,null,7,odour free,7.2,66,32,null,null,null,null,null,null,null,0,29,78,13,null,null,5.2,15.795,null,null,17,null,4.313,28.949,null,null,null
77,01/10/1986,04/10/1986,173.8000030517578,null,null,null,null,7,odour free,7.46,64,36,null,null,null,null,null,null,null,0,29,60,11,null,null,4.4,11.907,null,null,11,null,7.837,28.907,null,null,null
78,01/11/1986,04/11/1986,127.5,null,null,null,null,7,odour free,7.4,55,38,null,null,null,null,null,null,null,0,29,85,16,null,null,6.4,16.767,null,null,21,null,6.828,28.919,null,null,null
79,01/12/1986,04/12/1986,null,null,null,null,null,7,odour free,7.4,98,48,null,null,null,null,null,null,null,0,40,93,16,null,null,6.4,18.711,null,null,13,null,9.419,39.893,null,null,null
80,01/01/1987,04/01/1987,null,null,null,null,null,7,odour free,8.06,119,68,null,null,null,null,null,null,null,0,37,101,19,null,null,7.6,19.926,null,null,15,null,.394,36.548,null,null,null
81,02/02/1987,04/02/1987,null,null,null,null,null,7,odour free,7.76,111,58,null,null,null,null,null,null,null,0,49,131,21,null,null,8.4,26.73,null,null,13,null,.263,48.708,null,null,null
82,02/03/1987,04/03/1987,null,null,null,null,null,7,odour free,7.95,125,56,null,null,null,null,null,null,null,0,51,126,19,null,null,7.6,26.001,null,null,13,null,.423,50.532,null,null,null
83,01/04/1987,04/04/1987,null,null,null,null,null,7,odour free,7.4,132,58,null,null,null,null,null,null,null,0,54,139,15,null,null,6,30.132,null,null,19,null,.127,53.86,null,null,null
84,01/05/1987,04/05/1987,null,null,null,null,null,7,odour free,6.83,94,78,null,null,null,null,null,null,null,0,57,172,16,null,null,6.4,37.908,null,null,17,null,3.62,56.96,null,null,null
85,01/06/1987,04/06/1987,10.130000114440918,null,null,null,30.5,7,odour free,7.18,106,null,null,null,null,null,null,null,null,0,31,95,45,null,null,18,12.15,null,null,13,null,0,18.9,null,null,null
86,01/07/1987,04/07/1987,83.19000244140625,null,null,null,26,7,odour free,6.85,71,null,null,null,null,null,null,null,null,0,24,55,30,null,null,12,6.075,3,1.2,13,null,0,14.6,null,null,null
87,01/08/1987,04/08/1987,34.709999084472656,null,null,null,28,7,odour free,6.7,78,null,null,null,null,null,null,null,null,0,26,62,38,null,null,15.2,5.832,2.1,1.2,15,null,0,15.9,null,null,null
88,01/09/1987,04/09/1987,114.69999694824219,null,null,null,26,7,odour free,7.2,88,null,null,null,null,null,null,null,null,0,13,67,30,null,null,12,8.991,3.9,1.2,17,null,0,7.9,null,null,null
89,01/10/1987,04/10/1987,86,null,null,null,26.5,7,odour free,7.41,69,null,null,null,null,null,null,null,null,0,20,67,30,null,null,12,8.991,3.7,.78,15,null,0,12.2,null,null,null
90,01/11/1987,04/11/1987,129.5,null,null,null,25.8,7,odour free,7.45,98,null,null,null,null,null,null,null,null,0,26,74,37,null,null,14.8,8.991,4.4,.78,17,null,0,15.9,null,null,null
91,01/12/1987,04/12/1987,null,null,null,null,25,7,odour free,6.59,209,null,null,null,null,null,null,null,null,0,26,98,37,null,null,14.8,14.823,14.3,11.3,22,null,0,15.9,null,null,null
92,01/01/1988,04/01/1988,null,null,null,null,24.25,7,odour free,7.22,94,null,null,null,null,null,null,null,null,0,26,101,52,null,null,20.8,11.907,4.1,.78,19,null,0,15.9,null,null,null
93,01/02/1988,04/02/1988,null,null,null,null,27,7,odour free,7.39,126,null,null,null,null,null,null,null,null,0,30,110,37,null,null,14.8,17.739,5.3,1.2,17,null,0,18.3,null,null,null
94,01/03/1988,04/03/1988,null,null,null,null,28.75,7,odour free,7.33,121,null,null,null,null,null,null,null,null,0,30,113,52,null,null,20.8,14.823,6.2,1.2,15,null,0,18.3,null,null,null
95,01/04/1988,04/04/1988,null,null,null,null,29.75,7,odour free,7.3,132,null,null,null,null,null,null,null,null,0,34,98,37,null,.01,14.8,14.823,5.8,1.6,22,null,0,20.7,null,null,null
96,01/05/1988,04/05/1988,null,null,null,null,30.25,7,odour free,7.12,112,null,null,null,null,null,null,null,null,0,25,126,52,null,.03,20.8,17.982,4.4,1.6,22,null,0,15.3,null,null,null
97,01/06/1988,04/06/1988,14.470000267028809,null,null,null,29.5,7,odour free,7.33,96,null,null,null,null,null,null,null,null,0,21,82,31,null,.02,12.4,12.393,3.9,1.6,15,null,0,12.8,null,null,null
98,01/07/1988,04/07/1988,109.19999694824219,null,null,null,26.3,7,odour free,7.1,75,null,null,null,null,null,null,null,null,0,20,61,23,null,.08,9.2,9.234,3,.78,36,null,0,12.2,null,null,null
99,01/08/1988,04/08/1988,234,null,null,null,25.5,7,odour free,7.11,67,null,null,null,null,null,null,null,null,0,16,89,39,null,.02,15.6,12.15,2.8,.78,17,null,0,9.8,null,null,null
100,01/09/1988,04/09/1988,164.1999969482422,null,null,null,24.5,7,odour free,7.3,76,null,null,null,null,null,null,null,null,0,21,85,47,null,.08,18.8,9.234,3.2,.78,24,null,0,12.8,null,null,null
101,01/10/1988,04/10/1988,171.39999389648438,null,null,null,24.5,7,odour free,7.56,80,null,null,null,null,null,null,null,null,0,23,110,47,null,null,18.8,15.309,3.2,.78,24,null,0,14,null,null,null
102,01/11/1988,04/11/1988,64.69999694824219,null,null,null,26.3,7,odour free,7.49,73,null,null,null,null,null,3.3,null,null,0,23,100,62,null,null,24.8,9.234,3.2,.78,15,null,0,14,null,null,null
103,01/12/1988,04/12/1988,null,null,null,null,26,7,odour free,null,122,null,null,null,null,null,8.1,null,null,0,30,67,54,null,.02,21.6,3.159,4.1,.78,17,null,null,null,null,null,null
104,01/01/1989,04/01/1989,null,null,null,null,27.3,7,odour free,7.32,115,null,null,null,null,.01,7.3,null,null,0,35,48,24,null,null,9.6,5.832,4.6,1.2,15,1,0,21.4,null,null,null
105,01/02/1989,04/02/1989,null,null,null,null,27.5,7,odour free,7.86,106,null,null,null,null,.01,10.1,null,null,0,38,36,20,null,.02,8,3.888,5.5,.78,19,1,0,23.2,null,null,null
106,01/03/1989,04/03/1989,null,null,null,null,28.5,7,odour free,7.63,110,null,null,null,null,.04,37.7,null,null,0,38,40,24,null,null,9.6,3.888,6.2,1.6,17,1.9,0,23.2,null,null,null
107,01/04/1989,04/04/1989,null,null,null,null,30.5,7,odour free,7.27,131,null,null,null,null,.1,42.3,null,null,0,42,44,16,null,null,6.4,6.804,5.8,1.6,14,1,0,25.6,null,null,null
108,01/05/1989,04/05/1989,null,null,null,null,32.5,7,odour free,7.72,185,null,null,null,null,null,10.4,null,null,0,38,48,24,null,null,9.6,5.832,6.7,3.5,11,null,0,23.2,null,null,null
109,01/06/1989,04/06/1989,1.8839999437332153,null,null,null,30.8,7,odour free,7.35,99,null,null,null,null,null,22.5,null,null,0,42,40,16,null,.07,6.4,5.832,5.1,1.56,12.8,null,0,25.6,null,null,null
110,01/07/1989,04/07/1989,169.6999969482422,null,null,null,26,7,odour free,6.72,75,null,null,null,null,null,3.3,null,null,0,18,24,16,null,.91,6.4,1.944,2.3,.39,11.4,2.9,0,11,null,null,null
111,01/08/1989,04/08/1989,181,null,null,null,27,7,odour free,7.34,83,null,null,null,null,null,19,null,null,0,24,20,16,null,.04,6.4,.972,2.99,.39,11.4,null,0,14.6,null,null,null
112,01/09/1989,04/09/1989,226.39999389648438,null,null,null,25.5,7,odour free,7.34,56,null,null,null,null,.1,8.9,null,null,0,20,28,16,null,.05,6.4,2.916,2.3,null,9.9,1,0,12.2,null,null,null
113,01/10/1989,04/10/1989,190,null,null,null,26.5,7,odour free,7.09,78,null,null,null,null,null,.76,null,null,0,20,32,16,null,.09,6.4,3.888,2.8,.78,10,null,0,12.2,null,null,null
114,01/11/1989,04/11/1989,136.5,null,null,null,26.8,7,odour free,8.04,220,null,null,null,null,.2,2.8,null,null,0,24,26,16,null,.06,6.4,2.43,2.99,.78,13,1.9,0,14.6,null,null,null
115,01/12/1989,04/12/1989,null,null,null,null,27.5,7,odour free,7.66,253,null,null,null,null,.1,1.8,null,null,0,32,38,16,null,.02,6.4,5.346,3.68,.39,18,null,0,19.5,null,null,null
116,01/01/1990,04/01/1990,null,null,null,null,28,7,odour free,7.54,158,null,null,null,null,null,.36,null,null,0,34,42,18,null,.02,7.2,5.832,4.37,1.17,18,1,0,20.7,null,null,null
117,01/02/1990,04/02/1990,null,null,null,null,28.5,7,odour free,7.82,297,null,null,null,null,.1,.25,null,null,0,42,30,16,null,.04,6.4,3.402,4.83,.78,13,null,0,25.6,null,null,null
118,01/03/1990,04/03/1990,null,null,null,null,29.5,7,odour free,7.36,429,null,null,null,null,null,.75,null,null,0,38,30,14,null,.02,5.6,3.888,5.29,.78,15,null,0,23.2,null,null,null
119,01/04/1990,04/04/1990,null,null,null,null,31,7,odour free,7.06,134,null,null,null,null,.1,17.2,null,null,0,46,50,22,null,.21,8.8,6.804,12.65,1.56,16,null,0,28.1,null,null,null
120,01/05/1990,04/05/1990,null,null,null,null,31.7,7,odour free,7.42,462,null,null,null,null,.1,5.8,null,null,0,42,32,12,null,.2,4.8,4.86,7.59,1.56,16,null,0,25.6,null,null,null
121,01/06/1990,04/06/1990,155.60000610351563,null,null,null,26,7,odour free,6.36,275,null,null,null,null,null,10,null,null,0,14,20,10,null,.07,4,2.43,2.3,.4,11,2,0,8.5,null,null,null
122,01/07/1990,04/07/1990,260,null,null,null,24.5,7,odour free,null,495,null,null,null,null,null,33.4,null,null,0,12,18,10,null,.04,4,1.944,2,.8,13,2,null,null,null,null,null
123,01/08/1990,04/08/1990,154.5,null,null,null,26,7,odour free,null,308,null,null,null,null,.01,10.6,null,null,0,20,20,10,null,.13,4,2.43,4,.4,13,1,null,null,null,null,null
124,01/09/1990,04/09/1990,127.5,null,null,null,27.5,7,odour free,7.04,152,null,null,null,null,.02,.76,null,null,0,20,22,14,null,.42,5.6,1.944,2,.4,9,1,0,12.2,null,null,null
125,01/10/1990,04/10/1990,39.7400016784668,null,null,null,null,7,odour free,7.51,495,null,null,null,null,null,11.7,null,null,0,24,26,16,null,.15,6.4,2.43,3,.4,9,1,0,14.6,null,null,null
126,01/11/1990,04/11/1990,442.79998779296875,null,null,null,null,7,odour free,7.12,74,null,null,null,null,.01,7.6,null,null,0,18,20,10,null,.34,4,2.43,2,.8,8,8,0,11,null,null,null
127,01/12/1990,04/12/1990,null,null,null,6.78,29,7,odour free,7.75,231,null,null,null,null,null,17.7,null,null,0,34,22,16,null,null,6.4,1.458,3,.8,9,1,0,20.7,null,null,null
128,01/01/1991,04/01/1991,null,null,null,6.77,29.5,7,odour free,7.31,87,null,null,null,null,null,.76,null,null,0,32,38,20,null,.12,8,4.374,5,.8,10,1,0,19.5,null,null,null
129,01/02/1991,04/02/1991,null,null,null,6.7,30.5,7,odour free,7.34,363,null,null,null,null,.11,20,null,null,0,38,40,16,null,.02,6.4,5.832,6,1.2,10,1,0,23.2,null,null,null
130,01/03/1991,04/03/1991,null,null,null,5.91,31.5,7,odour free,7.14,105,null,null,null,null,.04,21.8,null,null,0,38,40,12,null,.16,4.8,6.804,7,1.2,12,1,0,23.2,null,null,null
131,01/04/1991,04/04/1991,null,null,null,5.33,32.5,7,odour free,6.95,127,null,null,null,null,.03,28.6,null,null,0,40,38,12,null,.14,4.8,6.318,6,1.6,12,1,0,24.4,null,null,null
132,01/05/1991,04/05/1991,null,null,null,7.47,31,7,odour free,7.35,195,null,null,null,null,.05,16.7,null,null,0,30,32,10,null,null,4,5.346,6,1.6,15,null,0,18.3,null,null,null
133,01/06/1991,04/06/1991,0.026000000536441803,null,null,5.72,30.5,7,odour free,7.35,275,null,null,null,null,.02,33.5,null,null,0,32,36,12,null,null,4.8,5.832,7,1.6,null,null,0,19.5,null,null,null
134,01/07/1991,04/07/1991,1064,null,null,5.73,24.5,7,odour free,null,297,null,null,null,null,.01,18.6,null,null,0,14,43,12,null,null,4.8,7.533,7,.4,null,4,null,null,null,null,null
135,01/08/1991,04/08/1991,977.5,null,null,7.15,25,7,odour free,7.8,281,null,null,null,null,.01,23.7,null,null,0,16,20,8,null,null,3.2,2.916,2,.4,null,2,0,9.8,null,null,null
136,01/09/1991,04/09/1991,113.0999984741211,null,null,6.63,28,7,odour free,6.92,96,null,null,null,null,.02,24.2,null,null,0,22,24,14,null,null,5.6,2.43,2,.4,null,1,0,13.4,null,null,null
137,01/10/1991,04/10/1991,141.89999389648438,null,null,6.98,28,7,odour free,7.39,192,null,null,null,null,.02,25.3,null,null,0,38,26,20,null,null,8,1.458,4,.8,null,1,0,23.2,null,null,null
138,01/11/1991,04/11/1991,217,null,null,7.63,26.5,7,odour free,7.1,129,null,null,null,null,.01,7.6,null,null,0,20,22,10,null,null,4,2.916,4,.8,null,3,0,12.2,null,null,null
139,01/12/1991,04/12/1991,null,null,null,7.25,27,7,odour free,7.31,363,null,null,null,null,.02,35.3,null,null,0,30,34,18,null,null,7.2,3.888,3,.4,null,1,0,18.3,null,null,null
140,01/01/1992,04/01/1992,null,null,null,7.06,28,7,odour free,7.61,349,null,null,null,null,.16,31.7,null,null,0,30,32,18,null,null,7.2,3.402,5,1.2,null,1,0,18.3,null,null,null
141,01/02/1992,04/02/1992,null,null,null,6.45,28.5,7,odour free,7.5,146,null,null,null,null,.01,40.3,null,null,0,36,38,20,null,null,8,4.374,6,.8,null,null,0,22,null,null,null
142,01/03/1992,04/03/1992,null,null,null,4.15,29.5,7,odour free,7.74,308,null,null,null,null,.01,12.9,null,null,0,44,44,20,null,null,8,5.832,5,1.2,null,1,0,26.8,null,null,null
143,01/04/1992,04/04/1992,null,null,null,5.84,31.5,7,odour free,7.12,182,null,null,null,null,.01,6,null,null,0,44,58,16,null,null,6.4,10.206,6,1.6,null,1,0,26.8,null,null,null
144,01/05/1992,04/05/1992,null,null,null,5.25,31.5,7,odour free,7.15,120,null,null,null,null,.02,23.6,null,null,0,42,42,18,null,null,7.2,5.832,7,1.6,null,1,0,25.6,null,null,null
145,01/06/1992,03/06/1992,10.880000114440918,null,null,6.61,32,1,odour free,6.87,260,null,null,null,null,.02,1.6,null,null,0,32,40,20,null,null,8,4.86,6,2,15,1,0,19.5,null,null,null
146,01/07/1992,04/07/1992,476.1000061035156,null,null,7.78,26.5,1,odour free,6.6,82,null,null,null,null,.01,4.2,null,null,0,14,14,2,null,null,.8,2.916,3,.4,9,2,0,8.5,null,null,null
147,01/08/1992,03/08/1992,543.4000244140625,null,null,7.52,26,1,odour free,6.92,200,null,null,null,null,null,3.7,null,null,0,20,26,12,null,null,4.8,3.402,3,.4,9,1,0,12.2,null,null,null
148,01/09/1992,04/09/1992,326.6000061035156,null,null,7.39,27,7,odour free,7.44,220,null,null,null,null,null,20.9,null,null,0,20,22,14,null,null,5.6,1.944,3,.4,11,1,0,12.2,null,null,null
149,01/10/1992,04/10/1992,160.8000030517578,null,null,8.17,28,7,odour free,7.4,130,null,null,null,null,null,15.9,null,null,0,28,28,12,null,null,4.8,3.888,3,.4,10,1,0,17.1,null,null,null
150,01/11/1992,02/11/1992,69.80999755859375,null,null,7.59,29.5,7,odour free,7.27,158,null,null,null,null,.01,10.4,null,null,0,28,28,18,null,null,7.2,2.43,4,.4,10,1,0,17.1,null,null,null
151,01/12/1992,05/12/1992,null,null,null,6.67,27.5,7,odour free,7.6,300,null,null,null,null,.01,36.1,null,null,0,20,34,20,null,null,8,3.402,4,.4,16,1,0,12.2,null,null,null
152,01/01/1993,04/01/1993,null,null,null,7.99,27.2,7,odour free,7.62,260,null,null,null,null,.01,8.4,null,null,0,28,32,18,null,null,7.2,3.402,5,.8,10,1,0,17.1,null,null,null
153,01/02/1993,04/02/1993,null,null,null,6.63,30,7,odour free,7.55,125,null,null,null,null,null,24.3,null,null,0,34,38,18,null,null,7.2,4.86,6,.8,11,1,0,20.7,null,null,null
154,01/03/1993,02/03/1993,null,null,null,8.38,31,7,odour free,7.6,196,null,null,null,null,.02,45.3,null,null,0,38,32,18,null,null,7.2,3.402,6,1.2,9,1,0,23.2,null,null,null
155,01/04/1993,03/04/1993,null,null,null,7.41,34,7,odour free,7.65,166,null,null,null,null,.12,28.5,null,null,0,40,42,22,null,null,8.8,4.86,7,1.2,11,1,0,24.4,null,null,null
156,01/05/1993,04/05/1993,null,null,null,6.24,34.5,7,odour free,7.6,137,null,null,null,null,.15,27.7,null,null,0,16,40,10,null,null,4,7.29,8,2,13,1,0,9.8,null,null,null
157,02/06/1993,05/06/1993,4.754000186920166,null,null,6.05,32.5,7,odour free,7.35,220,null,null,null,null,null,12.7,null,null,0,18,24,14,null,.08,5.6,2.43,6,1.2,13,1.4,0,11,null,null,null
158,01/07/1993,05/07/1993,272.6000061035156,null,null,8.06,26.5,7,odour free,6.77,180,null,null,null,null,.02,18.5,null,null,0,14,18,14,null,.04,5.6,.972,3,.4,13,5.8,0,8.5,null,null,null
159,02/08/1993,05/08/1993,1030,null,null,7.11,22.5,7,odour free,6.75,170,null,null,null,null,.02,13.4,null,null,0,14,18,14,null,.05,5.6,.972,2,.8,10,1.4,0,8.5,null,null,null
160,01/09/1993,04/09/1993,264.29998779296875,null,null,7.11,24,7,odour free,7.02,150,null,null,null,null,.03,11.7,null,null,0,24,16,8,null,null,3.2,1.944,3,.4,9,1,0,14.6,null,null,null
161,01/10/1993,05/10/1993,81.95999908447266,null,null,7.87,27,7,odour free,7.52,168,null,null,null,null,.02,15.5,null,null,0,22,20,14,null,null,5.6,1.458,4,.8,12,1.9,0,13.4,null,null,null
162,01/11/1993,04/11/1993,124.19999694824219,null,null,7.56,25.5,7,odour free,6.95,82,null,null,null,null,.01,16.7,null,null,0,24,42,22,null,.01,8.8,4.86,4,.4,13,1,0,14.6,null,null,null
163,01/12/1993,04/12/1993,null,null,null,8.17,25.5,7,odour free,7.43,186,null,null,null,null,.01,17.2,null,null,0,32,34,20,null,.01,8,3.402,5,.8,12,1,0,19.5,null,null,null
164,01/01/1994,03/01/1994,null,null,null,7.39,26,7,odour free,7.35,96,null,null,null,null,.01,18.2,null,null,0,34,28,18,22,.08,7.2,2.43,5,1.2,9,1,0,20.7,null,null,null
165,01/02/1994,03/02/1994,null,null,null,7.78,26.5,7,odour free,7.07,104,null,null,null,null,.01,17.7,null,null,0,34,42,22,null,.05,8.8,4.86,5,.8,9,1,0,20.7,null,null,null
166,01/03/1994,04/03/1994,null,null,null,6.61,28.5,7,odour free,7.85,143,null,null,null,null,.01,16.5,null,null,0,40,38,26,null,.02,10.4,2.916,6,1.2,9,1,0,24.4,null,null,null
167,02/04/1994,05/04/1994,null,null,null,7.2,28.5,7,odour free,7.7,260,null,null,null,null,.01,12.2,null,null,0,40,52,22,null,null,8.8,7.29,8,1.2,12,1,0,24.4,null,null,null
168,02/05/1994,04/05/1994,null,null,null,6.99,29.5,7,odour free,6.95,141,null,null,null,null,.02,11.4,null,null,0,34,28,18,null,.04,7.2,2.43,6,1.2,10,1,0,20.7,null,null,null
169,01/06/1994,06/06/1994,16.520000457763672,null,null,8.05,26.5,7,odour free,7.39,160,null,null,null,null,.01,18,null,null,0,22,20,14,null,.01,5.6,1.458,4.1,.8,9,1.4,0,13.4,null,null,null
170,01/07/1994,05/07/1994,739.2999877929688,null,null,6.92,25.5,7,odour free,6.8,118,null,null,null,null,.01,13,null,null,0,16,30,14,null,null,5.6,3.888,2.5,.4,11,1,0,9.8,null,null,null
171,01/08/1994,02/08/1994,1111,null,null,7.48,22.5,7,odour free,7.91,210,null,null,null,null,.01,12,null,null,0,14,46,22,null,.02,8.8,5.832,3.7,.4,8,1.4,0,8.5,null,null,null
172,01/09/1994,05/09/1994,689.2000122070313,null,null,7.11,23,7,odour free,7.23,80,null,null,null,null,.01,8,null,null,0,16,34,16,null,.01,6.4,4.374,2.5,.4,10,2.4,0,9.8,null,null,null
173,01/10/1994,05/10/1994,93.12000274658203,null,null,7.6,24.5,7,odour free,6.89,96,null,null,null,null,null,8,null,null,0,20,34,16,null,.02,6.4,4.374,3.7,1.2,12,3.8,0,12.2,null,null,null
174,01/11/1994,04/11/1994,372.1000061035156,null,null,6.22,26,7,odour free,7.08,59,null,null,null,null,.01,12,null,null,0,14,34,18,null,.01,7.2,3.888,3.2,.8,10,6.2,0,8.5,null,null,null
175,01/12/1994,03/12/1994,null,null,null,6.79,27,7,odour free,7.1,101,null,null,null,null,.01,14,null,null,0,12,44,22,null,.03,8.8,5.346,4.8,.8,10,5.3,0,7.3,null,null,null
176,02/01/1995,05/01/1995,null,null,null,6.92,26.5,7,odour free,7.47,126,null,null,null,null,.02,14,null,null,0,24,42,22,null,.04,8.8,4.86,4.1,1.2,13,2.4,0,14.6,null,null,null
177,01/02/1995,04/02/1995,null,null,null,5.84,28,7,odour free,7.3,119,null,null,null,null,.04,15,null,null,0,32,38,20,null,.04,8,4.374,6.9,1.2,10,1.4,0,19.5,null,null,null
178,01/03/1995,04/03/1995,null,null,null,6.8,29,7,odour free,7.56,140,null,null,null,null,.04,14,null,null,0,34,44,22,null,.03,8.8,5.346,6.9,1.6,10,1,0,20.7,null,null,null
179,01/04/1995,04/04/1995,null,null,null,6.89,30.5,7,odour free,7.92,127,null,null,null,null,.03,17,null,null,0,38,38,20,null,.04,8,4.374,8.7,1.6,15,1.4,0,23.2,null,null,null
180,01/05/1995,03/05/1995,null,null,null,7.06,31,7,odour free,7.92,139,null,null,null,null,.02,19,null,null,0,34,36,22,null,.05,8.8,3.402,8.5,1.2,13,1.4,0,20.7,null,null,null
181,01/06/1995,03/06/1995,8.895999908447266,null,null,8.04,31,1,odour free,7.26,200,null,null,null,null,.15,9,null,null,0,22,34,14,null,.02,5.6,4.86,5.3,.8,12,1,0,13.4,null,null,null
182,01/07/1995,03/07/1995,737.7999877929688,null,null,6.61,24,1,odour free,7.52,140,null,null,null,null,.16,10,null,null,0,14,26,12,null,.05,4.8,3.402,2.3,.8,9,1,0,8.5,null,null,null
183,01/08/1995,10/08/1995,300.29998779296875,null,null,5.06,24.5,7,odour free,7.65,103,null,null,null,null,.27,10,null,null,0,30,38,20,null,.02,8,4.374,2.8,.4,9,1,0,18.3,null,null,null
184,01/09/1995,04/09/1995,1350,null,null,7.59,23,7,odour free,7.34,73,null,null,null,null,.09,8,null,null,0,12,18,12,null,.02,4.8,1.458,2.5,.4,11,2,0,7.3,null,null,null
185,04/10/1995,06/10/1995,126.0999984741211,null,null,5.32,23,7,odour free,7.76,158,null,null,null,null,.14,13,null,null,0,16,46,26,null,.02,10.4,4.86,9,2.3,17,3,0,9.8,null,null,null
186,01/11/1995,03/11/1995,148.10000610351563,null,null,7.22,28,7,odour free,8.16,94,null,null,null,null,.08,8,null,null,0,20,38,22,null,.02,8.8,3.888,4,.8,11,4,0,12.2,null,null,null
187,01/12/1995,04/12/1995,null,null,null,7.03,27,7,odour free,7.27,102,null,null,null,null,.12,9,null,null,0,26,40,22,null,.02,8.8,4.374,4,.8,8,1,0,15.9,null,null,null
188,01/01/1996,04/01/1996,null,null,null,6.81,25.5,7,odour free,7.63,97,null,null,null,null,.19,12,null,null,0,22,32,20,null,.02,8,2.916,5,.8,7,1,0,13.4,null,null,null
189,01/02/1996,03/02/1996,null,null,null,5.79,26.5,7,odour free,7.57,110,null,null,null,null,.31,7,null,null,0,24,34,20,null,.03,8,3.402,5,.8,9,1,0,14.6,null,null,null
190,01/03/1996,07/03/1996,null,null,null,5.85,26.5,7,odour free,7.62,120,null,null,null,null,.39,8,null,null,0,28,36,28,null,.06,11.2,1.944,8,.8,13,1,0,17.1,null,null,null
191,02/04/1996,03/04/1996,null,null,null,5.74,26.5,7,odour free,7.06,148,null,null,null,null,.37,13,null,null,0,24,42,22,null,.05,8.8,4.86,8,1.6,12,1,0,14.6,null,null,null
192,01/05/1996,04/05/1996,null,null,null,6.11,27.5,7,odour free,8.15,134,null,null,null,null,.29,13,null,null,0,44,58,36,null,.03,14.4,5.346,5,1.6,13,1,0,26.8,null,null,null
193,01/06/1996,05/06/1996,4.701000213623047,null,null,7.41,26.5,1,odour free,7.48,96,null,null,null,null,.27,11.9,null,null,0,12,34,20,null,.01,8,3.402,6.4,1.6,14,1,0,7.3,null,null,null
194,01/07/1996,03/07/1996,61.869998931884766,null,null,6.7,27,1,odour free,7.68,78,null,null,null,null,.2,13.4,null,null,0,16,36,16,null,.02,6.4,4.86,3.7,.8,10,1,0,9.8,null,null,null
195,01/08/1996,03/08/1996,424.79998779296875,null,null,7.92,25.5,7,odour free,7.3,78,null,null,null,null,.17,11.3,null,null,0,16,36,18,null,.02,7.2,4.374,3,1.6,10,1,0,9.8,null,null,null
196,02/09/1996,06/09/1996,126.9000015258789,null,null,8.09,27,Clear,odour free,7.65,71,null,null,null,null,.08,11.9,null,null,0,9.016,26.125,16,null,.01,6.4,2.43,2.8,1.2,9,1,0,11,null,null,null
197,01/10/1996,04/10/1996,338.79998779296875,null,null,7.73,26,Clear,odour free,7.37,72,null,null,null,null,.06,9.8,null,null,0,8.033,32.175,18,null,.02,7.2,3.402,3.2,.8,12,2,0,9.8,null,null,null
198,01/11/1996,05/11/1996,195.39999389648438,null,null,8.09,26,Clear,odour free,7.75,77,null,null,null,null,.06,10.3,null,null,0,11.967,34.2,18,null,.02,7.2,3.888,4.6,.4,13,1,0,14.6,null,null,null
199,02/12/1996,04/12/1996,null,null,null,7.72,26.5,Clear,odour free,7.52,87,null,null,null,null,.07,7.5,null,null,0,10.984,36.2,20,null,.02,8,3.888,5.3,.8,13,1,0,13.4,null,null,null
200,01/01/1997,03/01/1997,null,null,null,8.09,27,Clear,odour free,7.61,109,null,null,null,null,.14,8.4,null,null,0,10.984,34.175,20,null,null,8,3.402,5.3,3.1,11,1,0,13.4,null,null,null
201,01/02/1997,03/02/1997,null,null,null,7.53,27,Clear,odour free,7.54,106,null,null,null,null,.12,7.9,null,null,0,10.984,36.15,24,null,.02,9.6,2.916,6,.8,11,1,0,13.4,null,null,null
202,01/03/1997,04/03/1997,null,null,null,7.18,27.5,Clear,odour free,7.52,116,null,null,null,null,.17,12.8,null,null,0,14.016,42.15,30,null,.03,12,2.916,7,.4,11,1,0,17.1,null,null,null
203,01/04/1997,05/04/1997,null,null,null,5.06,26.5,Clear,odour free,7.1,135,null,null,null,null,.21,10.9,null,null,0,10.984,34.15,22,null,.02,8.8,2.916,9,1.2,12,1,0,13.4,null,null,null
204,01/05/1997,03/05/1997,null,null,null,5.79,27,Clear,odour free,7.16,125,null,null,null,null,.16,9.9,null,null,0,13.033,38.125,28,null,.02,11.2,2.43,6,2,10,1,0,15.9,null,null,null
205,02/06/1997,04/06/1997,3.7079999446868896,null,null,5.73,27,Clear,odour free,7.05,86,null,null,null,null,.04,9.8,null,null,0,8.033,24.1,16,null,null,6.4,1.944,2.8,1.2,9.9,2,0,9.8,null,null,null
206,02/07/1997,07/07/1997,786.2000122070313,null,null,7.79,24.5,Clear,odour free,7.55,80,null,null,null,null,.03,8.6,null,null,0,8.033,24.05,20,null,.02,8,.972,2.1,.4,8.5,2,0,9.8,null,null,null
207,01/08/1997,04/08/1997,976.5999755859375,null,null,7.6,24.5,Clear,odour free,7.45,74,null,null,null,null,.01,8.9,null,null,0,5.984,18.05,14,null,.02,5.6,.972,2.5,.8,9.9,1,0,7.3,null,null,null
208,01/09/1997,05/09/1997,226.3000030517578,null,null,7.4,25.5,7,odour free,7.44,77,null,null,null,null,.04,9.2,null,null,0,16,24,16,null,.03,6.4,1.944,3.2,.8,11.4,1,0,9.8,null,null,null
209,01/10/1997,04/10/1997,103.9000015258789,null,null,7.87,26,7,odour free,6.95,71,null,null,null,null,.06,7.6,null,null,0,16,22,16,null,.01,6.4,1.458,3.5,.8,9.9,4,0,9.8,null,null,null
210,01/11/1997,04/11/1997,223,null,null,7.2,26.5,7,odour free,8.02,72,null,null,null,null,.04,7.1,null,null,0,16,22,16,null,.02,6.4,1.458,3.9,1.2,7.1,5,0,9.8,null,null,null
211,01/12/1997,03/12/1997,null,null,null,7.2,26.5,7,odour free,7.34,98,null,null,null,null,.03,7.3,null,null,0,18,26,16,null,.02,6.4,2.43,4.4,.8,9.9,2,0,11,null,null,null
212,01/01/1998,05/01/1998,null,null,null,7.9,26.5,7,odour free,7.42,129,null,null,null,null,.07,9.2,null,null,0,24,34,24,null,.02,9.6,2.43,4.6,.4,12.1,2,0,14.6,null,null,null
213,02/02/1998,03/02/1998,null,null,null,7.9,26,7,odour free,7.25,112,null,null,null,null,.12,8.6,null,null,0,24,36,24,null,.02,9.6,2.916,5.3,.8,11.4,4,0,14.6,null,null,null
214,03/03/1998,04/03/1998,null,null,null,6.75,28,7,odour free,7.3,109,null,null,null,null,.14,9.2,null,null,0,22,30,20,null,.02,8,2.43,5.3,1.2,12.1,2,0,13.4,null,null,null
215,01/04/1998,03/04/1998,null,null,null,7.16,28.5,7,odour free,7.6,144,null,null,null,null,.16,8.6,null,null,0,24,28,18,null,.03,7.2,2.43,7.1,1.2,12.8,1,0,14.6,null,null,null
216,01/05/1998,04/05/1998,null,null,null,7.56,31,7,odour free,7.46,109,null,null,null,null,.14,8.1,null,null,0,24,32,22,null,.03,8.8,2.43,5.3,1.6,10.7,2,0,14.6,null,null,null
217,01/06/1998,03/06/1998,23,null,null,6.97,28.5,7,odour free,7.6,128,null,null,null,null,.21,8,null,null,0,24,30,18,null,.02,7.2,2.916,4.8,1.5,11,1,0,29.28,null,null,null
218,01/07/1998,04/07/1998,1505,null,null,7.76,28,2,odour free,6.4,39,null,null,null,null,.14,6.8,null,null,0,10,18,12,null,.01,4.8,1.458,2.1,.8,7,2,0,12.2,null,null,null
219,01/08/1998,02/08/1998,692,null,null,7.16,27,7,odour free,7.05,78,null,null,null,null,.14,8,null,null,0,12,22,14,null,.02,5.6,1.944,2.3,.8,9,2,0,14.64,null,null,null
220,01/09/1998,02/09/1998,274,null,null,7.16,27.5,7,odour free,7.62,94,null,null,null,null,.15,6.8,null,null,0,14,22,14,null,.01,5.6,1.944,3.2,.8,10,1,0,17.08,null,null,null
221,03/10/1998,06/10/1998,215.5,null,null,6.62,26.5,7,odour free,7.84,92,null,null,null,null,.17,6.4,null,null,0,16,22,14,null,.02,5.6,1.944,3.7,.4,9,1,0,19.52,null,null,null
222,03/11/1998,03/11/1998,132.1999969482422,null,null,6.8,26,7,odour free,7.55,136,null,null,null,null,.21,7.3,null,null,0,14,28,20,null,.02,8,1.944,3.9,.8,14,2,0,17.08,null,null,null
223,01/12/1998,02/12/1998,null,null,null,8.15,26.5,7,odour free,7.35,110,null,null,null,null,.21,6.8,null,null,0,20,26,18,null,.02,7.2,1.944,3.9,.8,9,1,0,24.4,null,null,null
224,01/01/1999,06/01/1999,null,null,null,7.56,26.5,7,odour free,6.95,131,null,null,null,null,.21,7.7,null,null,0,18,24,16,null,.02,6.4,1.944,4.6,.8,10,1,0,21.96,null,null,null
225,01/02/1999,03/02/1999,null,null,null,8.18,27,7,odour free,7.09,161,null,null,null,null,.26,6.8,null,null,0,24,38,22,null,.02,8.8,3.888,6.4,1.2,14,5,0,29.28,null,null,null
226,01/03/1999,04/03/1999,null,null,null,7.02,28,7,odour free,7.32,131,null,null,null,null,.27,7.7,null,null,0,22,30,18,null,.02,7.2,2.916,5.8,1.2,11,2,0,26.84,null,null,null
227,01/04/1999,08/04/1999,null,null,null,6.3,28.5,7,odour free,7.53,145,null,null,null,null,.3,8.4,null,null,0,22,26,16,null,.03,6.4,2.43,5.8,1.6,11,1,0,26.84,null,null,null
228,01/05/1999,05/05/1999,null,null,null,6.63,28.5,7,odour free,7.4,116,null,null,null,null,.11,7.7,null,null,0,24,28,18,null,.01,7.2,2.43,5.5,1.6,11,2,0,29.28,null,null,null
229,01/06/1999,04/06/1999,198.6999969482422,null,null,7.76,29,7,odour free,7.26,88,null,null,null,null,.12,6.8,null,null,0,16,20,12,null,.02,4.8,1.944,3.2,.8,8,2,0,19.52,null,null,null
230,01/07/1999,05/07/1999,131.8000030517578,null,null,8.23,27,7,odour free,7.12,103,null,null,null,null,.15,7.6,null,null,0,20,28,20,null,.02,8,1.944,3.5,.8,11,1.2,0,24.4,null,null,null
231,01/08/1999,05/08/1999,587.5999755859375,null,null,8,26,7,odour free,7.22,58,null,null,null,null,.15,5.4,null,null,0,14,20,10,null,.01,4,2.43,2.8,1.2,8,1.2,0,17.08,null,null,null
232,01/09/1999,04/09/1999,170.6999969482422,null,null,6.77,28,7,odour free,7.42,64,null,null,null,null,.15,5.7,null,null,0,18,28,14,null,.01,5.6,3.402,2.8,.8,12,1.4,0,21.96,null,null,null
233,01/10/1999,04/10/1999,117,null,null,7.03,28.5,7,odour free,7.32,73,null,null,null,null,.18,6,null,null,0,20,28,20,null,.01,8,1.944,3.7,.8,11,1,0,24.4,null,null,null
234,01/11/1999,03/11/1999,215,null,null,7.18,28.5,7,odour free,7.78,84,null,null,null,null,.15,6.9,null,null,0,18,24,16,null,.02,6.4,1.944,3.2,.4,9,1,0,21.96,null,null,null
235,01/12/1999,04/12/1999,null,null,null,7.37,28,7,odour free,6.92,84,null,null,null,null,.14,6.5,null,null,0,22,26,18,null,.01,7.2,1.944,4.4,.8,9,1,0,26.84,null,null,null
236,01/01/2000,05/01/2000,null,null,null,8.04,28.5,7,odour free,7.04,91,null,null,null,null,.14,6.8,null,null,0,22,30,18,null,.01,7.2,2.916,4.6,.8,11,1,0,26.84,null,null,null
237,01/02/2000,03/02/2000,null,null,null,7.92,28.5,7,odour free,7.45,86,null,null,null,null,.13,5.7,null,null,0,26,32,22,null,.02,8.8,2.43,6,1.2,13,1,0,31.72,null,null,null
238,01/03/2000,03/03/2000,null,null,null,7.26,28.5,7,odour free,7.1,99,null,null,null,null,.11,5.5,null,null,0,28,32,20,null,.01,8,2.916,5.3,1.2,11,1,0,34.16,null,null,null
239,01/04/2000,05/04/2000,null,null,null,6.72,29,7,odour free,7.22,120,null,null,null,null,.15,7.3,null,null,0,26,32,18,null,.02,7.2,3.402,6.7,1.6,14,1,0,31.72,null,null,null
240,01/06/2000,03/06/2000,0,null,null,6.66,25.5,7,odour free,7.42,55,null,null,null,null,.28,7.6,null,null,0,20,28,14,null,.01,5.6,3.402,3.91,1.17,9.9,2,0,24.4,null,null,null
241,01/07/2000,04/07/2000,337.5,null,null,7.26,27,7,odour free,7.38,68,null,null,null,null,.125,8.8,null,null,0,14,18,10,null,.02,4,1.944,3.26,.782,8.65,2.6,0,17.08,null,null,null
242,01/08/2000,04/08/2000,60.529998779296875,null,null,7.06,26.5,7,odour free,7.15,78,null,null,null,null,.106,9.2,null,null,0,20,26,14,null,.01,5.6,2.916,5.37,.782,10.6,1,0,24.4,null,null,null
243,02/09/2000,04/09/2000,198.89999389648438,null,null,6.5,30,7,odour free,6.92,102,null,null,null,null,.119,18.6,null,null,0,24,32,20,null,.03,8,2.916,7.4,1.564,11.2,1,0,29.28,null,null,null
244,03/10/2000,05/10/2000,194.4149932861328,null,null,6.94,29,7,odour free,7.62,92,null,null,null,null,.092,10.21,null,null,0,20,20,14,null,.01,5.6,1.458,3.91,1.173,11.36,2,0,24.4,null,null,null
245,01/11/2000,03/11/2000,52.88999938964844,null,null,7.06,29,7,odour free,7.15,142,null,null,null,null,.092,9.58,null,null,0,26,46,22,null,.01,8.8,5.832,8.4,1.955,7.4,2.4,0,31.72,null,null,null
246,01/12/2000,04/12/2000,null,null,null,7.38,28,7,odour free,7.35,78,null,null,null,null,.079,9.07,null,null,0,24,36,18,null,.01,7.2,4.374,4.83,.782,12.78,2.4,0,29.28,null,null,null
247,01/01/2001,03/01/2001,null,null,null,7.71,28,7,odour free,7.28,75,null,null,null,null,.059,7.94,null,null,0,30,32,20,null,null,8,2.916,4.4,.8,9.94,2,0,36.6,null,null,null
248,01/02/2001,03/02/2001,null,null,null,7.61,28,7,odour free,7.4,94,null,null,null,null,.053,3.72,null,null,0,36,34,18,null,null,7.2,3.888,6.69,1,14.2,1,0,43.92,null,null,null
249,01/03/2001,03/03/2001,null,null,null,6.67,28.5,7,odour free,7.74,108,null,null,null,null,.052,4.36,null,null,0,36,38,20,null,.01,8,4.374,7.2,1.2,7.81,1,0,43.92,null,null,null
250,02/04/2001,03/04/2001,null,null,null,6.86,27,7,odour free,7.32,147,null,null,null,null,.109,4.8,null,null,0,36,28,16,null,null,6.4,2.916,6.3,1.6,13.5,1,0,43.92,null,null,null
251,01/05/2001,03/05/2001,null,null,null,6.66,27.5,7,odour free,7.82,77,null,null,null,null,.086,5.2,null,null,0,32,24,6,null,null,2.4,4.374,5.6,1.2,9.5,1,0,39.04,null,null,null
252,01/06/2001,03/06/2001,34.70000076293945,null,null,6.27,27,7,odour free,7.12,60,null,null,null,null,.06,9.2,null,null,0,18,22,12,null,null,4.8,2.43,4.1,1.2,7.1,1,0,21.96,null,null,null
253,02/07/2001,03/07/2001,115.06700134277344,null,null,6.86,26,1,odour free,7.38,35,null,null,null,null,.02,7,null,null,0,16,20,10,null,null,4,2.43,3.4,.7,9.2,3.8,0,19.52,null,null,null
254,01/08/2001,03/08/2001,309.15899658203125,null,null,7.84,25,1,odour free,7.33,46,null,null,null,null,.05,8.25,null,null,0,14,16,6,null,.01,2.4,2.43,3.2,.7,8.6,1.7,0,17.08,null,null,null
255,01/09/2001,03/09/2001,127.75299835205078,null,null,7.8,26,7,odour free,7.47,49,null,null,null,null,.06,8.8,null,null,0,18,20,8,null,.01,3.2,2.916,3.6,.8,7.6,1,0,21.96,null,null,null
256,01/11/2001,03/11/2001,93.15799713134766,null,null,6.44,28,7,odour free,7.45,45,null,null,null,null,.02,9.7,null,null,0,20,30,10,null,.02,4,4.86,4.2,.8,12.5,1,0,24.4,null,null,null
257,01/12/2001,03/12/2001,null,null,null,6.82,27.5,7,odour free,7.84,62,null,null,null,null,.03,8.2,null,null,0,22,32,16,null,.01,6.4,3.888,4.8,.9,10.2,1,0,26.84,null,null,null
258,01/01/2002,03/01/2002,null,null,null,6.38,30,7,odour free,7.82,67,null,null,null,null,.01,7.82,null,null,0,34,30,18,null,null,7.2,2.916,4.3,.9,9.4,1.1,0,41.48,null,null,null
259,01/02/2002,03/02/2002,null,null,null,6.89,29,7,odour free,7.62,83,null,null,null,null,.099,7.3,null,null,0,20,30,18,null,.02,7.2,2.916,6,1.2,10.111,1,0,24.4,null,null,null
260,01/04/2002,03/04/2002,null,null,null,6.07,32.5,7,odour free,8.39,114,null,null,null,null,.071,9.2,null,null,0,38,57,38,null,null,15.2,4.617,7.8,1.6,12.78,2.4,0,46.36,null,null,null
261,01/05/2002,03/05/2002,null,null,null,8.1,34.5,7,odour free,7.6,97,null,null,null,null,.06,8.3,null,null,0,28,28,16,null,null,6.4,2.916,7.3,2,11.9,1,0,34.16,null,null,null
262,01/06/2002,04/06/2002,41.5880012512207,7.5,112,6.5,30.5,1,odour free,6.19,49,null,null,null,null,.17,8.32,null,null,0,16,18,12,null,.024,4.8,1.458,4,.7,6,1,0,19.52,null,null,null
263,01/07/2002,01/07/2002,79.7959976196289,7.53,93,7.1,29,7,odour free,7.53,93,null,null,null,null,.14,18.15,null,null,0,18,20,10,null,.02,4,2.43,4,.5,7,1,0,21.96,null,null,null
264,01/08/2002,03/08/2002,155.1999969482422,7.23,40,7.2,26,7,odour free,7.23,40,null,null,null,null,.18,16.5,null,null,0,18,20,12,null,.02,4.8,1.944,4,.8,8,1,0,21.96,null,null,null
265,01/10/2002,04/10/2002,30.264999389648438,6.5,112,6.53,30,7,odour free,7.54,70,null,null,null,null,.09,18.5,null,null,0,20,28,18,null,.05,7.2,2.43,4.8,.8,7,7.8,0,24.4,null,null,null
266,02/12/2002,05/12/2002,null,null,null,6.24,29,7,odour free,7.3,105,90,null,null,null,.054,20.5,null,null,0,32,32,16,.21,.02,6.4,3.888,4,.7,6,3,.06,31.93,null,null,null
267,01/02/2003,04/02/2003,null,6.5,99,5.99,30.5,7,odour free,6.92,79,75,null,null,.21,.065,22.4,null,null,0,34,26,14,.35,.08,5.6,2.916,5,1.6,7,1,.027,33.969,null,null,null
268,02/04/2003,07/04/2003,null,null,null,5.6,32.5,7,odour free,7.32,91,59,null,null,.27,.38,18.5,null,null,0,25,20,12,.42,.02,4.8,1.944,5,.7,8,1,.049,24.941,null,null,null
269,02/06/2003,05/06/2003,15.65999984741211,9,100,5.77,33,7,odour free,7.17,84,55,null,null,1.25,.018,10.2,1.59,null,0,31,30,10,.1,.2,4,4.86,5,2,10,1,.043,30.95,null,null,null
270,01/08/2003,04/08/2003,151.84500122070313,7,99,6,28,7,odour free,6.8,44,40,null,null,null,.1,18,.4,6.4,.008,13.94,20.15,8,.1,.05,3.2,2.916,5,1,10,2,.01,16.987,null,null,null
271,01/10/2003,02/10/2003,13.909000396728516,6,99,6.45,32,7,odour free,7.1,49,45,null,null,null,.02,null,1.41,null,0,28,26,8,.1,.04,3.2,4.374,3.8,.8,10,1,.033,27.961,null,null,null
272,01/12/2003,02/12/2003,null,6,99,7.9,32,7,odour free,7.1,69,null,null,null,.1,.03,null,.8,8,0,29,56,10.69,.08,.13,4.276,11.01,4.4,1,10,1,0,35.4,null,null,null
273,03/02/2004,04/02/2004,null,7,99,7.8,31,7,odour free,7.4,95,null,null,null,null,.01,null,2.6,6.5,0,35,38,12,.06,.06,4.8,6.318,6,1.1,8,2,0,42.7,null,null,null
274,01/04/2004,02/04/2004,null,null,null,5,29,7,odour free,7.25,125,79,null,null,.42,.05,17.34,1.2,4.4,0,39,40,8.8,null,.08,3.52,7.582,7,1.5,12,1.6,.065,38.926,null,null,null
275,01/06/2004,02/06/2004,81.26899719238281,6.5,99,6.6,29,Clear,odour free,6.91,54,49,null,null,.46,null,6.5,.6,4.4,0,17,22,14,.1,null,5.6,1.944,3.5,1.2,7,1,1.298,16.983,null,null,null
276,02/08/2004,03/08/2004,157.29600524902344,7,28,7,27,Clear,odour free,6.65,61,40,null,null,.984,.02,7.02,.2,2.4,0,17,26,18,.41,null,7.2,1.944,3.3,2.1,6.1,1.4,7.134,16.991,null,null,null
277,01/10/2004,03/10/2004,67.79399871826172,7,99,5.3,28,Clear,odour free,7.1,52,36,null,null,.4,null,8.5,.3,2,0,19,24,16,.37,.08,6.4,1.944,3.4,.7,8,3.2,2.245,18.971,null,null,null
278,01/12/2004,02/12/2004,null,7,95,7.8,29.5,Clear,odour free,7.25,70,52,null,null,1.25,.1,7.6,1.2,3.8,0,25,32,18,.33,.05,7.2,3.402,5,1.2,8,1,4.17,24.949,null,null,null
279,02/02/2005,03/02/2005,null,7,95,6.2,29,Clear,odour free,7.09,88,64,null,null,3.6,.29,6.4,.2,3.2,0,32,42,20,.15,.2,8,5.346,4.2,1,9,1,3.696,31.957,null,null,null
280,01/04/2005,01/04/2005,null,7,98.9,6.2,32.5,Clear,odour free,7.24,97,73,null,null,2.16,null,6.24,.6,5.2,0,28,40,24,.16,.02,9.6,3.888,7,1.8,10,1.2,4.565,27.946,null,null,null
281,01/05/2005,01/05/2005,null,null,null,null,null,null,null,null,null,null,null,null,null,null,null,null,null,null,null,null,null,null,null,null,null,null,null,null,null,null,null,null,null,null
282,01/06/2005,02/06/2005,139,7,98.4,6.67,32,Brown,odour free,7.05,69,52,null,null,.489,.092,6.7,.4,3,0,20,28.333,14,.181,.23,5.6,3.44,5.1,2,9.2,3.84,0,24.4,null,null,null
283,01/08/2005,02/08/2005,1679.4010009765625,7,97.4,7.8,24.5,Light Brown,odour free,7.98,57,42,null,null,.144,.018,8.3,.4,2.8,0,25,29.417,14,.165,.03,5.6,3.7,2.9,.7,6.7,3.6,0,30.5,null,null,null
284,01/10/2005,03/10/2005,115.77300262451172,7,98,6.05,28,Clear,odour free,7.1,73,53,null,null,.626,.11,10.4,.2,1.8,0,20.984,28.167,16,.198,.06,6.4,2.92,4.8,.6,8.5,3.2,0,25.6,null,null,null
285,01/12/2005,02/12/2005,null,7,98,7.2,29,Clear,odour free,7.23,82,62,null,null,.802,.039,13.8,.6,5.6,0,25,28.167,16,.082,.02,6.4,2.92,4.6,.9,9.59,1,0,30.5,null,null,null
286,01/02/2006,03/02/2006,null,7,100.6,6,29,Clear,odour free,7.65,94,73,null,null,1.324,.435,24.2,.2,2.2,0,24.016,34.208,18,.061,.01,7.2,3.89,6.1,1.1,10.7,1,0,29.3,null,null,null
287,01/06/2006,01/06/2006,1631.425048828125,6.7,35,7.6,24,Light Brown,odour free,6.55,34,26,null,null,.21,.64,7.8,.4,3.6,0,10,22.083,10,.12,.07,4,2.9,2.4,1,7.1,3.2,0,12.2,null,null,null
288,02/08/2006,02/08/2006,187.61700439453125,7.1,69,6.6,25,Clear,odour free,7.15,64,50,null,null,.623,.028,8.6,.4,3.2,0,18.033,20,10,.126,.02,4,2.4,4.8,.8,7.1,1.9,0,22,null,null,null
289,04/10/2006,04/10/2006,159.2760009765625,7,97.4,6,26.5,Clear,odour free,7.05,54,42,null,null,.623,.19,8.2,.2,1.4,0,15,19,9,.224,.021,3.6,2.4,4,1.1,7.8,1.6,0,18.3,null,null,null
290,01/12/2006,01/12/2006,null,7,97.2,7,28,Clear,odour free,6.7,75,61,null,null,.346,.049,10.4,.2,1.2,0,25,28.333,20,.229,.017,8,2,3.6,.2,7.8,1.2,0,30.5,null,null,null
291,01/08/2007,01/08/2007,243.468994140625,7,98,6.8,27,Clear,odour free,6.76,73,58,null,null,2.625,.24,18.8,.2,1.2,0,20,28.5,16,.24,.004,6.4,3,4.8,.9,7.8,1.8,0,24.4,null,null,null
292,01/10/2007,01/10/2007,295.6929931640625,null,null,7,26.5,Clear,odour free,6.98,62,47,null,null,3.169,.046,21.4,.8,6.8,0,18.852,28.5,16,null,null,6.4,3,3.7,.8,6.4,1.2,0,23,null,null,null
293,01/12/2007,02/12/2007,null,null,null,5.4,27,Clear,odour free,6.82,176,151,null,null,2.778,.283,15.7,.8,6.5,0,41.967,61.417,26,.147,.01,10.4,8.5,7.2,1.5,14.2,1.8,0,51.2,900,580,null
294,01/08/2008,01/08/2008,680.343017578125,7,58,7,25.5,Clear,odour free,6.7,52,40,null,null,.275,null,18.2,.4,3.2,0,14.016,22.083,10,.054,.092,4,2.9,3.2,.8,8.5,1.9,0,17.1,170,110,null
295,03/10/2008,03/10/2008,132.01499938964844,7,76,6,29,Clear,odour free,6.69,68,54,null,null,null,null,21.4,.4,3,0,23.033,22,12,.05,1.074,4.8,2.4,5,.8,7.1,1,0,28.1,1600,1600,null
296,01/06/2009,01/06/2009,0,null,null,null,null,null,null,null,null,null,null,null,null,null,null,null,null,null,null,null,null,null,null,null,null,null,null,null,null,null,null,null,null,null
297,01/08/2009,02/08/2009,283.58099365234375,7,88,8,24.5,Clear,odour free,6.92,52,31,null,.415,null,null,28.44,.2,2.2,0,17,18.25,12,.122,.11,4.8,1.5,4.4,1,7.1,1,0,20.74,170,12,null
298,01/10/2009,01/10/2009,106.36900329589844,null,null,null,24,Clear,odour free,7.3,49,30,null,.201,null,null,null,.4,3.2,0,16,20.167,12,.114,.184,4.8,1.96,3.5,.9,6.4,1,0,19.52,null,null,null
299,01/12/2009,01/12/2009,null,null,null,null,24,Clear,odour free,7.05,98,60,null,.257,null,null,35.3,2.2,16.2,0,18.033,26.333,18,.39,.19,7.2,2,7.2,1.2,10.7,14.2,0,22,1600,1600,null
300,01/02/2010,01/02/2010,null,null,null,null,null,null,null,null,null,null,null,null,null,null,null,null,null,null,null,null,null,null,null,null,null,null,null,null,null,null,null,null,null,null
301,01/02/2010,01/02/2010,null,null,null,7.75,25.5,Clear,odour free,6.87,53,28,null,.128,null,null,26.2,.6,3.2,0,19.016,20.417,10,.392,.04,4,2.5,4.3,2.4,7.8,1,0,23.2,900,500,null
302,01/04/2010,01/04/2010,null,null,null,null,null,null,null,null,null,null,null,null,null,null,null,null,null,null,null,null,null,null,null,null,null,null,null,null,null,null,null,null,null,null
303,01/06/2010,,0,null,null,null,null,null,null,null,null,null,null,null,null,null,null,null,null,null,null,null,null,null,null,null,null,null,null,null,null,null,null,null,null,null
304,02/08/2010,02/08/2010,364.47900390625,7,62,8,23.5,Clear,odour free,6.8,41,28,null,.209,.064,null,27.7,.4,2.6,0,15,15.167,11,.188,.008,4.4,1,3.3,.5,6.4,1,0,18.3,1600,350,null
305,01/10/2010,01/10/2010,136.13999938964844,7,88.2,9,25,Clear,odour free,6.95,82,50,null,.056,.182,null,14.5,.4,2.8,0,22.951,23.333,15,.05,.035,6,2,4,.2,7.1,1,0,28,350,290,null
306,01/12/2010,01/12/2010,null,7,88,8,24,Clear,odour free,7,64,39,null,.05,.179,null,17.4,.8,5.8,0,25,24.333,16,.05,.4,6.4,2,4.4,.7,7.8,1,0,30.5,1600,1600,null
307,01/02/2011,,null,null,null,null,null,null,null,null,null,null,null,null,null,null,null,null,null,null,null,null,null,null,null,null,null,null,null,null,null,null,null,null,null,null
308,01/04/2011,,null,null,null,null,null,null,null,null,null,null,null,null,null,null,null,null,null,null,null,null,null,null,null,null,null,null,null,null,null,null,null,null,null,null
309,03/06/2011,04/06/2011,1083.626953125,7,91,6.2,25,Light Brown,odour free,7.25,57,40,null,.028,null,null,18.4,.2,1,0,15,16.25,10,null,.088,4,1.5,3,2,5.7,1.3,0,18.3,null,null,null
310,01/08/2011,02/08/2011,309.1499938964844,7,91,6.6,24.5,Brown,odour free,6,65,40,null,.056,.275,null,21,.4,2.6,0,20.984,19.917,12,.097,.105,4.8,1.9,5.5,.9,8.52,.5,0,25.6,1600,1600,null
311,01/10/2011,01/10/2011,114.05699920654297,7,91,6.6,25,Clear,odour free,7.2,68,49,null,.023,.177,null,23,.6,4.2,0,21.967,26.167,16,.063,.35,6.4,2.44,4.4,.6,7.1,.5,0,26.8,null,null,null
312,01/12/2011,01/12/2011,69.77899932861328,6.9,86,7,25,Clear,odour free,6.6,79,49,null,.012,null,null,19.6,.6,4.2,0,26.967,30.25,14,.284,.262,5.6,3.9,5,1.2,8.52,1.3,0,32.9,1600,1600,null
313,01/12/2011,01/12/2011,69.77899932861328,6.9,86,7,25,Clear,odour free,6.6,79,49,null,.012,null,null,19.6,.6,4.2,0,26.967,30.25,14,.284,.262,5.6,3.9,5,1.2,8.52,1.3,0,32.9,1600,1600,null
314,02/02/2012,03/02/2012,0,7.02,88,6.6,28,Clear,odour free,7,56,36,null,.037,null,null,16.2,.6,3,0,20,20.167,16,.295,.156,6.4,1,5.7,1.2,9.2,.6,0,24.4,1600,900,null
315,02/02/2012,03/02/2012,0,7.02,88,6.6,28,Clear,odour free,7,56,36,null,.037,null,null,16.2,.6,3,0,20,20.167,16,.295,.156,6.4,1,5.7,1.2,9.2,.6,0,24.4,1600,900,null
316,02/04/2012,02/04/2012,0,7.01,92,6.6,30,Clear,odour free,6.75,98,71,null,.045,2.496,null,14,1,11.2,0,44.016,44.25,28,.047,.116,11.2,3.9,6.9,1.5,9,.5,0,53.7,1600,1600,null
317,02/04/2012,02/04/2012,0,7.01,92,6.6,30,Clear,odour free,6.75,98,71,null,.045,2.496,null,14,1,11.2,0,44.016,44.25,28,.047,.116,11.2,3.9,6.9,1.5,9,.5,0,53.7,1600,1600,null
318,01/05/2012,01/05/2012,0,null,null,null,null,null,null,null,null,null,null,null,null,null,null,null,null,null,null,null,null,null,null,null,null,null,null,null,null,null,null,null,null,null
319,01/05/2012,01/05/2012,0,null,null,null,null,null,null,null,null,null,null,null,null,null,null,null,null,null,null,null,null,null,null,null,null,null,null,null,null,null,null,null,null,null
320,01/06/2012,01/06/2012,0,7.03,92,7,29,Light Brown,odour free,6.7,75,49,null,.08,1.032,null,12.3,.6,3.6,0,25,28.167,14,.035,.02,5.6,3.4,4.7,1.8,7.81,1,0,30.5,500,300,null
321,01/06/2012,01/06/2012,0,7.03,92,7,29,Light Brown,odour free,6.7,75,49,null,.08,1.032,null,12.3,.6,3.6,0,25,28.167,14,.035,.02,5.6,3.4,4.7,1.8,7.81,1,0,30.5,500,300,null
322,03/08/2012,03/08/2012,112.16600036621094,6.65,93,7,24.5,Light Brown,odour free,6.65,52,32,null,.042,.801,null,10.4,.2,1.2,0,18,24.583,10,.009,.01,4,3.5,3.4,.8,6.4,.6,0,21.96,null,null,null
323,03/08/2012,03/08/2012,112.16600036621094,6.65,93,7,24.5,Light Brown,odour free,6.65,52,32,null,.042,.801,null,10.4,.2,1.2,0,18,24.583,10,.009,.01,4,3.5,3.4,.8,6.4,.6,0,21.96,null,null,null
324,01/10/2012,01/10/2012,102,6.97,93,6.8,25,Clear,odour free,6.6,80,49,null,.016,1.872,null,21.5,.62,3.6,0,23,24.167,20,.02,.02,8,1,5.5,1.2,7.1,1,0,28.06,1600,900,null
325,01/10/2012,01/10/2012,102,6.97,93,6.8,25,Clear,odour free,6.6,80,49,null,.016,1.872,null,21.5,.62,3.6,0,23,24.167,20,.02,.02,8,1,5.5,1.2,7.1,1,0,28.06,1600,900,null
326,01/12/2012,01/12/2012,0,7.04,93,5.6,25,Clear,odour free,6.45,95,57,null,.002,2.672,null,20,.8,6.6,0,25,36.25,20,.136,.18,8,3.9,6.8,1.5,10.6,1.1,0,30.5,1600,900,null
327,01/12/2012,01/12/2012,0,7.04,93,5.6,25,Clear,odour free,6.45,95,57,null,.002,2.672,null,20,.8,6.6,0,25,36.25,20,.136,.18,8,3.9,6.8,1.5,10.6,1.1,0,30.5,1600,900,null
328,01/02/2013,01/02/2013,0,7.02,94,6.8,26.5,Clear,odour free,6.7,95,59,null,.106,1.257,null,17,.61,4.4,0,31.967,30.208,20,.282,.11,8,2.45,6,1.2,8.5,.5,0,39,1600,1600,null
329,01/02/2013,01/02/2013,0,7.02,94,6.8,26.5,Clear,odour free,6.7,95,59,null,.106,1.257,null,17,.61,4.4,0,31.967,30.208,20,.282,.11,8,2.45,6,1.2,8.5,.5,0,39,1600,1600,null
330,01/04/2013,01/04/2013,0,null,null,5.3,29.5,Clear,odour free,6.85,110,75,null,null,1.3,null,16.5,4.2,27.4,0,38.525,38.042,32,.381,.02,12.8,1.45,6.8,1.8,9.2,1.1,0,47,350,280,null
331,01/04/2013,01/04/2013,0,null,null,5.3,29.5,Clear,odour free,6.85,110,75,null,null,1.3,null,16.5,4.2,27.4,0,38.525,38.042,32,.381,.02,12.8,1.45,6.8,1.8,9.2,1.1,0,47,350,280,null
332,01/05/2013,01/05/2013,0,null,null,null,null,null,null,null,null,null,null,null,null,null,null,null,null,null,null,null,null,null,null,null,null,null,null,null,null,null,null,null,null,null
333,01/05/2013,01/05/2013,0,null,null,null,null,null,null,null,null,null,null,null,null,null,null,null,null,null,null,null,null,null,null,null,null,null,null,null,null,null,null,null,null,null
334,01/06/2013,02/06/2013,410.85400390625,6.99,90,6.5,25,Clear,odour free,6.15,82,60,null,null,.9,null,8.9,.81,4.2,0,20,22.333,14,.432,.095,5.6,2,4.6,2.3,7.1,1,0,24.4,1600,1600,null
335,01/06/2013,02/06/2013,410.85400390625,6.99,90,6.5,25,Clear,odour free,6.15,82,60,null,null,.9,null,8.9,.81,4.2,0,20,22.333,14,.432,.095,5.6,2,4.6,2.3,7.1,1,0,24.4,1600,1600,null
336,01/08/2013,02/08/2013,625.9749755859375,6.42,96,7.6,20.5,Clear,odour free,6.35,48,30,null,null,.363,null,11,.4,2.6,0,16.967,22.292,10,.106,.052,4,2.95,3.3,.7,5.7,1,0,20.7,null,null,null
337,01/08/2013,02/08/2013,625.9749755859375,6.42,96,7.6,20.5,Clear,odour free,6.35,48,30,null,null,.363,null,11,.4,2.6,0,16.967,22.292,10,.106,.052,4,2.95,3.3,.7,5.7,1,0,20.7,null,null,null
338,01/10/2013,01/10/2013,107.30799865722656,6.97,90,3.4,23,Clear,odour free,6.6,60,38,null,null,.187,null,8,.45,3,0,20.984,24.208,14,.106,.01,5.6,2.45,4.2,.7,7.1,.5,0,25.6,1600,1600,null
339,01/10/2013,01/10/2013,107.30799865722656,6.97,90,3.4,23,Clear,odour free,6.6,60,38,null,null,.187,null,8,.45,3,0,20.984,24.208,14,.106,.01,5.6,2.45,4.2,.7,7.1,.5,0,25.6,1600,1600,null
340,01/12/2013,01/12/2013,46.15999984741211,6.98,90,7.41,23,Clear,odour free,6.6,72,46,null,null,.282,null,8.5,.37,2.8,0,22.951,26.083,14,.106,.02,5.6,2.9,5.8,1.5,8.5,3,0,28,1600,1600,null
341,01/12/2013,01/12/2013,46.15999984741211,6.98,90,7.41,23,Clear,odour free,6.6,72,46,null,null,.282,null,8.5,.37,2.8,0,22.951,26.083,14,.106,.02,5.6,2.9,5.8,1.5,8.5,3,0,28,1600,1600,null
