Standard Parameter Analysis Data of : Kuppelur (AKLC0B8)
Laboratory : CWC CSRO Bangalore 
Period : January-1994 To January-2013 
S.No.,Date_of_Collection,Date_of_Receipt,Discharge(cumecs),pH_FLD,EC_FLD(umho/cm),DO(mg/l),Water Temp(deg C),Colour,Odour,pH_GEN,EC_GEN(umho/cm),TDS(mg/l),SS(mg/l),NH3(mg N/l),NO2+NO3(mg N/l),Total_Nutrients(mg P/l),SiO2(mg/l),BOD(mg/l),COD(mg/l),Phen(mg CaCO3/l),Total_Alkallnity(mg CaCO3/l),Total_Hardness(mg CaCO3/l),Ca_Hardness(mg CaCO3/l),F(mg/l),B(mg/l),Ca_Major_Ions(mg/l),Mg(mg/l),Na(mg/l),K(mg/l),Cl(mg/l),SO4(mg/l),CO3(mg/l),HCO3(mg/l),Total_Coliforms(MPN/100ml),Faecal(MPN/100ml),Chlorophyll-A(ug/L)
1,01/08/1994,01/08/1994,88,null,null,null,29.5,Brown,odour free,8.1,244,null,null,.014,.07,null,60.3,null,null,0,4,49.625,39.5,3.249,null,15.8,2.43,4.6,.391,23.075,4.224,0,4.88,null,null,null
2,01/09/1994,02/09/1994,72.2699966430664,null,null,null,24.5,Brown,odour free,8,348,null,null,.014,.098,null,17.7,null,null,0,2,63.05,59,.418,null,23.6,.972,.529,.391,25.205,12.384,0,2.44,null,null,null
3,01/10/1994,02/10/1994,4.906000137329102,null,null,null,26.5,Clear,odour free,8,263,null,null,.014,.112,null,18.3,null,null,0,26,158.238,98.5,.551,null,39.4,14.337,1.61,9.775,30.885,5.616,0,31.72,null,null,null
4,01/11/1994,02/11/1994,35,null,null,null,25.5,Clear,odour free,8,238,null,null,.014,0,null,16.2,null,null,0,24,90.537,47,.38,null,18.8,10.449,30.82,10.948,86.975,10.512,0,29.28,null,null,null
5,01/12/1994,01/12/1994,3.3919999599456787,null,null,null,24.5,Clear,odour free,8.1,394,null,null,.028,.098,null,12.6,null,null,0,43.5,217.225,118,.38,null,47.2,23.814,67.16,5.083,16.685,13.776,0,53.07,null,null,null
6,01/01/1995,02/01/1995,2.200000047683716,null,null,null,22.5,Clear,odour free,8.04,506,null,null,.056,.14,null,9.9,null,null,0,38.5,335.506,173,.418,null,69.2,39.001,30.36,1.955,160.46,15.504,0,46.97,null,null,null
7,01/02/1995,02/02/1995,0.7409999966621399,null,null,null,24,Clear,odour free,8.27,1011,null,null,.028,.14,null,1.2,null,null,0,40.5,125.694,110,.494,null,44,3.766,58.42,7.038,135.255,3.744,0,49.41,null,null,null
8,01/06/1995,02/06/1995,0.953000009059906,null,null,null,27.5,Light Brown,odour free,7.5,651,null,null,.07,.084,null,64.8,null,null,0,61.024,106.344,78.5,.494,null,31.4,6.682,23.92,3.519,23.042,17.28,0,37.21,null,null,null
9,01/08/1995,02/08/1995,10.8100004196167,null,null,null,25.5,Brown,odour free,8.13,246,null,null,.056,.07,null,15,null,null,0,20.008,106.344,78.5,.475,null,31.4,6.682,8.28,1.564,23.042,14.88,0,12.2,null,null,null
10,01/09/1995,02/09/1995,29.59000015258789,null,null,null,25.5,Light Brown,odour free,8.13,246,null,null,.014,.014,null,17.4,null,null,0,20.008,106.344,78.5,.532,null,31.4,6.682,8.28,1.564,23.042,22.56,0,12.2,null,null,null
11,01/10/1995,02/10/1995,4.5,null,null,null,27,Light Brown,odour free,8.22,110,null,null,.014,.014,null,15.6,null,null,0,40.016,217.731,118,.608,null,47.2,23.935,31.97,13.294,67.355,12,0,24.4,null,null,null
12,01/11/1995,02/11/1995,5.484000205993652,null,null,null,27.5,Light Brown,odour free,8.1,263,null,null,.014,.028,null,14.4,null,null,0,109.044,158.238,98.5,.608,null,39.4,14.337,19.55,6.256,86.853,7.2,0,66.49,null,null,null
13,01/12/1995,02/12/1995,2.75600004196167,null,null,null,25.5,Light Brown,odour free,7.95,238,null,null,.028,.014,null,12.9,null,null,0,49.02,91.044,47,.57,null,18.8,10.571,30.82,10.948,86.852,9.984,0,29.89,null,null,null
14,01/08/1996,02/08/1996,37.25,null,null,null,26,Brown,odour free,8.27,264,null,null,.07,.939,null,12.6,null,null,0,30.5,98.588,51,.969,null,20.4,11.421,9.2,1.955,17.395,38.4,0,37.21,null,null,null
15,01/09/1996,02/09/1996,11.199999809265137,null,null,null,25.5,Light Brown,odour free,8.13,246,null,null,.014,.014,null,17.4,null,null,0,10,106.344,78.5,.532,null,31.4,6.682,8.28,1.564,23.075,22.56,0,12.2,null,null,null
16,01/10/1996,02/10/1996,7.900000095367432,null,null,null,26.5,Brown,odour free,7.95,304,null,null,.042,.21,null,13.8,null,null,0,20,106.637,55,.475,null,22,12.393,16.1,1.955,57.865,18.24,0,24.4,null,null,null
17,01/11/1996,02/11/1996,3.4709999561309814,null,null,null,26.5,Light Brown,odour free,8.29,563,null,null,.028,.168,null,35.1,null,null,0,89,257.025,133.5,.646,null,53.4,29.646,17.94,0,96.56,13.92,0,108.58,null,null,null
18,01/12/1996,02/12/1996,3.0999999046325684,null,null,null,25.5,Light Brown,odour free,8.1,811,null,null,.084,.098,null,24.6,null,null,0,70.5,367.763,184.5,.57,null,73.8,43.983,24.15,.391,189.215,30,0,86.01,null,null,null
19,01/07/1997,02/07/1997,2.7260000705718994,null,null,null,27.5,Light Brown,odour free,7.4,261,null,null,.028,.042,null,14.07,null,null,0,2.5,67.269,45.5,.323,null,18.2,5.225,16.33,7.429,70.546,1.2,0,3.05,null,null,null
20,01/08/1997,02/08/1997,157.60000610351563,null,null,null,24.5,Brown,odour free,7.09,868,null,null,.056,.098,null,24.99,null,null,0,80,220.387,148.5,.342,null,59.4,17.253,39.79,6.256,111.668,40.8,0,97.6,null,null,null
21,01/09/1997,02/09/1997,32.83000183105469,null,null,null,26,Light Brown,odour free,7.49,254,null,null,.042,.126,null,15.48,null,null,0,28,68.588,61.5,.323,null,24.6,1.701,24.15,.391,46.794,16.8,0,34.16,null,null,null
22,01/10/1997,02/10/1997,7.534999847412109,null,null,null,27.5,Brown,odour free,7.69,288,null,null,.07,.028,null,16.5,null,null,0,31,80.081,73.5,.361,null,29.4,1.579,30.13,1.173,54.593,20.4,0,37.82,null,null,null
23,01/11/1997,02/11/1997,8.461000442504883,null,null,null,27,Light Brown,odour free,7.25,388,null,null,.028,.098,null,21.48,null,null,0,37,159.637,148.5,.399,null,59.4,2.673,7.36,.782,64.164,24.96,0,45.14,null,null,null
24,01/12/1997,02/12/1997,4.260000228881836,null,null,null,26,Clear,odour free,6.2,409,null,null,.042,.126,null,23.46,null,null,0,63,110.194,94.5,.418,null,37.8,3.766,41.63,.782,65.582,27.216,0,76.86,null,null,null
25,01/01/1998,02/01/1998,0.11299999803304672,null,null,null,26,Clear,odour free,7.47,661,null,null,.042,.14,null,23.97,null,null,0,72,170.031,86.5,.456,null,34.6,20.048,45.31,2.346,102.805,26.4,0,87.84,null,null,null
26,01/08/1998,02/08/1998,50.70000076293945,null,null,null,16.5,Light Brown,odour free,7.71,194,null,null,.028,.098,null,10.98,null,null,0,23,94.537,51,.988,null,20.4,10.449,5.52,.391,46.439,7.2,0,28.06,null,null,null
27,01/09/1998,02/09/1998,15.619999885559082,null,null,null,27,Light Brown,odour free,7.654,264,null,null,.014,.098,null,13.98,null,null,0,35,120.637,69,.323,null,27.6,12.393,7.82,.391,57.429,12,0,42.7,null,null,null
28,01/10/1998,02/10/1998,42.20000076293945,null,null,null,27.5,Brown,odour free,7.85,266,null,null,.028,.014,null,9.69,null,null,0,39,132.181,77,.665,null,30.8,13.243,6.9,.391,59.556,12,0,47.58,null,null,null
29,01/11/1998,02/11/1998,14,null,null,null,27.5,Brown,odour free,7.78,469,null,null,.028,.014,null,9.48,null,null,0,65,129.894,98,.399,null,39.2,7.655,43.24,4.301,91.461,20.784,0,79.3,null,null,null
30,01/12/1998,02/12/1998,3.2149999141693115,null,null,null,26.5,Clear,odour free,7.76,270,null,null,.042,.028,null,12.48,null,null,0,80.032,125.175,70.5,.627,null,28.2,13.122,5.75,.391,52.466,7.2,0,48.8,null,null,null
31,02/08/1999,03/08/1999,47.70000076293945,null,null,null,25,1,odour free,7.82,162,null,null,.014,.07,null,13.68,null,null,0,10,70.894,39,.038,null,15.6,7.655,3.22,.391,26.98,23.52,0,12.2,null,null,null
32,01/09/1999,02/09/1999,12.6850004196167,null,null,null,25,1,odour free,7.27,292,null,null,.014,.056,null,15.48,null,null,0,30,102.044,58,.038,null,23.2,10.571,12.19,5.474,46.86,26.4,0,36.6,null,null,null
33,04/10/1999,05/10/1999,33.04999923706055,null,null,null,25,1,odour free,8.1,323,null,null,.028,.056,null,16.8,null,null,0,36,120.669,66.5,.684,null,26.6,13,12.65,6.256,67.45,6.24,0,43.92,null,null,null
34,01/11/1999,02/11/1999,23.81999969482422,null,null,null,23.81,1,odour free,7.66,247,null,null,.028,.07,null,24.69,null,null,0,33,82.488,43,.684,null,17.2,9.477,11.96,3.128,40.825,6.72,0,40.26,null,null,null
35,01/12/1999,02/12/1999,3.5299999713897705,null,null,null,24,7,odour free,7.57,355,null,null,.028,.07,null,24.96,null,null,0,40.5,126.537,83,.684,null,33.2,10.449,15.87,9.775,73.13,6.72,0,49.41,null,null,null
36,01/08/2000,02/08/2000,6.24399995803833,null,null,null,26,Light Brown,odour free,7.69,248,null,null,0,.07,null,.6,null,null,0,66,102.088,54.5,1.425,null,21.8,11.421,39.56,4.692,79.875,4.8,0,80.52,null,null,null
37,01/09/2000,02/09/2000,80.5,null,null,null,25,Brown,odour free,7.69,261,null,null,0,.224,null,.6,null,null,0,58,80.4,48,1.368,null,19.2,7.776,16.1,5.865,35.855,3.984,0,70.76,null,null,null
38,01/10/2000,02/10/2000,57,null,null,null,25,Dark Brown,odour free,7.22,200,null,null,0,.378,null,1.2,null,null,0,12,53.213,36,.551,null,14.4,4.131,16.1,2.737,50.055,4.032,0,14.64,null,null,null
39,01/11/2000,02/11/2000,9.63599967956543,null,null,null,24.5,Light Brown,odour free,7.79,267,null,null,0,.098,null,1.5,null,null,0,22,64.856,36,.399,null,14.4,6.925,28.29,2.737,56.09,19.968,0,26.84,null,null,null
40,01/12/2000,02/12/2000,3.196000099182129,null,null,null,23.5,Clear,odour free,8.01,490,null,null,0,.434,null,.6,null,null,0,119.5,143.85,75,.114,null,30,16.524,36.57,3.128,56.09,19.2,0,145.79,null,null,null
41,01/09/2001,02/09/2001,5.809999942779541,null,null,null,25,Light Brown,odour free,8.1,239,null,null,0,.336,null,9.9,null,null,0,86,101.419,67.5,.209,0,27,8.141,14.03,1.173,25.915,4.8,0,104.92,null,null,null
42,01/10/2001,02/10/2001,17.722999572753906,null,null,null,25.5,Light Brown,odour free,8,277,null,null,0,.252,null,30.6,null,null,0,90.5,110.037,66.5,.95,0,26.6,10.449,19.55,1.173,36.21,4.8,0,110.41,null,null,null
43,01/09/2002,02/09/2002,3.4700000286102295,null,null,null,25.5,Brown,odour free,8.1,315,null,null,0,0,null,null,null,null,0,91.5,107.037,63.5,.057,null,25.4,10.449,28.06,3.91,36.21,17.76,0,111.63,null,null,null
44,01/10/2002,02/10/2002,0.6069999933242798,null,null,null,25.5,Brown,odour free,8.1,352,null,null,0,0,null,null,null,null,0,112.5,118.588,71,.057,null,28.4,11.421,31.97,5.474,44.02,4.32,0,137.25,null,null,null
45,01/11/2002,02/11/2002,23.05699920654297,null,null,null,25.5,Light Brown,odour free,8,375,null,null,0,0,null,null,null,null,0,136,157.931,82.5,.76,null,33,18.104,21.85,1.955,33.37,4.32,0,165.92,null,null,null
46,01/10/2003,02/10/2003,55.63999938964844,null,null,null,29,Light Brown,odour free,6.6,355,null,null,0,.28,null,9.9,null,null,0,118,147.35,78.5,.209,null,31.4,16.524,21.39,2.346,35.5,9.12,0,143.96,null,null,null
47,01/11/2003,02/11/2003,1.6009999513626099,null,null,null,30,Light Brown,odour free,8.2,353,null,null,0,.28,null,null,null,null,0,133,147.788,84,.209,null,33.6,15.309,21.62,2.737,34.08,10.08,0,162.26,null,null,null
48,01/09/2004,02/09/2004,7.480000019073486,null,null,null,26.5,Light Brown,odour free,8.13,439,null,null,null,null,null,.02,null,null,0,252.56,138.417,58,.304,null,23.2,19.3,45,6.8,58,6,0,154,null,null,null
49,04/10/2004,05/10/2004,12.409000396728516,null,null,null,25.5,Brown,odour free,8.06,433,null,null,null,null,null,12.4,null,null,0,242.799,121.881,50.5,.328,.109,20.2,17.132,54.579,5.591,76.21,2.92,0,148.048,null,null,null
50,01/11/2004,21/11/2004,2.4800000190734863,null,null,null,25,Light Brown,odour free,7.88,545,null,null,null,null,null,18,null,null,0,272.289,154.031,70.5,.253,null,28.2,20.048,66.2,4.58,88.6,2.6,0,166.03,null,null,null
51,01/06/2005,02/06/2005,1.0499999523162842,null,null,null,23.5,Clear,odour free,7.2,147,null,null,null,.07,null,.18,null,null,0,53.279,46.492,23.2,null,.22,9.28,5.59,73.8,3.4,98.32,2.2,0,65,null,null,null
52,01/08/2005,02/08/2005,160.50999450683594,null,null,null,24,Brown,odour free,7.47,100.2,null,null,null,null,null,2.2,null,null,0,59.836,55.325,31.45,null,.16,12.58,5.73,46.5,2,59.86,1.5,0,73,null,null,null
53,01/09/2005,02/09/2005,7.550000190734863,null,null,null,25.5,Clear,odour free,7.88,230,null,null,null,null,null,15.6,null,null,0,16.393,9.083,7.875,null,.24,3.15,.29,17.5,3.3,22.68,1.8,0,20,null,null,null
54,03/10/2005,04/10/2005,7.559999942779541,null,null,null,25.5,Light Brown,odour free,7.73,291,null,null,null,null,null,2.8,null,null,0,54.262,47.833,25.125,null,.26,10.05,5.45,15,9.4,21.4,1.95,0,66.2,null,null,null
55,02/11/2005,03/11/2005,15.869999885559082,null,null,null,24,Light Brown,odour free,7.69,270,null,null,null,null,null,1.2,null,null,0,105.082,130.442,70.775,null,.28,28.31,14.32,58.71,3.3,91.7,2.2,0,128.2,null,null,null
56,01/04/2008,02/04/2008,1.274999976158142,null,null,null,27,Clear,odour free,8.21,411,null,null,null,1.119,null,14.026,null,null,0,69.713,116.563,71,.608,.107,28.4,10.935,42.55,4.692,57.51,40.128,0,85.05,null,null,null
57,01/07/2008,02/07/2008,1.3009999990463257,null,null,null,24,Light Brown,odour free,8.02,225,null,null,null,1.275,null,null,null,null,0,58,88.3,64,.076,null,25.6,5.832,10.212,3.519,19.454,18.864,0,70.76,null,null,null
58,01/08/2008,02/08/2008,62.41999816894531,null,null,null,23,Light Brown,odour free,8.1,252,null,null,null,1.4,null,null,null,null,0,70,92.35,64,.19,null,25.6,6.804,15.18,3.206,19.454,19.392,0,85.4,null,null,null
59,01/09/2008,02/09/2008,18.530000686645508,null,null,null,26.5,Light Brown,odour free,7.9,332,null,null,null,1.891,null,null,null,null,0,96.15,120.5,80,.171,null,32,9.72,20.309,3.206,36.6,6.816,0,117.303,null,null,null
60,03/10/2008,04/10/2008,8.095999717712402,null,null,null,27,Clear,odour free,7.89,382,null,null,null,.883,null,10,null,null,0,129,132.65,80,.304,.33,32,12.636,23.46,2.346,39.76,4.8,0,157.38,null,null,null
61,03/11/2008,04/11/2008,5.7820000648498535,null,null,null,24.5,Clear,odour free,7.86,388,null,null,null,.869,null,11.343,null,null,0,134.5,144.7,88,.304,.197,35.2,13.608,26.22,3.128,42.955,6.048,0,164.09,null,null,null
62,01/12/2008,02/12/2008,4.295000076293945,null,null,null,25,Clear,odour free,7.89,376,null,null,null,.883,null,11.745,null,null,0,130.5,136.65,84,.247,.187,33.6,12.636,22.08,2.346,38.34,6.096,0,159.21,null,null,null
63,01/06/2009,02/06/2009,2.552000045776367,null,null,null,26,Clear,odour free,8.22,414,null,null,null,1.008,null,10.538,null,null,0,100,112.55,68,.532,.105,27.2,10.692,40.48,4.301,56.8,39.744,0,122,null,null,null
64,03/08/2009,04/08/2009,32.6510009765625,null,null,null,26.5,Light Brown,odour free,7.9,215,null,null,null,1.261,null,10.524,null,null,0,70,80.35,52,.152,.009,20.8,6.804,13.8,3.011,23.323,9.936,0,85.4,null,null,null
65,01/09/2009,02/09/2009,12.003000259399414,null,null,null,25.5,Clear,odour free,7.78,306,null,null,null,1.527,null,11.595,null,null,0,92.3,108.5,68,.209,0,27.2,9.72,19.619,2.815,32.731,6.528,0,112.606,null,null,null
66,05/10/2009,06/10/2009,177.36700439453125,null,null,null,25,Light Brown,odour free,7.87,233,null,null,null,.995,null,10.283,null,null,0,78.4,88.45,52,.152,.06,20.8,8.748,14.099,3.402,23.111,6.384,0,95.648,null,null,null
67,03/11/2009,04/11/2009,10.37399959564209,null,null,null,24.5,Clear,odour free,7.79,456,null,null,null,1.583,null,13.178,null,null,0,149,172.85,104,.304,.15,41.6,16.524,32.223,2.111,48.599,12.192,0,181.78,null,null,null
68,01/07/2010,01/07/2010,1.934000015258789,null,null,null,26.5,Light Brown,odour free,7.84,623,null,null,0,1.808,null,null,null,null,0,182.5,209.2,112,.247,null,44.8,23.328,48.622,3.011,82.786,19.296,0,222.65,null,null,null
69,02/08/2010,02/08/2010,104.25199890136719,null,null,null,26.5,Light Brown,odour free,7.79,189,null,null,null,1.247,null,11.877,null,null,0,65.4,78.425,44,.247,null,17.6,8.262,14.697,1.017,21.229,7.056,0,79.788,null,null,null
70,01/09/2010,01/09/2010,250.07899475097656,null,null,null,25.5,Light Brown,odour free,7.74,216,null,null,null,2.046,null,7.397,null,null,0,70.25,80.4,48,.152,null,19.2,7.776,12.006,3.402,22.897,6.912,0,85.705,null,null,null
71,01/11/2010,01/11/2010,9.855999946594238,null,null,null,25.5,Clear,odour free,7.9,548,null,null,null,2.088,null,11.971,null,null,0,153.8,185.05,100,.247,.171,40,20.412,39.123,2.698,67.45,11.856,0,187.636,null,null,null
72,01/12/2010,01/12/2010,20.656999588012695,null,null,null,25,Clear,odour free,7.87,418,null,null,null,1.499,null,9.565,null,null,0,121.2,137.65,85,.228,null,34,12.636,26.91,2.698,51.262,12.384,0,147.864,null,null,null
73,03/01/2011,03/01/2011,1.996999979019165,null,null,null,25,Clear,odour free,7.99,841,null,null,null,4.372,null,15.535,null,null,0,208.3,269.55,144,.494,.084,57.6,30.132,69.828,5.787,119.635,44.352,0,254.126,null,null,null
74,01/08/2011,02/08/2011,16.822999954223633,null,null,null,26.5,Light Brown,odour free,7.73,290,null,null,null,1.233,null,12.598,null,null,0,90.5,96.45,60,.228,null,24,8.748,19.412,3.793,30.885,5.904,0,110.41,null,null,null
75,02/09/2011,05/10/2011,57.0099983215332,null,null,null,25,Light Brown,odour free,7.4,321,null,null,null,1.878,null,9.835,null,null,0,86.75,104.55,60,.342,null,24,10.692,23.92,2.111,39.05,7.488,0,105.835,null,null,null
76,04/10/2011,05/10/2011,21.15399932861328,null,null,null,27,Light Brown,odour free,6.95,417,null,null,null,1.947,null,8.261,null,null,0,123.45,140.7,84,null,null,33.6,13.608,28.313,1.994,48.635,7.584,0,150.609,null,null,null
77,01/11/2011,02/11/2011,13.277999877929688,null,null,null,27,Light Brown,odour free,7.26,460,null,null,null,2.186,null,12.114,null,null,0,140.35,156.75,96,null,null,38.4,14.58,32.706,1.916,59.64,10.656,0,171.227,null,null,null
78,02/12/2011,03/12/2012,20.81999969482422,null,null,null,26,Clear,odour free,7.29,459,null,null,null,2.06,null,null,null,null,0,134.45,148.7,92,null,null,36.8,13.608,31.717,2.19,56.445,13.968,0,164.029,null,null,null
79,02/12/2011,03/12/2012,20.81999969482422,null,null,null,26,Clear,odour free,7.29,459,null,null,null,2.06,null,null,null,null,0,134.45,148.7,92,null,null,36.8,13.608,31.717,2.19,56.445,13.968,0,164.029,null,null,null
80,03/09/2012,04/09/2012,15.315999984741211,null,null,null,26,Clear,odour free,7.16,316,null,null,null,2.634,null,null,null,null,null,null,104.45,68,.323,null,27.2,8.748,20.608,3.91,33.725,11.472,0,120.902,null,null,null
81,03/09/2012,04/09/2012,15.315999984741211,null,null,null,26,Clear,odour free,7.16,316,null,null,null,2.634,null,null,null,null,null,null,104.45,68,.323,null,27.2,8.748,20.608,3.91,33.725,11.472,0,120.902,null,null,null
82,03/10/2012,04/10/2012,18.42099952697754,null,null,null,25.5,Clear,odour free,7.73,352,null,null,null,2.102,null,null,null,null,0,118.65,120.4,88,.323,null,35.2,7.776,22.011,2.111,35.145,8.928,0,144.753,null,null,null
83,03/10/2012,04/10/2012,18.42099952697754,null,null,null,25.5,Clear,odour free,7.73,352,null,null,null,2.102,null,null,null,null,0,118.65,120.4,88,.323,null,35.2,7.776,22.011,2.111,35.145,8.928,0,144.753,null,null,null
