Standard Parameter Analysis Data of : Kuttyadi (KK000N2)
Laboratory : CWC CSRO Cochin 
Period : January-2002 To January-2014 
S.No.,Date_of_Collection,Date_of_Receipt,Discharge(cumecs),pH_FLD,EC_FLD(umho/cm),DO(mg/l),Water Temp(deg C),Colour,Odour,pH_GEN,EC_GEN(umho/cm),TDS(mg/l),SS(mg/l),NH3(mg N/l),NO2+NO3(mg N/l),Total_Nutrients(mg P/l),SiO2(mg/l),BOD(mg/l),COD(mg/l),Phen(mg CaCO3/l),Total_Alkallnity(mg CaCO3/l),Total_Hardness(mg CaCO3/l),Ca_Hardness(mg CaCO3/l),F(mg/l),B(mg/l),Ca_Major_Ions(mg/l),Mg(mg/l),Na(mg/l),K(mg/l),Cl(mg/l),SO4(mg/l),CO3(mg/l),HCO3(mg/l),Total_Coliforms(MPN/100ml),Faecal(MPN/100ml),Chlorophyll-A(ug/L)
1,01/10/2002,04/10/2002,7.172999858856201,null,null,7.75,24,7,odour free,7.7,35,null,null,null,null,.08,18.05,null,null,0,10,12,8,null,.01,3.2,.972,4,.6,6,1,0,12.2,null,null,null
2,02/12/2002,05/12/2002,null,null,null,5.6,24.5,7,odour free,7.04,29,23,null,null,null,.085,19,null,null,0,12,12,6,.3,.02,2.4,1.458,5,.8,10,1,.012,11.982,null,null,null
3,01/02/2003,04/02/2003,null,null,null,6.59,25,7,odour free,6.66,37,29,null,null,.26,.085,14,null,null,0,16,12,8,.1,.2,3.2,.972,4,.6,6,1,.007,15.991,null,null,null
4,01/04/2003,01/04/2003,null,null,null,5.4,27,7,odour free,8.1,63,47,null,null,.25,.13,18.1,null,null,0,44,36,22,.1,null,8.8,3.402,4,.2,8,1,.514,43.423,null,null,null
5,02/06/2003,03/06/2003,0.9300000071525574,null,null,5.77,28,7,odour free,6.84,40,30,null,null,.7,.037,16.5,null,6.3,0,11.465,20.2,4,.05,null,1.6,3.888,4,1,5,1,0,13.987,null,null,null
6,01/08/2003,02/08/2003,60.1510009765625,null,null,7,26,7,odour free,6.5,28,27,null,null,.6,.05,9.8,null,null,0,7.374,18.15,6,.08,null,2.4,2.916,3,1,5,2,0,8.996,null,null,null
7,01/10/2003,07/10/2003,6.598999977111816,null,null,null,28.5,7,odour free,6.71,35,30,null,null,.8,.01,18,null,null,0,9.01,16.125,6,.07,null,2.4,2.43,4,.4,5,1,0,10.992,null,null,null
8,01/12/2003,02/12/2003,null,null,null,6.5,26.5,7,odour free,6.7,32,31,null,null,.15,.02,8.75,2.8,null,0,9.829,16.1,8,.07,.03,3.2,1.944,5,1,4,1,0,11.992,null,null,null
9,03/02/2004,04/02/2004,null,null,null,null,28,7,odour free,6.88,25,24,null,null,.12,.02,9.4,null,8,0,10.984,12.1,4,.05,.02,1.6,1.944,3,.4,5,1,0,13.4,null,null,null
10,01/04/2004,01/04/2004,null,null,null,null,29.5,7,odour free,6.57,37,36,null,null,.33,.05,17.07,null,null,0,12.289,20.175,6,.057,null,2.4,3.402,4,.8,6,1,0,14.993,null,null,null
11,01/06/2004,02/06/2004,45.369998931884766,null,null,null,25.5,Clear,odour free,6.75,55,40,null,null,3.07,null,3.6,null,null,0,8.19,18.1,10,.062,.03,4,1.944,4.2,2,6,1,0,9.992,null,null,null
12,02/08/2004,02/08/2004,66.52799987792969,null,null,null,25.5,Clear,odour free,6.68,28,25,null,null,.084,.05,3.5,null,4,0,9.01,16.075,10,.112,null,4,1.458,1.4,.4,4,1,0,10.993,null,null,null
13,04/10/2004,05/10/2004,100.27799987792969,null,null,null,26,Clear,odour free,7.8,43,31,null,null,.187,.06,4.5,null,null,0,14.641,22.05,18,.118,.1,7.2,.972,3,.5,7,1,0,17.862,null,null,null
14,01/12/2004,02/12/2004,null,null,null,null,25,Clear,odour free,6.75,102,79,null,null,null,.18,5.5,null,null,0,15.563,34.225,16,.428,null,6.4,4.374,5.8,2.6,14,7,0,18.987,null,null,null
15,01/02/2005,02/02/2005,null,null,null,null,26,Clear,odour free,7.18,211,162,null,null,.16,.273,7.4,null,null,0,60.563,78.375,48,.301,.06,19.2,7.29,12.2,2.3,21,1,0,73.887,null,null,null
16,01/04/2005,02/04/2005,null,null,null,null,25,Clear,odour free,7.2,35,28,null,null,.34,.023,4.45,null,null,0,13.089,24.125,14,.116,null,5.6,2.43,3.1,1,6.2,2,0,15.968,null,null,null
17,01/05/2005,02/05/2005,null,null,null,null,null,null,null,null,null,null,null,null,null,null,null,null,null,null,null,null,null,null,null,null,null,null,null,null,null,null,null,null,null,null
18,01/06/2005,02/06/2005,4.5,null,null,null,29.5,Clear,odour free,6.8,36,29,null,null,.841,.076,4.8,null,6.4,0,14.754,14.083,8,.11,.24,3.2,1.46,3.5,.8,6.4,1.1,0,18,null,null,null
19,01/08/2005,01/08/2005,134.29400634765625,null,null,null,25,Light Brown,odour free,6.57,27,21,null,null,.445,null,7.7,null,7.6,0,11.967,12.083,6,.141,null,2.4,1.46,3,.4,5.7,1,0,14.6,null,null,null
20,01/10/2005,04/10/2005,42.314998626708984,null,null,8.15,26.5,Light Brown,odour free,8.25,62,44,null,null,1.31,.089,11.2,null,4.8,0,18.852,20.083,14,.076,.03,5.6,1.46,2.8,.7,5.3,1,0,23,null,null,null
21,01/12/2005,01/12/2005,null,null,null,null,26,Light Brown,odour free,6.55,34,27,null,null,.787,.128,12.4,null,5.4,0,10.984,14.083,8,.081,.01,3.2,1.46,2.5,.4,4.6,1,0,13.4,null,null,null
22,01/02/2006,02/02/2006,null,null,null,null,25.5,Light Brown,odour free,7.05,32,26,null,null,.498,null,12.2,null,5.8,0,10,14.083,8,.05,.05,3.2,1.46,2.7,.7,5,1,0,12.2,null,null,null
23,01/04/2006,02/04/2006,null,null,null,null,26.5,Clear,odour free,7.04,42,31,null,null,.883,.086,11.7,null,4.4,0,14.016,20.125,10,.097,.02,4,2.43,3.7,.8,7.1,4,0,17.1,null,null,null
24,02/06/2008,02/06/2008,39.154998779296875,null,null,null,28,Clear,odour free,6.65,28,22,null,.05,null,.015,18.1,null,null,0,9.016,12.083,8,.05,null,3.2,.98,2.9,.5,5.7,1,0,11,null,null,null
25,01/08/2008,01/08/2008,171.48300170898438,null,null,null,24,Clear,odour free,6.2,30,23,null,null,.114,null,14.6,null,null,0,7.049,9.833,6,.05,.012,2.4,.92,1.9,.2,4.4,1,0,8.6,null,null,null
26,03/10/2008,03/10/2008,36.132999420166016,null,null,null,26,Clear,odour free,6.55,36,28,null,null,null,null,19.4,null,null,0,10,12.167,8,.05,null,3.2,1,3.2,.5,5.7,1.3,0,12.2,null,null,null
27,01/12/2008,01/12/2008,null,null,null,null,26,Clear,odour free,6.87,29,24,null,null,null,null,14,null,null,0,10,12.25,6,.05,null,2.4,1.5,3.1,.5,5.7,1,0,12.2,null,null,null
28,01/04/2009,01/04/2009,null,null,null,null,28,Clear,odour free,5.8,35,25,null,.085,.112,null,12.1,null,null,0,13.033,14.25,8,.11,.064,3.2,1.5,3,1,5.7,1,0,15.9,null,null,null
29,01/05/2009,01/05/2009,null,null,null,null,null,null,null,null,null,null,null,null,null,null,null,null,null,null,null,null,null,null,null,null,null,null,null,null,null,null,null,null,null,null
30,02/06/2009,02/06/2009,34.987998962402344,null,null,null,29,Light Brown,odour free,6.7,30,17.007,null,.288,null,null,27.9,.2,1.8,0,9,9.958,6,.133,null,2.4,.95,2.6,1,4.7,1,0,10.98,null,null,null
31,03/08/2009,04/08/2009,83.98899841308594,null,null,null,25,Clear,odour free,6.8,29,16,null,.253,null,null,28.52,.8,1.8,0,7,8.083,6,.073,.189,2.4,.5,2.8,.6,5,1,0,8.54,null,null,null
32,01/10/2009,01/10/2009,50.62699890136719,null,null,null,25,Clear,odour free,7.1,29,16,null,null,null,null,null,null,1.8,0,9,10.083,6,.098,null,2.4,.98,2.5,.6,4.26,1,0,10.98,null,null,null
33,01/12/2009,01/12/2009,null,null,null,null,26,Clear,odour free,6.63,38,22,null,.221,null,null,22.3,null,2,0,9.016,12.083,10,.191,.44,4,.5,2.8,.6,5,1,0,11,null,null,null
34,01/02/2010,01/02/2010,null,null,null,null,26.5,Clear,odour free,6.24,28,17,null,.094,null,null,19.9,null,2.4,0,8.033,10.083,6,.94,null,2.4,.98,2.3,.5,4.3,1,0,9.8,null,null,null
35,01/04/2010,01/04/2010,null,null,null,null,28,Clear,odour free,6.7,31,18,null,.1,null,null,21.4,null,1.8,0,10,12.083,8,.064,.258,3.2,.98,2.8,.6,5,1,0,12.2,null,null,null
36,01/06/2010,01/06/2010,20.058000564575195,null,null,null,31,Clear,odour free,6.7,37,20,null,.314,null,null,17.5,null,2.3,0,9,12.25,6,.092,.012,2.4,1.5,2.6,.3,4.7,1,0,10.98,null,null,null
37,02/08/2010,02/08/2010,89.0770034790039,null,null,null,24.5,Clear,odour free,6.55,26,18,null,.335,.058,null,22.6,null,1.2,0,9,10.167,6,.176,.31,2.4,1,2.4,.5,4.3,1,0,10.98,null,null,null
38,01/10/2010,01/10/2010,22.753999710083008,null,null,null,25.5,Clear,odour free,6.45,40,24,null,.071,.047,null,23,null,1.2,0,9,13.167,9,.05,.75,3.6,1,3.2,.1,6,1,0,10.98,null,null,null
39,01/12/2010,01/12/2010,null,null,null,null,25.5,Clear,odour free,6.6,25,14,null,.05,.112,null,11.4,null,2.4,0,10,12.25,6,null,null,2.4,1.5,2,.2,3.6,1,0,12.2,null,null,null
40,01/02/2011,01/02/2011,null,null,null,null,24.5,Clear,odour free,6.55,36,20,null,.05,.01,null,9.7,null,null,0,10.984,12.167,8,.069,null,3.2,1,2.5,.5,4.3,1,0,13.4,null,null,null
41,01/04/2011,01/04/2011,null,null,null,null,24.5,Clear,odour free,7,33,19,null,.05,null,null,15.5,null,null,0,10.984,12.167,8,.114,.15,3.2,1,2.4,.5,4.26,1,0,13.4,null,null,null
42,02/05/2011,02/05/2011,null,null,null,null,null,null,null,null,null,null,null,null,null,null,null,null,null,null,null,null,null,null,null,null,null,null,null,null,null,null,null,null,null,null
43,01/06/2011,02/06/2011,3.825000047683716,null,null,null,26,Light Brown,odour free,5.9,38,27,null,null,null,null,10.2,null,null,0,11.967,12.083,10,.069,null,4,.5,2.4,.5,4.5,.5,0,14.6,null,null,null
44,01/08/2011,02/08/2011,71.16600036621094,null,null,null,25,Brown,odour free,6.5,32,22,null,null,.135,null,12,null,null,0,9.016,12.042,10,.058,.105,4,.49,2.9,.5,5.5,.5,0,11,null,null,null
45,01/10/2011,01/10/2011,39.564998626708984,null,null,null,26,Clear,odour free,6,30,17,null,.013,.199,null,12,null,null,0,9.016,10.083,8,.008,.4,3.2,.5,2.5,.3,4.2,.6,0,11,null,null,null
46,01/12/2011,01/12/2011,17.87299919128418,null,null,null,26,Clear,odour free,6.4,28,16,null,null,null,null,8.6,null,null,0,10,10.167,6,.032,.02,2.4,1,2.5,.4,4.2,.6,0,12.2,null,null,null
47,01/12/2011,01/12/2011,17.87299919128418,null,null,null,26,Clear,odour free,6.4,28,16,null,null,null,null,8.6,null,null,0,10,10.167,6,.032,.02,2.4,1,2.5,.4,4.2,.6,0,12.2,null,null,null
48,01/02/2012,01/02/2012,4.73199987411499,null,null,null,25,Clear,odour free,6.9,35,20,null,.15,null,null,8.8,.4,null,0,11.967,14.167,10,.051,.065,4,1,2.7,.4,5,.6,0,14.6,null,null,null
49,01/02/2012,01/02/2012,4.73199987411499,null,null,null,25,Clear,odour free,6.9,35,20,null,.15,null,null,8.8,.4,null,0,11.967,14.167,10,.051,.065,4,1,2.7,.4,5,.6,0,14.6,null,null,null
50,02/04/2012,02/04/2012,17.611000061035156,null,null,null,29,Clear,odour free,6.45,31,20,null,null,null,null,8.4,null,null,0,10,12.167,8,.018,.067,3.2,1,2.7,.5,5,1,0,12.2,null,null,null
51,02/04/2012,02/04/2012,17.611000061035156,null,null,null,29,Clear,odour free,6.45,31,20,null,null,null,null,8.4,null,null,0,10,12.167,8,.018,.067,3.2,1,2.7,.5,5,1,0,12.2,null,null,null
52,01/06/2012,01/06/2012,2.7939999103546143,null,null,null,28,Light Brown,odour free,7.9,34,20,null,null,.41,null,10.1,null,null,0,11,14.167,10,.015,.04,4,1,2.2,.6,4,1,0,13.42,null,null,null
53,01/06/2012,01/06/2012,2.7939999103546143,null,null,null,28,Light Brown,odour free,7.9,34,20,null,null,.41,null,10.1,null,null,0,11,14.167,10,.015,.04,4,1,2.2,.6,4,1,0,13.42,null,null,null
54,01/08/2012,01/08/2012,53.56700134277344,null,null,null,26,Light Brown,odour free,6.35,42,27,null,0,.59,null,8.4,null,null,0,10,14.25,8,0,.005,3.2,1.5,2.6,.5,4.9,.6,0,12.2,null,null,null
55,01/08/2012,01/08/2012,53.56700134277344,null,null,null,26,Light Brown,odour free,6.35,42,27,null,0,.59,null,8.4,null,null,0,10,14.25,8,0,.005,3.2,1.5,2.6,.5,4.9,.6,0,12.2,null,null,null
56,01/10/2012,10/10/2012,36.45500183105469,null,null,null,26,Clear,odour free,7,31,21,null,0,.572,null,6.4,null,null,0,10.82,14.167,10,.014,.005,4,1,2.2,.7,3.6,1.1,0,13.2,null,null,null
57,01/10/2012,10/10/2012,36.45500183105469,null,null,null,26,Clear,odour free,7,31,21,null,0,.572,null,6.4,null,null,0,10.82,14.167,10,.014,.005,4,1,2.2,.7,3.6,1.1,0,13.2,null,null,null
58,01/12/2012,01/12/2012,10.053999900817871,null,null,null,26,Clear,odour free,6.5,30,17,null,0,.656,null,9.2,null,null,0,11.967,14.167,10,.322,.09,4,1,3,.5,5.6,.8,0,14.6,null,null,null
59,01/12/2012,01/12/2012,10.053999900817871,null,null,null,26,Clear,odour free,6.5,30,17,null,0,.656,null,9.2,null,null,0,11.967,14.167,10,.322,.09,4,1,3,.5,5.6,.8,0,14.6,null,null,null
60,01/02/2013,01/02/2013,6.288000106811523,null,null,null,26,Clear,odour free,6.5,29,16,null,.002,.285,null,11.8,null,null,0,10,12.167,8,.157,.04,3.2,1,2.2,.5,3.5,.5,0,12.2,null,null,null
61,01/02/2013,01/02/2013,6.288000106811523,null,null,null,26,Clear,odour free,6.5,29,16,null,.002,.285,null,11.8,null,null,0,10,12.167,8,.157,.04,3.2,1,2.2,.5,3.5,.5,0,12.2,null,null,null
62,01/04/2013,01/04/2013,2.0840001106262207,null,null,7.1,29,Clear,odour free,6.5,32,18,null,null,.204,null,11.5,.4,2.2,0,13.033,16.125,8,.176,.009,3.2,1.95,2,.5,3.6,1.4,0,15.9,900,500,null
63,01/04/2013,01/04/2013,2.0840001106262207,null,null,7.1,29,Clear,odour free,6.5,32,18,null,null,.204,null,11.5,.4,2.2,0,13.033,16.125,8,.176,.009,3.2,1.95,2,.5,3.6,1.4,0,15.9,900,500,null
64,01/05/2013,01/05/2013,1.7139999866485596,null,null,null,null,null,null,null,null,null,null,null,null,null,null,null,null,null,null,null,null,null,null,null,null,null,null,null,null,null,null,null,null,null
65,01/05/2013,01/05/2013,1.7139999866485596,null,null,null,null,null,null,null,null,null,null,null,null,null,null,null,null,null,null,null,null,null,null,null,null,null,null,null,null,null,null,null,null,null
66,01/06/2013,01/06/2013,197.14599609375,7,40,7.7,26,Clear,odour free,6.8,29,19,null,null,.215,null,3,.21,1.6,0,10,14.25,8,.072,.01,3.2,1.5,2.8,.8,5.6,.9,0,12.2,1600,1600,null
67,01/06/2013,01/06/2013,197.14599609375,7,40,7.7,26,Clear,odour free,6.8,29,19,null,null,.215,null,3,.21,1.6,0,10,14.25,8,.072,.01,3.2,1.5,2.8,.8,5.6,.9,0,12.2,1600,1600,null
68,01/08/2013,02/08/2013,229.88900756835938,null,30,8.6,24.5,Clear,odour free,6.4,25,15,null,null,.194,null,8.5,.6,4,0,9.016,12.167,8,.093,.055,3.2,1,3.1,.5,5.6,.9,0,11,null,null,null
69,01/08/2013,02/08/2013,229.88900756835938,null,30,8.6,24.5,Clear,odour free,6.4,25,15,null,null,.194,null,8.5,.6,4,0,9.016,12.167,8,.093,.055,3.2,1,3.1,.5,5.6,.9,0,11,null,null,null
70,01/10/2013,02/10/2013,46.154998779296875,6.8,36,4.4,25,Clear,odour free,6.87,26,18,null,null,.101,null,4,.4,2.6,0,9.016,10.083,8,.06,.02,3.2,.5,2.1,.4,3.6,0,0,11,500,300,null
71,01/10/2013,02/10/2013,46.154998779296875,6.8,36,4.4,25,Clear,odour free,6.87,26,18,null,null,.101,null,4,.4,2.6,0,9.016,10.083,8,.06,.02,3.2,.5,2.1,.4,3.6,0,0,11,500,300,null
72,01/12/2013,03/12/2013,28.520000457763672,6.8,37,6.4,25.5,Clear,odour free,7.05,28,19,null,null,.104,null,3.5,.211,1.2,0,9.098,10.167,6,.045,.03,2.4,1,2.4,.5,4.5,.9,0,11.1,900,500,null
73,01/12/2013,03/12/2013,28.520000457763672,6.8,37,6.4,25.5,Clear,odour free,7.05,28,19,null,null,.104,null,3.5,.211,1.2,0,9.098,10.167,6,.045,.03,2.4,1,2.4,.5,4.5,.9,0,11.1,900,500,null
