Standard Parameter Analysis Data of : Lalganj (GGS00C2)
Laboratory : CWC KGBO Hyderabad (LKD) 
Period : January-2005 To January-2014 
S.No.,Date_of_Collection,Date_of_Receipt,Discharge(cumecs),pH_FLD,EC_FLD(umho/cm),DO(mg/l),Water Temp(deg C),Colour,Odour,pH_GEN,EC_GEN(umho/cm),TDS(mg/l),SS(mg/l),NH3(mg N/l),NO2+NO3(mg N/l),Total_Nutrients(mg P/l),SiO2(mg/l),BOD(mg/l),COD(mg/l),Phen(mg CaCO3/l),Total_Alkallnity(mg CaCO3/l),Total_Hardness(mg CaCO3/l),Ca_Hardness(mg CaCO3/l),F(mg/l),B(mg/l),Ca_Major_Ions(mg/l),Mg(mg/l),Na(mg/l),K(mg/l),Cl(mg/l),SO4(mg/l),CO3(mg/l),HCO3(mg/l),Total_Coliforms(MPN/100ml),Faecal(MPN/100ml),Chlorophyll-A(ug/L)
1,01/06/2005,,null,null,null,null,null,null,null,null,null,null,null,null,null,null,null,null,null,null,null,null,null,null,null,null,null,null,null,null,null,null,null,null,null,null
2,01/08/2005,,null,null,null,null,null,null,null,null,null,null,null,null,null,null,null,null,null,null,null,null,null,null,null,null,null,null,null,null,null,null,null,null,null,null
3,01/10/2005,,null,null,null,null,null,null,null,null,null,null,null,null,null,null,null,null,null,null,null,null,null,null,null,null,null,null,null,null,null,null,null,null,null,null
4,01/12/2005,,null,null,null,null,null,null,null,null,null,null,null,null,null,null,null,null,null,null,null,null,null,null,null,null,null,null,null,null,null,null,null,null,null,null
5,01/02/2006,,null,null,null,null,null,null,null,null,null,null,null,null,null,null,null,null,null,null,null,null,null,null,null,null,null,null,null,null,null,null,null,null,null,null
6,01/04/2006,,null,null,null,null,null,null,null,null,null,null,null,null,null,null,null,null,null,null,null,null,null,null,null,null,null,null,null,null,null,null,null,null,null,null
7,01/06/2006,,null,null,null,null,null,null,null,null,null,null,null,null,null,null,null,null,null,null,null,null,null,null,null,null,null,null,null,null,null,null,null,null,null,null
8,01/08/2006,,null,null,null,null,null,null,null,null,null,null,null,null,null,null,null,null,null,null,null,null,null,null,null,null,null,null,null,null,null,null,null,null,null,null
9,01/10/2006,,null,null,null,null,null,null,null,null,null,null,null,null,null,null,null,null,null,null,null,null,null,null,null,null,null,null,null,null,null,null,null,null,null,null
10,01/12/2006,,null,null,null,null,null,null,null,null,null,null,null,null,null,null,null,null,null,null,null,null,null,null,null,null,null,null,null,null,null,null,null,null,null,null
11,01/02/2007,,null,null,null,null,null,null,null,null,null,null,null,null,null,null,null,null,null,null,null,null,null,null,null,null,null,null,null,null,null,null,null,null,null,null
12,01/04/2007,,null,null,null,null,null,null,null,null,null,null,null,null,null,null,null,null,null,null,null,null,null,null,null,null,null,null,null,null,null,null,null,null,null,null
13,01/06/2007,,null,null,null,null,null,null,null,null,null,null,null,null,null,null,null,null,null,null,null,null,null,null,null,null,null,null,null,null,null,null,null,null,null,null
14,01/08/2007,,null,null,null,null,null,null,null,null,null,null,null,null,null,null,null,null,null,null,null,null,null,null,null,null,null,null,null,null,null,null,null,null,null,null
15,01/10/2007,,null,null,null,null,null,null,null,null,null,null,null,null,null,null,null,null,null,null,null,null,null,null,null,null,null,null,null,null,null,null,null,null,null,null
16,01/12/2007,,null,null,null,null,null,null,null,null,null,null,null,null,null,null,null,null,null,null,null,null,null,null,null,null,null,null,null,null,null,null,null,null,null,null
17,01/02/2008,,null,null,null,null,null,null,null,null,null,null,null,null,null,null,null,null,null,null,null,null,null,null,null,null,null,null,null,null,null,null,null,null,null,null
18,01/06/2008,03/06/2008,null,8.49,235,null,31,Clear,odour free,8.5,235,null,null,null,null,null,null,null,null,21.912,102,76.617,36.075,null,null,14.43,9.73,17.5,30.1,15,null,26.4,70.76,null,null,null
19,01/08/2008,03/08/2008,null,8.4,202,null,29,Brown,odour free,8.4,202,null,null,null,null,null,null,null,null,13.944,76,120.892,60.1,null,null,24.04,14.59,15,27.4,10,10,16.8,58.56,null,null,null
20,01/10/2008,03/10/2008,null,8.38,262,null,27,Brown,odour free,8.38,262,null,null,null,null,null,null,null,null,15.936,118,149.108,76.15,null,null,30.46,17.51,null,null,9,null,19.2,104.92,null,null,null
21,01/12/2008,03/12/2008,null,8.31,281,null,20,Light Green,odour free,8.31,281,null,null,null,null,null,null,null,null,9.96,128,145.067,76.15,null,null,30.46,16.54,null,null,14,null,12,131.76,null,null,null
22,01/02/2009,03/02/2009,null,8.53,295,null,17,Light Green,odour free,null,null,null,null,null,null,null,null,null,null,17.928,124,315.658,44.075,null,null,17.63,65.18,null,null,19,null,21.6,107.36,null,null,null
23,01/04/2009,03/04/2009,null,8.43,267,null,25,Light Green,odour free,8.43,267,null,null,null,null,null,null,null,null,21.912,112,129.058,56.1,null,null,22.44,17.51,null,null,17,null,26.4,82.96,null,null,null
24,01/06/2009,03/06/2009,null,null,null,null,30,Clear,odour free,8.56,225,null,null,null,null,null,null,null,null,13.944,112,129.017,60.1,null,null,24.04,16.54,null,null,13,null,16.8,102.48,null,null,null
25,01/08/2009,03/08/2009,null,null,null,null,28,Clear,odour free,8.52,208,null,null,null,null,null,null,null,null,15.936,94,120.55,92.175,null,null,36.87,6.81,null,null,10,null,19.2,75.64,null,null,null
26,01/10/2009,03/10/2009,null,null,null,null,29,Clear,odour free,8.37,216,null,null,null,null,null,null,null,null,19.92,62,108.525,80.15,null,null,32.06,6.81,null,null,10,null,24,26.84,null,null,null
27,01/12/2009,03/12/2009,null,null,null,null,18.5,Clear,odour free,8.41,250,null,null,null,null,null,null,null,null,21.912,124,149.108,76.15,null,null,30.46,17.51,null,null,12,null,26.4,97.6,null,null,null
28,01/02/2010,03/02/2010,null,null,null,null,17.5,Clear,odour free,8.35,248,null,null,null,null,null,null,null,null,13.944,142,157.15,80.15,null,null,32.06,18.48,null,null,17,null,16.8,139.08,null,null,null
29,01/04/2010,03/04/2010,null,null,null,null,25,Clear,odour free,8.46,351,null,null,null,null,null,null,null,null,27.888,136,153.008,88.175,null,null,35.27,15.56,null,null,18,null,33.6,97.6,null,null,null
30,01/06/2010,02/06/2010,null,null,null,null,null,null,null,null,null,null,null,null,null,null,null,null,null,null,null,null,null,null,null,null,null,null,null,null,null,null,null,null,null,null
31,01/08/2010,02/08/2010,null,null,null,null,null,null,null,null,null,null,null,null,null,null,null,null,null,null,null,null,null,null,null,null,null,null,null,null,null,null,null,null,null,null
32,01/10/2010,02/10/2010,null,null,null,null,null,null,null,null,null,null,null,null,null,null,null,null,null,null,null,null,null,null,null,null,null,null,null,null,null,null,null,null,null,null
33,01/12/2010,02/12/2010,null,null,null,null,null,null,null,null,null,null,null,null,null,null,null,null,null,null,null,null,null,null,null,null,null,null,null,null,null,null,null,null,null,null
34,01/02/2011,02/02/2011,null,null,null,null,null,null,null,null,null,null,null,null,null,null,null,null,null,null,null,null,null,null,null,null,null,null,null,null,null,null,null,null,null,null
35,01/04/2011,02/04/2011,null,null,null,null,null,null,null,null,null,null,null,null,null,null,null,null,null,null,null,null,null,null,null,null,null,null,null,null,null,null,null,null,null,null
36,01/06/2011,02/06/2011,null,7.71,327,null,31,Light Green,odour free,7.7,327,null,null,null,null,null,null,null,null,33.864,157.533,146.183,94.6,null,null,37.84,12.38,null,null,44,null,40.8,109.23,null,null,null
37,01/08/2011,02/08/2011,null,8.4,230,null,30,Brown,odour free,8.4,230,null,null,null,null,null,null,null,null,7.968,80,219.283,81.7,null,null,32.68,33.02,null,null,20,25,9.6,78.08,null,null,null
38,01/10/2011,03/10/2011,null,8.45,245,null,26.5,Brown,odour free,8.4,245,null,null,null,null,null,null,null,null,9.96,76,172.008,47.3,null,null,18.92,29.93,null,null,26,14,12,68.32,null,null,null
39,01/12/2011,02/12/2011,null,8.18,310,null,16,Brown,odour free,8.18,4105.8,null,null,null,null,null,null,null,null,11.952,128,219.317,98.9,null,null,39.56,28.9,null,null,30,12.5,14.4,126.88,null,null,null
40,01/02/2012,02/02/2012,null,null,null,null,null,null,null,null,null,null,null,null,null,null,null,null,null,null,null,null,null,null,null,null,null,null,null,null,null,null,null,null,null,null
41,02/04/2012,03/04/2012,null,8.18,410,null,25,Light Green,odour free,8.2,410,null,null,null,null,null,null,null,null,13.944,132,163.417,64.5,null,null,25.8,23.74,null,null,26,29,16.8,126.88,null,null,null
42,01/06/2012,02/06/2012,null,8.31,450,null,31,Brown,odour free,8.3,450,null,null,null,null,null,null,null,null,15.936,136,150.5,43,null,null,17.2,25.8,null,null,32,21,19.2,126.88,null,null,null
43,01/08/2012,02/08/2012,null,8.23,270,null,28,Brown,odour free,8.23,270,null,null,null,null,null,null,null,null,5.976,86,141.9,98.9,null,null,39.56,10.32,null,null,20,19,7.2,90.28,null,null,null
44,01/10/2012,03/10/2012,null,8.02,340,null,28,Brown,odour free,8.02,340,null,null,null,null,null,null,null,null,11.952,124.656,146,60,null,null,24,20.64,null,null,28,16,14.4,122.8,null,null,null
45,01/12/2012,02/12/2012,null,8.22,320,null,18,Light Green,odour free,8.2,320,null,null,null,null,null,null,null,null,21.912,166,141.908,60.2,null,null,24.08,19.61,null,null,42,90,26.4,148.84,null,null,null
46,01/04/2013,02/04/2013,null,8.33,295,null,26,Light Green,odour free,8.33,295,null,null,null,null,null,null,null,null,19.962,140.124,150.508,47.3,null,null,18.92,24.77,null,null,36,90,24.05,122.05,null,null,null
47,01/06/2013,03/06/2013,null,8.25,243,null,25.5,Light Brown,odour free,8.3,243,156,84,null,null,null,null,null,null,11.952,100,159.108,55.9,null,null,22.36,24.77,66.7,35.38,26,2,14.4,92.72,null,null,null
48,01/08/2013,02/08/2013,null,8.45,237,null,29,Brown,odour free,8.4,237,152,108,null,null,null,null,null,null,16.268,112.667,150.492,60.2,null,null,24.08,21.67,49.1,23.1,26,null,19.6,97.6,null,null,null
49,01/10/2013,02/10/2013,null,8.35,292,null,27,Brown,odour free,8.4,292,187,null,null,null,null,null,null,null,23.904,196,163.4,77.4,null,null,30.96,20.64,39.6,32.3,18,null,28.8,180.56,null,null,null
50,01/12/2013,02/12/2013,null,null,null,null,null,null,null,null,null,null,null,null,null,null,null,null,null,null,null,null,null,null,null,null,null,null,null,null,null,null,null,null,null,null
