Standard Parameter Analysis Data of : Lowara (01 02 09 001)
Laboratory : CWC NTBO Ahmedabad 
Period : January-2005 To January-2014 
S.No.,Date_of_Collection,Date_of_Receipt,Discharge(cumecs),pH_FLD,EC_FLD(umho/cm),DO(mg/l),Water Temp(deg C),Colour,Odour,pH_GEN,EC_GEN(umho/cm),TDS(mg/l),SS(mg/l),NH3(mg N/l),NO2+NO3(mg N/l),Total_Nutrients(mg P/l),SiO2(mg/l),BOD(mg/l),COD(mg/l),Phen(mg CaCO3/l),Total_Alkallnity(mg CaCO3/l),Total_Hardness(mg CaCO3/l),Ca_Hardness(mg CaCO3/l),F(mg/l),B(mg/l),Ca_Major_Ions(mg/l),Mg(mg/l),Na(mg/l),K(mg/l),Cl(mg/l),SO4(mg/l),CO3(mg/l),HCO3(mg/l),Total_Coliforms(MPN/100ml),Faecal(MPN/100ml),Chlorophyll-A(ug/L)
1,01/06/2005,,0,null,null,null,null,null,null,null,null,null,null,null,null,null,null,null,null,null,null,null,null,null,null,null,null,null,null,null,null,null,null,null,null,null
2,01/06/2005,,0,null,null,null,null,null,null,null,null,null,null,null,null,null,null,null,null,null,null,null,null,null,null,null,null,null,null,null,null,null,null,null,null,null
3,01/07/2005,,127.822998046875,null,null,null,null,null,null,null,null,null,null,null,null,null,null,null,null,null,null,null,null,null,null,null,null,null,null,null,null,null,null,null,null,null
4,01/07/2005,,127.822998046875,null,null,null,null,null,null,null,null,null,null,null,null,null,null,null,null,null,null,null,null,null,null,null,null,null,null,null,null,null,null,null,null,null
5,01/08/2005,02/08/2005,16.341999053955078,null,null,7.3,26,Brown,odour free,8.2,560,385,56,null,.238,.02,12.46,.7,null,0,216.48,116.5,84,.28,null,33.6,7.8,28,1,38,12.48,0,132,null,null,null
6,01/08/2005,02/08/2005,16.341999053955078,null,null,7.3,26,Brown,odour free,8.2,560,385,56,null,.238,.02,12.46,.7,null,0,216.48,116.5,84,.28,null,33.6,7.8,28,1,38,12.48,0,132,null,null,null
7,01/09/2005,,0.30000001192092896,null,null,null,null,null,null,null,null,null,null,null,null,null,null,null,null,null,null,null,null,null,null,null,null,null,null,null,null,null,null,null,null,null
8,01/09/2005,,0.30000001192092896,null,null,null,null,null,null,null,null,null,null,null,null,null,null,null,null,null,null,null,null,null,null,null,null,null,null,null,null,null,null,null,null,null
9,01/10/2005,02/10/2005,15.916999816894531,null,null,6.8,27,Clear,odour free,8.2,830,540,92,null,.258,.02,18.86,.5,null,0,267.32,130.483,89.65,.46,null,35.86,9.8,70,2,92,14.86,0,163,null,null,null
10,01/10/2005,02/10/2005,15.916999816894531,null,null,6.8,27,Clear,odour free,8.2,830,540,92,null,.258,.02,18.86,.5,null,0,267.32,130.483,89.65,.46,null,35.86,9.8,70,2,92,14.86,0,163,null,null,null
11,02/11/2005,,0.6000000238418579,null,null,null,null,null,null,null,null,null,null,null,null,null,null,null,null,null,null,null,null,null,null,null,null,null,null,null,null,null,null,null,null,null
12,02/11/2005,,0.6000000238418579,null,null,null,null,null,null,null,null,null,null,null,null,null,null,null,null,null,null,null,null,null,null,null,null,null,null,null,null,null,null,null,null,null
13,01/12/2005,02/12/2005,0.10000000149011612,null,null,8,17,Light Brown,odour free,8,4452,3174,34,.45,.335,.03,18,.2,null,0,719.96,401.667,240,.77,null,96,38.8,344,5,446,156,0,439,null,null,null
14,01/12/2005,02/12/2005,0.10000000149011612,null,null,8,17,Light Brown,odour free,8,4452,3174,34,.45,.335,.03,18,.2,null,0,719.96,401.667,240,.77,null,96,38.8,344,5,446,156,0,439,null,null,null
15,02/01/2006,03/01/2006,0,null,null,null,null,null,null,null,null,null,null,null,null,null,null,null,null,null,null,null,null,null,null,null,null,null,null,null,null,null,null,null,null,null
16,02/01/2006,03/01/2006,0,null,null,null,null,null,null,null,null,null,null,null,null,null,null,null,null,null,null,null,null,null,null,null,null,null,null,null,null,null,null,null,null,null
17,01/02/2006,02/02/2006,0,null,null,7.1,16,Clear,odour free,7.95,5450,3538,120,.67,.616,.06,20,.9,null,0,400,466.667,250,1.1,null,100,52,430,7,560,200,0,488,null,null,null
18,01/02/2006,02/02/2006,0,null,null,7.1,16,Clear,odour free,7.95,5450,3538,120,.67,.616,.06,20,.9,null,0,400,466.667,250,1.1,null,100,52,430,7,560,200,0,488,null,null,null
19,01/03/2006,02/03/2006,0,null,null,null,null,null,null,null,null,null,null,null,null,null,null,null,null,null,null,null,null,null,null,null,null,null,null,null,null,null,null,null,null,null
20,01/03/2006,02/03/2006,0,null,null,null,null,null,null,null,null,null,null,null,null,null,null,null,null,null,null,null,null,null,null,null,null,null,null,null,null,null,null,null,null,null
21,01/04/2006,02/04/2006,0,null,null,null,null,null,null,null,null,null,null,null,null,null,null,null,null,null,null,null,null,null,null,null,null,null,null,null,null,null,null,null,null,null
22,01/04/2006,02/04/2006,0,null,null,null,null,null,null,null,null,null,null,null,null,null,null,null,null,null,null,null,null,null,null,null,null,null,null,null,null,null,null,null,null,null
23,01/05/2006,02/05/2006,0,null,null,null,null,null,null,null,null,null,null,null,null,null,null,null,null,null,null,null,null,null,null,null,null,null,null,null,null,null,null,null,null,null
24,01/05/2006,02/05/2006,0,null,null,null,null,null,null,null,null,null,null,null,null,null,null,null,null,null,null,null,null,null,null,null,null,null,null,null,null,null,null,null,null,null
25,01/06/2006,,null,null,null,null,null,null,null,null,null,null,null,null,null,null,null,null,null,null,null,null,null,null,null,null,null,null,null,null,null,null,null,null,null,null
26,01/07/2006,,3.0169999599456787,null,null,null,null,null,null,null,null,null,null,null,null,null,null,null,null,null,null,null,null,null,null,null,null,null,null,null,null,null,null,null,null,null
27,01/07/2006,,3.0169999599456787,null,null,null,null,null,null,null,null,null,null,null,null,null,null,null,null,null,null,null,null,null,null,null,null,null,null,null,null,null,null,null,null,null
28,01/08/2006,02/08/2006,130.10000610351563,null,null,10.1,26,Brown,odour free,7.97,338,300,398,null,2.269,.05,36.39,1.3,null,0,203.36,112.508,84.175,.45,null,33.67,6.8,32,.52,42,9.8,0,124,null,null,null
29,01/08/2006,02/08/2006,130.10000610351563,null,null,10.1,26,Brown,odour free,7.97,338,300,398,null,2.269,.05,36.39,1.3,null,0,203.36,112.508,84.175,.45,null,33.67,6.8,32,.52,42,9.8,0,124,null,null,null
30,01/09/2006,,9.163000106811523,null,null,null,null,null,null,null,null,null,null,null,null,null,null,null,null,null,null,null,null,null,null,null,null,null,null,null,null,null,null,null,null,null
31,01/09/2006,,9.163000106811523,null,null,null,null,null,null,null,null,null,null,null,null,null,null,null,null,null,null,null,null,null,null,null,null,null,null,null,null,null,null,null,null,null
32,01/10/2006,02/10/2006,4.160999774932861,null,null,8.1,31,Clear,odour free,7.24,3000,2042,238,.25,2.269,.05,32.48,1.3,null,0,560.88,321.717,216.425,.88,null,86.57,25.27,302,4,390,124,0,342,null,null,null
33,01/10/2006,02/10/2006,4.160999774932861,null,null,8.1,31,Clear,odour free,7.24,3000,2042,238,.25,2.269,.05,32.48,1.3,null,0,560.88,321.717,216.425,.88,null,86.57,25.27,302,4,390,124,0,342,null,null,null
34,01/11/2006,,0,null,null,null,null,null,null,null,null,null,null,null,null,null,null,null,null,null,null,null,null,null,null,null,null,null,null,null,null,null,null,null,null,null
35,01/11/2006,,0,null,null,null,null,null,null,null,null,null,null,null,null,null,null,null,null,null,null,null,null,null,null,null,null,null,null,null,null,null,null,null,null,null
36,01/12/2006,02/12/2006,0,null,null,5.7,22,Clear,odour free,7.8,5720,4020,218,.121,4.794,.08,34,.4,null,0,775.72,475.125,262.5,1.12,null,105,51.03,438,10,570,218,0,473,null,null,null
37,01/12/2006,02/12/2006,0,null,null,5.7,22,Clear,odour free,7.8,5720,4020,218,.121,4.794,.08,34,.4,null,0,775.72,475.125,262.5,1.12,null,105,51.03,438,10,570,218,0,473,null,null,null
38,02/01/2007,,0,null,null,null,null,null,null,null,null,null,null,null,null,null,null,null,null,null,null,null,null,null,null,null,null,null,null,null,null,null,null,null,null,null
39,02/01/2007,,0,null,null,null,null,null,null,null,null,null,null,null,null,null,null,null,null,null,null,null,null,null,null,null,null,null,null,null,null,null,null,null,null,null
40,01/02/2007,02/02/2007,0,null,null,8.1,21,Clear,odour free,8.02,8840,6012,328,.1,5.798,.06,36.39,1.3,null,0,975.8,600.833,432.75,1.18,null,173.1,40.34,568,15,738,288,0,595,null,null,null
41,01/02/2007,02/02/2007,0,null,null,8.1,21,Clear,odour free,8.02,8840,6012,328,.1,5.798,.06,36.39,1.3,null,0,975.8,600.833,432.75,1.18,null,173.1,40.34,568,15,738,288,0,595,null,null,null
42,01/03/2007,,0,null,null,null,null,null,null,null,null,null,null,null,null,null,null,null,null,null,null,null,null,null,null,null,null,null,null,null,null,null,null,null,null,null
43,01/03/2007,,0,null,null,null,null,null,null,null,null,null,null,null,null,null,null,null,null,null,null,null,null,null,null,null,null,null,null,null,null,null,null,null,null,null
44,02/04/2007,,0,null,null,null,null,null,null,null,null,null,null,null,null,null,null,null,null,null,null,null,null,null,null,null,null,null,null,null,null,null,null,null,null,null
45,02/04/2007,,0,null,null,null,null,null,null,null,null,null,null,null,null,null,null,null,null,null,null,null,null,null,null,null,null,null,null,null,null,null,null,null,null,null
46,01/05/2007,,null,null,null,null,null,null,null,null,null,null,null,null,null,null,null,null,null,null,null,null,null,null,null,null,null,null,null,null,null,null,null,null,null,null
47,01/06/2007,,0,null,null,null,null,null,null,null,null,null,null,null,null,null,null,null,null,null,null,null,null,null,null,null,null,null,null,null,null,null,null,null,null,null
48,01/06/2007,,0,null,null,null,null,null,null,null,null,null,null,null,null,null,null,null,null,null,null,null,null,null,null,null,null,null,null,null,null,null,null,null,null,null
49,02/07/2007,,782.5770263671875,null,null,null,null,null,null,null,null,null,null,null,null,null,null,null,null,null,null,null,null,null,null,null,null,null,null,null,null,null,null,null,null,null
50,02/07/2007,,782.5770263671875,null,null,null,null,null,null,null,null,null,null,null,null,null,null,null,null,null,null,null,null,null,null,null,null,null,null,null,null,null,null,null,null,null
51,01/08/2007,02/08/2007,78.13700103759766,null,null,6.2,27,Light Brown,odour free,8.48,251,184,346,.05,.938,.02,23.74,1.8,null,4.15,169.07,104.567,72.15,.49,null,28.86,7.78,21.4,.7,32,6.4,5,98,null,null,null
52,01/08/2007,02/08/2007,78.13700103759766,null,null,6.2,27,Light Brown,odour free,8.48,251,184,346,.05,.938,.02,23.74,1.8,null,4.15,169.07,104.567,72.15,.49,null,28.86,7.78,21.4,.7,32,6.4,5,98,null,null,null
53,01/09/2007,,351.1239929199219,null,null,null,null,null,null,null,null,null,null,null,null,null,null,null,null,null,null,null,null,null,null,null,null,null,null,null,null,null,null,null,null,null
54,01/09/2007,,351.1239929199219,null,null,null,null,null,null,null,null,null,null,null,null,null,null,null,null,null,null,null,null,null,null,null,null,null,null,null,null,null,null,null,null,null
55,01/10/2007,02/10/2007,106.0469970703125,null,null,8.5,26,Clear,odour free,8.28,876,596,30,.05,6.011,.02,34.32,2.9,null,0,344.4,220.85,180.35,.46,null,72.14,9.72,72.97,2.7,94,42.2,0,210,null,null,null
56,01/10/2007,02/10/2007,106.0469970703125,null,null,8.5,26,Clear,odour free,8.28,876,596,30,.05,6.011,.02,34.32,2.9,null,0,344.4,220.85,180.35,.46,null,72.14,9.72,72.97,2.7,94,42.2,0,210,null,null,null
57,01/11/2007,,7.9770002365112305,null,null,null,null,null,null,null,null,null,null,null,null,null,null,null,null,null,null,null,null,null,null,null,null,null,null,null,null,null,null,null,null,null
58,01/11/2007,,7.9770002365112305,null,null,null,null,null,null,null,null,null,null,null,null,null,null,null,null,null,null,null,null,null,null,null,null,null,null,null,null,null,null,null,null,null
59,01/12/2007,02/12/2007,0.46399998664855957,null,null,8.4,15,Clear,odour free,8.1,4147,2874,100,null,4.413,.01,34.78,.7,null,0,680.6,434.458,276.5,.72,null,110.6,37.91,406.6,.78,524,101.2,0,415,null,null,null
60,01/12/2007,02/12/2007,0.46399998664855957,null,null,8.4,15,Clear,odour free,8.1,4147,2874,100,null,4.413,.01,34.78,.7,null,0,680.6,434.458,276.5,.72,null,110.6,37.91,406.6,.78,524,101.2,0,415,null,null,null
61,01/01/2008,,0,null,null,null,null,null,null,null,null,null,null,null,null,null,null,null,null,null,null,null,null,null,null,null,null,null,null,null,null,null,null,null,null,null
62,01/01/2008,,0,null,null,null,null,null,null,null,null,null,null,null,null,null,null,null,null,null,null,null,null,null,null,null,null,null,null,null,null,null,null,null,null,null
63,01/02/2008,02/02/2008,0,null,null,11.6,16,Clear,odour free,7.95,7036,5200,368,.2,6.135,.04,27.42,3,null,0,1233.28,908.083,677.25,.6,null,270.9,55.4,1274,1.57,1884,148.4,0,752,null,null,null
64,01/02/2008,02/02/2008,0,null,null,11.6,16,Clear,odour free,7.95,7036,5200,368,.2,6.135,.04,27.42,3,null,0,1233.28,908.083,677.25,.6,null,270.9,55.4,1274,1.57,1884,148.4,0,752,null,null,null
65,01/03/2008,,0,null,null,null,null,null,null,null,null,null,null,null,null,null,null,null,null,null,null,null,null,null,null,null,null,null,null,null,null,null,null,null,null,null
66,01/03/2008,,0,null,null,null,null,null,null,null,null,null,null,null,null,null,null,null,null,null,null,null,null,null,null,null,null,null,null,null,null,null,null,null,null,null
67,01/04/2008,,null,null,null,null,null,null,null,null,null,null,null,null,null,null,null,null,null,null,null,null,null,null,null,null,null,null,null,null,null,null,null,null,null,null
68,01/05/2008,,null,null,null,null,null,null,null,null,null,null,null,null,null,null,null,null,null,null,null,null,null,null,null,null,null,null,null,null,null,null,null,null,null,null
69,02/06/2008,,null,null,null,null,null,null,null,null,null,null,null,null,null,null,null,null,null,null,null,null,null,null,null,null,null,null,null,null,null,null,null,null,null,null
70,01/07/2008,,1.1380000114440918,null,null,null,null,null,null,null,null,null,null,null,null,null,null,null,null,null,null,null,null,null,null,null,null,null,null,null,null,null,null,null,null,null
71,01/07/2008,,1.1380000114440918,null,null,null,null,null,null,null,null,null,null,null,null,null,null,null,null,null,null,null,null,null,null,null,null,null,null,null,null,null,null,null,null,null
72,01/08/2008,02/08/2008,15.045000076293945,null,null,10.1,26,Brown,odour free,8.21,504,344,176,.56,5.66,.1,23.03,3.2,null,0,183.68,140.658,104.2,.57,null,41.68,8.75,38.6,1.48,54,26.1,0,112,null,null,null
73,01/08/2008,02/08/2008,15.045000076293945,null,null,10.1,26,Brown,odour free,8.21,504,344,176,.56,5.66,.1,23.03,3.2,null,0,183.68,140.658,104.2,.57,null,41.68,8.75,38.6,1.48,54,26.1,0,112,null,null,null
74,01/09/2008,,2.0380001068115234,null,null,null,null,null,null,null,null,null,null,null,null,null,null,null,null,null,null,null,null,null,null,null,null,null,null,null,null,null,null,null,null,null
75,01/09/2008,,2.0380001068115234,null,null,null,null,null,null,null,null,null,null,null,null,null,null,null,null,null,null,null,null,null,null,null,null,null,null,null,null,null,null,null,null,null
76,01/10/2008,02/10/2008,39.50600051879883,null,null,8.6,28,Brown,odour free,8.2,1028,688,168,.45,4.778,.11,35.1,1.8,null,0,424.76,252.967,208.425,.77,null,83.37,10.69,89.02,1.91,128,29.6,0,259,null,null,null
77,01/10/2008,02/10/2008,39.50600051879883,null,null,8.6,28,Brown,odour free,8.2,1028,688,168,.45,4.778,.11,35.1,1.8,null,0,424.76,252.967,208.425,.77,null,83.37,10.69,89.02,1.91,128,29.6,0,259,null,null,null
78,01/11/2008,,1.6779999732971191,null,null,null,null,null,null,null,null,null,null,null,null,null,null,null,null,null,null,null,null,null,null,null,null,null,null,null,null,null,null,null,null,null
79,01/11/2008,,1.6779999732971191,null,null,null,null,null,null,null,null,null,null,null,null,null,null,null,null,null,null,null,null,null,null,null,null,null,null,null,null,null,null,null,null,null
80,01/12/2008,02/12/2008,0.6690000295639038,null,null,9.2,21,Clear,odour free,8.1,4995,3612,424,.36,9.362,.05,35.1,.9,null,0,1367.76,936.917,641.25,1.04,null,256.5,70.96,672,5.22,952,158.2,0,834,null,null,null
81,01/12/2008,02/12/2008,0.6690000295639038,null,null,9.2,21,Clear,odour free,8.1,4995,3612,424,.36,9.362,.05,35.1,.9,null,0,1367.76,936.917,641.25,1.04,null,256.5,70.96,672,5.22,952,158.2,0,834,null,null,null
82,01/01/2009,,0.35100001096725464,null,null,null,null,null,null,null,null,null,null,null,null,null,null,null,null,null,null,null,null,null,null,null,null,null,null,null,null,null,null,null,null,null
83,01/01/2009,,0.35100001096725464,null,null,null,null,null,null,null,null,null,null,null,null,null,null,null,null,null,null,null,null,null,null,null,null,null,null,null,null,null,null,null,null,null
84,02/02/2009,,0.34299999475479126,null,null,null,null,null,null,null,null,null,null,null,null,null,null,null,null,null,null,null,null,null,null,null,null,null,null,null,null,null,null,null,null,null
85,02/02/2009,,0.34299999475479126,null,null,null,null,null,null,null,null,null,null,null,null,null,null,null,null,null,null,null,null,null,null,null,null,null,null,null,null,null,null,null,null,null
86,02/03/2009,,0.29499998688697815,null,null,null,null,null,null,null,null,null,null,null,null,null,null,null,null,null,null,null,null,null,null,null,null,null,null,null,null,null,null,null,null,null
87,02/03/2009,,0.29499998688697815,null,null,null,null,null,null,null,null,null,null,null,null,null,null,null,null,null,null,null,null,null,null,null,null,null,null,null,null,null,null,null,null,null
88,01/04/2009,,0.2669999897480011,null,null,null,null,null,null,null,null,null,null,null,null,null,null,null,null,null,null,null,null,null,null,null,null,null,null,null,null,null,null,null,null,null
89,01/04/2009,,0.2669999897480011,null,null,null,null,null,null,null,null,null,null,null,null,null,null,null,null,null,null,null,null,null,null,null,null,null,null,null,null,null,null,null,null,null
90,01/05/2009,,null,null,null,null,null,null,null,null,null,null,null,null,null,null,null,null,null,null,null,null,null,null,null,null,null,null,null,null,null,null,null,null,null,null
91,01/06/2009,,null,null,null,null,null,null,null,null,null,null,null,null,null,null,null,null,null,null,null,null,null,null,null,null,null,null,null,null,null,null,null,null,null,null
92,01/07/2009,,0.22200000286102295,null,null,null,null,null,null,null,null,null,null,null,null,null,null,null,null,null,null,null,null,null,null,null,null,null,null,null,null,null,null,null,null,null
93,01/07/2009,,0.22200000286102295,null,null,null,null,null,null,null,null,null,null,null,null,null,null,null,null,null,null,null,null,null,null,null,null,null,null,null,null,null,null,null,null,null
94,01/08/2009,02/08/2009,1.218000054359436,null,null,6,28,Clear,odour free,8.26,3478,2366,204,.46,2.3,.15,20.52,1.4,null,0,500,616.083,344.75,.99,null,137.9,65.12,642,15.66,950,75.4,0,610,null,null,null
95,01/08/2009,02/08/2009,1.218000054359436,null,null,6,28,Clear,odour free,8.26,3478,2366,204,.46,2.3,.15,20.52,1.4,null,0,500,616.083,344.75,.99,null,137.9,65.12,642,15.66,950,75.4,0,610,null,null,null
96,01/09/2009,,1.0240000486373901,null,null,null,null,null,null,null,null,null,null,null,null,null,null,null,null,null,null,null,null,null,null,null,null,null,null,null,null,null,null,null,null,null
97,01/09/2009,,1.0240000486373901,null,null,null,null,null,null,null,null,null,null,null,null,null,null,null,null,null,null,null,null,null,null,null,null,null,null,null,null,null,null,null,null,null
98,01/10/2009,02/10/2009,0,null,null,9.9,28,Clear,odour free,7.8,7509,5152,1260,.11,6.95,.16,29.36,3.3,null,0,712.295,773.5,388.75,1.16,null,155.5,92.34,1552,24.36,2119,107,0,869,null,null,null
99,01/10/2009,02/10/2009,0,null,null,9.9,28,Clear,odour free,7.8,7509,5152,1260,.11,6.95,.16,29.36,3.3,null,0,712.295,773.5,388.75,1.16,null,155.5,92.34,1552,24.36,2119,107,0,869,null,null,null
100,03/11/2009,,0,null,null,null,null,null,null,null,null,null,null,null,null,null,null,null,null,null,null,null,null,null,null,null,null,null,null,null,null,null,null,null,null,null
101,03/11/2009,,0,null,null,null,null,null,null,null,null,null,null,null,null,null,null,null,null,null,null,null,null,null,null,null,null,null,null,null,null,null,null,null,null,null
102,01/12/2009,,0,null,null,null,null,null,null,null,null,null,null,null,null,null,null,null,null,null,null,null,null,null,null,null,null,null,null,null,null,null,null,null,null,null
103,01/12/2009,,0,null,null,null,null,null,null,null,null,null,null,null,null,null,null,null,null,null,null,null,null,null,null,null,null,null,null,null,null,null,null,null,null,null
104,01/01/2010,,null,null,null,null,null,null,null,null,null,null,null,null,null,null,null,null,null,null,null,null,null,null,null,null,null,null,null,null,null,null,null,null,null,null
105,01/02/2010,,null,null,null,null,null,null,null,null,null,null,null,null,null,null,null,null,null,null,null,null,null,null,null,null,null,null,null,null,null,null,null,null,null,null
106,02/03/2010,,null,null,null,null,null,null,null,null,null,null,null,null,null,null,null,null,null,null,null,null,null,null,null,null,null,null,null,null,null,null,null,null,null,null
107,01/04/2010,,null,null,null,null,null,null,null,null,null,null,null,null,null,null,null,null,null,null,null,null,null,null,null,null,null,null,null,null,null,null,null,null,null,null
108,01/05/2010,,null,null,null,null,null,null,null,null,null,null,null,null,null,null,null,null,null,null,null,null,null,null,null,null,null,null,null,null,null,null,null,null,null,null
109,01/06/2010,,null,null,null,null,null,null,null,null,null,null,null,null,null,null,null,null,null,null,null,null,null,null,null,null,null,null,null,null,null,null,null,null,null,null
110,01/07/2010,,null,null,null,null,null,null,null,null,null,null,null,null,null,null,null,null,null,null,null,null,null,null,null,null,null,null,null,null,null,null,null,null,null,null
111,02/08/2010,03/08/2010,87.80000305175781,null,null,6.3,24,Brown,odour free,8.32,343,198,188,.18,2.32,.04,27.36,.9,null,4.15,91.94,116.608,80.15,.44,null,32.06,8.75,24.4,.52,36,9.2,5,102,null,null,null
112,02/08/2010,03/08/2010,87.80000305175781,null,null,6.3,24,Brown,odour free,8.32,343,198,188,.18,2.32,.04,27.36,.9,null,4.15,91.94,116.608,80.15,.44,null,32.06,8.75,24.4,.52,36,9.2,5,102,null,null,null
113,01/09/2010,,713.4920043945313,null,null,null,null,null,null,null,null,null,null,null,null,null,null,null,null,null,null,null,null,null,null,null,null,null,null,null,null,null,null,null,null,null
114,01/09/2010,,713.4920043945313,null,null,null,null,null,null,null,null,null,null,null,null,null,null,null,null,null,null,null,null,null,null,null,null,null,null,null,null,null,null,null,null,null
115,01/10/2010,02/10/2010,29.461000442504883,null,null,9.3,25,Clear,odour free,7.95,1017,662,168,.2,7.32,.06,34.52,2.7,null,0,172.131,188.8,148.3,.69,null,59.32,9.72,132.7,4.35,172,29.8,0,210,null,null,null
116,01/10/2010,02/10/2010,29.461000442504883,null,null,9.3,25,Clear,odour free,7.95,1017,662,168,.2,7.32,.06,34.52,2.7,null,0,172.131,188.8,148.3,.69,null,59.32,9.72,132.7,4.35,172,29.8,0,210,null,null,null
117,01/11/2010,,0.8790000081062317,null,null,null,null,null,null,null,null,null,null,null,null,null,null,null,null,null,null,null,null,null,null,null,null,null,null,null,null,null,null,null,null,null
118,01/11/2010,,0.8790000081062317,null,null,null,null,null,null,null,null,null,null,null,null,null,null,null,null,null,null,null,null,null,null,null,null,null,null,null,null,null,null,null,null,null
119,01/12/2010,02/12/2010,1.753000020980835,null,null,6.8,20,Clear,odour free,8.15,2452,1566,218,.4,4.98,.13,33.68,1.2,null,0,400,510.458,372.75,.88,null,149.1,33.05,432.3,3.31,640,79.4,0,488,null,null,null
120,01/12/2010,02/12/2010,1.753000020980835,null,null,6.8,20,Clear,odour free,8.15,2452,1566,218,.4,4.98,.13,33.68,1.2,null,0,400,510.458,372.75,.88,null,149.1,33.05,432.3,3.31,640,79.4,0,488,null,null,null
121,01/01/2011,,0.07999999821186066,null,null,null,null,null,null,null,null,null,null,null,null,null,null,null,null,null,null,null,null,null,null,null,null,null,null,null,null,null,null,null,null,null
122,01/01/2011,,0.07999999821186066,null,null,null,null,null,null,null,null,null,null,null,null,null,null,null,null,null,null,null,null,null,null,null,null,null,null,null,null,null,null,null,null,null
123,01/02/2011,,0,null,null,null,null,null,null,null,null,null,null,null,null,null,null,null,null,null,null,null,null,null,null,null,null,null,null,null,null,null,null,null,null,null
124,01/02/2011,,0,null,null,null,null,null,null,null,null,null,null,null,null,null,null,null,null,null,null,null,null,null,null,null,null,null,null,null,null,null,null,null,null,null
125,01/03/2011,,0,null,null,null,null,null,null,null,null,null,null,null,null,null,null,null,null,null,null,null,null,null,null,null,null,null,null,null,null,null,null,null,null,null
126,01/03/2011,,0,null,null,null,null,null,null,null,null,null,null,null,null,null,null,null,null,null,null,null,null,null,null,null,null,null,null,null,null,null,null,null,null,null
127,01/04/2011,,null,null,null,null,null,null,null,null,null,null,null,null,null,null,null,null,null,null,null,null,null,null,null,null,null,null,null,null,null,null,null,null,null,null
128,02/05/2011,,null,null,null,null,null,null,null,null,null,null,null,null,null,null,null,null,null,null,null,null,null,null,null,null,null,null,null,null,null,null,null,null,null,null
129,01/06/2011,,null,null,null,null,null,null,null,null,null,null,null,null,null,null,null,null,null,null,null,null,null,null,null,null,null,null,null,null,null,null,null,null,null,null
130,01/07/2011,,null,null,null,null,null,null,null,null,null,null,null,null,null,null,null,null,null,null,null,null,null,null,null,null,null,null,null,null,null,null,null,null,null,null
131,01/08/2011,02/08/2011,207.60000610351563,null,null,6.4,23,Light Brown,odour free,7.7,219,144,416,.25,1.05,.04,18.32,.3,null,0,68.033,76.617,32.075,1.2,null,12.83,10.69,20.12,.7,26,8.2,0,83,null,null,null
132,01/08/2011,02/08/2011,207.60000610351563,null,null,6.4,23,Light Brown,odour free,7.7,219,144,416,.25,1.05,.04,18.32,.3,null,0,68.033,76.617,32.075,1.2,null,12.83,10.69,20.12,.7,26,8.2,0,83,null,null,null
133,01/09/2011,02/09/2011,48.358001708984375,null,null,7.4,24,Brown,odour free,7.9,650,442,186,.26,3.59,.06,25.28,.9,null,0,172.131,188.667,128.25,.35,null,51.3,14.5,56.99,1.26,78,15.45,0,210,null,null,null
134,01/09/2011,02/09/2011,48.358001708984375,null,null,7.4,24,Brown,odour free,7.9,650,442,186,.26,3.59,.06,25.28,.9,null,0,172.131,188.667,128.25,.35,null,51.3,14.5,56.99,1.26,78,15.45,0,210,null,null,null
135,01/10/2011,02/10/2011,9.65999984741211,null,null,7.4,21,Clear,odour free,8.1,1770,1206,160,.51,6.73,.08,36.84,1.1,null,0,316.393,329.042,284.5,.8,null,113.8,10.69,341.4,2.44,478,18.4,0,386,null,null,null
136,01/10/2011,02/10/2011,9.65999984741211,null,null,7.4,21,Clear,odour free,8.1,1770,1206,160,.51,6.73,.08,36.84,1.1,null,0,316.393,329.042,284.5,.8,null,113.8,10.69,341.4,2.44,478,18.4,0,386,null,null,null
137,01/11/2011,,0.796999990940094,null,null,null,null,null,null,null,null,null,null,null,null,null,null,null,null,null,null,null,null,null,null,null,null,null,null,null,null,null,null,null,null,null
138,01/11/2011,,0.796999990940094,null,null,null,null,null,null,null,null,null,null,null,null,null,null,null,null,null,null,null,null,null,null,null,null,null,null,null,null,null,null,null,null,null
139,01/12/2011,02/12/2011,0,null,null,7.2,18,Clear,odour free,8,4784,3820,200,.36,4.54,.15,42.61,2,null,0,695.902,715.5,513,1.03,null,205.2,48.6,871.5,18,1161,133,0,849,null,null,null
140,01/12/2011,02/12/2011,0,null,null,7.2,18,Clear,odour free,8,4784,3820,200,.36,4.54,.15,42.61,2,null,0,695.902,715.5,513,1.03,null,205.2,48.6,871.5,18,1161,133,0,849,null,null,null
141,02/01/2012,,0,null,null,null,null,null,null,null,null,null,null,null,null,null,null,null,null,null,null,null,null,null,null,null,null,null,null,null,null,null,null,null,null,null
142,02/01/2012,,0,null,null,null,null,null,null,null,null,null,null,null,null,null,null,null,null,null,null,null,null,null,null,null,null,null,null,null,null,null,null,null,null,null
143,01/02/2012,,0,null,null,null,null,null,null,null,null,null,null,null,null,null,null,null,null,null,null,null,null,null,null,null,null,null,null,null,null,null,null,null,null,null
144,01/02/2012,,0,null,null,null,null,null,null,null,null,null,null,null,null,null,null,null,null,null,null,null,null,null,null,null,null,null,null,null,null,null,null,null,null,null
145,01/03/2012,,0,null,null,null,null,null,null,null,null,null,null,null,null,null,null,null,null,null,null,null,null,null,null,null,null,null,null,null,null,null,null,null,null,null
146,01/03/2012,,0,null,null,null,null,null,null,null,null,null,null,null,null,null,null,null,null,null,null,null,null,null,null,null,null,null,null,null,null,null,null,null,null,null
147,02/04/2012,,0,null,null,null,null,null,null,null,null,null,null,null,null,null,null,null,null,null,null,null,null,null,null,null,null,null,null,null,null,null,null,null,null,null
148,02/04/2012,,0,null,null,null,null,null,null,null,null,null,null,null,null,null,null,null,null,null,null,null,null,null,null,null,null,null,null,null,null,null,null,null,null,null
149,01/05/2012,,0,null,null,null,null,null,null,null,null,null,null,null,null,null,null,null,null,null,null,null,null,null,null,null,null,null,null,null,null,null,null,null,null,null
150,01/05/2012,,0,null,null,null,null,null,null,null,null,null,null,null,null,null,null,null,null,null,null,null,null,null,null,null,null,null,null,null,null,null,null,null,null,null
151,01/06/2012,,null,null,null,null,null,null,null,null,null,null,null,null,null,null,null,null,null,null,null,null,null,null,null,null,null,null,null,null,null,null,null,null,null,null
152,02/07/2012,,null,null,null,null,null,null,null,null,null,null,null,null,null,null,null,null,null,null,null,null,null,null,null,null,null,null,null,null,null,null,null,null,null,null
153,01/08/2012,,null,null,null,null,null,null,null,null,null,null,null,null,null,null,null,null,null,null,null,null,null,null,null,null,null,null,null,null,null,null,null,null,null,null
154,01/09/2012,,null,null,null,null,null,null,null,null,null,null,null,null,null,null,null,null,null,null,null,null,null,null,null,null,null,null,null,null,null,null,null,null,null,null
155,01/10/2012,02/10/2012,null,null,null,6.3,23,Clear,odour free,8.38,1406,1006,154,.14,5.39,.06,18.6,2.4,null,1.66,254.973,265.008,216.425,.84,null,86.57,11.66,269.4,2.7,358,14.26,2,307,null,null,null
156,01/11/2012,,null,null,null,null,null,null,null,null,null,null,null,null,null,null,null,null,null,null,null,null,null,null,null,null,null,null,null,null,null,null,null,null,null,null
157,01/12/2012,,null,null,null,null,null,null,null,null,null,null,null,null,null,null,null,null,null,null,null,null,null,null,null,null,null,null,null,null,null,null,null,null,null,null
158,01/01/2013,,null,null,null,null,null,null,null,null,null,null,null,null,null,null,null,null,null,null,null,null,null,null,null,null,null,null,null,null,null,null,null,null,null,null
159,01/02/2013,,null,null,null,null,null,null,null,null,null,null,null,null,null,null,null,null,null,null,null,null,null,null,null,null,null,null,null,null,null,null,null,null,null,null
160,01/03/2013,,null,null,null,null,null,null,null,null,null,null,null,null,null,null,null,null,null,null,null,null,null,null,null,null,null,null,null,null,null,null,null,null,null,null
161,01/04/2013,,null,null,null,null,null,null,null,null,null,null,null,null,null,null,null,null,null,null,null,null,null,null,null,null,null,null,null,null,null,null,null,null,null,null
162,01/05/2013,,null,null,null,null,null,null,null,null,null,null,null,null,null,null,null,null,null,null,null,null,null,null,null,null,null,null,null,null,null,null,null,null,null,null
163,01/06/2013,,null,null,null,null,null,null,null,null,null,null,null,null,null,null,null,null,null,null,null,null,null,null,null,null,null,null,null,null,null,null,null,null,null,null
164,01/07/2013,,null,null,null,null,null,null,null,null,null,null,null,null,null,null,null,null,null,null,null,null,null,null,null,null,null,null,null,null,null,null,null,null,null,null
165,01/08/2013,02/08/2013,null,8.62,2240,7.8,24,Clear,odour free,8.42,2194,1606,280,.37,.97,.14,16.81,2.1,null,11.62,315.137,310.217,156.3,.77,null,62.52,36.94,399.4,7.2,530,18.81,14,356,null,null,null
166,02/09/2013,,null,null,null,null,null,null,null,null,null,null,null,null,null,null,null,null,null,null,null,null,null,null,null,null,null,null,null,null,null,null,null,null,null,null
167,01/10/2013,02/10/2013,null,8.58,910,9.4,24,Clear,odour free,8.38,929,622,84,.22,4.46,.16,25.28,3,null,4.15,159.973,184.817,140.275,.54,null,56.11,10.69,175.8,2.7,234,15.25,5,185,null,null,null
168,01/11/2013,,null,null,null,null,null,null,null,null,null,null,null,null,null,null,null,null,null,null,null,null,null,null,null,null,null,null,null,null,null,null,null,null,null,null
169,02/12/2013,03/12/2013,null,7.71,5120,9.2,14,Clear,odour free,8.35,6324,4342,80,.4,5.59,.11,19.81,2.3,238.3,15.77,655.437,798.167,372.75,.82,null,149.1,102.1,1265,7.2,1754,73.27,19,761,542000,130,null
170,01/01/2014,,null,null,null,null,null,null,null,null,null,null,null,null,null,null,null,null,null,null,null,null,null,null,null,null,null,null,null,null,null,null,null,null,null,null
