Standard Parameter Analysis Data of : Mahuwa (01 02 19 001)
Laboratory : CWC NTBO Surat 
Period : January-2003 To January-2016 
S.No.,Date_of_Collection,Date_of_Receipt,Discharge(cumecs),pH_FLD,EC_FLD(umho/cm),DO(mg/l),Water Temp(deg C),Colour,Odour,pH_GEN,EC_GEN(umho/cm),TDS(mg/l),SS(mg/l),NH3(mg N/l),NO2+NO3(mg N/l),Total_Nutrients(mg P/l),SiO2(mg/l),BOD(mg/l),COD(mg/l),Phen(mg CaCO3/l),Total_Alkallnity(mg CaCO3/l),Total_Hardness(mg CaCO3/l),Ca_Hardness(mg CaCO3/l),F(mg/l),B(mg/l),Ca_Major_Ions(mg/l),Mg(mg/l),Na(mg/l),K(mg/l),Cl(mg/l),SO4(mg/l),CO3(mg/l),HCO3(mg/l),Total_Coliforms(MPN/100ml),Faecal(MPN/100ml),Chlorophyll-A(ug/L)
1,15/01/2003,16/01/2003,1.2230000495910645,null,null,null,null,null,null,8.38,276,165,33,null,.028,null,null,.3,null,12.151,162.947,116.4,80.15,.2,null,32.06,8.7,39.4,.5,50.77,9.43,14.64,84.45,null,null,null
2,15/01/2003,16/01/2003,1.2230000495910645,null,null,null,null,null,null,8.38,276,165,33,null,.028,null,null,.3,null,12.151,162.947,116.4,80.15,.2,null,32.06,8.7,39.4,.5,50.77,9.43,14.64,84.45,null,null,null
3,02/06/2003,03/06/2003,0.08100000023841858,8,404,null,28,Clear,odour free,7.86,502,309,47,null,.014,null,null,.2,null,0,633.712,92.15,72.15,.1,null,28.86,4.8,null,null,34.626,3.774,0,386.41,null,null,null
4,02/06/2003,03/06/2003,0.08100000023841858,8,404,null,28,Clear,odour free,7.86,502,309,47,null,.014,null,null,.2,null,0,633.712,92.15,72.15,.1,null,28.86,4.8,null,null,34.626,3.774,0,386.41,null,null,null
5,15/06/2003,17/06/2003,null,7.83,513,null,30,Clear,odour free,7.85,409,264,678,null,0,null,10.36,1.8,null,0,511.844,92.15,72.15,.05,null,28.86,4.8,null,null,31.48,4.717,0,312.1,null,null,null
6,01/07/2003,02/07/2003,39.40999984741211,8,null,null,27.5,Light Brown,odour free,7.49,228,136,540,null,0,null,18.36,1.3,null,0,268.107,76.25,60,.05,null,24,3.9,null,null,13.64,3.145,0,163.48,null,null,null
7,01/07/2003,02/07/2003,39.40999984741211,8,null,null,27.5,Light Brown,odour free,7.49,228,136,540,null,0,null,18.36,1.3,null,0,268.107,76.25,60,.05,null,24,3.9,null,null,13.64,3.145,0,163.48,null,null,null
8,15/07/2003,16/07/2003,25.14699935913086,8,null,null,28,Light Brown,odour free,7.81,304,168,1148,null,0,null,18.36,.2,null,0,389.976,84,64,.05,null,25.6,4.8,null,null,17.718,2.695,0,237.79,null,null,null
9,15/07/2003,16/07/2003,25.14699935913086,8,null,null,28,Light Brown,odour free,7.81,304,168,1148,null,0,null,18.36,.2,null,0,389.976,84,64,.05,null,25.6,4.8,null,null,17.718,2.695,0,237.79,null,null,null
10,01/08/2003,02/08/2003,117.06800079345703,null,null,null,28,Light Brown,odour free,8.07,285,213,735,null,0,null,24.84,.1,null,0,341.235,76.25,60,.05,null,24,3.9,null,null,14.39,6.289,0,208.07,null,null,null
11,01/08/2003,02/08/2003,117.06800079345703,null,null,null,28,Light Brown,odour free,8.07,285,213,735,null,0,null,24.84,.1,null,0,341.235,76.25,60,.05,null,24,3.9,null,null,14.39,6.289,0,208.07,null,null,null
12,16/08/2003,17/08/2003,64.40899658203125,8,null,null,28,Light Brown,odour free,8.34,352,224,584,null,0,null,18.36,.6,null,5.81,401.666,76.25,60,.05,null,24,3.9,null,null,16.449,6.289,7,237.79,null,null,null
13,16/08/2003,17/08/2003,64.40899658203125,8,null,null,28,Light Brown,odour free,8.34,352,224,584,null,0,null,18.36,.6,null,5.81,401.666,76.25,60,.05,null,24,3.9,null,null,16.449,6.289,7,237.79,null,null,null
14,01/09/2003,02/09/2003,173.08399963378906,8,null,null,28,Light Brown,odour free,8.15,304,186,48,null,.042,null,16.88,.5,null,0,167.952,84,64,.28,null,25.6,4.8,null,null,32,14.717,0,102.41,null,null,null
15,01/09/2003,02/09/2003,173.08399963378906,8,null,null,28,Light Brown,odour free,8.15,304,186,48,null,.042,null,16.88,.5,null,0,167.952,84,64,.28,null,25.6,4.8,null,null,32,14.717,0,102.41,null,null,null
16,15/09/2003,16/09/2003,58.00299835205078,8,null,null,28,Light Brown,odour free,8.25,361,244,50,null,.042,null,14.86,.6,null,0,179.957,104.425,84.175,.26,null,33.67,4.86,null,null,32,9.43,0,109.73,null,null,null
17,15/09/2003,16/09/2003,58.00299835205078,8,null,null,28,Light Brown,odour free,8.25,361,244,50,null,.042,null,14.86,.6,null,0,179.957,104.425,84.175,.26,null,33.67,4.86,null,null,32,9.43,0,109.73,null,null,null
18,01/10/2003,02/10/2003,247.96800231933594,null,null,null,27,Light Brown,odour free,8.44,219,164,36,.05,.056,null,10.77,.2,null,2.49,174.963,100.267,80.15,.26,null,32.06,4.828,null,null,28,14.717,3,103.63,null,null,null
19,01/10/2003,02/10/2003,247.96800231933594,null,null,null,27,Light Brown,odour free,8.44,219,164,36,.05,.056,null,10.77,.2,null,2.49,174.963,100.267,80.15,.26,null,32.06,4.828,null,null,28,14.717,3,103.63,null,null,null
20,15/10/2003,16/10/2003,27.597999572753906,8,null,null,27,Clear,odour free,8.41,418,266,46,.05,.042,null,14.86,.6,null,3.984,197.961,108.483,80.15,.32,null,32.06,6.8,null,null,36,8.289,4.8,115.82,null,null,null
21,15/10/2003,16/10/2003,27.597999572753906,8,null,null,27,Clear,odour free,8.41,418,266,46,.05,.042,null,14.86,.6,null,3.984,197.961,108.483,80.15,.32,null,32.06,6.8,null,null,36,8.289,4.8,115.82,null,null,null
22,01/11/2003,02/11/2003,10.795999526977539,8,null,null,25,Clear,odour free,8.2,456,308,48,.05,.056,null,10.8,.6,null,0,191.946,104.442,80.15,.38,null,32.06,5.83,null,null,32.112,9.434,0,117.04,null,null,null
23,01/11/2003,02/11/2003,10.795999526977539,8,null,null,25,Clear,odour free,8.2,456,308,48,.05,.056,null,10.8,.6,null,0,191.946,104.442,80.15,.38,null,32.06,5.83,null,null,32.112,9.434,0,117.04,null,null,null
24,15/11/2003,16/11/2003,6.673999786376953,8,null,null,24,Clear,odour free,8.38,447,324,35,.05,.07,null,11.86,.5,null,2.49,194.955,108.483,80.15,.48,null,32.06,6.8,null,null,34,10.145,3,115.82,null,null,null
25,15/11/2003,16/11/2003,6.673999786376953,8,null,null,24,Clear,odour free,8.38,447,324,35,.05,.07,null,11.86,.5,null,2.49,194.955,108.483,80.15,.48,null,32.06,6.8,null,null,34,10.145,3,115.82,null,null,null
26,01/12/2003,02/12/2003,3.696000099182129,8,null,null,24,Clear,odour free,8.21,457,316,42,.05,.056,null,10.67,.9,null,0,189.945,102.442,80.15,.48,null,32.06,5.35,null,null,36,10.5,0,115.82,null,null,null
27,01/12/2003,02/12/2003,3.696000099182129,8,null,null,24,Clear,odour free,8.21,457,316,42,.05,.056,null,10.67,.9,null,0,189.945,102.442,80.15,.48,null,32.06,5.35,null,null,36,10.5,0,115.82,null,null,null
28,15/12/2003,16/12/2003,3.736999988555908,8,null,null,22,Clear,odour free,8.3,447,324,48,.05,.056,null,9.47,.6,null,2.49,196.956,104.317,80.15,.38,null,32.06,5.8,null,null,34,10.8,3,117.04,null,null,null
29,15/12/2003,16/12/2003,3.736999988555908,8,null,null,22,Clear,odour free,8.3,447,324,48,.05,.056,null,9.47,.6,null,2.49,196.956,104.317,80.15,.38,null,32.06,5.8,null,null,34,10.8,3,117.04,null,null,null
30,01/01/2004,02/01/2004,2.1080000400543213,8,null,null,20,Clear,odour free,8.03,508,335,41,.05,.056,null,10.47,1.4,null,0,191.946,110.525,80.15,.48,null,32.06,7.29,null,null,34,11.817,0,117.04,null,null,null
31,01/01/2004,02/01/2004,2.1080000400543213,8,null,null,20,Clear,odour free,8.03,508,335,41,.05,.056,null,10.47,1.4,null,0,191.946,110.525,80.15,.48,null,32.06,7.29,null,null,34,11.817,0,117.04,null,null,null
32,16/01/2004,17/01/2004,1.159999966621399,8,null,null,20,Clear,odour free,8.22,494,348,46,.05,.056,null,11.67,.2,null,0,189.945,106.483,80.15,.47,null,32.06,6.32,null,null,38,10.717,0,115.82,null,null,null
33,16/01/2004,17/01/2004,1.159999966621399,8,null,null,20,Clear,odour free,8.22,494,348,46,.05,.056,null,11.67,.2,null,0,189.945,106.483,80.15,.47,null,32.06,6.32,null,null,38,10.717,0,115.82,null,null,null
34,03/02/2004,04/02/2004,1.3370000123977661,null,null,null,19,Clear,odour free,8.35,532,392,48,null,.028,null,14.86,.7,null,.83,201.619,112.65,80.15,.16,null,32.06,7.8,null,null,36,13.28,1,121.92,null,null,null
35,03/02/2004,04/02/2004,1.3370000123977661,null,null,null,19,Clear,odour free,8.35,532,392,48,null,.028,null,14.86,.7,null,.83,201.619,112.65,80.15,.16,null,32.06,7.8,null,null,36,13.28,1,121.92,null,null,null
36,16/02/2004,17/02/2004,1.8639999628067017,8,null,null,20,Clear,odour free,8.38,485,329,38,.05,.014,null,11.67,.3,null,2.49,194.955,116.4,80.15,.18,null,32.06,8.7,null,null,39,14.26,3,115.82,null,null,null
37,16/02/2004,17/02/2004,1.8639999628067017,8,null,null,20,Clear,odour free,8.38,485,329,38,.05,.014,null,11.67,.3,null,2.49,194.955,116.4,80.15,.18,null,32.06,8.7,null,null,39,14.26,3,115.82,null,null,null
38,01/03/2004,02/03/2004,1.8209999799728394,null,null,null,23,Clear,odour free,8.69,456,307,39,.08,.042,null,13.77,.5,null,4.98,179.973,120.425,84.175,.22,null,33.67,8.7,null,null,84,9.717,6,103.63,null,null,null
39,01/03/2004,02/03/2004,1.8209999799728394,null,null,null,23,Clear,odour free,8.69,456,307,39,.08,.042,null,13.77,.5,null,4.98,179.973,120.425,84.175,.22,null,33.67,8.7,null,null,84,9.717,6,103.63,null,null,null
40,15/03/2004,16/03/2004,null,null,null,null,24,Clear,odour free,8.13,466,296,41,.05,.042,null,12.8,.8,null,0,229.944,112.65,80.15,.18,null,32.06,7.8,null,null,73,9.774,0,140.21,null,null,null
41,01/04/2004,02/04/2004,null,null,null,null,25,Clear,odour free,8.25,447,343,46,.05,.028,null,12.8,.3,null,0,229.944,112.65,80.15,.18,null,32.06,7.8,null,null,188,13.15,0,140.21,null,null,null
42,15/04/2004,16/04/2004,null,8,null,null,27,Dark Green,odour free,8.18,475,365,49,.05,.028,null,13.77,.2,null,0,229.944,108.483,80.15,.16,null,32.06,6.8,null,null,62,14.72,0,140.21,null,null,null
43,01/06/2004,02/06/2004,null,null,null,null,30,Clear,odour free,8.33,523,367,53,.05,.014,.06,14.86,1.3,null,5,105,100.417,76.25,.08,null,30.5,5.8,null,null,83,13.774,3,128.02,null,null,null
44,15/06/2004,16/06/2004,null,null,null,null,30,Brown,septic,8.05,194,119,37,.05,.014,.04,12.8,.2,null,0,50,100.417,76.25,.06,null,30.5,5.8,null,null,6,9.9,.521,49.423,null,null,null
45,15/06/2004,16/06/2004,null,null,null,null,30,Brown,septic,8.05,194,119,37,.05,.014,.04,12.8,.2,null,0,50,100.417,76.25,.06,null,30.5,5.8,null,null,6,9.9,.521,49.423,null,null,null
46,01/07/2004,02/07/2004,32.551998138427734,null,null,null,27,Light Brown,odour free,8.56,287,176,42,.05,.014,.04,18.36,.6,null,5,60,100.417,76.25,.05,null,30.5,5.8,null,null,20,13.14,5,60,null,null,null
47,01/07/2004,02/07/2004,32.551998138427734,null,null,null,27,Light Brown,odour free,8.56,287,176,42,.05,.014,.04,18.36,.6,null,5,60,100.417,76.25,.05,null,30.5,5.8,null,null,20,13.14,5,60,null,null,null
48,15/07/2004,16/07/2004,20.41699981689453,null,null,null,28,Brown,odour free,8.16,293,176,49,.05,.014,.06,13.77,.2,null,0,70,100.417,76.25,.08,null,30.5,5.8,null,null,19.8,14.72,0,70,null,null,null
49,15/07/2004,16/07/2004,20.41699981689453,null,null,null,28,Brown,odour free,8.16,293,176,49,.05,.014,.06,13.77,.2,null,0,70,100.417,76.25,.08,null,30.5,5.8,null,null,19.8,14.72,0,70,null,null,null
50,02/08/2004,03/08/2004,226.59500122070313,null,null,null,25,Brown,fishy,7.89,208,126,49,.05,.014,.06,18.36,1.2,null,0,140,100.417,76.25,.08,null,30.5,5.8,null,null,5.21,9.75,0,170.69,null,null,null
51,02/08/2004,03/08/2004,226.59500122070313,null,null,null,25,Brown,fishy,7.89,208,126,49,.05,.014,.06,18.36,1.2,null,0,140,100.417,76.25,.08,null,30.5,5.8,null,null,5.21,9.75,0,170.69,null,null,null
52,01/10/2004,02/10/2004,97.67900085449219,null,null,null,26,Dark Brown,odour free,8.06,183,117,43,.05,.014,.02,13.77,.9,null,0,110,108.483,80.15,.16,null,32.06,6.8,null,null,9.252,12.7,0,134.11,null,null,null
53,01/10/2004,02/10/2004,97.67900085449219,null,null,null,26,Dark Brown,odour free,8.06,183,117,43,.05,.014,.02,13.77,.9,null,0,110,108.483,80.15,.16,null,32.06,6.8,null,null,9.252,12.7,0,134.11,null,null,null
54,01/12/2004,02/12/2004,3.8440001010894775,null,null,null,21,Clear,odour free,8.07,369,276,64,.08,.056,.12,13.77,1.7,null,0,220,116.4,80.15,.15,null,32.06,8.7,null,null,72.96,9.434,0,268.22,null,null,null
55,01/12/2004,02/12/2004,3.8440001010894775,null,null,null,21,Clear,odour free,8.07,369,276,64,.08,.056,.12,13.77,1.7,null,0,220,116.4,80.15,.15,null,32.06,8.7,null,null,72.96,9.434,0,268.22,null,null,null
56,01/02/2005,02/02/2005,0.9139999747276306,null,null,null,23,Clear,odour free,8.49,441,283,69,.08,.056,.08,13.77,.7,null,6,210,116.4,80.15,.84,null,32.06,8.7,null,null,61.68,10.48,4,256,null,null,null
57,01/02/2005,02/02/2005,0.9139999747276306,null,null,null,23,Clear,odour free,8.49,441,283,69,.08,.056,.08,13.77,.7,null,6,210,116.4,80.15,.84,null,32.06,8.7,null,null,61.68,10.48,4,256,null,null,null
58,01/04/2005,02/04/2005,1.5499999523162842,null,null,null,27,Clear,odour free,8.55,381,274,71,.08,.084,.08,12.8,.3,null,10,250,112.65,80.15,.14,null,32.06,7.8,null,null,42.54,17.29,6,304.8,null,null,null
59,01/04/2005,02/04/2005,1.5499999523162842,null,null,null,27,Clear,odour free,8.55,381,274,71,.08,.084,.08,12.8,.3,null,10,250,112.65,80.15,.14,null,32.06,7.8,null,null,42.54,17.29,6,304.8,null,null,null
60,01/06/2005,02/06/2005,0.800000011920929,null,null,null,32.5,Dark Green,odour free,8.53,454,323,69,.06,1.39,.238,24.32,.8,null,3.32,236.519,116.4,80.15,.05,null,32.06,8.7,null,null,51.4,34.77,4,280.42,null,null,null
61,01/06/2005,02/06/2005,0.800000011920929,null,null,null,32.5,Dark Green,odour free,8.53,454,323,69,.06,1.39,.238,24.32,.8,null,3.32,236.519,116.4,80.15,.05,null,32.06,8.7,null,null,51.4,34.77,4,280.42,null,null,null
62,01/07/2005,,1723.0389404296875,null,null,null,null,null,null,null,null,null,null,null,null,null,null,null,null,null,null,null,null,null,null,null,null,null,null,null,null,null,null,null,null,null
63,01/07/2005,,1723.0389404296875,null,null,null,null,null,null,null,null,null,null,null,null,null,null,null,null,null,null,null,null,null,null,null,null,null,null,null,null,null,null,null,null,null
64,01/08/2005,02/08/2005,2145.735107421875,null,null,null,27,Dark Brown,septic,7.93,122,93,63,.05,.54,.931,24.84,.5,null,0,49.967,112.817,80.15,.05,null,32.06,7.84,null,null,4.254,23.25,0,60.96,null,null,null
65,01/08/2005,02/08/2005,2145.735107421875,null,null,null,27,Dark Brown,septic,7.93,122,93,63,.05,.54,.931,24.84,.5,null,0,49.967,112.817,80.15,.05,null,32.06,7.84,null,null,4.254,23.25,0,60.96,null,null,null
66,01/09/2005,,60.09400177001953,null,null,null,null,null,null,null,null,null,null,null,null,null,null,null,null,null,null,null,null,null,null,null,null,null,null,null,null,null,null,null,null,null
67,01/09/2005,,60.09400177001953,null,null,null,null,null,null,null,null,null,null,null,null,null,null,null,null,null,null,null,null,null,null,null,null,null,null,null,null,null,null,null,null,null
68,01/10/2005,02/10/2005,91.70500183105469,null,null,null,28,Clear,odour free,8.16,302,196,64,.05,.05,.06,14.86,.3,null,0,169.885,108.483,80.15,.05,null,32.06,6.8,null,null,11.48,12.5,0,207.26,null,null,null
69,01/10/2005,02/10/2005,91.70500183105469,null,null,null,28,Clear,odour free,8.16,302,196,64,.05,.05,.06,14.86,.3,null,0,169.885,108.483,80.15,.05,null,32.06,6.8,null,null,11.48,12.5,0,207.26,null,null,null
70,02/11/2005,,7.758999824523926,null,null,null,null,null,null,null,null,null,null,null,null,null,null,null,null,null,null,null,null,null,null,null,null,null,null,null,null,null,null,null,null,null
71,02/11/2005,,7.758999824523926,null,null,null,null,null,null,null,null,null,null,null,null,null,null,null,null,null,null,null,null,null,null,null,null,null,null,null,null,null,null,null,null,null
72,01/12/2005,02/12/2005,3.4509999752044678,null,null,null,22,Clear,odour free,8.54,403,276,85,.05,.06,.08,13.77,.7,null,2.49,234.852,112.65,80.15,.05,null,32.06,7.8,null,null,83.38,18.25,3,280.42,null,null,null
73,01/12/2005,02/12/2005,3.4509999752044678,null,null,null,22,Clear,odour free,8.54,403,276,85,.05,.06,.08,13.77,.7,null,2.49,234.852,112.65,80.15,.05,null,32.06,7.8,null,null,83.38,18.25,3,280.42,null,null,null
74,02/01/2006,,3.2699999809265137,null,null,null,null,null,null,null,null,null,null,null,null,null,null,null,null,null,null,null,null,null,null,null,null,null,null,null,null,null,null,null,null,null
75,02/01/2006,,3.2699999809265137,null,null,null,null,null,null,null,null,null,null,null,null,null,null,null,null,null,null,null,null,null,null,null,null,null,null,null,null,null,null,null,null,null
76,01/02/2006,02/02/2006,2.618000030517578,7.99,413,null,21,Clear,odour free,8.13,387,273,69,.2,.41,.213,14.86,.7,null,0,189.836,116.4,80.15,.22,null,32.06,8.7,null,null,61.683,22.29,0,231.6,null,null,null
77,01/02/2006,02/02/2006,2.618000030517578,7.99,413,null,21,Clear,odour free,8.13,387,273,69,.2,.41,.213,14.86,.7,null,0,189.836,116.4,80.15,.22,null,32.06,8.7,null,null,61.683,22.29,0,231.6,null,null,null
78,01/03/2006,,0.8019999861717224,null,null,null,null,null,null,null,null,null,null,null,null,null,null,null,null,null,null,null,null,null,null,null,null,null,null,null,null,null,null,null,null,null
79,01/03/2006,,0.8019999861717224,null,null,null,null,null,null,null,null,null,null,null,null,null,null,null,null,null,null,null,null,null,null,null,null,null,null,null,null,null,null,null,null,null
80,01/04/2006,02/04/2006,1.6820000410079956,7.1,418,null,25,Clear,odour free,8.16,443,294,85,.19,.4,.16,14.86,.4,null,0,219.852,112.65,80.15,.22,null,32.06,7.8,null,null,52.11,23.87,0,268.22,null,null,null
81,01/04/2006,02/04/2006,1.6820000410079956,7.1,418,null,25,Clear,odour free,8.16,443,294,85,.19,.4,.16,14.86,.4,null,0,219.852,112.65,80.15,.22,null,32.06,7.8,null,null,52.11,23.87,0,268.22,null,null,null
82,01/05/2006,,2.625,null,null,null,null,null,null,null,null,null,null,null,null,null,null,null,null,null,null,null,null,null,null,null,null,null,null,null,null,null,null,null,null,null
83,01/05/2006,,2.625,null,null,null,null,null,null,null,null,null,null,null,null,null,null,null,null,null,null,null,null,null,null,null,null,null,null,null,null,null,null,null,null,null
84,01/06/2006,02/06/2006,3.8269999027252197,7.81,431,null,28,Clear,odour free,8.08,472,319,108,.2,.084,.124,24.84,.2,null,0,94.262,108.483,80.15,.2,null,32.06,6.8,27.2,1.2,41.09,27.76,0,115,null,null,null
85,01/06/2006,02/06/2006,3.8269999027252197,7.81,431,null,28,Clear,odour free,8.08,472,319,108,.2,.084,.124,24.84,.2,null,0,94.262,108.483,80.15,.2,null,32.06,6.8,27.2,1.2,41.09,27.76,0,115,null,null,null
86,01/07/2006,,56.43899917602539,null,null,null,null,null,null,null,null,null,null,null,null,null,null,null,null,null,null,null,null,null,null,null,null,null,null,null,null,null,null,null,null,null
87,01/07/2006,,56.43899917602539,null,null,null,null,null,null,null,null,null,null,null,null,null,null,null,null,null,null,null,null,null,null,null,null,null,null,null,null,null,null,null,null,null
88,01/08/2006,02/08/2006,439.1719970703125,7.85,157.46,6,26,Brown,odour free,8.2,168,112,107,.227,.028,.1,24.84,.2,null,0,90.984,96.317,72.15,.08,null,28.86,5.8,10,.2,13,2.6,0,111,null,null,null
89,01/08/2006,02/08/2006,439.1719970703125,7.85,157.46,6,26,Brown,odour free,8.2,168,112,107,.227,.028,.1,24.84,.2,null,0,90.984,96.317,72.15,.08,null,28.86,5.8,10,.2,13,2.6,0,111,null,null,null
90,01/09/2006,,59.51499938964844,null,null,null,null,null,null,null,null,null,null,null,null,null,null,null,null,null,null,null,null,null,null,null,null,null,null,null,null,null,null,null,null,null
91,01/09/2006,,59.51499938964844,null,null,null,null,null,null,null,null,null,null,null,null,null,null,null,null,null,null,null,null,null,null,null,null,null,null,null,null,null,null,null,null,null
92,03/10/2006,04/10/2006,52.3120002746582,8.37,271.4,6.1,28,Light Brown,odour free,8.48,292,198,94,.05,.056,.072,20.09,.5,null,4.98,104.262,104.583,76.25,.05,null,30.5,6.8,17.1,.1,22.1,13.28,6,115,null,null,null
93,03/10/2006,04/10/2006,52.3120002746582,8.37,271.4,6.1,28,Light Brown,odour free,8.48,292,198,94,.05,.056,.072,20.09,.5,null,4.98,104.262,104.583,76.25,.05,null,30.5,6.8,17.1,.1,22.1,13.28,6,115,null,null,null
94,01/11/2006,,9.711999893188477,null,null,null,null,null,null,null,null,null,null,null,null,null,null,null,null,null,null,null,null,null,null,null,null,null,null,null,null,null,null,null,null,null
95,01/11/2006,,9.711999893188477,null,null,null,null,null,null,null,null,null,null,null,null,null,null,null,null,null,null,null,null,null,null,null,null,null,null,null,null,null,null,null,null,null
96,01/12/2006,02/12/2006,3.9809999465942383,8.34,375.2,6.5,23,Clear,odour free,8.48,422,268,166,.05,.014,.05,14.86,.9,null,4.98,106.721,112.65,80.15,.05,null,32.06,7.8,25,1.4,33.1,12.12,6,118,null,null,null
97,01/12/2006,02/12/2006,3.9809999465942383,8.34,375.2,6.5,23,Clear,odour free,8.48,422,268,166,.05,.014,.05,14.86,.9,null,4.98,106.721,112.65,80.15,.05,null,32.06,7.8,25,1.4,33.1,12.12,6,118,null,null,null
98,02/01/2007,,2.3929998874664307,null,null,null,null,null,null,null,null,null,null,null,null,null,null,null,null,null,null,null,null,null,null,null,null,null,null,null,null,null,null,null,null,null
99,02/01/2007,,2.3929998874664307,null,null,null,null,null,null,null,null,null,null,null,null,null,null,null,null,null,null,null,null,null,null,null,null,null,null,null,null,null,null,null,null,null
100,01/02/2007,02/02/2007,2.188999891281128,8.17,424.6,6.7,18,Clear,odour free,8.18,504,316,97,.05,.028,.05,13.77,.7,null,0,113.115,124.167,87.5,.05,null,35,8.8,36,.1,50.4,15.3,0,138,null,null,null
101,01/02/2007,02/02/2007,2.188999891281128,8.17,424.6,6.7,18,Clear,odour free,8.18,504,316,97,.05,.028,.05,13.77,.7,null,0,113.115,124.167,87.5,.05,null,35,8.8,36,.1,50.4,15.3,0,138,null,null,null
102,01/03/2007,,2.378000020980835,null,null,null,null,null,null,null,null,null,null,null,null,null,null,null,null,null,null,null,null,null,null,null,null,null,null,null,null,null,null,null,null,null
103,01/03/2007,,2.378000020980835,null,null,null,null,null,null,null,null,null,null,null,null,null,null,null,null,null,null,null,null,null,null,null,null,null,null,null,null,null,null,null,null,null
104,02/04/2007,03/04/2007,2.6640000343322754,8.19,362,6.6,29,Clear,odour free,8.64,499,304,121,.05,.014,.04,15.14,1.6,null,4.98,119.926,120.425,84.175,.05,null,33.67,8.7,37.4,4,50.1,14.18,6,134.11,null,null,null
105,02/04/2007,03/04/2007,2.6640000343322754,8.19,362,6.6,29,Clear,odour free,8.64,499,304,121,.05,.014,.04,15.14,1.6,null,4.98,119.926,120.425,84.175,.05,null,33.67,8.7,37.4,4,50.1,14.18,6,134.11,null,null,null
106,01/05/2007,,1.2979999780654907,null,null,null,null,null,null,null,null,null,null,null,null,null,null,null,null,null,null,null,null,null,null,null,null,null,null,null,null,null,null,null,null,null
107,01/05/2007,,1.2979999780654907,null,null,null,null,null,null,null,null,null,null,null,null,null,null,null,null,null,null,null,null,null,null,null,null,null,null,null,null,null,null,null,null,null
108,01/06/2007,02/06/2007,1.1160000562667847,8.19,390.4,5.5,28.07,Clear,odour free,8.07,380,243,121,.05,.06,.06,18.36,.5,null,0,109.926,120.567,80.15,.05,null,32.06,9.7,38.7,3.1,62.68,8.165,0,134.11,null,null,null
109,01/06/2007,02/06/2007,1.1160000562667847,8.19,390.4,5.5,28.07,Clear,odour free,8.07,380,243,121,.05,.06,.06,18.36,.5,null,0,109.926,120.567,80.15,.05,null,32.06,9.7,38.7,3.1,62.68,8.165,0,134.11,null,null,null
110,02/07/2007,,3058.1298828125,null,null,null,null,null,null,null,null,null,null,null,null,null,null,null,null,null,null,null,null,null,null,null,null,null,null,null,null,null,null,null,null,null
111,02/07/2007,,3058.1298828125,null,null,null,null,null,null,null,null,null,null,null,null,null,null,null,null,null,null,null,null,null,null,null,null,null,null,null,null,null,null,null,null,null
112,01/08/2007,02/08/2007,36.1349983215332,8.24,229.6,6.9,28,Light Brown,odour free,8.68,322,218,171,.127,.29,.12,16.88,.4,null,9.96,121.639,108.483,80.15,.146,null,32.06,6.8,40.8,2.4,68.46,1,12,124,null,null,null
113,01/08/2007,02/08/2007,36.1349983215332,8.24,229.6,6.9,28,Light Brown,odour free,8.68,322,218,171,.127,.29,.12,16.88,.4,null,9.96,121.639,108.483,80.15,.146,null,32.06,6.8,40.8,2.4,68.46,1,12,124,null,null,null
114,01/09/2007,,91.07099914550781,null,null,null,null,null,null,null,null,null,null,null,null,null,null,null,null,null,null,null,null,null,null,null,null,null,null,null,null,null,null,null,null,null
115,01/09/2007,,91.07099914550781,null,null,null,null,null,null,null,null,null,null,null,null,null,null,null,null,null,null,null,null,null,null,null,null,null,null,null,null,null,null,null,null,null
116,01/10/2007,02/10/2007,48.05400085449219,8.12,296.6,7.8,28,Brown,odour free,8.3,422,293,181,.076,.16,.12,24.84,1,null,4.98,123.115,112.65,80.15,.08,null,32.06,7.8,40.6,1.7,67,1,6,138,null,null,null
117,01/10/2007,02/10/2007,48.05400085449219,8.12,296.6,7.8,28,Brown,odour free,8.3,422,293,181,.076,.16,.12,24.84,1,null,4.98,123.115,112.65,80.15,.08,null,32.06,7.8,40.6,1.7,67,1,6,138,null,null,null
118,01/11/2007,,9.824999809265137,null,null,null,null,null,null,null,null,null,null,null,null,null,null,null,null,null,null,null,null,null,null,null,null,null,null,null,null,null,null,null,null,null
119,01/11/2007,,9.824999809265137,null,null,null,null,null,null,null,null,null,null,null,null,null,null,null,null,null,null,null,null,null,null,null,null,null,null,null,null,null,null,null,null,null
120,01/12/2007,02/12/2007,3.3440001010894775,7.65,382.8,null,22,Clear,odour free,8.65,515,310,186,.05,.09,.09,24.48,.5,null,4.98,123.115,116.4,80.15,.05,null,32.06,8.7,47.8,4.6,75.2,10.086,6,138,null,null,null
121,01/12/2007,02/12/2007,3.3440001010894775,7.65,382.8,null,22,Clear,odour free,8.65,515,310,186,.05,.09,.09,24.48,.5,null,4.98,123.115,116.4,80.15,.05,null,32.06,8.7,47.8,4.6,75.2,10.086,6,138,null,null,null
122,01/01/2008,,2.799999952316284,null,null,null,null,null,null,null,null,null,null,null,null,null,null,null,null,null,null,null,null,null,null,null,null,null,null,null,null,null,null,null,null,null
123,01/01/2008,,2.799999952316284,null,null,null,null,null,null,null,null,null,null,null,null,null,null,null,null,null,null,null,null,null,null,null,null,null,null,null,null,null,null,null,null,null
124,01/02/2008,02/02/2008,2.5929999351501465,7.89,512,null,20,Clear,odour free,7.26,812,556,171,.052,.028,.26,20.12,1.5,null,0,137.705,124.167,87.5,.05,null,35,8.8,63.9,3.2,86,7.83,0,168,null,null,null
125,01/02/2008,02/02/2008,2.5929999351501465,7.89,512,null,20,Clear,odour free,7.26,812,556,171,.052,.028,.26,20.12,1.5,null,0,137.705,124.167,87.5,.05,null,35,8.8,63.9,3.2,86,7.83,0,168,null,null,null
126,01/03/2008,,2.9739999771118164,null,null,null,null,null,null,null,null,null,null,null,null,null,null,null,null,null,null,null,null,null,null,null,null,null,null,null,null,null,null,null,null,null
127,01/03/2008,,2.9739999771118164,null,null,null,null,null,null,null,null,null,null,null,null,null,null,null,null,null,null,null,null,null,null,null,null,null,null,null,null,null,null,null,null,null
128,01/04/2008,02/04/2008,2.427000045776367,7.7,382.2,6.2,26,Clear,odour free,8.25,460,306,117,.05,.08,.036,20.24,2.1,null,0,99.934,108.483,80.15,.05,null,32.06,6.8,45,.3,63,3.986,0,121.92,null,null,null
129,01/04/2008,02/04/2008,2.427000045776367,7.7,382.2,6.2,26,Clear,odour free,8.25,460,306,117,.05,.08,.036,20.24,2.1,null,0,99.934,108.483,80.15,.05,null,32.06,6.8,45,.3,63,3.986,0,121.92,null,null,null
130,01/05/2008,,2.2829999923706055,null,null,null,null,null,null,null,null,null,null,null,null,null,null,null,null,null,null,null,null,null,null,null,null,null,null,null,null,null,null,null,null,null
131,01/05/2008,,2.2829999923706055,null,null,null,null,null,null,null,null,null,null,null,null,null,null,null,null,null,null,null,null,null,null,null,null,null,null,null,null,null,null,null,null,null
132,02/06/2008,03/06/2008,2.2279999256134033,null,null,null,29,Clear,odour free,6.11,498,346,198,.05,.08,.056,24.24,.5,null,0,99.934,108.242,84.075,.05,null,33.63,5.8,26.8,.3,36.23,1.249,0,121.92,null,null,null
133,02/06/2008,03/06/2008,2.2279999256134033,null,null,null,29,Clear,odour free,6.11,498,346,198,.05,.08,.056,24.24,.5,null,0,99.934,108.242,84.075,.05,null,33.63,5.8,26.8,.3,36.23,1.249,0,121.92,null,null,null
134,01/07/2008,,8.868000030517578,null,null,null,null,null,null,null,null,null,null,null,null,null,null,null,null,null,null,null,null,null,null,null,null,null,null,null,null,null,null,null,null,null
135,01/07/2008,,8.868000030517578,null,null,null,null,null,null,null,null,null,null,null,null,null,null,null,null,null,null,null,null,null,null,null,null,null,null,null,null,null,null,null,null,null
136,01/08/2008,01/08/2008,57.14699935913086,7,238,9.7,27,Light Brown,odour free,8.52,302,199,102,.06,.15,.48,22.34,.5,null,4.98,89.951,104.317,80.15,.072,null,32.06,5.8,20,.3,31.06,6.92,6,97.54,null,null,null
137,01/08/2008,01/08/2008,57.14699935913086,7,238,9.7,27,Light Brown,odour free,8.52,302,199,102,.06,.15,.48,22.34,.5,null,4.98,89.951,104.317,80.15,.072,null,32.06,5.8,20,.3,31.06,6.92,6,97.54,null,null,null
138,01/09/2008,,41.22600173950195,null,null,null,null,null,null,null,null,null,null,null,null,null,null,null,null,null,null,null,null,null,null,null,null,null,null,null,null,null,null,null,null,null
139,01/09/2008,,41.22600173950195,null,null,null,null,null,null,null,null,null,null,null,null,null,null,null,null,null,null,null,null,null,null,null,null,null,null,null,null,null,null,null,null,null
140,01/10/2008,02/10/2008,67.93800354003906,7,305.61,7.8,28,Clear,odour free,7.44,377,247,113,.08,.028,.38,24.3,.6,null,0,179.908,108.483,80.15,.078,null,32.06,6.8,13.6,.1,23.43,8.98,0,109.7,null,null,null
141,01/10/2008,02/10/2008,67.93800354003906,7,305.61,7.8,28,Clear,odour free,7.44,377,247,113,.08,.028,.38,24.3,.6,null,0,179.908,108.483,80.15,.078,null,32.06,6.8,13.6,.1,23.43,8.98,0,109.7,null,null,null
142,01/11/2008,,11.618000030517578,null,null,null,null,null,null,null,null,null,null,null,null,null,null,null,null,null,null,null,null,null,null,null,null,null,null,null,null,null,null,null,null,null
143,01/11/2008,,11.618000030517578,null,null,null,null,null,null,null,null,null,null,null,null,null,null,null,null,null,null,null,null,null,null,null,null,null,null,null,null,null,null,null,null,null
144,01/12/2008,02/12/2008,9.885000228881836,7,387.4,4.3,24,Clear,odour free,8.18,396,288,154,.08,.14,.12,14.86,.2,null,0,99.934,116.4,80.15,.16,null,32.06,8.7,29,.7,44.6,13.28,0,121.92,null,null,null
145,01/12/2008,02/12/2008,9.885000228881836,7,387.4,4.3,24,Clear,odour free,8.18,396,288,154,.08,.14,.12,14.86,.2,null,0,99.934,116.4,80.15,.16,null,32.06,8.7,29,.7,44.6,13.28,0,121.92,null,null,null
146,01/01/2009,,1.3040000200271606,null,null,null,null,null,null,null,null,null,null,null,null,null,null,null,null,null,null,null,null,null,null,null,null,null,null,null,null,null,null,null,null,null
147,01/01/2009,,1.3040000200271606,null,null,null,null,null,null,null,null,null,null,null,null,null,null,null,null,null,null,null,null,null,null,null,null,null,null,null,null,null,null,null,null,null
148,02/02/2009,03/02/2009,0.41200000047683716,7,514.6,6.2,19,Clear,odour free,7.52,614,349,222,.05,.2,.14,18.36,1,null,0,159.836,120.425,84.175,.22,null,33.67,8.7,114.3,3.6,156.8,16.26,0,195,null,null,null
149,02/02/2009,03/02/2009,0.41200000047683716,7,514.6,6.2,19,Clear,odour free,7.52,614,349,222,.05,.2,.14,18.36,1,null,0,159.836,120.425,84.175,.22,null,33.67,8.7,114.3,3.6,156.8,16.26,0,195,null,null,null
150,02/03/2009,,2.234999895095825,null,null,null,null,null,null,null,null,null,null,null,null,null,null,null,null,null,null,null,null,null,null,null,null,null,null,null,null,null,null,null,null,null
151,02/03/2009,,2.234999895095825,null,null,null,null,null,null,null,null,null,null,null,null,null,null,null,null,null,null,null,null,null,null,null,null,null,null,null,null,null,null,null,null,null
152,01/04/2009,02/04/2009,2.4179999828338623,7,434.5,5,23,Clear,odour free,8.32,443,309,176,.18,.24,.22,18.28,.7,null,4.98,124.754,116.4,80.15,.22,null,32.06,8.7,118.6,3,184,14.38,6,140,null,null,null
153,01/04/2009,02/04/2009,2.4179999828338623,7,434.5,5,23,Clear,odour free,8.32,443,309,176,.18,.24,.22,18.28,.7,null,4.98,124.754,116.4,80.15,.22,null,32.06,8.7,118.6,3,184,14.38,6,140,null,null,null
154,01/05/2009,,3.4590001106262207,null,null,null,null,null,null,null,null,null,null,null,null,null,null,null,null,null,null,null,null,null,null,null,null,null,null,null,null,null,null,null,null,null
155,01/05/2009,,3.4590001106262207,null,null,null,null,null,null,null,null,null,null,null,null,null,null,null,null,null,null,null,null,null,null,null,null,null,null,null,null,null,null,null,null,null
156,01/06/2009,02/06/2009,0,7,591.5,9.3,30,Clear,odour free,7.76,578,388,254,.08,.2,.16,18.36,1.9,null,0,109.926,116.4,80.15,.08,null,32.06,8.7,114.4,5.52,169.88,16.26,0,134.11,null,null,null
157,01/06/2009,02/06/2009,0,7,591.5,9.3,30,Clear,odour free,7.76,578,388,254,.08,.2,.16,18.36,1.9,null,0,109.926,116.4,80.15,.08,null,32.06,8.7,114.4,5.52,169.88,16.26,0,134.11,null,null,null
158,01/07/2009,,0,null,null,null,null,null,null,null,null,null,null,null,null,null,null,null,null,null,null,null,null,null,null,null,null,null,null,null,null,null,null,null,null,null
159,01/07/2009,,0,null,null,null,null,null,null,null,null,null,null,null,null,null,null,null,null,null,null,null,null,null,null,null,null,null,null,null,null,null,null,null,null,null
160,01/08/2009,02/08/2009,31.198999404907227,7,215.7,8.5,28,Clear,odour free,7.68,338,218,113,.06,.12,.14,20.28,1.2,null,0,89.943,108.483,80.15,.08,null,32.06,6.8,33.3,2.3,46.19,17.92,0,109.73,null,null,null
161,01/08/2009,02/08/2009,31.198999404907227,7,215.7,8.5,28,Clear,odour free,7.68,338,218,113,.06,.12,.14,20.28,1.2,null,0,89.943,108.483,80.15,.08,null,32.06,6.8,33.3,2.3,46.19,17.92,0,109.73,null,null,null
162,01/09/2009,,73.43599700927734,null,null,null,null,null,null,null,null,null,null,null,null,null,null,null,null,null,null,null,null,null,null,null,null,null,null,null,null,null,null,null,null,null
163,01/09/2009,,73.43599700927734,null,null,null,null,null,null,null,null,null,null,null,null,null,null,null,null,null,null,null,null,null,null,null,null,null,null,null,null,null,null,null,null,null
164,01/10/2009,02/10/2009,11.973999977111816,7,306.2,4.2,29.5,Clear,odour free,8.62,405,269,157,.08,.1,.08,18.36,.3,null,4.98,89.951,112.65,80.15,.08,null,32.06,7.8,39.8,2.3,60.9,12.12,6,97.54,null,null,null
165,01/10/2009,02/10/2009,11.973999977111816,7,306.2,4.2,29.5,Clear,odour free,8.62,405,269,157,.08,.1,.08,18.36,.3,null,4.98,89.951,112.65,80.15,.08,null,32.06,7.8,39.8,2.3,60.9,12.12,6,97.54,null,null,null
166,03/11/2009,,3.940999984741211,null,null,null,null,null,null,null,null,null,null,null,null,null,null,null,null,null,null,null,null,null,null,null,null,null,null,null,null,null,null,null,null,null
167,03/11/2009,,3.940999984741211,null,null,null,null,null,null,null,null,null,null,null,null,null,null,null,null,null,null,null,null,null,null,null,null,null,null,null,null,null,null,null,null,null
168,01/12/2009,02/12/2009,2.671999931335449,7,362.5,7.2,22,Clear,odour free,7.84,400,265,154,.05,.16,.08,12.8,.4,null,0,109.926,112.65,80.15,.14,null,32.06,7.8,43.4,2.3,60.09,12.12,0,134.11,null,null,null
169,01/12/2009,02/12/2009,2.671999931335449,7,362.5,7.2,22,Clear,odour free,7.84,400,265,154,.05,.16,.08,12.8,.4,null,0,109.926,112.65,80.15,.14,null,32.06,7.8,43.4,2.3,60.09,12.12,0,134.11,null,null,null
170,01/01/2010,,1.9950000047683716,null,null,null,null,null,null,null,null,null,null,null,null,null,null,null,null,null,null,null,null,null,null,null,null,null,null,null,null,null,null,null,null,null
171,01/01/2010,,1.9950000047683716,null,null,null,null,null,null,null,null,null,null,null,null,null,null,null,null,null,null,null,null,null,null,null,null,null,null,null,null,null,null,null,null,null
172,01/02/2010,02/02/2010,0,7,439.6,6,19,Clear,odour free,8.45,506,304,172,.08,.2,.24,13.77,.2,null,9.96,99.951,112.65,80.15,.22,null,32.06,7.8,69.6,3.2,102.7,16.26,12,97.54,null,null,null
173,01/02/2010,02/02/2010,0,7,439.6,6,19,Clear,odour free,8.45,506,304,172,.08,.2,.24,13.77,.2,null,9.96,99.951,112.65,80.15,.22,null,32.06,7.8,69.6,3.2,102.7,16.26,12,97.54,null,null,null
174,02/03/2010,,0,null,null,null,null,null,null,null,null,null,null,null,null,null,null,null,null,null,null,null,null,null,null,null,null,null,null,null,null,null,null,null,null,null
175,02/03/2010,,0,null,null,null,null,null,null,null,null,null,null,null,null,null,null,null,null,null,null,null,null,null,null,null,null,null,null,null,null,null,null,null,null,null
176,01/04/2010,02/04/2010,0,7,410.2,10.3,26,Clear,odour free,7.75,478,310,152,.05,.2,.22,12.8,1.9,null,0,119.918,120.425,84.175,.22,null,33.67,8.7,109.2,1.2,155.3,13.28,0,146.3,null,null,null
177,01/04/2010,02/04/2010,0,7,410.2,10.3,26,Clear,odour free,7.75,478,310,152,.05,.2,.22,12.8,1.9,null,0,119.918,120.425,84.175,.22,null,33.67,8.7,109.2,1.2,155.3,13.28,0,146.3,null,null,null
178,01/05/2010,,0,null,null,null,null,null,null,null,null,null,null,null,null,null,null,null,null,null,null,null,null,null,null,null,null,null,null,null,null,null,null,null,null,null
179,01/05/2010,,0,null,null,null,null,null,null,null,null,null,null,null,null,null,null,null,null,null,null,null,null,null,null,null,null,null,null,null,null,null,null,null,null,null
180,01/06/2010,02/06/2010,0.026000000536441803,7,373,6.2,30,Clear,odour free,7,642,447,224,.05,.05,.04,14.2,.2,null,0,106.557,99.167,75,.06,null,30,5.8,107.8,11.4,149.4,6.2,0,130,null,null,null
181,01/06/2010,02/06/2010,0.026000000536441803,7,373,6.2,30,Clear,odour free,7,642,447,224,.05,.05,.04,14.2,.2,null,0,106.557,99.167,75,.06,null,30,5.8,107.8,11.4,149.4,6.2,0,130,null,null,null
182,01/07/2010,,5.396999835968018,null,null,null,null,null,null,null,null,null,null,null,null,null,null,null,null,null,null,null,null,null,null,null,null,null,null,null,null,null,null,null,null,null
183,01/07/2010,,5.396999835968018,null,null,null,null,null,null,null,null,null,null,null,null,null,null,null,null,null,null,null,null,null,null,null,null,null,null,null,null,null,null,null,null,null
184,02/08/2010,02/08/2010,110.07499694824219,7,210.5,9.4,27,Light Brown,odour free,7.83,277,190,115,.05,.2,.04,10,.6,null,0,105,106.667,75,.08,null,30,7.6,22.63,11.2,36.73,1,0,128.1,null,null,null
185,02/08/2010,02/08/2010,110.07499694824219,7,210.5,9.4,27,Light Brown,odour free,7.83,277,190,115,.05,.2,.04,10,.6,null,0,105,106.667,75,.08,null,30,7.6,22.63,11.2,36.73,1,0,128.1,null,null,null
186,01/09/2010,,160.66400146484375,null,null,null,null,null,null,null,null,null,null,null,null,null,null,null,null,null,null,null,null,null,null,null,null,null,null,null,null,null,null,null,null,null
187,01/09/2010,,160.66400146484375,null,null,null,null,null,null,null,null,null,null,null,null,null,null,null,null,null,null,null,null,null,null,null,null,null,null,null,null,null,null,null,null,null
188,01/10/2010,01/10/2010,32.231998443603516,null,null,null,30,Clear,odour free,7.9,377.4,300,150,.05,.19,.2,12.4,.5,null,0,106.557,118.583,84,.06,null,33.6,8.3,62,6,83.95,12,0,130,null,null,null
189,01/10/2010,01/10/2010,32.231998443603516,null,null,null,30,Clear,odour free,7.9,377.4,300,150,.05,.19,.2,12.4,.5,null,0,106.557,118.583,84,.06,null,33.6,8.3,62,6,83.95,12,0,130,null,null,null
190,01/11/2010,,9.244999885559082,null,null,null,null,null,null,null,null,null,null,null,null,null,null,null,null,null,null,null,null,null,null,null,null,null,null,null,null,null,null,null,null,null
191,01/11/2010,,9.244999885559082,null,null,null,null,null,null,null,null,null,null,null,null,null,null,null,null,null,null,null,null,null,null,null,null,null,null,null,null,null,null,null,null,null
192,01/12/2010,01/12/2010,8.555000305175781,null,null,null,26,Clear,odour free,8.3,362.7,246,123,.06,.16,.1,16.2,2,null,0,80.328,114.583,80,.06,null,32,8.3,58,3.9,93.8,12.1,0,98,null,null,null
193,01/12/2010,01/12/2010,8.555000305175781,null,null,null,26,Clear,odour free,8.3,362.7,246,123,.06,.16,.1,16.2,2,null,0,80.328,114.583,80,.06,null,32,8.3,58,3.9,93.8,12.1,0,98,null,null,null
194,01/01/2011,,2.0160000324249268,null,null,null,null,null,null,null,null,null,null,null,null,null,null,null,null,null,null,null,null,null,null,null,null,null,null,null,null,null,null,null,null,null
195,01/01/2011,,2.0160000324249268,null,null,null,null,null,null,null,null,null,null,null,null,null,null,null,null,null,null,null,null,null,null,null,null,null,null,null,null,null,null,null,null,null
196,01/02/2011,01/02/2011,0.5789999961853027,7.6,425,9,22,Clear,odour free,7.93,501.8,341,180,.08,.06,.08,16.6,.8,null,0,119.918,116.25,80,.08,null,32,8.7,138,5.6,181.6,8.6,0,146.3,null,null,null
197,01/02/2011,01/02/2011,0.5789999961853027,7.6,425,9,22,Clear,odour free,7.93,501.8,341,180,.08,.06,.08,16.6,.8,null,0,119.918,116.25,80,.08,null,32,8.7,138,5.6,181.6,8.6,0,146.3,null,null,null
198,01/03/2011,,0.15299999713897705,null,null,null,null,null,null,null,null,null,null,null,null,null,null,null,null,null,null,null,null,null,null,null,null,null,null,null,null,null,null,null,null,null
199,01/03/2011,,0.15299999713897705,null,null,null,null,null,null,null,null,null,null,null,null,null,null,null,null,null,null,null,null,null,null,null,null,null,null,null,null,null,null,null,null,null
200,01/04/2011,,0.2919999957084656,null,null,null,null,null,null,null,null,null,null,null,null,null,null,null,null,null,null,null,null,null,null,null,null,null,null,null,null,null,null,null,null,null
201,01/04/2011,,0.2919999957084656,null,null,null,null,null,null,null,null,null,null,null,null,null,null,null,null,null,null,null,null,null,null,null,null,null,null,null,null,null,null,null,null,null
202,02/05/2011,,0.10000000149011612,null,null,null,null,null,null,null,null,null,null,null,null,null,null,null,null,null,null,null,null,null,null,null,null,null,null,null,null,null,null,null,null,null
203,02/05/2011,,0.10000000149011612,null,null,null,null,null,null,null,null,null,null,null,null,null,null,null,null,null,null,null,null,null,null,null,null,null,null,null,null,null,null,null,null,null
204,01/06/2011,,0,null,null,null,null,null,null,null,null,null,null,null,null,null,null,null,null,null,null,null,null,null,null,null,null,null,null,null,null,null,null,null,null,null
205,01/06/2011,,0,null,null,null,null,null,null,null,null,null,null,null,null,null,null,null,null,null,null,null,null,null,null,null,null,null,null,null,null,null,null,null,null,null
206,01/07/2011,,0,null,null,null,null,null,null,null,null,null,null,null,null,null,null,null,null,null,null,null,null,null,null,null,null,null,null,null,null,null,null,null,null,null
207,01/07/2011,,0,null,null,null,null,null,null,null,null,null,null,null,null,null,null,null,null,null,null,null,null,null,null,null,null,null,null,null,null,null,null,null,null,null
208,01/08/2011,01/08/2011,205.4250030517578,null,null,null,27,Brown,odour free,7.2,322,190,110,.06,.12,.29,8.5,.6,null,0,94.262,113.75,82.5,.07,null,33,7.5,61.1,10.3,95.6,7.8,0,115,null,null,null
209,01/08/2011,01/08/2011,205.4250030517578,null,null,null,27,Brown,odour free,7.2,322,190,110,.06,.12,.29,8.5,.6,null,0,94.262,113.75,82.5,.07,null,33,7.5,61.1,10.3,95.6,7.8,0,115,null,null,null
210,01/09/2011,,205.3300018310547,null,null,null,null,null,null,null,null,null,null,null,null,null,null,null,null,null,null,null,null,null,null,null,null,null,null,null,null,null,null,null,null,null
211,01/09/2011,,205.3300018310547,null,null,null,null,null,null,null,null,null,null,null,null,null,null,null,null,null,null,null,null,null,null,null,null,null,null,null,null,null,null,null,null,null
212,01/10/2011,01/10/2011,11.447999954223633,null,null,null,28,Clear,odour free,7.7,429,250,145,.06,.12,.36,9,.8,null,0,89.918,110.833,82.5,.08,null,33,6.8,46,12.6,85.8,7.8,0,109.7,null,null,null
213,01/10/2011,01/10/2011,11.447999954223633,null,null,null,28,Clear,odour free,7.7,429,250,145,.06,.12,.36,9,.8,null,0,89.918,110.833,82.5,.08,null,33,6.8,46,12.6,85.8,7.8,0,109.7,null,null,null
214,01/11/2011,,4.1529998779296875,null,null,null,null,null,null,null,null,null,null,null,null,null,null,null,null,null,null,null,null,null,null,null,null,null,null,null,null,null,null,null,null,null
215,01/11/2011,,4.1529998779296875,null,null,null,null,null,null,null,null,null,null,null,null,null,null,null,null,null,null,null,null,null,null,null,null,null,null,null,null,null,null,null,null,null
216,01/12/2011,01/12/2011,0.597000002861023,null,null,null,25,Clear,odour free,7.8,506,337,169,.06,.12,.34,20.2,.6,null,0,69.672,112.083,75,.08,null,30,8.9,52.1,3.8,96.6,7.4,0,85,null,null,null
217,01/12/2011,01/12/2011,0.597000002861023,null,null,null,25,Clear,odour free,7.8,506,337,169,.06,.12,.34,20.2,.6,null,0,69.672,112.083,75,.08,null,30,8.9,52.1,3.8,96.6,7.4,0,85,null,null,null
218,02/01/2012,,1.1480000019073486,null,null,null,null,null,null,null,null,null,null,null,null,null,null,null,null,null,null,null,null,null,null,null,null,null,null,null,null,null,null,null,null,null
219,02/01/2012,,1.1480000019073486,null,null,null,null,null,null,null,null,null,null,null,null,null,null,null,null,null,null,null,null,null,null,null,null,null,null,null,null,null,null,null,null,null
220,01/02/2012,01/02/2012,0.7350000143051147,7,null,null,16,Clear,odour free,6.8,557,310,200,.14,.16,.3,10,.8,null,0,80,118.333,80,.08,null,32,9.2,52,4.2,96.2,7.4,0,97.6,null,null,null
221,01/02/2012,01/02/2012,0.7350000143051147,7,null,null,16,Clear,odour free,6.8,557,310,200,.14,.16,.3,10,.8,null,0,80,118.333,80,.08,null,32,9.2,52,4.2,96.2,7.4,0,97.6,null,null,null
222,01/03/2012,,0.35100001096725464,null,null,null,null,null,null,null,null,null,null,null,null,null,null,null,null,null,null,null,null,null,null,null,null,null,null,null,null,null,null,null,null,null
223,01/03/2012,,0.35100001096725464,null,null,null,null,null,null,null,null,null,null,null,null,null,null,null,null,null,null,null,null,null,null,null,null,null,null,null,null,null,null,null,null,null
224,02/04/2012,02/04/2012,0.531000018119812,7,null,null,21.5,Clear,odour free,7.6,600,500,170,.1,.12,.36,8,.5,null,0,90.164,112.5,85,.14,null,34,6.6,132.7,8.8,220.6,10,0,110,null,null,null
225,02/04/2012,02/04/2012,0.531000018119812,7,null,null,21.5,Clear,odour free,7.6,600,500,170,.1,.12,.36,8,.5,null,0,90.164,112.5,85,.14,null,34,6.6,132.7,8.8,220.6,10,0,110,null,null,null
226,01/05/2012,,0.07800000160932541,null,null,null,null,null,null,null,null,null,null,null,null,null,null,null,null,null,null,null,null,null,null,null,null,null,null,null,null,null,null,null,null,null
227,01/05/2012,,0.07800000160932541,null,null,null,null,null,null,null,null,null,null,null,null,null,null,null,null,null,null,null,null,null,null,null,null,null,null,null,null,null,null,null,null,null
228,01/06/2012,01/06/2012,0.20000000298023224,7,500,8.2,28,Clear,odour free,7.3,537,350,160,.08,.13,.1,10,.6,null,0,100,110.333,85,.26,null,34,6.08,287.3,10.2,435,14.2,0,122,null,null,null
229,01/06/2012,01/06/2012,0.20000000298023224,7,500,8.2,28,Clear,odour free,7.3,537,350,160,.08,.13,.1,10,.6,null,0,100,110.333,85,.26,null,34,6.08,287.3,10.2,435,14.2,0,122,null,null,null
230,02/07/2012,,0.7110000252723694,null,null,null,null,null,null,null,null,null,null,null,null,null,null,null,null,null,null,null,null,null,null,null,null,null,null,null,null,null,null,null,null,null
231,02/07/2012,,0.7110000252723694,null,null,null,null,null,null,null,null,null,null,null,null,null,null,null,null,null,null,null,null,null,null,null,null,null,null,null,null,null,null,null,null,null
232,01/08/2012,01/08/2012,447.64599609375,7,null,8,27,Brown,odour free,8.2,320,220,170,.1,.28,.14,10,.6,null,0,86.639,108.333,80,.14,null,32,6.8,40.4,2.6,68.5,2,0,105.7,null,null,null
233,01/08/2012,01/08/2012,447.64599609375,7,null,8,27,Brown,odour free,8.2,320,220,170,.1,.28,.14,10,.6,null,0,86.639,108.333,80,.14,null,32,6.8,40.4,2.6,68.5,2,0,105.7,null,null,null
234,01/09/2012,,340.3999938964844,null,null,null,null,null,null,null,null,null,null,null,null,null,null,null,null,null,null,null,null,null,null,null,null,null,null,null,null,null,null,null,null,null
235,01/09/2012,,340.3999938964844,null,null,null,null,null,null,null,null,null,null,null,null,null,null,null,null,null,null,null,null,null,null,null,null,null,null,null,null,null,null,null,null,null
236,01/10/2012,01/10/2012,10.019000053405762,7,290,7.9,29,Clear,odour free,7.1,340,265,130,.12,.14,.16,16,1,null,0,89.918,112.5,80,.1,null,32,7.8,40,2.4,62,12.1,0,109.7,null,null,null
237,01/10/2012,01/10/2012,10.019000053405762,7,290,7.9,29,Clear,odour free,7.1,340,265,130,.12,.14,.16,16,1,null,0,89.918,112.5,80,.1,null,32,7.8,40,2.4,62,12.1,0,109.7,null,null,null
238,01/11/2012,,7.841000080108643,null,null,null,null,null,null,null,null,null,null,null,null,null,null,null,null,null,null,null,null,null,null,null,null,null,null,null,null,null,null,null,null,null
239,01/11/2012,,7.841000080108643,null,null,null,null,null,null,null,null,null,null,null,null,null,null,null,null,null,null,null,null,null,null,null,null,null,null,null,null,null,null,null,null,null
240,01/12/2012,02/12/2012,1.5499999523162842,null,null,null,25,Clear,odour free,8,360,280,162,.08,.12,.5,16,2,null,0,69.918,124.583,90,.08,null,36,8.3,48.4,3.8,84.8,22,0,85.3,null,null,null
241,01/12/2012,02/12/2012,1.5499999523162842,null,null,null,25,Clear,odour free,8,360,280,162,.08,.12,.5,16,2,null,0,69.918,124.583,90,.08,null,36,8.3,48.4,3.8,84.8,22,0,85.3,null,null,null
242,01/01/2013,,1.3020000457763672,null,null,null,null,null,null,null,null,null,null,null,null,null,null,null,null,null,null,null,null,null,null,null,null,null,null,null,null,null,null,null,null,null
243,01/01/2013,,1.3020000457763672,null,null,null,null,null,null,null,null,null,null,null,null,null,null,null,null,null,null,null,null,null,null,null,null,null,null,null,null,null,null,null,null,null
244,01/02/2013,01/02/2013,0.7300000190734863,7.2,null,null,19,Clear,odour free,8.2,290,240,95,.06,null,.4,10,.6,null,0,81.967,111.667,80,.12,null,32,7.6,69.2,3.4,102.6,16.4,0,100,null,null,null
245,01/02/2013,01/02/2013,0.7300000190734863,7.2,null,null,19,Clear,odour free,8.2,290,240,95,.06,null,.4,10,.6,null,0,81.967,111.667,80,.12,null,32,7.6,69.2,3.4,102.6,16.4,0,100,null,null,null
246,01/03/2013,,0.5,null,null,null,null,null,null,null,null,null,null,null,null,null,null,null,null,null,null,null,null,null,null,null,null,null,null,null,null,null,null,null,null,null
247,01/03/2013,,0.5,null,null,null,null,null,null,null,null,null,null,null,null,null,null,null,null,null,null,null,null,null,null,null,null,null,null,null,null,null,null,null,null,null
248,01/04/2013,,0.550000011920929,null,null,null,null,null,null,null,null,null,null,null,null,null,null,null,null,null,null,null,null,null,null,null,null,null,null,null,null,null,null,null,null,null
249,01/04/2013,,0.550000011920929,null,null,null,null,null,null,null,null,null,null,null,null,null,null,null,null,null,null,null,null,null,null,null,null,null,null,null,null,null,null,null,null,null
250,01/05/2013,,0.699999988079071,null,null,null,null,null,null,null,null,null,null,null,null,null,null,null,null,null,null,null,null,null,null,null,null,null,null,null,null,null,null,null,null,null
251,01/05/2013,,0.699999988079071,null,null,null,null,null,null,null,null,null,null,null,null,null,null,null,null,null,null,null,null,null,null,null,null,null,null,null,null,null,null,null,null,null
252,01/06/2013,01/06/2013,0,null,null,null,28,Clear,odour free,8,412,271,130,.06,null,.19,6,.4,null,0,75.41,95.483,70.15,.14,null,28.06,6.08,34.4,1.8,55,10.6,0,92,null,null,null
253,01/06/2013,01/06/2013,0,null,null,null,28,Clear,odour free,8,412,271,130,.06,null,.19,6,.4,null,0,75.41,95.483,70.15,.14,null,28.06,6.08,34.4,1.8,55,10.6,0,92,null,null,null
254,01/07/2013,,0,null,null,null,null,null,null,null,null,null,null,null,null,null,null,null,null,null,null,null,null,null,null,null,null,null,null,null,null,null,null,null,null,null
255,01/07/2013,,0,null,null,null,null,null,null,null,null,null,null,null,null,null,null,null,null,null,null,null,null,null,null,null,null,null,null,null,null,null,null,null,null,null
256,01/08/2013,01/08/2013,159.51499938964844,7,null,null,27,Brown,odour free,8.2,312,205,120,.14,null,.21,4.8,.8,null,0,69.672,115.733,70.15,.1,null,28.06,10.94,68.7,3.3,120,10,0,85,null,null,null
257,01/08/2013,01/08/2013,159.51499938964844,7,null,null,27,Brown,odour free,8.2,312,205,120,.14,null,.21,4.8,.8,null,0,69.672,115.733,70.15,.1,null,28.06,10.94,68.7,3.3,120,10,0,85,null,null,null
258,02/09/2013,,29.856000900268555,null,null,null,null,null,null,null,null,null,null,null,null,null,null,null,null,null,null,null,null,null,null,null,null,null,null,null,null,null,null,null,null,null
259,02/09/2013,,29.856000900268555,null,null,null,null,null,null,null,null,null,null,null,null,null,null,null,null,null,null,null,null,null,null,null,null,null,null,null,null,null,null,null,null,null
260,01/10/2013,02/10/2013,81.49400329589844,null,null,7.4,27,Light Brown,odour free,7.8,440,288,165,.08,null,.16,8.5,.8,null,0,69.672,98.483,70.15,.14,null,28.06,6.8,40,3.4,62,14.2,0,85,null,null,null
261,01/10/2013,02/10/2013,81.49400329589844,null,null,7.4,27,Light Brown,odour free,7.8,440,288,165,.08,null,.16,8.5,.8,null,0,69.672,98.483,70.15,.14,null,28.06,6.8,40,3.4,62,14.2,0,85,null,null,null
262,01/11/2013,,6.841000080108643,null,null,null,null,null,null,null,null,null,null,null,null,null,null,null,null,null,null,null,null,null,null,null,null,null,null,null,null,null,null,null,null,null
263,01/11/2013,,6.841000080108643,null,null,null,null,null,null,null,null,null,null,null,null,null,null,null,null,null,null,null,null,null,null,null,null,null,null,null,null,null,null,null,null,null
264,02/12/2013,02/12/2013,3.4660000801086426,8.2,null,7.2,25,Clear,odour free,7.5,522,337,165,.14,null,.26,6.8,2,null,0,98.361,120.567,75.15,.16,null,30.06,10.9,68,5,110,14.2,0,120,null,null,null
265,02/12/2013,02/12/2013,3.4660000801086426,8.2,null,7.2,25,Clear,odour free,7.5,522,337,165,.14,null,.26,6.8,2,null,0,98.361,120.567,75.15,.16,null,30.06,10.9,68,5,110,14.2,0,120,null,null,null
266,01/01/2014,,3.428999900817871,null,null,null,null,null,null,null,null,null,null,null,null,null,null,null,null,null,null,null,null,null,null,null,null,null,null,null,null,null,null,null,null,null
267,01/01/2014,,3.428999900817871,null,null,null,null,null,null,null,null,null,null,null,null,null,null,null,null,null,null,null,null,null,null,null,null,null,null,null,null,null,null,null,null,null
268,01/02/2014,01/02/2014,0,null,null,null,21,Clear,odour free,8.3,554,357,160,.12,null,.14,10,1.4,null,4.98,100.164,119.417,85,.12,null,34,8.26,60,3.8,87,16.4,6,110,2200,1000,null
269,01/02/2014,01/02/2014,0,null,null,null,21,Clear,odour free,8.3,554,357,160,.12,null,.14,10,1.4,null,4.98,100.164,119.417,85,.12,null,34,8.26,60,3.8,87,16.4,6,110,2200,1000,null
270,01/03/2014,,0,null,null,null,null,null,null,null,null,null,null,null,null,null,null,null,null,null,null,null,null,null,null,null,null,null,null,null,null,null,null,null,null,null
271,01/03/2014,,0,null,null,null,null,null,null,null,null,null,null,null,null,null,null,null,null,null,null,null,null,null,null,null,null,null,null,null,null,null,null,null,null,null
272,01/04/2014,01/04/2014,0,null,null,null,26,Clear,odour free,6.8,780,505,220,.18,null,.2,7.2,3.3,null,0,98.361,128.617,95.2,.14,null,38.08,8.02,48,3.6,68,15,0,120,3800,1600,null
273,01/04/2014,01/04/2014,0,null,null,null,26,Clear,odour free,6.8,780,505,220,.18,null,.2,7.2,3.3,null,0,98.361,128.617,95.2,.14,null,38.08,8.02,48,3.6,68,15,0,120,3800,1600,null
274,01/05/2014,,0,null,null,null,null,null,null,null,null,null,null,null,null,null,null,null,null,null,null,null,null,null,null,null,null,null,null,null,null,null,null,null,null,null
275,01/05/2014,,0,null,null,null,null,null,null,null,null,null,null,null,null,null,null,null,null,null,null,null,null,null,null,null,null,null,null,null,null,null,null,null,null,null
276,02/06/2014,02/06/2014,null,null,null,null,29,Clear,odour free,8.4,658,434,195,.13,.18,.14,12.2,.5,null,4.15,103.415,115.333,90,.13,null,36,6.08,52,3.6,80,10,5,116,2000,1000,null
277,01/07/2014,,null,null,null,null,null,null,null,null,null,null,null,null,null,null,null,null,null,null,null,null,null,null,null,null,null,null,null,null,null,null,null,null,null,null
278,01/08/2014,01/08/2014,259.135986328125,8,240,null,26,Brown,odour free,8,218,142.4,102,.12,.18,.18,10,1.37,null,7.47,105.164,100.208,85,.08,null,34,3.65,46,4.2,60,3,9,110,600,200,null
279,01/08/2014,01/08/2014,259.135986328125,8,240,null,26,Brown,odour free,8,218,142.4,102,.12,.18,.18,10,1.37,null,7.47,105.164,100.208,85,.08,null,34,3.65,46,4.2,60,3,9,110,600,200,null
280,01/09/2014,,133.36000061035156,null,null,null,null,null,null,null,null,null,null,null,null,null,null,null,null,null,null,null,null,null,null,null,null,null,null,null,null,null,null,null,null,null
281,01/09/2014,,133.36000061035156,null,null,null,null,null,null,null,null,null,null,null,null,null,null,null,null,null,null,null,null,null,null,null,null,null,null,null,null,null,null,null,null,null
282,01/10/2014,01/10/2014,8.300999641418457,null,null,6.8,29,Clear,odour free,8.2,241,190,90,.1,.23,.16,7.2,1.37,null,0,86.066,130.417,90,.12,null,36,9.7,49.2,4.4,88,12,0,105,800,450,null
283,01/10/2014,01/10/2014,8.300999641418457,null,null,6.8,29,Clear,odour free,8.2,241,190,90,.1,.23,.16,7.2,1.37,null,0,86.066,130.417,90,.12,null,36,9.7,49.2,4.4,88,12,0,105,800,450,null
284,01/11/2014,,null,null,null,null,null,null,null,null,null,null,null,null,null,null,null,null,null,null,null,null,null,null,null,null,null,null,null,null,null,null,null,null,null,null
285,01/12/2014,01/12/2014,null,7,null,9.4,26,Clear,odour free,7.6,300,225,70,.12,.17,.14,10,1.26,null,0,122.951,149.842,77.55,.12,null,31.02,17.35,48.4,4,75.4,8,0,150,300,150,null
286,01/01/2015,,null,null,null,null,null,null,null,null,null,null,null,null,null,null,null,null,null,null,null,null,null,null,null,null,null,null,null,null,null,null,null,null,null,null
287,02/02/2015,02/02/2015,null,7,438,6,21,Clear,odour free,7.86,400,260,190,.16,.24,.3,6.8,2.2,20,21.58,113.006,120.35,110.225,.24,null,44.09,2.43,38.4,4.4,55,8.8,26,85,500,200,null
288,02/03/2015,,null,null,null,null,null,null,null,null,null,null,null,null,null,null,null,null,null,null,null,null,null,null,null,null,null,null,null,null,null,null,null,null,null,null
289,01/04/2015,01/04/2015,null,7,438,6,26,Clear,odour free,7.76,560,360,300,.11,.21,.13,10,4.4,34,0,150.82,156.05,86.175,.14,null,34.47,16.77,48.2,3.6,68,10,0,184,1500,500,null
290,01/05/2015,,null,null,null,null,null,null,null,null,null,null,null,null,null,null,null,null,null,null,null,null,null,null,null,null,null,null,null,null,null,null,null,null,null,null
291,01/06/2015,01/06/2015,null,7.8,372,8.2,28,Clear,odour free,8.12,470,300,195,.12,.23,.1,8,.7,68,0,130.328,130.758,85.175,.14,null,34.07,10.94,52,4,68,10.1,0,159,800,300,null
292,01/07/2015,,null,null,null,null,null,null,null,null,null,null,null,null,null,null,null,null,null,null,null,null,null,null,null,null,null,null,null,null,null,null,null,null,null,null
293,01/08/2015,01/08/2015,null,8,null,6.4,27,Brown,odour free,8,310,198,90,.08,.15,.13,6,1.2,12,0,83.607,135.758,90.175,.09,null,36.07,10.94,48,3.2,90,10,0,102,800,300,null
294,01/09/2015,,null,null,null,null,null,null,null,null,null,null,null,null,null,null,null,null,null,null,null,null,null,null,null,null,null,null,null,null,null,null,null,null,null,null
295,01/10/2015,01/10/2015,null,7.8,null,6.5,26,Clear,odour free,8.03,190,120,60,.14,.22,.14,10,1.37,112,0,114.754,120.983,70.15,.14,null,28.06,12.2,46,4.6,60,7,0,140,2200,1000,null
296,02/11/2015,,null,null,null,null,null,null,null,null,null,null,null,null,null,null,null,null,null,null,null,null,null,null,null,null,null,null,null,null,null,null,null,null,null,null
297,01/12/2015,01/12/2015,null,7.5,null,6.9,25,7,1,8.18,500,320,190,.11,.18,.12,null,null,null,0,81.967,130.675,90.175,.12,null,36.07,9.72,44,4.2,85,12,0,100,3600,1600,null
298,01/01/2016,,null,null,null,null,null,null,null,null,null,null,null,null,null,null,null,null,null,null,null,null,null,null,null,null,null,null,null,null,null,null,null,null,null,null
