Standard Parameter Analysis Data of : Mangaon (WMA00I8)
Laboratory : CWC KGBO Pune 
Period : January-1993 To January-2015 
S.No.,Date_of_Collection,Date_of_Receipt,Discharge(cumecs),pH_FLD,EC_FLD(umho/cm),DO(mg/l),Water Temp(deg C),Colour,Odour,pH_GEN,EC_GEN(umho/cm),TDS(mg/l),SS(mg/l),NH3(mg N/l),NO2+NO3(mg N/l),Total_Nutrients(mg P/l),SiO2(mg/l),BOD(mg/l),COD(mg/l),Phen(mg CaCO3/l),Total_Alkallnity(mg CaCO3/l),Total_Hardness(mg CaCO3/l),Ca_Hardness(mg CaCO3/l),F(mg/l),B(mg/l),Ca_Major_Ions(mg/l),Mg(mg/l),Na(mg/l),K(mg/l),Cl(mg/l),SO4(mg/l),CO3(mg/l),HCO3(mg/l),Total_Coliforms(MPN/100ml),Faecal(MPN/100ml),Chlorophyll-A(ug/L)
1,02/07/1993,03/07/1993,12.4399995803833,null,null,4.9,33,clear,odour free,7.7,24,null,null,null,.042,.01,2.1,1.2,null,0,103.976,68.167,24,null,.08,9.6,10.6,1.8,.1,3.9,7.7,0,63.4,null,null,null
2,02/07/1993,03/07/1993,12.4399995803833,null,null,4.9,33,clear,odour free,7.7,24,null,null,null,.042,.01,2.1,1.2,null,0,103.976,68.167,24,null,.08,9.6,10.6,1.8,.1,3.9,7.7,0,63.4,null,null,null
3,02/08/1993,03/08/1993,136.5,null,null,6.4,29,clear,odour free,7.97,15,null,null,null,.084,null,1.2,.4,null,0,80.032,51.833,16,null,null,6.4,8.6,1.4,.4,3.2,5.3,0,48.8,null,null,null
4,02/08/1993,03/08/1993,136.5,null,null,6.4,29,clear,odour free,7.97,15,null,null,null,.084,null,1.2,.4,null,0,80.032,51.833,16,null,null,6.4,8.6,1.4,.4,3.2,5.3,0,48.8,null,null,null
5,01/09/1993,02/09/1993,35.790000915527344,null,null,6.3,28.5,clear,odour free,7.89,29,null,null,.08,null,null,13.8,1.3,null,0,88.068,59.833,24,null,.01,9.6,8.6,3.7,2.7,7.4,null,0,53.7,null,null,null
6,01/09/1993,02/09/1993,35.790000915527344,null,null,6.3,28.5,clear,odour free,7.89,29,null,null,.08,null,null,13.8,1.3,null,0,88.068,59.833,24,null,.01,9.6,8.6,3.7,2.7,7.4,null,0,53.7,null,null,null
7,06/07/1994,06/07/1994,97.47000122070313,null,null,5.6,29,clear,odour free,7.74,56,null,null,.25,null,.145,null,.5,null,11.952,112.116,51.833,16,.1,.03,6.4,8.6,null,.4,3.5,1.8,14.4,53.7,null,null,null
8,06/07/1994,06/07/1994,97.47000122070313,null,null,5.6,29,clear,odour free,7.74,56,null,null,.25,null,.145,null,.5,null,11.952,112.116,51.833,16,.1,.03,6.4,8.6,null,.4,3.5,1.8,14.4,53.7,null,null,null
9,01/08/1994,02/08/1994,47.06999969482422,null,null,5.9,29.5,clear,odour free,8.03,71,null,null,null,.014,.186,.3,1.1,null,7.968,144.116,56.083,24,null,null,9.6,7.7,1.4,.4,2.1,null,9.6,78.1,null,null,null
10,01/08/1994,02/08/1994,47.06999969482422,null,null,5.9,29.5,clear,odour free,8.03,71,null,null,null,.014,.186,.3,1.1,null,7.968,144.116,56.083,24,null,null,9.6,7.7,1.4,.4,2.1,null,9.6,78.1,null,null,null
11,01/09/1994,02/09/1994,487,null,null,6.6,28,clear,odour free,7.63,438,null,null,.1,.112,.258,null,.5,null,0,392.124,215.917,108,null,.04,43.2,25.9,1.8,.4,9.2,null,0,239.1,null,null,null
12,01/09/1994,02/09/1994,487,null,null,6.6,28,clear,odour free,7.63,438,null,null,.1,.112,.258,null,.5,null,0,392.124,215.917,108,null,.04,43.2,25.9,1.8,.4,9.2,null,0,239.1,null,null,null
13,01/08/1995,02/08/1995,725.7000122070313,null,null,6,28,clear,odour free,8.32,54,null,null,null,null,.01,9,.2,null,0,120.048,72.083,40,.1,.28,16,7.7,11,3.1,21.6,null,0,73.2,null,null,null
14,01/08/1995,02/08/1995,725.7000122070313,null,null,6,28,clear,odour free,8.32,54,null,null,null,null,.01,9,.2,null,0,120.048,72.083,40,.1,.28,16,7.7,11,3.1,21.6,null,0,73.2,null,null,null
15,01/09/1995,02/09/1995,56.02000045776367,null,null,6.9,28.5,clear,odour free,7.98,63,null,null,null,null,null,10.8,.7,null,7.968,128.044,60.167,16,.1,1.11,6.4,10.6,19.8,4.7,25.5,null,9.6,68.3,null,null,null
16,01/09/1995,02/09/1995,56.02000045776367,null,null,6.9,28.5,clear,odour free,7.98,63,null,null,null,null,null,10.8,.7,null,7.968,128.044,60.167,16,.1,1.11,6.4,10.6,19.8,4.7,25.5,null,9.6,68.3,null,null,null
17,01/08/1996,02/08/1996,183.89999389648438,null,null,5.1,29,clear,odour free,7.48,402,null,null,.14,.014,.01,19.5,.8,null,0,297.004,247.917,40,null,.3,16,49.9,7.4,4.3,20.9,7.7,0,181.1,null,null,null
18,01/08/1996,02/08/1996,183.89999389648438,null,null,5.1,29,clear,odour free,7.48,402,null,null,.14,.014,.01,19.5,.8,null,0,297.004,247.917,40,null,.3,16,49.9,7.4,4.3,20.9,7.7,0,181.1,null,null,null
19,02/09/1996,03/09/1996,52.189998626708984,null,null,5.2,28.5,clear,odour free,8.2,632,null,null,.2,.014,.01,17.4,.7,null,0,320.128,219.667,28,null,.19,11.2,46,6.2,5.5,20.2,5,0,195.2,null,null,null
20,02/09/1996,03/09/1996,52.189998626708984,null,null,5.2,28.5,clear,odour free,8.2,632,null,null,.2,.014,.01,17.4,.7,null,0,320.128,219.667,28,null,.19,11.2,46,6.2,5.5,20.2,5,0,195.2,null,null,null
21,02/06/1997,03/06/1997,0,null,null,null,26.5,clear,odour free,7.31,388,null,null,.25,null,.01,null,null,null,0,208.116,108.083,76,.1,.72,30.4,7.7,9.4,1.2,17.4,4.3,0,126.9,null,null,null
22,02/06/1997,03/06/1997,0,null,null,null,26.5,clear,odour free,7.31,388,null,null,.25,null,.01,null,null,null,0,208.116,108.083,76,.1,.72,30.4,7.7,9.4,1.2,17.4,4.3,0,126.9,null,null,null
23,01/07/1997,02/07/1997,120,null,null,null,28.5,clear,odour free,7.11,380,null,null,null,.028,null,null,null,null,0,160.064,215.25,191.5,null,.93,76.6,5.7,12,3.1,68.1,3,0,97.6,null,null,null
24,01/07/1997,02/07/1997,120,null,null,null,28.5,clear,odour free,7.11,380,null,null,null,.028,null,null,null,null,0,160.064,215.25,191.5,null,.93,76.6,5.7,12,3.1,68.1,3,0,97.6,null,null,null
25,01/08/1997,02/08/1997,187.10000610351563,null,null,7,28,clear,odour free,7.65,97,null,null,null,.014,null,null,.6,null,0,136.12,71.833,36,null,.7,14.4,8.6,6,1.2,9.2,3.4,0,83,null,null,null
26,01/08/1997,02/08/1997,187.10000610351563,null,null,7,28,clear,odour free,7.65,97,null,null,null,.014,null,null,.6,null,0,136.12,71.833,36,null,.7,14.4,8.6,6,1.2,9.2,3.4,0,83,null,null,null
27,01/09/1997,02/09/1997,19.540000915527344,null,null,7.6,28.5,clear,odour free,7.2,160,null,null,null,.014,null,null,.4,null,0,80.032,71.917,24,null,.66,9.6,11.5,4.6,1.6,20.2,null,0,48.8,null,null,null
28,01/09/1997,02/09/1997,19.540000915527344,null,null,7.6,28.5,clear,odour free,7.2,160,null,null,null,.014,null,null,.4,null,0,80.032,71.917,24,null,.66,9.6,11.5,4.6,1.6,20.2,null,0,48.8,null,null,null
29,03/10/1997,04/10/1997,7,null,null,null,29,clear,odour free,7.16,541,null,null,null,null,null,null,null,null,0,96.104,140.083,68,null,.62,27.2,17.3,5.1,2.3,23.4,28.8,0,58.6,null,null,null
30,03/10/1997,04/10/1997,7,null,null,null,29,clear,odour free,7.16,541,null,null,null,null,null,null,null,null,0,96.104,140.083,68,null,.62,27.2,17.3,5.1,2.3,23.4,28.8,0,58.6,null,null,null
31,03/11/1997,04/11/1997,0.4000000059604645,null,null,5,29,clear,odour free,7.25,119,null,null,null,.014,null,null,2,null,0,56.088,64.167,20,null,.56,8,10.6,4.8,1.2,17,2.2,0,34.2,null,null,null
32,03/11/1997,04/11/1997,0.4000000059604645,null,null,5,29,clear,odour free,7.25,119,null,null,null,.014,null,null,2,null,0,56.088,64.167,20,null,.56,8,10.6,4.8,1.2,17,2.2,0,34.2,null,null,null
33,01/12/1997,02/12/1997,0,null,null,null,29,clear,odour free,8,616,null,null,null,.014,.01,null,null,null,0,208.116,184.083,72,null,.65,28.8,26.9,6.9,3.1,41.1,13.7,0,126.9,null,null,null
34,01/12/1997,02/12/1997,0,null,null,null,29,clear,odour free,8,616,null,null,null,.014,.01,null,null,null,0,208.116,184.083,72,null,.65,28.8,26.9,6.9,3.1,41.1,13.7,0,126.9,null,null,null
35,01/01/1998,02/01/1998,0,null,null,null,29,clear,odour free,6.92,481,null,null,.13,null,.01,null,null,null,0,336.2,231.083,131.5,.1,.53,52.6,23.9,8.3,3.5,18.1,7.6,0,205,null,null,null
36,01/01/1998,02/01/1998,0,null,null,null,29,clear,odour free,6.92,481,null,null,.13,null,.01,null,null,null,0,336.2,231.083,131.5,.1,.53,52.6,23.9,8.3,3.5,18.1,7.6,0,205,null,null,null
37,02/02/1998,03/02/1998,0,null,null,null,29,clear,odour free,6.96,709,null,null,null,null,.01,null,null,null,0,184.008,115.917,108,null,.6,43.2,1.9,11,3.1,20.2,9,0,112.2,null,null,null
38,02/02/1998,03/02/1998,0,null,null,null,29,clear,odour free,6.96,709,null,null,null,null,.01,null,null,null,0,184.008,115.917,108,null,.6,43.2,1.9,11,3.1,20.2,9,0,112.2,null,null,null
39,02/03/1998,03/03/1998,0,null,null,null,29,clear,odour free,7.25,419,null,null,.07,.028,.01,null,null,null,0,248.132,255.083,115.5,.1,.74,46.2,33.5,7.1,2,30.1,3,0,151.3,null,null,null
40,02/03/1998,03/03/1998,0,null,null,null,29,clear,odour free,7.25,419,null,null,.07,.028,.01,null,null,null,0,248.132,255.083,115.5,.1,.74,46.2,33.5,7.1,2,30.1,3,0,151.3,null,null,null
41,01/04/1998,02/04/1998,0,null,null,null,29,clear,odour free,7.93,553,null,null,.14,null,.01,null,null,null,0,224.024,159.917,32,null,.68,12.8,30.7,8.3,3.5,19.5,13.2,0,136.6,null,null,null
42,01/04/1998,02/04/1998,0,null,null,null,29,clear,odour free,7.93,553,null,null,.14,null,.01,null,null,null,0,224.024,159.917,32,null,.68,12.8,30.7,8.3,3.5,19.5,13.2,0,136.6,null,null,null
43,01/05/1998,02/05/1998,null,null,null,null,29,clear,odour free,8.1,626,null,null,null,.028,null,null,null,null,0,224.024,155.833,40,.4,.56,16,27.8,5.1,1.6,18.1,6.9,0,136.6,null,null,null
44,01/06/1998,02/06/1998,0,null,null,null,29.5,clear,odour free,8.31,610,null,null,null,null,.103,15.6,null,null,0,224.024,187.75,44,.2,.56,17.6,34.5,6.2,1.6,24.8,7.7,0,136.6,null,null,null
45,01/06/1998,02/06/1998,0,null,null,null,29.5,clear,odour free,8.31,610,null,null,null,null,.103,15.6,null,null,0,224.024,187.75,44,.2,.56,17.6,34.5,6.2,1.6,24.8,7.7,0,136.6,null,null,null
46,01/07/1998,02/07/1998,948,null,null,null,28,clear,odour free,7.75,462,null,null,.14,null,.031,23.1,null,null,0,168.1,144.25,108,.2,.59,43.2,8.7,13.3,2,24.8,11.1,0,102.5,null,null,null
47,01/07/1998,02/07/1998,948,null,null,null,28,clear,odour free,7.75,462,null,null,.14,null,.031,23.1,null,null,0,168.1,144.25,108,.2,.59,43.2,8.7,13.3,2,24.8,11.1,0,102.5,null,null,null
48,03/08/1998,04/08/1998,89.63999938964844,null,null,4.9,29,clear,odour free,7.93,370,null,null,.1,.042,.155,14.1,1.9,null,0,184.008,120.083,8,.2,null,3.2,26.9,12.4,1.2,6.4,4.7,0,112.2,null,null,null
49,03/08/1998,04/08/1998,89.63999938964844,null,null,4.9,29,clear,odour free,7.93,370,null,null,.1,.042,.155,14.1,1.9,null,0,184.008,120.083,8,.2,null,3.2,26.9,12.4,1.2,6.4,4.7,0,112.2,null,null,null
50,01/09/1998,02/09/1998,60.880001068115234,null,null,8.2,29,clear,odour free,8.46,80,null,null,.27,.028,.01,27,1.1,null,0,168.1,128.083,16,.2,null,6.4,26.9,12.4,1.2,3.9,18.8,0,102.5,null,null,null
51,01/09/1998,02/09/1998,60.880001068115234,null,null,8.2,29,clear,odour free,8.46,80,null,null,.27,.028,.01,27,1.1,null,0,168.1,128.083,16,.2,null,6.4,26.9,12.4,1.2,3.9,18.8,0,102.5,null,null,null
52,05/10/1998,06/10/1998,58,null,null,null,28,clear,odour free,8.25,578,null,null,.15,.014,.041,20.1,null,null,0,48.052,56.417,16,null,.63,6.4,9.7,8.3,.4,8.2,1.3,0,29.3,null,null,null
53,05/10/1998,06/10/1998,58,null,null,null,28,clear,odour free,8.25,578,null,null,.15,.014,.041,20.1,null,null,0,48.052,56.417,16,null,.63,6.4,9.7,8.3,.4,8.2,1.3,0,29.3,null,null,null
54,02/11/1998,03/11/1998,null,null,null,6,29,clear,odour free,8.39,90,null,null,.14,.014,null,18.3,1.7,null,0,56.088,55.917,28,null,null,11.2,6.7,5.1,1.2,2.8,1.7,0,34.2,null,null,null
55,01/12/1998,02/12/1998,0,null,null,null,24,clear,odour free,7.95,601,null,null,null,.014,null,18.9,null,null,0,232.06,164.167,40,.1,null,16,29.8,17.7,3.9,31.9,3.8,0,141.5,null,null,null
56,01/12/1998,02/12/1998,0,null,null,null,24,clear,odour free,7.95,601,null,null,null,.014,null,18.9,null,null,0,232.06,164.167,40,.1,null,16,29.8,17.7,3.9,31.9,3.8,0,141.5,null,null,null
57,01/01/1999,02/01/1999,0,null,null,null,29,clear,odour free,8.16,635,null,null,.2,.028,.093,9.3,null,null,0,208.116,176.083,24,.1,null,9.6,36.5,19.1,2,63.8,5.6,0,126.9,null,null,null
58,01/01/1999,02/01/1999,0,null,null,null,29,clear,odour free,8.16,635,null,null,.2,.028,.093,9.3,null,null,0,208.116,176.083,24,.1,null,9.6,36.5,19.1,2,63.8,5.6,0,126.9,null,null,null
59,01/02/1999,02/02/1999,0,null,null,null,29.5,clear,odour free,7.93,549,null,null,.25,.014,null,3.3,null,null,0,184.008,184.25,48,null,null,19.2,32.7,14,2.3,50.3,10.7,0,112.2,null,null,null
60,01/02/1999,02/02/1999,0,null,null,null,29.5,clear,odour free,7.93,549,null,null,.25,.014,null,3.3,null,null,0,184.008,184.25,48,null,null,19.2,32.7,14,2.3,50.3,10.7,0,112.2,null,null,null
61,03/03/1999,04/03/1999,0,null,null,null,29,clear,odour free,7.7,510,null,null,.11,.042,.062,19.8,null,null,0,232.06,179.583,40,.7,null,16,33.5,16.3,2.3,35.1,7.7,0,141.5,null,null,null
62,03/03/1999,04/03/1999,0,null,null,null,29,clear,odour free,7.7,510,null,null,.11,.042,.062,19.8,null,null,0,232.06,179.583,40,.7,null,16,33.5,16.3,2.3,35.1,7.7,0,141.5,null,null,null
63,05/04/1999,06/04/1999,0,null,null,null,29,clear,odour free,8.4,484,null,null,.13,.042,.041,.6,null,null,0,248.132,176.083,24,.3,null,9.6,36.5,7.6,2.3,30.8,11.3,0,151.3,null,null,null
64,05/04/1999,06/04/1999,0,null,null,null,29,clear,odour free,8.4,484,null,null,.13,.042,.041,.6,null,null,0,248.132,176.083,24,.3,null,9.6,36.5,7.6,2.3,30.8,11.3,0,151.3,null,null,null
65,03/05/1999,04/05/1999,0,null,null,null,29.5,clear,odour free,8.01,486,null,null,null,.014,null,25.5,null,null,0,224.024,172.25,36,.9,null,14.4,32.7,9.2,3.1,12.8,11.9,0,136.6,null,null,null
66,03/05/1999,04/05/1999,0,null,null,null,29.5,clear,odour free,8.01,486,null,null,null,.014,null,25.5,null,null,0,224.024,172.25,36,.9,null,14.4,32.7,9.2,3.1,12.8,11.9,0,136.6,null,null,null
67,01/06/1999,02/06/1999,0,null,null,null,29,clear,odour free,8,519,null,null,null,.168,null,17.1,null,null,0,216.152,116.167,72,.1,.44,28.8,10.6,16.6,3.9,20.6,2.5,0,131.8,null,null,null
68,01/06/1999,02/06/1999,0,null,null,null,29,clear,odour free,8,519,null,null,null,.168,null,17.1,null,null,0,216.152,116.167,72,.1,.44,28.8,10.6,16.6,3.9,20.6,2.5,0,131.8,null,null,null
69,01/07/1999,02/07/1999,58,null,null,null,29.5,clear,odour free,8.16,512,null,null,null,.014,.01,9.6,null,null,0,232.06,192,32,null,.61,12.8,38.4,11.5,5.1,46.1,5.1,0,141.5,null,null,null
70,01/07/1999,02/07/1999,58,null,null,null,29.5,clear,odour free,8.16,512,null,null,null,.014,.01,9.6,null,null,0,232.06,192,32,null,.61,12.8,38.4,11.5,5.1,46.1,5.1,0,141.5,null,null,null
71,02/08/1999,03/08/1999,51,null,null,null,29.5,clear,odour free,7.58,545,null,null,null,.028,.103,19.8,null,null,0,224.024,187.583,48,.2,.82,19.2,33.5,5.3,1.6,26.2,2.5,0,136.6,null,null,null
72,02/08/1999,03/08/1999,51,null,null,null,29.5,clear,odour free,7.58,545,null,null,null,.028,.103,19.8,null,null,0,224.024,187.583,48,.2,.82,19.2,33.5,5.3,1.6,26.2,2.5,0,136.6,null,null,null
73,01/09/1999,02/09/1999,42.119998931884766,null,null,5.5,28,clear,odour free,7.36,100,null,null,null,.014,null,14.1,1.2,null,0,80.032,64.083,12,null,null,4.8,12.5,4.4,null,.7,3.8,0,48.8,null,null,null
74,01/09/1999,02/09/1999,42.119998931884766,null,null,5.5,28,clear,odour free,7.36,100,null,null,null,.014,null,14.1,1.2,null,0,80.032,64.083,12,null,null,4.8,12.5,4.4,null,.7,3.8,0,48.8,null,null,null
75,04/10/1999,05/10/1999,42,null,null,2.8,29,clear,odour free,7.84,105,null,null,null,.042,null,15.3,2,null,0,63.96,32.25,16,null,null,6.4,3.9,26.9,1.2,21.3,4.7,0,39,null,null,null
76,04/10/1999,05/10/1999,42,null,null,2.8,29,clear,odour free,7.84,105,null,null,null,.042,null,15.3,2,null,0,63.96,32.25,16,null,null,6.4,3.9,26.9,1.2,21.3,4.7,0,39,null,null,null
77,01/11/1999,02/11/1999,2.243000030517578,null,null,6.1,29,clear,odour free,7.91,122,null,null,null,.014,null,6.9,2.9,null,0,160.064,51.917,24,null,null,9.6,6.7,10.4,2,5.3,3.8,0,97.6,null,null,null
78,01/11/1999,02/11/1999,2.243000030517578,null,null,6.1,29,clear,odour free,7.91,122,null,null,null,.014,null,6.9,2.9,null,0,160.064,51.917,24,null,null,9.6,6.7,10.4,2,5.3,3.8,0,97.6,null,null,null
79,01/12/1999,02/12/1999,0,null,null,null,28,clear,odour free,8.62,633,null,null,null,null,.01,24.6,null,null,3.984,388.168,290,35,.1,null,14,61.2,45.1,10.9,72.3,1.7,4.8,231.8,null,null,null
80,01/12/1999,02/12/1999,0,null,null,null,28,clear,odour free,8.62,633,null,null,null,null,.01,24.6,null,null,3.984,388.168,290,35,.1,null,14,61.2,45.1,10.9,72.3,1.7,4.8,231.8,null,null,null
81,03/01/2000,04/01/2000,null,null,null,null,29,clear,odour free,7.96,584,null,null,null,.14,null,36.3,null,null,0,197.128,248.917,96,.2,null,38.4,36.7,40.7,3.1,43.2,2.9,0,120.2,null,null,null
82,01/02/2000,02/02/2000,0,null,null,null,23,clear,odour free,7.86,560,null,null,null,.196,.331,30,null,null,0,187.124,228.167,146.5,.1,null,58.6,19.6,45.1,5.1,45.7,32.6,0,114.1,null,null,null
83,01/02/2000,02/02/2000,0,null,null,null,23,clear,odour free,7.86,560,null,null,null,.196,.331,30,null,null,0,187.124,228.167,146.5,.1,null,58.6,19.6,45.1,5.1,45.7,32.6,0,114.1,null,null,null
84,01/03/2000,02/03/2000,0,null,null,null,24,clear,odour free,8.1,529,null,null,null,.518,.217,28.2,null,null,0,172.036,216.167,109.5,null,null,43.8,25.6,61.2,5.5,48.2,35,0,104.9,null,null,null
85,01/03/2000,02/03/2000,0,null,null,null,24,clear,odour free,8.1,529,null,null,null,.518,.217,28.2,null,null,0,172.036,216.167,109.5,null,null,43.8,25.6,61.2,5.5,48.2,35,0,104.9,null,null,null
86,03/04/2000,04/04/2000,0,null,null,null,28.5,clear,odour free,7.94,497,null,null,null,.196,.083,25.5,null,null,0,135.136,202.583,73,null,null,29.2,31.1,54.5,5.1,36.2,23.5,0,82.4,null,null,null
87,03/04/2000,04/04/2000,0,null,null,null,28.5,clear,odour free,7.94,497,null,null,null,.196,.083,25.5,null,null,0,135.136,202.583,73,null,null,29.2,31.1,54.5,5.1,36.2,23.5,0,82.4,null,null,null
88,01/05/2000,02/05/2000,0,null,null,null,28.5,clear,odour free,8.25,505,null,null,null,.21,.186,18.9,null,null,0,150.06,206.583,67,.1,null,26.8,33.5,31.3,5.5,38.6,287.5,0,91.5,null,null,null
89,01/05/2000,02/05/2000,0,null,null,null,28.5,clear,odour free,8.25,505,null,null,null,.21,.186,18.9,null,null,0,150.06,206.583,67,.1,null,26.8,33.5,31.3,5.5,38.6,287.5,0,91.5,null,null,null
90,01/06/2000,01/06/2000,0,null,null,null,28,clear,odour free,7.74,543,null,null,.05,.14,.3,18,null,null,0,192.044,201.583,107,.2,.33,42.8,22.7,26.9,6.6,48.2,27.8,0,117.1,null,null,null
91,01/06/2000,01/06/2000,0,null,null,null,28,clear,odour free,7.74,543,null,null,.05,.14,.3,18,null,null,0,192.044,201.583,107,.2,.33,42.8,22.7,26.9,6.6,48.2,27.8,0,117.1,null,null,null
92,03/07/2000,03/07/2000,90,null,null,6.5,27.5,clear,odour free,7.71,100,null,null,.08,1.106,.165,13.8,1.2,null,0,36.08,31.75,18,.2,.1,7.2,3.3,5.8,.4,9.2,2.9,0,22,null,null,null
93,03/07/2000,03/07/2000,90,null,null,6.5,27.5,clear,odour free,7.71,100,null,null,.08,1.106,.165,13.8,1.2,null,0,36.08,31.75,18,.2,.1,7.2,3.3,5.8,.4,9.2,2.9,0,22,null,null,null
94,01/08/2000,01/08/2000,7.610000133514404,null,null,6.1,28.5,clear,odour free,8.03,88,null,null,.05,.252,.083,50.1,1.6,null,0,36.08,40.083,18,.05,.31,7.2,5.3,2.8,.4,9.2,27.4,0,22,null,null,null
95,01/08/2000,01/08/2000,7.610000133514404,null,null,6.1,28.5,clear,odour free,8.03,88,null,null,.05,.252,.083,50.1,1.6,null,0,36.08,40.083,18,.05,.31,7.2,5.3,2.8,.4,9.2,27.4,0,22,null,null,null
96,04/09/2000,04/09/2000,59.20000076293945,null,null,5.7,27,clear,odour free,7.54,87,null,null,.15,.504,.227,23.4,1.2,null,0,41,36.417,13.5,.2,.25,5.4,5.5,3.5,.4,9.2,3.8,0,25,null,null,null
97,04/09/2000,04/09/2000,59.20000076293945,null,null,5.7,27,clear,odour free,7.54,87,null,null,.15,.504,.227,23.4,1.2,null,0,41,36.417,13.5,.2,.25,5.4,5.5,3.5,.4,9.2,3.8,0,25,null,null,null
98,03/10/2000,03/10/2000,9.430000305175781,null,null,6.9,28,clear,odour free,7.58,89,null,null,.06,.182,.227,20.4,2,null,0,47.068,44.667,18,.1,.18,7.2,6.4,2.5,.4,23.4,73.9,0,28.7,null,null,null
99,03/10/2000,03/10/2000,9.430000305175781,null,null,6.9,28,clear,odour free,7.58,89,null,null,.06,.182,.227,20.4,2,null,0,47.068,44.667,18,.1,.18,7.2,6.4,2.5,.4,23.4,73.9,0,28.7,null,null,null
100,01/11/2000,01/11/2000,1.6230000257492065,null,null,6.1,29,clear,odour free,7.78,98,null,null,.06,.196,.217,89.1,.8,null,0,47.068,41.667,32.5,.1,.4,13,2.2,3.7,.4,14.2,39.8,0,28.7,null,null,null
101,01/11/2000,01/11/2000,1.6230000257492065,null,null,6.1,29,clear,odour free,7.78,98,null,null,.06,.196,.217,89.1,.8,null,0,47.068,41.667,32.5,.1,.4,13,2.2,3.7,.4,14.2,39.8,0,28.7,null,null,null
102,01/12/2000,01/12/2000,0,null,null,null,29,clear,odour free,8.32,692,null,null,.05,1.246,.196,45.3,null,null,0,20.992,279.5,37,.1,.22,14.8,58.2,36.3,6.6,74.8,64.3,0,12.8,null,null,null
103,01/01/2001,01/01/2001,0,null,null,null,28.5,clear,odour free,7.92,713,null,null,.05,.126,.186,25.5,null,null,0,241.08,255.75,64.5,.1,.42,25.8,45.9,36.3,5.5,81.9,87.8,0,147,null,null,null
104,01/02/2001,01/02/2001,0,null,null,null,29,clear,odour free,7.5,721,null,null,.05,.168,.155,31.2,null,null,0,212.052,264.75,73.5,.1,.19,29.4,45.9,29.2,5.9,75.5,106.1,0,129.3,null,null,null
105,01/03/2001,01/03/2001,0,null,null,null,29.5,clear,odour free,8.25,661,null,null,.05,.126,.103,18.9,null,null,0,243.048,283.667,32,.05,.22,12.8,60.4,32.9,5.5,78,133,0,148.2,null,null,null
106,02/04/2001,02/04/2001,0,null,null,null,28,clear,odour free,8.24,701,null,null,.05,.434,.031,30.6,null,null,0,202.048,251,78.5,.05,.19,31.4,41.4,30.8,6.3,78,153.1,0,123.2,null,null,null
107,01/05/2001,01/05/2001,0,null,null,null,30,clear,odour free,7.99,620,null,null,.05,.336,.01,60,null,null,0,140.056,167.167,83,.1,.1,33.2,20.2,43.9,5.1,70.5,43.2,0,85.4,null,null,null
108,01/08/2001,01/08/2001,63.31999969482422,null,null,null,28,clear,odour free,7.3,93,null,null,.05,null,.1,13.43,.4,null,0,91.66,50.983,27.65,.06,.21,11.06,5.6,3.4,.2,7.55,4,0,55.89,null,null,null
109,01/08/2001,01/08/2001,63.31999969482422,null,null,null,28,clear,odour free,7.3,93,null,null,.05,null,.1,13.43,.4,null,0,91.66,50.983,27.65,.06,.21,11.06,5.6,3.4,.2,7.55,4,0,55.89,null,null,null
110,03/09/2001,03/09/2001,29.450000762939453,null,null,null,29.5,clear,odour free,8.32,111,null,null,.05,null,.05,23.69,.59,null,2.233,229.107,50.808,41.475,.06,.03,16.59,2.24,4,.2,5.03,2,2.69,136.96,null,null,null
111,03/09/2001,03/09/2001,29.450000762939453,null,null,null,29.5,clear,odour free,8.32,111,null,null,.05,null,.05,23.69,.59,null,2.233,229.107,50.808,41.475,.06,.03,16.59,2.24,4,.2,5.03,2,2.69,136.96,null,null,null
112,03/10/2001,03/10/2001,11.5,null,null,null,28.5,clear,odour free,8.09,109,null,null,.05,null,.13,19.74,.1,null,0,75.424,39.558,17.475,.06,.14,6.99,5.3,4.5,.1,10.07,5,0,45.99,null,null,null
113,03/10/2001,03/10/2001,11.5,null,null,null,28.5,clear,odour free,8.09,109,null,null,.05,null,.13,19.74,.1,null,0,75.424,39.558,17.475,.06,.14,6.99,5.3,4.5,.1,10.07,5,0,45.99,null,null,null
114,01/07/2002,01/07/2002,39.3650016784668,null,null,null,29,clear,odour free,7.86,84,null,null,.05,.14,.01,11.7,.6,null,0,30.012,27.583,23,.3,.19,9.2,1.1,3.5,.4,8.5,2.4,0,18.3,null,null,null
115,01/07/2002,01/07/2002,39.3650016784668,null,null,null,29,clear,odour free,7.86,84,null,null,.05,.14,.01,11.7,.6,null,0,30.012,27.583,23,.3,.19,9.2,1.1,3.5,.4,8.5,2.4,0,18.3,null,null,null
116,01/08/2002,02/08/2002,28.283000946044922,null,null,6.08,29,clear,odour free,7.11,85,null,null,.05,.112,.062,12,.54,null,0,69.044,48.583,29,.5,.23,11.6,4.7,3.5,.4,7.4,2.9,0,42.1,null,null,null
117,01/08/2002,02/08/2002,28.283000946044922,null,null,6.08,29,clear,odour free,7.11,85,null,null,.05,.112,.062,12,.54,null,0,69.044,48.583,29,.5,.23,11.6,4.7,3.5,.4,7.4,2.9,0,42.1,null,null,null
118,02/09/2002,02/09/2002,111.447998046875,null,null,null,28,clear,odour free,7.64,85,null,null,.05,.098,.041,9,1.01,null,0,83.968,60.417,15,.5,.27,6,10.9,3.7,.4,7.4,2.9,0,51.2,null,null,null
119,02/09/2002,02/09/2002,111.447998046875,null,null,null,28,clear,odour free,7.64,85,null,null,.05,.098,.041,9,1.01,null,0,83.968,60.417,15,.5,.27,6,10.9,3.7,.4,7.4,2.9,0,51.2,null,null,null
120,03/10/2002,03/10/2002,7.620999813079834,null,null,6.69,28.5,lihgt brown,odour free,7.76,109,null,null,.05,.056,.083,7.8,.1,4,0,66.092,46.833,31,.5,.17,12.4,3.8,4.6,.4,6,6.2,0,40.3,null,null,null
121,03/10/2002,03/10/2002,7.620999813079834,null,null,6.69,28.5,lihgt brown,odour free,7.76,109,null,null,.05,.056,.083,7.8,.1,4,0,66.092,46.833,31,.5,.17,12.4,3.8,4.6,.4,6,6.2,0,40.3,null,null,null
122,01/07/2003,01/07/2003,79.22000122070313,7.2,350,null,29,brown,odour free,7.62,140,null,null,null,.154,.083,3.6,1.1,5.73,0,98.072,51.833,31,.2,.2,12.4,5,7.8,1.17,9.9,3.8,0,59.8,null,null,null
123,01/07/2003,01/07/2003,79.22000122070313,7.2,350,null,29,brown,odour free,7.62,140,null,null,null,.154,.083,3.6,1.1,5.73,0,98.072,51.833,31,.2,.2,12.4,5,7.8,1.17,9.9,3.8,0,59.8,null,null,null
124,01/08/2003,01/08/2003,35.58000183105469,7.3,940,null,26.5,lihgt brown,odour free,7.73,85,null,null,.06,.098,.114,1.5,.8,4.27,0,75.112,33.833,20.5,.2,.43,8.2,3.2,4.6,.39,6.4,2.4,0,45.8,null,null,null
125,01/08/2003,01/08/2003,35.58000183105469,7.3,940,null,26.5,lihgt brown,odour free,7.73,85,null,null,.06,.098,.114,1.5,.8,4.27,0,75.112,33.833,20.5,.2,.43,8.2,3.2,4.6,.39,6.4,2.4,0,45.8,null,null,null
126,01/09/2003,01/09/2003,39.34000015258789,null,102,null,28.5,clear,odour free,7.67,95,null,null,null,.084,.052,1.8,.4,1.82,0,82,46.417,28.5,.1,.18,11.4,4.3,4.8,.39,6,6.7,0,50,null,null,null
127,01/09/2003,01/09/2003,39.34000015258789,null,102,null,28.5,clear,odour free,7.67,95,null,null,null,.084,.052,1.8,.4,1.82,0,82,46.417,28.5,.1,.18,11.4,4.3,4.8,.39,6,6.7,0,50,null,null,null
128,06/10/2003,06/10/2003,null,8.52,106,null,28,clear,odour free,8.14,132,null,null,null,.07,.072,2.7,.3,1.86,0,83.968,62.5,50,.1,.15,20,3,6.7,.39,11.3,13.9,0,51.2,null,null,null
129,01/07/2004,01/07/2004,40,null,null,5.7,28,brown,odour free,7.61,90,null,null,null,.056,.021,.6,.3,1,0,50.02,25,20,.1,.19,8,1.2,4.8,.4,7.1,2.9,0,30.5,null,null,null
130,01/07/2004,01/07/2004,40,null,null,5.7,28,brown,odour free,7.61,90,null,null,null,.056,.021,.6,.3,1,0,50.02,25,20,.1,.19,8,1.2,4.8,.4,7.1,2.9,0,30.5,null,null,null
131,02/08/2004,02/08/2004,681,null,null,6.5,28.5,brown,odour free,7.26,61,null,null,null,.182,.021,1.5,1.3,6,0,51.988,25,15,.1,.18,6,2.4,3.9,.4,5.7,2.4,0,31.7,null,null,null
132,02/08/2004,02/08/2004,681,null,null,6.5,28.5,brown,odour free,7.26,61,null,null,null,.182,.021,1.5,1.3,6,0,51.988,25,15,.1,.18,6,2.4,3.9,.4,5.7,2.4,0,31.7,null,null,null
133,01/09/2004,01/09/2004,25.985000610351563,null,null,6.5,28,brown,odour free,7.44,90,null,null,null,.504,.021,1.8,1.8,4,0,77.08,31.333,10.5,.2,.1,4.2,5,5.3,.4,2.5,3.8,0,47,null,null,null
134,01/09/2004,01/09/2004,25.985000610351563,null,null,6.5,28,brown,odour free,7.44,90,null,null,null,.504,.021,1.8,1.8,4,0,77.08,31.333,10.5,.2,.1,4.2,5,5.3,.4,2.5,3.8,0,47,null,null,null
135,04/10/2004,04/10/2004,24,null,null,5.6,29,Clear,odour free,7.53,99,null,null,.06,.322,.031,1.8,2.3,5.36,0,65.108,36.333,15.5,.2,.1,6.2,5,5.1,.4,7.4,5.3,0,39.7,null,null,null
136,04/10/2004,04/10/2004,24,null,null,5.6,29,Clear,odour free,7.53,99,null,null,.06,.322,.031,1.8,2.3,5.36,0,65.108,36.333,15.5,.2,.1,6.2,5,5.1,.4,7.4,5.3,0,39.7,null,null,null
137,01/07/2005,01/07/2005,360,null,null,null,27,Brown,odour free,6.85,64,null,null,null,.284,.047,6.07,.6,4.32,0,43.952,22.733,10.275,null,.121,4.11,2.99,3.5,6.3,6.5,4,0,26.8,null,null,null
138,01/07/2005,01/07/2005,360,null,null,null,27,Brown,odour free,6.85,64,null,null,null,.284,.047,6.07,.6,4.32,0,43.952,22.733,10.275,null,.121,4.11,2.99,3.5,6.3,6.5,4,0,26.8,null,null,null
139,01/09/2005,01/09/2005,18,null,null,null,27,Light Brown,odour free,7.64,89,null,null,null,.194,.057,6.97,.8,5.76,0,80.032,28.908,16.45,null,.119,6.58,2.99,3.3,4.1,4.82,null,0,48.8,null,null,null
140,01/09/2005,01/09/2005,18,null,null,null,27,Light Brown,odour free,7.64,89,null,null,null,.194,.057,6.97,.8,5.76,0,80.032,28.908,16.45,null,.119,6.58,2.99,3.3,4.1,4.82,null,0,48.8,null,null,null
141,03/07/2006,03/07/2006,1035.5699462890625,null,null,null,27,Light brown,Odour free,7.1,50,null,null,null,.131,.018,4.6,.3,3,0,14.006,8.083,6,.12,null,2.4,.5,4.1,4.8,7.77,4.1,0,8.54,null,null,null
142,03/07/2006,03/07/2006,1035.5699462890625,null,null,null,27,Light brown,Odour free,7.1,50,null,null,null,.131,.018,4.6,.3,3,0,14.006,8.083,6,.12,null,2.4,.5,4.1,4.8,7.77,4.1,0,8.54,null,null,null
143,01/08/2006,01/08/2006,163.67999267578125,null,null,null,25,Light brown,Odour free,7.43,81,null,null,null,.129,.015,4.09,.9,6.5,0,48.019,18.083,16,.12,.075,6.4,.5,5.3,3.6,7.28,1.41,0,29.28,null,null,null
144,01/08/2006,01/08/2006,163.67999267578125,null,null,null,25,Light brown,Odour free,7.43,81,null,null,null,.129,.015,4.09,.9,6.5,0,48.019,18.083,16,.12,.075,6.4,.5,5.3,3.6,7.28,1.41,0,29.28,null,null,null
145,01/09/2006,01/09/2006,87.0199966430664,null,null,null,25,Brown,Odour free,7.25,78,null,null,null,.085,.443,3.47,.1,1.5,0,34.014,20.167,16,.09,.166,6.4,1,4,4.4,11.66,3.72,0,20.74,null,null,null
146,01/09/2006,01/09/2006,87.0199966430664,null,null,null,25,Brown,Odour free,7.25,78,null,null,null,.085,.443,3.47,.1,1.5,0,34.014,20.167,16,.09,.166,6.4,1,4,4.4,11.66,3.72,0,20.74,null,null,null
147,03/10/2006,03/10/2006,66.7699966430664,8.03,110,7.8,26,Light brown,Odour free,7.15,96,null,null,null,.07,.305,4.32,.2,1.5,0,190.076,84.083,83.25,.06,.681,33.3,.2,6.1,2.8,9.71,1.01,0,115.9,null,null,null
148,03/10/2006,03/10/2006,66.7699966430664,8.03,110,7.8,26,Light brown,Odour free,7.15,96,null,null,null,.07,.305,4.32,.2,1.5,0,190.076,84.083,83.25,.06,.681,33.3,.2,6.1,2.8,9.71,1.01,0,115.9,null,null,null
149,18/06/2007,19/06/2007,16.499000549316406,null,null,null,26,Dark brown,Odour free,7.8,70,null,null,null,.056,.033,9.56,.5,6,0,15.984,13.842,11.8,.053,.09,4.72,.49,6.2,.1,8.33,1.81,0,19.5,null,null,null
150,18/06/2007,19/06/2007,16.499000549316406,null,null,null,26,Dark brown,Odour free,7.8,70,null,null,null,.056,.033,9.56,.5,6,0,15.984,13.842,11.8,.053,.09,4.72,.49,6.2,.1,8.33,1.81,0,19.5,null,null,null
151,02/07/2007,03/07/2007,558.8510131835938,null,null,null,25,Light brown,Odour free,7.88,75,null,null,null,.252,.013,10.84,.9,8,0,14.016,18.108,12.025,.052,.11,4.81,1.46,10,.3,10.8,2.87,0,17.1,null,null,null
152,02/07/2007,03/07/2007,558.8510131835938,null,null,null,25,Light brown,Odour free,7.88,75,null,null,null,.252,.013,10.84,.9,8,0,14.016,18.108,12.025,.052,.11,4.81,1.46,10,.3,10.8,2.87,0,17.1,null,null,null
153,01/08/2007,02/08/2007,55.96200180053711,6.13,321,6.8,25,Clear,Odour free,7.14,80,null,null,null,.602,.027,8.84,1,9.4,0,34.18,24.108,18.025,.05,.004,7.21,1.46,7.7,.1,5.77,4.87,0,41.7,null,null,null
154,01/08/2007,02/08/2007,55.96200180053711,6.13,321,6.8,25,Clear,Odour free,7.14,80,null,null,null,.602,.027,8.84,1,9.4,0,34.18,24.108,18.025,.05,.004,7.21,1.46,7.7,.1,5.77,4.87,0,41.7,null,null,null
155,05/09/2007,06/09/2007,126.54100036621094,7.32,158,7.1,25.5,Light brown,Odour free,7.04,59,null,null,null,.594,.047,10.41,.3,7.6,0,15.164,14.067,12.025,.21,.004,4.81,.49,3.1,2,3.46,2.54,0,18.5,null,null,null
156,05/09/2007,06/09/2007,126.54100036621094,7.32,158,7.1,25.5,Light brown,Odour free,7.04,59,null,null,null,.594,.047,10.41,.3,7.6,0,15.164,14.067,12.025,.21,.004,4.81,.49,3.1,2,3.46,2.54,0,18.5,null,null,null
157,03/10/2007,04/10/2007,15.694999694824219,7.14,156,7,28,Clear,Odour free,7.11,77,null,null,null,.045,.053,11.98,1.9,8.4,0,19.016,25.092,22.05,.13,.07,8.82,.73,4.1,1,8.91,1.27,0,23.2,null,null,null
158,03/10/2007,04/10/2007,15.694999694824219,7.14,156,7,28,Clear,Odour free,7.11,77,null,null,null,.045,.053,11.98,1.9,8.4,0,19.016,25.092,22.05,.13,.07,8.82,.73,4.1,1,8.91,1.27,0,23.2,null,null,null
159,01/07/2008,02/07/2008,136.97300720214844,null,354,null,null,Light brown,Odour free,7.1,86,null,null,null,.287,.002,5.98,.5,3,0,25.984,28.192,16.025,.05,.02,6.41,2.92,6.3,1,9.1,2.78,0,31.7,null,null,null
160,01/07/2008,02/07/2008,136.97300720214844,null,354,null,null,Light brown,Odour free,7.1,86,null,null,null,.287,.002,5.98,.5,3,0,25.984,28.192,16.025,.05,.02,6.41,2.92,6.3,1,9.1,2.78,0,31.7,null,null,null
161,01/08/2008,02/08/2008,68.71499633789063,7.58,149,6.3,27,Clear,Odour free,7.43,83,null,null,null,.097,.002,4.88,.4,2.2,0,25.984,22.092,20.05,.05,.05,8.02,.49,5.3,1,7.21,2.7,0,31.7,null,null,null
162,01/08/2008,02/08/2008,68.71499633789063,7.58,149,6.3,27,Clear,Odour free,7.43,83,null,null,null,.097,.002,4.88,.4,2.2,0,25.984,22.092,20.05,.05,.05,8.02,.49,5.3,1,7.21,2.7,0,31.7,null,null,null
163,01/09/2008,02/09/2008,32.430999755859375,null,null,null,27,Clear,Odour free,7.19,69,null,null,null,.219,.002,5.28,1.1,3.8,0,15.984,24.15,14.025,.05,.05,5.61,2.43,2.2,1,3.36,6.9,0,19.5,null,null,null
164,01/09/2008,02/09/2008,32.430999755859375,null,null,null,27,Clear,Odour free,7.19,69,null,null,null,.219,.002,5.28,1.1,3.8,0,15.984,24.15,14.025,.05,.05,5.61,2.43,2.2,1,3.36,6.9,0,19.5,null,null,null
165,03/10/2008,04/10/2008,3.193000078201294,null,null,null,26,Clear,Odour free,7.61,100,null,null,null,.056,.002,4.85,.1,1.5,0,18.033,38.317,16.025,.05,.03,6.41,5.35,2.9,1,5.24,14.23,0,22,null,null,null
166,03/10/2008,04/10/2008,3.193000078201294,null,null,null,26,Clear,Odour free,7.61,100,null,null,null,.056,.002,4.85,.1,1.5,0,18.033,38.317,16.025,.05,.03,6.41,5.35,2.9,1,5.24,14.23,0,22,null,null,null
167,01/07/2009,02/07/2009,1.8589999675750732,7.54,276,7.6,28.5,Light brown,Odour free,7.44,125,null,null,null,.157,.005,8.71,2,14,0,40,48.258,30.05,.12,.09,12.02,4.37,7.7,.2,10.6,19.27,0,48.8,null,null,null
168,01/07/2009,02/07/2009,1.8589999675750732,7.54,276,7.6,28.5,Light brown,Odour free,7.44,125,null,null,null,.157,.005,8.71,2,14,0,40,48.258,30.05,.12,.09,12.02,4.37,7.7,.2,10.6,19.27,0,48.8,null,null,null
169,03/08/2009,04/08/2009,28.610000610351563,7.3,136,6.8,28,Clear,Odour free,7.39,3450,null,null,null,.243,.005,9.62,1.4,7.9,0,24.016,46.3,26.05,null,null,10.42,4.86,6,.1,8.16,20.94,0,29.3,16000,16000,null
170,03/08/2009,04/08/2009,28.610000610351563,7.3,136,6.8,28,Clear,Odour free,7.39,3450,null,null,null,.243,.005,9.62,1.4,7.9,0,24.016,46.3,26.05,null,null,10.42,4.86,6,.1,8.16,20.94,0,29.3,16000,16000,null
171,01/09/2009,02/09/2009,44.257999420166016,7.56,101,6.5,28,Clear,Odour free,7.35,94,null,null,null,.131,.005,9.54,.3,2.3,0,34.016,34.117,32.075,.4,.03,12.83,.49,5.5,.2,7.07,2.6,0,41.5,16000,16000,null
172,01/09/2009,02/09/2009,44.257999420166016,7.56,101,6.5,28,Clear,Odour free,7.35,94,null,null,null,.131,.005,9.54,.3,2.3,0,34.016,34.117,32.075,.4,.03,12.83,.49,5.5,.2,7.07,2.6,0,41.5,16000,16000,null
173,05/10/2009,06/10/2009,80.34200286865234,7.34,133,5.7,25,Light brown,Odour free,7.5,81,null,null,null,.218,.005,11.95,.6,3.8,0,35.984,55.283,40.075,.7,.03,16.03,3.65,6.1,.5,8.16,9.37,0,43.9,35000,17000,null
174,05/10/2009,06/10/2009,80.34200286865234,7.34,133,5.7,25,Light brown,Odour free,7.5,81,null,null,null,.218,.005,11.95,.6,3.8,0,35.984,55.283,40.075,.7,.03,16.03,3.65,6.1,.5,8.16,9.37,0,43.9,35000,17000,null
175,01/07/2010,02/07/2010,41.25299835205078,7.68,144,5.9,28,Light brown,Odour free,7.48,83,null,null,null,.09,.01,4.38,.7,5,0,18.033,36.117,32.075,.15,.14,12.83,.97,5.8,.9,8.4,14.15,0,22,9200,5400,null
176,01/07/2010,02/07/2010,41.25299835205078,7.68,144,5.9,28,Light brown,Odour free,7.48,83,null,null,null,.09,.01,4.38,.7,5,0,18.033,36.117,32.075,.15,.14,12.83,.97,5.8,.9,8.4,14.15,0,22,9200,5400,null
177,02/08/2010,03/08/2010,184.13299560546875,7.68,154,6.6,25.5,Clear,Odour free,7.45,90.1,null,null,null,.206,.005,8.56,.7,6,0,30,40.258,24.05,.23,.4,9.62,3.89,1,.3,4.3,9.17,0,36.6,2200,1700,null
178,02/08/2010,03/08/2010,184.13299560546875,7.68,154,6.6,25.5,Clear,Odour free,7.45,90.1,null,null,null,.206,.005,8.56,.7,6,0,30,40.258,24.05,.23,.4,9.62,3.89,1,.3,4.3,9.17,0,36.6,2200,1700,null
179,03/09/2010,04/09/2010,108.86799621582031,7.7,147,7.2,26,Clear,Odour free,7.73,105,null,null,null,.148,.005,10.21,.4,3,0,33.525,44.242,32.075,.11,.03,12.83,2.92,9.1,1,15.78,11.54,0,40.9,5400,3500,null
180,03/09/2010,04/09/2010,108.86799621582031,7.7,147,7.2,26,Clear,Odour free,7.73,105,null,null,null,.148,.005,10.21,.4,3,0,33.525,44.242,32.075,.11,.03,12.83,2.92,9.1,1,15.78,11.54,0,40.9,5400,3500,null
181,04/10/2010,05/10/2010,7.172999858856201,7.83,152,7.3,28,Light brown,Odour free,7.67,110,null,null,null,.242,.005,11.21,.6,3.8,0,29.59,40.158,32.075,.09,.01,12.83,1.94,7,1,10.52,8.65,0,36.1,5400,3500,null
182,04/10/2010,05/10/2010,7.172999858856201,7.83,152,7.3,28,Light brown,Odour free,7.67,110,null,null,null,.242,.005,11.21,.6,3.8,0,29.59,40.158,32.075,.09,.01,12.83,1.94,7,1,10.52,8.65,0,36.1,5400,3500,null
183,01/07/2011,01/07/2011,35.93199920654297,7.65,147,5.8,27,Light brown,Odour free,7.77,97,null,null,null,.269,.014,19.508,.3,2,0,32,36.156,28.056,.268,.011,11.222,1.944,4.1,1,6.12,5.35,0,39.04,11000,7900,null
184,01/07/2011,01/07/2011,35.93199920654297,7.65,147,5.8,27,Light brown,Odour free,7.77,97,null,null,null,.269,.014,19.508,.3,2,0,32,36.156,28.056,.268,.011,11.222,1.944,4.1,1,6.12,5.35,0,39.04,11000,7900,null
185,01/08/2011,01/08/2011,449.87200927734375,7.3,134,6.7,26,Clear,Odour free,7.42,61,null,null,null,.306,.007,11.893,.5,3,0,20,24.09,20.04,.225,.022,8.016,.972,3.9,.5,5.32,3.351,0,24.4,35000,24000,null
186,01/08/2011,01/08/2011,449.87200927734375,7.3,134,6.7,26,Clear,Odour free,7.42,61,null,null,null,.306,.007,11.893,.5,3,0,20,24.09,20.04,.225,.022,8.016,.972,3.9,.5,5.32,3.351,0,24.4,35000,24000,null
187,02/09/2011,02/09/2011,464.40399169921875,7.7,150,5.6,27.5,Clear,Odour free,7.5,57,null,null,null,.303,.004,3.241,.4,2,0,19.7,28.14,20.04,.253,.011,8.016,1.944,3.4,.4,4.84,5.5,0,24.034,54000,35000,null
188,02/09/2011,02/09/2011,464.40399169921875,7.7,150,5.6,27.5,Clear,Odour free,7.5,57,null,null,null,.303,.004,3.241,.4,2,0,19.7,28.14,20.04,.253,.011,8.016,1.944,3.4,.4,4.84,5.5,0,24.034,54000,35000,null
189,03/10/2011,03/10/2011,11.651000022888184,7.81,151,7.4,27.5,Clear,Odour free,7.03,90,null,null,null,.262,.008,11.268,1,4.56,0,27.58,36.156,28.056,.25,.011,11.222,1.944,4.9,.4,7.98,3.7,0,33.648,92000,54000,null
190,03/10/2011,03/10/2011,11.651000022888184,7.81,151,7.4,27.5,Clear,Odour free,7.03,90,null,null,null,.262,.008,11.268,1,4.56,0,27.58,36.156,28.056,.25,.011,11.222,1.944,4.9,.4,7.98,3.7,0,33.648,92000,54000,null
191,01/11/2011,01/11/2011,2.49399995803833,7.6,157,5.6,28.5,Clear,Odour free,7.37,104,null,null,null,.262,.016,10.088,.7,3.8,0,38,40.122,36.072,.26,.009,14.429,.972,3.2,.3,4.21,1.95,0,46.36,7000,4900,null
192,01/11/2011,01/11/2011,2.49399995803833,7.6,157,5.6,28.5,Clear,Odour free,7.37,104,null,null,null,.262,.016,10.088,.7,3.8,0,38,40.122,36.072,.26,.009,14.429,.972,3.2,.3,4.21,1.95,0,46.36,7000,4900,null
193,03/07/2012,03/07/2012,null,7.44,270,7.5,27,Light Brown,odour free,7.84,113,null,null,null,.216,.001,14.93,.5,3,0,26,36.133,28.05,.29,.048,11.22,1.94,3.1,.3,5.1,4.1,0,31.72,28000,17000,null
194,02/08/2012,02/08/2012,null,7.8,null,7.1,26,Clear,odour free,7.82,149,null,null,null,.3,.001,11.144,.5,4,0,26,32.147,24.048,.28,.003,9.619,1.944,3.3,.2,5.32,3.1,0,31.72,54000,35000,null
195,04/09/2012,04/09/2012,null,7.7,150,null,26,Clear,odour free,7.33,67,null,null,null,.354,.016,.021,.6,5,0,29.549,32.105,28.055,.238,.03,11.222,.972,2.4,.2,3.72,3.35,0,36.05,49000,33000,null
196,04/10/2012,04/10/2012,null,7.6,146,7.3,27.5,Clear,odour free,7.2,86,null,null,null,.686,.016,.193,.9,6.8,0,25.607,32.105,28.055,.103,.001,11.222,.972,2.6,.5,3.72,3.5,0,31.24,26000,22000,null
197,02/07/2013,02/07/2013,144.5659942626953,null,null,7,25,Clear,Odour free,7.1,53,null,null,null,.402,.027,18.994,1.3,11,0,22,32.207,20.04,.288,.085,8.016,2.92,3,.2,4.08,10.6,0,26.84,540000,240000,null
198,02/07/2013,02/07/2013,144.5659942626953,null,null,7,25,Clear,Odour free,7.1,53,null,null,null,.402,.027,18.994,1.3,11,0,22,32.207,20.04,.288,.085,8.016,2.92,3,.2,4.08,10.6,0,26.84,540000,240000,null
199,02/08/2013,02/08/2013,null,7.8,null,7.1,23.5,Clear,Odour free,6.5,20,null,null,null,.321,.019,23.935,.9,7,0,16,20.082,16.032,.287,.045,6.413,.972,2.2,.1,3.19,2.1,0,19.52,22000,13000,null
200,03/09/2013,03/09/2013,11.003000259399414,null,null,null,23.6,Clear,Odour free,7.2,88,null,null,null,.308,.016,3.679,.9,9,0,35.46,44.231,32.064,.255,.148,12.826,2.92,3.9,.1,5.37,10.8,0,43.261,17000,13000,null
201,03/09/2013,03/09/2013,11.003000259399414,null,null,null,23.6,Clear,Odour free,7.2,88,null,null,null,.308,.016,3.679,.9,9,0,35.46,44.231,32.064,.255,.148,12.826,2.92,3.9,.1,5.37,10.8,0,43.261,17000,13000,null
202,04/10/2013,04/10/2013,13.699000358581543,null,null,null,23.7,Clear,Odour free,7.1,184,null,null,null,.312,.001,2.592,1.1,10.64,0,23.64,40.256,24.048,.266,.12,9.619,3.89,3.6,.1,5.37,12.4,0,28.841,28000,17000,null
203,04/10/2013,04/10/2013,13.699000358581543,null,null,null,23.7,Clear,Odour free,7.1,184,null,null,null,.312,.001,2.592,1.1,10.64,0,23.64,40.256,24.048,.266,.12,9.619,3.89,3.6,.1,5.37,12.4,0,28.841,28000,17000,null
204,07/11/2013,07/11/2013,null,5.9,212,4.8,22,Clear,Odour free,7.1,187,null,null,null,.326,.003,7.059,.5,4.56,0,44,56.255,44.088,.27,.075,17.635,2.92,3.3,.1,4.79,9.2,0,53.68,70000,23000,null
205,02/08/2014,02/08/2014,null,null,null,null,27,Light Brown,odour free,7.2,85,null,null,null,.537,.008,17.97,.6,5,0,25.984,48.383,20.05,.23,.09,8.02,6.8,25.1,.1,34.2,17.8,0,31.7,79000,4900,null
206,02/09/2014,02/09/2014,null,null,null,null,25,Clear,odour free,6.9,77.4,null,null,null,.739,.006,30.84,1.4,11,0,41.393,68.308,52.1,.21,.07,20.84,3.89,26.2,.3,34.03,15.2,0,50.5,7900,3300,null
207,08/10/2014,08/10/2014,null,null,null,null,27.5,Clear,odour free,7.4,94,null,null,null,.27,.002,2.18,7.9,60,0,37.459,44.258,28.05,.23,.07,11.22,3.89,8.6,.1,17.02,12.15,0,45.7,22000,17000,null
