Standard Parameter Analysis Data of : Mawi (GY000V8)
Laboratory : CWC RLabYBO, Delhi 
Period : January-1993 To January-2016 
S.No.,Date_of_Collection,Date_of_Receipt,Discharge(cumecs),pH_FLD,EC_FLD(umho/cm),DO(mg/l),Water Temp(deg C),Colour,Odour,pH_GEN,EC_GEN(umho/cm),TDS(mg/l),SS(mg/l),NH3(mg N/l),NO2+NO3(mg N/l),Total_Nutrients(mg P/l),SiO2(mg/l),BOD(mg/l),COD(mg/l),Phen(mg CaCO3/l),Total_Alkallnity(mg CaCO3/l),Total_Hardness(mg CaCO3/l),Ca_Hardness(mg CaCO3/l),F(mg/l),B(mg/l),Ca_Major_Ions(mg/l),Mg(mg/l),Na(mg/l),K(mg/l),Cl(mg/l),SO4(mg/l),CO3(mg/l),HCO3(mg/l),Total_Coliforms(MPN/100ml),Faecal(MPN/100ml),Chlorophyll-A(ug/L)
1,01/06/1993,,null,null,null,7.07,28,null,null,9.01,340,null,null,0,null,.06,9.7,10.35,null,null,null,null,null,.19,.03,29.66,13.37,4.8,7.12,6.03,28.72,5.4,137.91,null,null,null
2,01/07/1993,,null,null,null,7,28,null,null,8.95,260,null,null,0,null,.03,12.6,5.29,null,null,null,null,null,0,.04,29.66,13.49,4,5.16,6.03,22.62,10.8,108.62,null,null,null
3,01/08/1993,,null,null,null,6.97,31,null,null,8.65,315,null,null,0,null,.06,3.8,2.01,null,null,null,null,null,0,.05,34.47,10.57,2.09,2.89,6.03,20.6,16.2,70.78,null,null,null
4,01/09/1993,,null,null,null,7.15,27,null,null,8.17,300,null,null,0,null,.06,9.7,1.73,null,null,null,null,null,0,.06,34.47,6.08,2.09,2.66,9.93,18.92,0,114.11,null,null,null
5,01/10/1993,,null,null,null,6.97,28,null,null,8.05,260,null,null,0,null,.06,13.2,1.46,null,null,null,null,null,0,.07,14.83,25.39,2.9,2.7,3.9,21.09,0,122.65,null,null,null
6,01/11/1993,,null,null,null,7.15,21,null,null,8.05,330,null,null,0,null,.16,12.6,4.29,null,null,null,null,null,0,.06,37.88,18.59,5.61,4.86,6.03,26.7,0,201.98,null,null,null
7,01/12/1993,,null,null,null,6.93,16,null,null,8.99,310,null,null,0,null,.13,12,4.05,null,null,null,null,null,0,.06,42.28,12.39,5.61,4.25,6.03,22.06,42,180.62,null,null,null
8,01/01/1994,,null,null,null,7,11.5,null,null,8.89,280,null,null,0,null,.06,11.4,1,null,null,null,null,null,.2,.02,36.47,22.96,4,4.27,6.03,23.8,10.5,191.66,null,null,null
9,01/02/1994,,null,null,null,7.07,15.5,null,null,7.34,300,null,null,0,null,.1,12,.82,null,null,null,null,null,.23,.02,33.47,20.29,6,4.23,6.03,23.8,0,207.47,null,null,null
10,01/03/1994,,null,null,null,7.04,17,null,null,9.01,290,null,null,0,null,.11,11.7,.93,null,null,null,null,null,.27,.02,36.87,12.03,4.8,3.98,3.9,27.2,10.2,134.25,null,null,null
11,01/04/1994,,null,null,null,6.98,23,null,null,8.89,310,null,null,0,null,.08,11.4,2.1,null,null,null,null,null,.27,.02,22.65,20.66,6,3.9,3.9,25.1,10.2,150.11,null,null,null
12,01/05/1994,,null,null,null,7.09,24,null,null,7.45,360,null,null,0,null,.17,15.7,3.77,null,null,null,null,null,.27,.02,28.46,19.68,5.6,4.13,6.03,36,0,175.74,null,null,null
13,01/06/1994,,null,null,null,7,31,null,null,9,670,null,null,0,null,.38,16.1,3.92,null,null,null,null,null,.11,.02,32,22.37,52.6,12,34.08,59.4,20.4,196.42,null,null,null
14,01/07/1994,,null,null,null,7.12,30,null,null,9.01,200,null,null,0,null,0,13.2,2.43,null,null,null,null,null,.13,.02,30.4,6.01,2.39,3.9,2.13,21.07,10.2,62.22,null,null,null
15,01/08/1994,,null,null,null,7.07,28,null,null,8.29,220,null,null,0,null,.22,11.4,3.09,null,null,null,null,null,0,.01,33.6,7.06,1.7,7.8,3.91,4.18,0,87.82,null,null,null
16,01/09/1994,,null,null,null,7,28,null,null,8.99,200,null,null,0,null,.38,12.3,3.83,null,null,null,null,null,.27,.01,33.67,5.83,1.7,4,39,23.8,10.2,87.87,630,null,null
17,01/10/1994,,null,null,null,7.03,25,null,null,8.65,360,null,null,0,null,.45,12.3,4.63,null,null,null,null,null,.04,.01,9.52,5.83,3.2,8,6.03,18.2,0,174.52,670,null,null
18,01/11/1994,,null,null,null,6.96,19,null,null,8.29,330,null,null,0,null,.47,12.6,2.21,null,null,null,null,null,.04,.01,31.46,13.61,3.2,8,3.9,25.1,0,158.65,null,null,null
19,01/12/1994,,null,null,null,7.08,16,null,null,7.33,380,null,null,0,null,2.05,12.6,2.36,null,null,null,null,null,.23,.04,43.49,22.72,3,13,3.9,26.7,0,237.98,null,null,null
20,01/01/1995,,null,null,null,6.88,12,null,null,8.53,270,null,null,0,null,2.58,12.9,4.54,null,null,null,null,null,.2,.03,37.47,22.72,3.2,3,6.03,27.9,10.5,169.03,null,null,null
21,01/02/1995,,null,null,null,7.05,14,null,null,8.05,340,null,null,0,null,2.7,13.2,4.67,null,null,null,null,null,.23,.04,46.49,28.19,4,6,3.9,27.9,0,248.96,null,null,null
22,01/03/1995,,null,null,null,7.04,16,null,null,8.05,290,null,null,0,null,.86,13.2,2.24,null,null,null,null,null,.27,.04,25.25,18.95,3.7,6,8.15,30.9,0,137.3,null,null,null
23,01/04/1995,,null,null,null,7.11,21,null,null,7.57,310,null,null,0,null,0,16.5,2.59,null,null,null,null,null,.15,.04,35.67,18.83,4,8,6.03,25.1,0,153.16,null,null,null
24,01/05/1995,,null,null,null,6.28,25,null,null,8.77,310,null,null,0,null,.17,16.1,1.23,null,null,null,null,null,.2,.04,40.08,9.96,4,8,3.9,19.3,10.5,111.06,680,null,null
25,01/06/1995,,null,null,null,2.69,30,null,null,7.09,330,null,null,0,null,.19,16.1,1.51,null,null,null,null,null,.23,2,32.67,33.29,4,9,3.9,26.7,0,140.35,600,null,null
26,01/07/1995,,null,null,null,7,30,null,null,8.89,290,null,null,.7,null,.47,10.9,6.02,null,null,null,null,null,.08,0,34.87,21.14,9.5,15,8.15,25,5.7,111.06,590,null,null
27,01/08/1995,,null,null,null,7.14,28,null,null,8.41,220,null,null,.6,null,.38,10.4,2.3,null,null,null,null,null,.08,0,33.07,20.17,2,7,8.15,24,11.4,76.28,540,null,null
28,01/09/1995,,null,null,null,7.02,26,null,null,8.97,240,null,null,.5,null,.15,8.5,1.95,null,null,null,null,null,0,0,40.08,17.98,8.5,8,6.03,28,11.4,93.97,460,null,null
29,01/10/1995,,null,null,null,7,23,null,null,8.77,260,null,null,.2,null,.12,16.1,.45,null,null,null,null,null,0,0,38.48,19.2,4.8,10,3.9,30,11.4,111.06,560,null,null
30,01/11/1995,,null,null,null,6.98,19,null,null,9.01,300,null,null,0,null,.4,15.3,.46,null,null,null,null,null,0,0,50.1,28.31,4,9,3.9,42,20.7,126.92,820,null,null
31,01/12/1995,,null,null,null,6.95,12,null,null,8.77,350,null,null,0,null,.02,12.9,3.09,null,null,null,null,null,0,.01,50.1,29.28,8.5,9,2.13,40,20.7,185.5,790,null,null
32,01/01/1996,,null,null,null,7.15,11,null,null,9.01,310,null,null,0,null,.06,8,.97,null,null,null,null,null,.55,.03,49.7,32.08,8,14,6.03,35,20.7,185.5,800,null,null
33,01/02/1996,,null,null,null,6.99,10,null,null,8.53,350,null,null,0,null,.08,9.1,2.54,null,null,null,null,null,.6,.03,56.31,28.07,8.5,10,6.03,34,10.5,222.72,650,null,null
34,01/03/1996,,null,null,null,7.1,17,null,null,8.17,250,null,null,0,null,.06,8.5,3.08,null,null,null,null,null,.4,0,37.68,23.8,3.2,10,6.03,38,0,137.91,620,null,null
35,01/04/1996,,null,null,null,7.05,22,null,null,9.01,310,null,null,0,null,.02,15.3,1.7,null,null,null,null,null,.23,0,42.48,17.86,4.3,7,6.03,37,5.4,156.21,660,null,null
36,01/05/1996,,null,null,null,6.95,26,null,null,8.29,470,null,null,0,null,.12,15.3,1.73,null,null,null,null,null,.27,.14,24.45,35.72,8.5,14,8.15,41,0,234.93,780,null,null
37,01/06/1996,,null,null,null,7.07,303,null,null,9,540,null,null,0,null,.27,32.2,4.75,null,null,null,null,null,.15,.69,40.08,25.27,10,21,3.9,35,38.4,173.3,900,null,null
38,01/07/1996,,null,null,null,7.15,300,null,null,9,230,null,null,0,null,.02,10.4,3.39,null,null,null,null,null,.12,.59,30.46,9.72,1.7,9,6.03,28,11.1,89.7,null,null,null
39,01/08/1996,,null,null,null,6.98,302,null,null,8.5,230,null,null,0,null,1.55,10.4,1.85,null,null,null,null,null,.08,.48,36.87,8.75,2.1,10,3.9,24,11.1,100.68,null,null,null
40,01/09/1996,,null,null,null,7.03,299,null,null,9,330,null,null,0,null,.31,10.1,2.19,null,null,null,null,null,.15,0,35.27,9.72,21.5,16,19.85,49,0,150.72,null,null,null
41,01/10/1996,,null,null,null,7.01,299,null,null,9,260,null,null,0,null,.11,10,.37,null,null,null,null,null,0,.38,40.08,9.72,3.2,7,3.9,29,0,136.68,null,null,null
42,01/11/1996,,null,null,null,7.03,293,null,null,9,350,null,null,0,null,.1,11.2,1.3,null,null,null,null,null,.12,.69,37.27,13.24,4,8,6.03,34,0,136.68,810,null,null
43,01/12/1996,,null,null,null,7,285,null,null,9,333,null,null,.4,null,.1,10.9,1.28,null,null,null,null,null,.31,1,48.3,22.6,8,9,3.9,33,0,217.23,780,null,null
44,01/01/1997,,null,null,null,7.1,286,null,null,9,330,null,null,1.2,null,.17,12,2.2,null,null,null,null,null,.2,.83,54.51,21.75,7,10,12.05,25,12,213.57,890,null,null
45,01/02/1997,,null,null,null,7.2,285,null,null,9,390,null,null,1,null,.1,14.2,1.52,null,null,null,null,null,.23,.84,40.08,24.3,12.5,12,9.93,30,0,245.91,780,null,null
46,01/03/1997,,null,null,null,null,291,null,null,9,360,null,null,0,null,.06,12.6,null,null,null,null,null,null,.23,.82,35.07,19.56,6,12,6.03,27,20.1,160.48,880,null,null
47,01/04/1997,,null,null,null,7.02,294,null,null,9,350,null,null,.2,null,0,12.6,2.44,null,null,null,null,null,.27,.81,27.66,19.93,6,12,3.9,25,20.1,147.06,null,null,null
48,01/05/1997,,null,null,null,6.99,299,null,null,9,580,null,null,.2,null,.31,18.3,4.42,null,null,null,null,null,.35,.55,35.87,19.93,9,15,6.03,40,20.1,142.18,1000,null,null
49,01/06/1997,,null,null,null,null,null,null,null,null,null,null,null,null,null,null,null,null,null,null,null,null,null,null,null,null,null,null,null,null,null,null,null,null,null,null
50,01/07/1997,,null,null,null,null,null,null,null,null,null,null,null,null,null,null,null,null,null,null,null,null,null,null,null,null,null,null,null,null,null,null,null,null,null,null
51,01/08/1997,,null,null,null,null,null,null,null,null,null,null,null,null,null,null,null,null,null,null,null,null,null,null,null,null,null,null,null,null,null,null,null,null,null,null
52,01/09/1997,,null,null,null,null,null,null,null,null,null,null,null,null,null,null,null,null,null,null,null,null,null,null,null,null,null,null,null,null,null,null,null,null,null,null
53,01/10/1997,,null,null,null,null,null,null,null,null,null,null,null,null,null,null,null,null,null,null,null,null,null,null,null,null,null,null,null,null,null,null,null,null,null,null
54,01/11/1997,,null,null,null,null,null,null,null,null,null,null,null,null,null,null,null,null,null,null,null,null,null,null,null,null,null,null,null,null,null,null,null,null,null,null
55,01/12/1997,,null,null,null,7,286,null,null,8.54,250,null,null,.5,null,0,16.5,4.57,null,null,null,null,null,0,.67,34.87,13.49,4,7,12.05,40,20,94.72,null,null,null
56,01/01/1998,,null,null,null,7,283,null,null,8.9,420,null,null,.4,null,.17,5.5,1.04,null,null,null,null,null,.38,.18,36.67,12.39,3.7,7,12.05,25,24,119.3,null,null,null
57,01/02/1998,,null,null,null,7.02,282,null,null,9.1,480,null,null,.3,null,.36,5.5,3.35,null,null,null,null,null,.08,.38,45.29,27.34,7.4,10,13.82,26,26.5,144.97,null,null,null
58,01/03/1998,01/03/1998,null,null,null,null,287,null,null,8.17,230,146.36,null,0,null,0,6.4,null,null,null,null,108.505,null,.5,.71,32.66,6.44,3.2,6,12.05,25,0,98.2,null,null,null
59,01/04/1998,01/04/1998,null,null,null,null,null,null,null,null,null,null,null,null,null,null,null,null,null,null,null,null,null,null,null,null,null,null,null,null,null,null,null,null,null,null
60,01/05/1998,01/05/1998,null,null,null,null,292,null,null,8,250,144.975,null,.3,15.286,0,12.3,null,null,null,null,88.436,null,1.1,.84,25.85,5.71,2,3,24.11,12,0,103.73,null,null,null
61,01/06/1998,01/06/1998,null,null,null,null,null,null,null,null,null,null,null,null,null,null,null,null,null,null,null,null,null,null,null,null,null,null,null,null,null,null,null,null,null,null
62,01/07/1998,01/07/1998,null,null,null,null,null,null,null,null,null,null,null,null,null,null,null,null,null,null,null,null,null,null,null,null,null,null,null,null,null,null,null,null,null,null
63,01/08/1998,01/08/1998,null,null,null,null,302,null,null,7.9,259,132.68,null,null,null,null,null,null,null,null,null,137.625,null,null,null,34.4,12.38,null,null,20,null,0,131.8,null,null,null
64,01/09/1998,01/09/1998,null,null,null,7,302,null,null,7.6,376,240.2,null,null,null,null,null,null,null,null,null,120.427,null,null,null,43,3.1,null,null,96,null,0,156.2,null,null,null
65,01/10/1998,01/10/1998,null,null,null,5.62,299,null,null,7.5,442,430.7,null,null,null,null,null,8.2,null,null,null,266.659,null,null,null,68.8,22.7,null,null,96,55,0,184.4,null,null,null
66,01/11/1998,01/11/1998,null,null,null,7,294,null,null,8.5,318,401.65,null,null,null,null,null,7,null,null,null,223.239,null,null,null,53.1,21.7,null,1.7,22,50,19.2,165.9,null,null,null
67,01/12/1998,01/12/1998,null,null,null,6.85,288.5,null,null,9,492,285.4,null,null,null,null,null,.62,null,null,null,185.135,null,null,null,48.2,15.5,null,2.05,22,43,19.2,126.9,null,null,null
68,01/01/1999,01/01/1999,null,null,null,5.23,287,null,null,8.3,573,475.25,null,null,null,null,null,1.62,null,null,null,262.232,null,null,null,72.2,19.6,37,4.75,84,66,9.6,234.2,null,null,null
69,01/02/1999,01/02/1999,null,null,null,7.1,288,null,null,9,488,403.1,null,null,null,null,null,.7,null,null,null,185.135,null,null,null,48.2,15.5,37,4.75,22,43,19.2,126.9,null,null,null
70,01/03/1999,01/03/1999,null,null,null,7.12,289,null,null,8.2,539,316.3,null,null,null,null,null,.77,null,null,null,128.951,null,null,null,34.4,10.3,43,4.25,20,32,0,214.7,null,null,null
71,01/04/1999,01/04/1999,null,null,null,7.02,299,null,null,8.1,606,289.9,null,null,null,null,null,1.65,null,null,null,111.701,null,null,null,27.5,10.3,42,4.15,20,51,0,165.9,null,null,null
72,01/05/1999,01/05/1999,null,null,null,null,null,null,null,null,null,71,null,null,null,null,null,null,null,null,null,null,null,null,null,null,null,null,null,null,null,null,null,null,null,null
73,01/06/1999,01/06/1999,null,null,null,7.12,300,null,null,8.2,400,157.48,null,.08,null,0,null,9.73,null,null,null,124.659,null,null,null,12,22.7,10,3.9,20,20,0,136.6,null,null,null
74,01/07/1999,01/07/1999,null,null,null,7.11,299,null,null,8,362,204.4,null,0,null,.05,null,9.73,null,null,null,94.788,null,null,null,18.9,11.4,9,3.25,26,25,0,131.8,null,null,null
75,01/08/1999,01/08/1999,null,null,null,7.1,300,null,null,7.4,332,227.11,null,.15,null,1,null,5.63,null,null,null,138.847,null,null,null,28,16.51,10,3.65,26,21,0,78.1,null,null,null
76,01/09/1999,01/09/1999,null,null,null,7.11,299,null,null,8,371,286.81,null,0,null,.4,null,.24,null,null,null,154.825,null,null,null,41.28,12.38,4,0,16,30.4,0,209.3,null,null,null
77,01/10/1999,01/10/1999,null,null,null,8.43,302,null,null,8.33,358,289.85,null,0,null,0,null,4.97,null,null,null,178.291,null,null,null,30,24.77,12,3.7,20,41.4,4.8,204.96,null,null,null
78,01/11/1999,01/11/1999,null,null,null,7.92,295,null,null,8.05,377,298.715,null,.05,null,.15,null,8.7,null,null,null,135.26,null,.16,null,24.08,18,16,4.12,28,36.3,0,219.91,null,null,null
79,01/12/1999,01/12/1999,null,null,null,7.71,289,null,null,8.86,412,341.84,null,.05,null,.1,null,11.9,null,null,null,166.72,null,.41,null,40,16,12,2.87,54,28,9.6,219.6,null,null,null
80,01/01/2000,01/01/2000,null,null,null,7.64,284,null,null,9.2,393,392.47,null,0,null,.1,27,10.17,null,null,null,165.06,null,1.28,0,36,18,16,3.05,14,62.5,24,200.08,null,null,null
81,01/02/2000,01/02/2000,null,null,null,7.25,285.5,null,null,8.68,414,395.394,null,.03,null,0,20,15.9,null,null,null,199.5,null,.77,.25,46.44,20,16,3.25,30,30.7,4.8,229.36,null,null,null
82,01/03/2000,01/03/2000,null,null,null,7.36,295,null,null,7.57,458,402.244,null,0,null,.2,20,10.67,null,null,null,220.74,null,.61,0,51.6,22,16,4.45,28,42.9,0,263.52,null,null,null
83,01/04/2000,01/04/2000,null,null,null,7.22,299.5,null,null,8.61,350,346.32,null,0,null,1.2,10,2.97,null,null,null,178.52,null,.64,1,44.72,16,18,4.88,16,40.2,4.8,179.34,null,null,null
84,01/05/2000,01/05/2000,null,null,null,7.26,301,null,null,8.32,385,383.792,null,0,null,0,26,15,null,null,null,203.41,null,1.48,0,43,23,20,5.25,22,44.4,25.2,199.84,null,null,null
85,01/06/2000,01/06/2000,null,null,null,7.12,301,null,null,8.24,311,309.627,null,0,null,.3,12,7.5,null,null,null,215.032,null,2.01,0,53.32,19.6,12,3.15,16,44.4,0,102.48,100,null,null
86,01/07/2000,01/07/2000,null,null,null,6.25,302,null,null,8.87,234,295.955,null,0,null,.05,40,27.7,null,null,null,150.557,null,1.85,.05,36.12,14.45,10,2.05,20,31.3,33.6,58.56,80,null,null
87,01/08/2000,01/08/2000,null,null,null,6.95,299,null,null,7.4,175,289.3,null,0,null,.1,5.4,47.9,null,null,null,129.007,null,.39,0,39.56,7.22,8,1.56,20,22,0,161.04,360,null,null
88,01/09/2000,01/09/2000,null,null,null,7.05,301.5,null,null,8.3,268,257.53,null,0,null,.1,28,15.52,null,null,null,129.007,null,.49,.27,39.56,7.22,8,1.9,16,24,0,146.4,80,null,null
89,01/10/2000,01/10/2000,null,null,null,6.95,299,null,null,8.22,385,245.81,null,0,null,.1,51,18.9,null,null,null,81.517,null,.68,.48,24,5.16,10,2.5,16,18,0,86,175,null,null
90,01/11/2000,01/11/2000,null,null,null,7,298,null,null,7.84,286,254.075,null,0,null,.1,25,27.4,null,null,null,98.36,null,.68,0,26,8,12,3.15,14,23,0,100,200,null,null
91,01/12/2000,01/12/2000,null,null,null,6.98,290,null,null,7,324,217.577,null,0,null,.3,18.2,17.4,null,null,null,90.02,null,.52,0,26,6,10,2.05,22,16,0,106,70,null,null
92,01/01/2001,01/01/2001,null,null,null,6.83,288,null,null,8,389,219.902,null,0,null,.15,17,15.6,null,null,null,116.7,null,.73,.15,30,10,12,3.35,14,20,0,108,80,null,null
93,01/02/2001,01/02/2001,null,null,null,null,283,null,null,8.3,309,262.856,null,0,null,.1,19,19.4,null,null,null,93.36,null,1.16,.21,24,8,16,3.9,18,22.9,19.2,151.28,160,null,null
94,01/03/2001,01/03/2001,null,null,null,12.16,286.5,null,null,8.44,279,273.304,null,.1,null,.05,21,11,null,null,null,95.04,null,1.24,.1,18,12,18,4.45,12,14,28.8,161.04,80,null,null
95,01/04/2001,01/04/2001,null,null,null,10,null,null,null,8.46,278,246.918,null,0,null,.05,47,12.2,null,null,null,91.7,null,1.3,.19,20,10,19,4.55,14,18,19.2,87.84,50,null,null
96,01/05/2001,01/05/2001,null,null,null,7.48,301,null,null,8.43,274,276.84,null,0,null,.1,13,18.8,null,null,null,99.21,null,1.32,.07,18,13,21,5.25,16,20,9.6,156.16,70,null,null
97,01/06/2001,01/06/2001,null,null,null,9.1,304,null,null,8.62,377,321.814,null,.05,null,.65,2.7,53.4,null,null,null,206.493,null,1.48,.11,36.12,27.864,26,5.26,26,32.6,0,219.6,null,null,null
98,01/07/2001,01/07/2001,null,null,null,8.25,301,null,null,7.53,181,230.556,null,.18,null,.15,8,21,null,null,null,90.31,null,.6,.11,30.96,3.096,18,3.05,20,28.9,0,102.48,null,null,null
99,01/08/2001,01/08/2001,null,null,null,8.15,301,null,null,8.09,229,227.174,null,.37,null,.15,14,5.4,null,null,null,103.224,null,.95,0,29.24,7.224,10,1.6,12,33.6,0,117.12,null,null,null
100,01/09/2001,01/09/2001,null,null,null,8.35,301,null,null,8.32,281,285.069,null,.28,null,1.22,18,15.5,null,null,null,155.057,null,1.31,.25,37.84,14.498,8,1.9,12,35.1,4.8,175.68,null,null,null
101,01/10/2001,01/10/2001,null,null,null,8.1,301,null,null,7.4,371,310.548,null,.08,null,.1,20,4,null,null,null,189.272,null,1.04,null,39.56,21.672,7.25,4.875,28,38.8,0,161.04,null,null,null
102,01/11/2001,01/11/2001,null,null,null,8.45,297,null,null,8.18,329,371.968,null,.18,null,0,19,29,null,null,null,193.583,null,1.06,null,36.12,24.768,12.25,10.5,36,52.4,0,180.56,null,null,null
103,01/12/2001,01/12/2001,null,null,null,9.2,286.5,null,null,8.33,359,409.355,null,.1,null,.2,20,23.5,null,null,null,228,null,1.04,null,41.28,29.928,13,11.25,28,47.6,4.8,204.96,null,null,null
104,01/01/2002,01/01/2002,null,null,null,7.1,285,null,null,7.7,364,411.435,null,0,null,0,18,15.4,null,null,null,210.786,null,.82,null,41.28,25.8,13.5,11.5,44,49.1,9.6,200.08,null,null,null
105,01/02/2002,01/02/2002,null,null,null,6.85,285.5,null,null,6.8,358,394.462,null,.12,null,0,16,11,null,null,null,232.3,null,1.2,null,43,29.928,13,11.125,20,55.3,0,185.44,null,null,null
106,01/03/2002,01/03/2002,null,null,null,9,295,null,null,8.5,350,324.769,null,.08,null,.05,40.2,17.3,null,null,null,154.852,null,1.1,null,36.12,15.48,19.5,3.875,20,41.6,0,107.36,null,null,null
107,01/04/2002,01/04/2002,null,null,null,8.4,293,null,null,8.2,410,415.583,null,.03,null,.4,25,15.9,null,null,null,223.669,null,1.58,null,55.04,20.64,19,5.75,38,36.8,0,219.6,null,null,null
108,01/05/2002,01/05/2002,null,null,null,null,null,null,null,null,null,null,null,null,null,null,null,null,null,null,null,null,null,null,null,null,null,null,null,null,null,null,null,null,null,null
109,01/06/2002,01/06/2002,null,null,null,6.9,301.5,null,null,8.1,285,238.715,null,0,null,.1,75,19.1,null,null,null,117.725,null,.7,0,26.44,12.38,10,3.13,10,20,0,161.04,null,null,null
110,01/07/2002,01/07/2002,null,null,null,7.2,300,null,null,8.17,331,443.269,null,.18,null,.25,169,13.9,null,null,null,126.361,null,.49,0,28.16,13.42,15,4.06,16,22,0,136.96,null,null,null
111,01/08/2002,01/08/2002,null,null,null,7.3,300,null,null,7.63,239,415.915,null,null,null,.25,83,17.4,null,null,null,86.107,null,.68,0,22.4,7.22,14,1.88,12,10,0,111.76,null,null,null
112,01/09/2002,01/09/2002,null,null,null,8,298.5,null,null,7.9,169.6,288.421,null,null,null,.25,82,12.2,null,null,null,83.36,null,.6,0,20,8,8,1.13,8,8,0,91.52,null,null,null
113,01/10/2002,01/10/2002,null,null,null,7.2,295,null,null,8.18,349,365.311,null,null,null,.12,86.4,11.6,null,null,null,139.791,null,.48,.11,31.28,14.77,15,3.25,18,16,0,161.04,null,null,null
114,01/11/2002,01/11/2002,null,null,null,7.4,290,null,null,8,398,394.781,null,null,null,.1,73.4,null,null,null,null,140.04,null,.85,.15,36,12,19,3.25,20,18,0,180,null,null,null
115,01/12/2002,01/12/2002,null,null,null,7.5,285,null,null,8.2,360,361.99,null,null,null,.08,69.8,null,null,null,null,138.38,null,2.41,.42,32,14,13,2.06,22,16,0,153.76,null,null,null
116,01/01/2003,01/01/2003,null,null,null,7.2,281,null,null,8.2,383,327.567,null,null,null,.25,34.1,null,null,null,null,155.656,null,1.2,.55,38.16,14.45,10,2.75,20,20,0,148.88,null,null,null
117,01/02/2003,01/02/2003,null,null,null,7.7,285,null,null,8.2,226,268.691,null,null,null,.25,39.8,null,null,null,null,128.5,null,1.73,.13,34.72,10,7,2.56,14,22,0,119.6,null,null,null
118,01/03/2003,01/03/2003,null,null,null,7,287,null,null,8.3,419,459.851,null,null,null,.2,163.4,.77,null,null,null,154.994,null,null,.32,39.88,13.26,18.5,4.5,6,20,0,229.36,null,null,null
119,01/04/2003,01/04/2003,null,null,null,7.3,290,null,null,8.2,244,361.065,null,null,null,.3,27.7,null,null,null,null,96.362,null,null,.33,24.4,8.48,14.5,2.75,12,16,0,125.92,null,null,null
120,01/05/2003,01/05/2003,null,null,null,7.5,296,null,null,7.8,252,196.138,null,null,null,.3,8,null,null,null,null,98.63,null,null,.24,20.52,11.35,12,2.56,10,17.4,0,112.24,null,null,null
121,01/06/2003,01/06/2003,null,null,null,8.6,300.5,null,null,7.94,309,222.505,null,null,null,.95,10,null,null,null,null,111.844,null,null,.47,30.96,8.26,7.5,16,18,52.2,0,82.96,null,null,null
122,01/07/2003,01/07/2003,null,null,null,7.9,300,null,null,7.5,356,246.325,null,null,null,.55,9,null,null,null,null,137.661,null,null,.17,32.68,13.42,3,.813,14,30.7,0,117.12,null,null,null
123,01/08/2003,01/08/2003,null,null,null,7.9,304,null,null,7.81,149,221.094,null,null,null,.2,48.5,7.8,null,null,null,90.312,null,null,.08,25.8,6.19,4.5,3.125,10,20.7,0,92.72,null,null,null
124,01/09/2003,01/09/2003,null,null,null,7.9,302,null,null,7.64,154.6,240.417,null,null,null,.7,34.5,3,null,null,null,90.317,null,null,.04,27.52,5.16,10,4.625,6,29.6,0,82.96,null,null,null
125,01/10/2003,01/10/2003,null,null,null,7.5,292,null,null,8.23,349,301.913,null,null,null,.02,9,6.6,null,null,null,167.779,null,null,.02,36.12,18.58,12.5,5.063,8,40.8,0,200.08,null,null,null
126,01/11/2003,01/11/2003,null,null,null,7.3,291.5,null,null,8.01,358,318.15,null,null,null,.04,26.9,8,null,null,null,159.142,null,null,.02,34.4,17.54,13.5,2.75,14,43,0,214.72,null,null,null
127,01/12/2003,01/12/2003,null,null,null,7.3,288,null,null,7.98,352,324.52,null,null,null,.8,19.2,10.6,null,null,null,120.407,null,null,null,36.12,7.22,11,1.25,14,35.5,0,229.36,null,null,null
128,01/01/2004,01/01/2004,null,null,null,7.1,282.5,null,null,8.18,260,325.205,null,null,null,null,24.7,11.4,null,null,null,253.825,null,null,.41,43,35.09,11,1.125,8,33.9,0,195.2,null,null,null
129,01/02/2004,01/02/2004,null,null,null,7,282.5,null,null,7.69,304,324.825,null,null,null,.16,37.7,7.5,null,null,null,206.486,null,null,.17,39.56,25.8,14,.935,22,1.8,0,229.36,null,null,null
130,01/03/2004,01/03/2004,null,null,null,7.5,289.5,null,null,8.16,372,319.383,null,null,null,.26,27.8,24.6,null,null,null,163.474,null,null,null,32.68,19.61,16,1.563,10,50.4,0,195.2,null,null,null
131,01/04/2004,01/04/2004,null,null,null,7.5,301,null,null,7.46,556,492.385,null,null,null,.04,34.5,17.1,null,null,null,193.547,null,null,null,49.88,16.51,45.88,2.935,116,63.6,0,146.4,null,null,null
132,01/05/2004,01/05/2004,null,null,null,6.9,298,null,null,7.41,353,526.855,null,null,null,.1,104.7,11.4,null,null,null,141.93,null,null,.21,37.84,11.35,25,2.375,16,40.1,0,146.4,null,null,null
133,01/06/2004,01/06/2004,null,null,null,8,301,null,null,8.03,255,333.5,null,null,null,.1,29.2,7.6,null,null,null,109.002,null,null,.14,26.12,10.48,14,1.25,22,13.3,0,104,null,null,null
134,01/07/2004,01/07/2004,null,null,null,6.73,295,null,null,7.71,329,297.87,null,null,null,.03,41.3,21.2,null,null,null,136.197,null,.4,1.8,30.96,14.1,15,2.38,44,26.1,0,108,null,null,null
135,01/08/2004,01/08/2004,null,null,null,null,295,null,null,8.25,296,259.59,null,null,null,0,27.5,null,null,null,null,91.139,null,0,1.41,20.96,9.29,7.5,.81,30,11.4,0,74,null,null,null
136,01/09/2004,01/09/2004,null,null,null,7.2,301.5,null,null,8.09,259,257.47,null,null,null,0,36.6,2.88,null,null,null,108.329,null,2.88,.12,24.4,11.35,12.5,.94,20,16.3,8,108,null,null,null
137,01/10/2004,01/10/2004,null,null,null,6.9,294,null,null,8.11,260,261.041,null,null,null,.151,36.25,0,null,null,null,101.324,null,.6,.41,24.4,9.67,15,1.75,14,19.1,0,124,null,null,null
138,01/11/2004,01/11/2004,null,null,null,6.8,290.5,null,null,8.27,363,287.518,null,null,null,.005,51.75,18,null,null,null,118.556,null,.6,.04,27.84,11.74,19.75,1.56,24,16,0,124,null,null,null
139,01/12/2004,01/12/2004,null,null,null,6.8,287.5,null,null,8.23,353,274.462,null,null,null,.29,18.5,17.6,null,null,null,109.664,null,.1,.1,24.4,11.67,16.5,1.88,20,24.3,0,120,null,null,null
140,01/01/2005,01/01/2005,null,null,null,11.17,281,null,null,8.47,348,268.84,null,null,null,.025,36.25,15.7,null,null,null,107.444,null,.25,0,25.28,10.61,19.5,2.25,17,19.6,16,106,null,null,null
141,01/02/2005,01/02/2005,null,null,null,7.69,283.5,null,null,8.34,302,298.617,null,null,null,.387,72.5,16.3,null,null,null,93.094,null,1.28,.09,19.54,10.61,17.5,2.56,10,16,16,98,null,null,null
142,01/03/2005,01/03/2005,null,null,null,7.3,284.5,null,null,8.42,340.7,310.453,null,null,null,.44,33.75,11,null,null,null,109.925,null,.8,.44,23.32,12.38,16.5,2.94,14,23.4,6,116,null,null,null
143,01/04/2005,01/04/2005,null,null,null,7.3,293,null,null,7.8,318.4,275.023,null,null,null,.062,35.75,9.7,null,null,null,105.369,null,.68,0,24.4,10.64,23,4.62,12,20.7,0,112,null,null,null
144,01/05/2005,01/05/2005,null,null,null,7.5,294.5,null,null,8.25,319.1,277.822,null,null,null,0,38.5,15.5,null,null,null,87.719,null,.88,.12,21.16,8.35,24,7.62,8,27.2,0,126,null,null,null
145,01/06/2005,01/06/2005,null,null,null,2.6,295.5,null,null,8,504,342.744,null,null,null,.2,13,15.6,null,null,null,156.193,null,1.58,0,32.68,17.864,32,10.53,34,24,0,188,null,null,null
146,01/07/2005,01/07/2005,null,null,null,7.4,302,null,null,7,353.2,286.962,null,null,null,.125,20,5.8,null,null,null,122.572,null,1.49,.05,29.56,11.672,19.75,6.625,14,20,0,168,null,null,null
147,01/08/2005,01/08/2005,null,null,null,8.35,295.5,null,null,7.2,184,174.023,null,null,null,.42,14,1.44,null,null,null,70.688,null,1.415,.02,17.52,6.448,9,4.875,10,9.5,0,80,null,null,null
148,01/09/2005,01/09/2005,null,null,null,7.5,298,null,null,8.24,299,201.09,null,null,null,.005,16,13.6,null,null,null,103.768,null,1.75,0,24.08,10.448,15,4.25,14,17.4,0,120,null,null,null
149,01/10/2005,01/10/2005,null,null,null,7,296.5,null,null,7.2,270,207.374,null,null,null,.05,20,2,null,null,null,102.775,null,.98,.03,20.24,12.512,13,1.875,22,17,0,96,null,null,null
150,01/11/2005,01/11/2005,null,null,null,null,null,null,null,null,null,null,null,null,null,null,null,null,null,null,null,null,null,null,null,null,null,null,null,null,null,null,null,null,null,null
151,01/12/2005,01/12/2005,null,null,null,9.9,283,null,null,7.71,412.2,172.45,null,null,null,0,18,7.8,null,null,null,118.004,null,.06,.29,24.4,13.67,12,1.75,18,21,0,124,null,null,null
152,01/01/2006,01/01/2006,null,null,null,8.4,278,null,null,8.38,510,243.72,null,null,null,0,21.2,4,null,null,null,112.191,null,.06,.01,20.24,14.77,17.5,2.85,22,23,0,122,null,null,null
153,01/02/2006,01/02/2006,null,null,null,8.1,281,null,null,8.26,380,281,null,null,null,2.89,28,6,null,null,null,134.974,null,.04,.09,21.28,19.61,20.25,2.98,24,24,0,132,null,null,null
154,01/03/2006,01/03/2006,null,null,null,7.4,287.5,null,null,7.2,351.7,329.69,null,null,null,.02,26,3.8,null,null,null,153.966,null,.12,.32,28.36,19.92,22.75,2.85,44,28,0,144,null,null,null
155,01/04/2006,01/04/2006,null,null,null,7.7,289,null,null,8.15,272,343.09,null,null,null,2.19,24,9.8,null,null,null,147.58,null,.34,.05,19,24,25,6,18,24,0,190.32,null,null,null
156,01/05/2006,01/05/2006,null,null,null,7.5,295,null,null,8.02,485,339.67,null,null,null,.69,30,1.98,null,null,null,163.4,null,.2,.18,32,20,28,6,14,26,0,214.72,null,null,null
157,01/06/2006,01/06/2006,null,null,null,7.6,297.5,null,null,7.55,465,337.979,null,.05,null,.74,23.3,1.98,null,null,null,208.122,null,.244,0,22.4,36.48,17,4,12,39,0,214.72,250,100,null
158,01/07/2006,01/07/2006,null,null,null,7.5,297.5,null,null,7.78,315,265.704,null,.08,null,.15,30.72,2.06,null,null,null,122.779,null,.41,.03,34.85,8.55,8.2,12.2,14.76,14.3,0,127.3,60,30,null
159,01/08/2006,01/08/2006,null,null,null,7.4,296.5,null,null,7.54,233.3,215.644,null,0,null,0,19.25,1.4,null,null,null,120.032,null,.393,.08,32,9.6,4,1.53,15,12,0,118.6,300,100,null
160,01/09/2006,01/09/2006,null,null,null,7.5,306.5,null,null,7.24,615,383.584,null,.7,null,.12,24.25,2.8,null,null,null,168.392,null,.581,.07,38,17.6,51.7,7.89,82,28,0,165.4,550,200,null
161,01/10/2006,01/10/2006,null,null,null,7.8,281.3,null,null,7.21,339,360.555,null,.08,null,.52,39.5,2.94,null,null,null,170.08,null,.417,.05,28,24,10.547,1.89,15,35,0,134.2,300,120,null
162,01/11/2006,01/11/2006,null,null,null,7.5,292,null,null,7.6,331,305.739,null,0,null,.03,25,3.9,null,null,null,147.07,null,.312,.06,23.6,21.12,21.02,3.84,34,14,0,140.56,200,80,null
163,01/12/2006,01/12/2006,null,null,null,5.8,287,null,null,7.28,468,349.563,null,0,null,.4,38.25,9.6,null,null,null,148.728,null,.45,.06,28.8,18.4,33,7.9,55,31,0,120.32,500,200,null
164,01/01/2007,01/01/2007,null,null,null,7.5,281.5,null,null,8.32,311,322.81,null,.64,null,.43,22.25,6,null,null,null,130.692,null,.41,.03,39.6,7.6,16,2,20,26,4.94,110.88,null,null,null
165,01/02/2007,01/02/2007,null,null,null,5.7,283.5,null,null,8.3,411,311.27,null,.01,null,.35,38.25,10.4,null,null,null,184.051,null,.48,.03,48,15.36,7.5,2,25,14,9.89,158.96,null,null,null
166,01/03/2007,01/03/2007,null,null,null,7.6,285,null,null,8.45,395,300.165,null,0,null,0,23,10.2,null,null,null,113.534,null,.52,.04,28.6,10.08,31,2.5,32,25.2,9.66,115.91,200,100,null
167,01/04/2007,01/04/2007,null,null,null,5.4,293.5,null,null,7.95,296,262.777,null,.01,null,.001,25.5,11,null,null,null,95.019,null,.356,.04,28.4,5.76,21,3.2,24,24.5,0,95.6,300,120,null
168,01/05/2007,01/05/2007,null,null,null,7.6,298.5,null,null,8.54,295,250.696,null,.02,null,.05,24,1.8,null,null,null,109.276,null,.399,.05,26.43,10.36,17,3,20,12.7,10.44,100.38,500,200,null
169,01/06/2007,01/06/2007,null,null,null,7.5,303.5,null,null,8.32,430,332.099,null,0,null,.02,35.5,3.6,null,null,null,122.788,null,.21,.04,30.1,11.4,38,9,25.83,53.4,5.22,127.3,400,150,null
170,01/07/2007,01/07/2007,null,null,null,7.4,302,null,null,7.78,340,315.51,null,.08,null,.15,30.72,4.5,null,null,null,122.779,null,.41,.03,34.85,8.55,8.2,12.2,24.76,14.3,0,127.3,60,30,null
171,01/08/2007,01/08/2007,null,null,null,7.5,299.5,null,null,8.45,253,267.97,null,0,null,.07,30.66,18,null,null,null,142.614,null,.32,.15,33.26,14.26,11,2.5,14.76,20.5,15.62,105.86,60,20,null
172,01/09/2007,01/09/2007,null,null,null,7.6,299.5,null,null,8.32,225,277.34,null,.06,null,.07,37.14,12,null,null,null,108.182,null,.68,.1,31.68,6.95,25,3,18.45,25.2,26.03,69.94,80,40,null
173,01/10/2007,01/10/2007,null,null,null,7.5,295.5,null,null,8.32,356,324.01,null,.01,null,.02,23.88,8.4,null,null,null,162.424,null,.71,.15,36.43,17.11,25,3,12.92,20.9,10.41,179.96,350,150,null
174,01/11/2007,01/11/2007,null,null,null,7.4,290.5,null,null,8.31,387,357.3,null,.05,null,.02,22.02,14.4,null,null,null,198.079,null,.16,.1,39.6,23.76,30,3,12.92,52.6,31.24,164.08,20,8,null
175,01/12/2007,01/12/2007,null,null,null,7.5,286.5,null,null,7.6,412,336.53,null,.2,null,.02,24.12,4.8,null,null,null,162.707,null,.51,.1,44.8,12.16,22,2.3,20.3,38.5,0,165.26,null,null,null
176,01/01/2008,01/01/2008,null,null,null,7.5,276,null,null,7.55,422,330.345,null,.75,null,.01,2,1.08,null,null,null,192.067,null,.42,null,43.2,20.16,22,3,18.45,25,0,222.31,80,30,null
177,01/02/2008,01/02/2008,null,null,null,7.4,278.5,null,null,7.09,436,323.585,null,.7,null,.02,17,7.2,null,null,null,193.104,null,.51,null,45.85,18.82,22,4,18.88,45,0,208.19,null,null,null
178,03/03/2008,03/03/2008,null,null,null,7.4,20,Clear,odour free,7.86,554,null,null,.584,.459,.001,18,7.5,null,null,null,270.144,177.5,.551,null,71,22.235,24.012,6.002,26.469,29.981,0,281.576,200,100,null
179,01/04/2008,01/04/2008,null,null,null,7.5,22.5,Clear,odour free,6.96,326,null,null,.389,1.121,.15,12,8.04,null,null,null,212.974,167.665,.35,null,67.066,10.874,10.005,5.001,9.443,19.987,0,222.467,220,80,null
180,01/05/2008,01/05/2008,null,null,null,7.5,28.5,Clear,odour free,7.38,318,null,null,.015,1.23,.04,26,15,null,null,null,138.162,99.5,.41,null,39.8,9.279,12.257,1.271,15.123,34.464,0,111.935,20,0,null
181,02/06/2008,03/06/2008,null,null,null,7.5,30.5,Clear,odour free,7.23,362,null,null,.154,7.883,null,16,7.75,null,0,185,191.694,151.7,.361,0,60.68,9.599,3.305,7.273,11.36,37.488,0,225.7,85,38,null
182,01/07/2008,02/07/2008,null,null,null,7.4,29,10,odour free,6.65,226,null,null,.062,2.642,null,17.5,1.2,null,null,null,149.197,96.75,.41,.429,38.7,12.587,12.42,8.211,9.443,25.92,0,121.695,98,42,null
183,04/08/2008,05/08/2008,null,null,null,7.6,null,10,odour free,7.32,390,null,null,.132,6.885,null,9.5,3.48,null,0,91.5,112.699,88.5,.513,.14,35.4,5.808,14.03,8.211,9.55,38.976,0,111.63,180,72,null
184,01/09/2008,,null,null,null,null,null,null,null,null,null,null,null,null,null,null,null,null,null,null,null,null,null,null,null,null,null,null,null,null,null,null,null,null,null,null
185,06/10/2008,07/10/2008,null,null,null,7.4,null,10,odour free,6.8,169,null,null,.056,4.052,null,28.7,15,null,0,156.15,167.742,115.75,.46,.38,46.3,12.478,12.995,5.001,11.325,26.88,0,190.503,120,55,null
186,03/11/2008,04/11/2008,null,null,null,6.8,17.5,10,odour free,6.46,182,null,null,.055,4.212,null,7.1,11.1,null,0,123.5,179.288,115.5,.41,.02,46.2,15.309,15.019,8.993,13.241,43.152,0,150.67,70,28,null
187,04/12/2008,05/12/2008,null,null,null,6.7,null,null,odour free,7.04,424,null,null,.039,7.997,null,10.5,1.92,null,0,164.8,195.688,119.75,.509,0,47.9,18.225,16.008,8.211,13.241,40.675,0,201.056,300,150,null
188,01/01/2009,02/01/2009,null,null,null,7.4,3,null,odour free,7.01,413,null,null,.024,12.96,null,null,14.34,80,0,183,245.636,141.5,.331,0,56.6,24.993,22.011,6.999,12.869,50.976,0,223.26,110,35,null
189,02/02/2009,03/02/2009,null,null,null,null,null,null,null,null,null,null,null,null,null,null,null,null,null,null,null,null,null,null,null,null,null,null,null,null,null,null,null,null,null,null
190,28/02/2009,13/03/2009,null,null,null,null,null,Clear,odour free,7.8,461,null,null,.241,14.208,null,15.2,11.5,32,0,164,241.33,153.85,.279,.13,61.54,20.995,21.01,9.001,18.46,62.16,0,200.08,140,55,null
191,01/03/2009,02/03/2009,null,null,null,7.36,20,Clear,odour free,7.9,369,null,null,.125,13.129,null,3.6,17.28,20,0,147.5,150.019,103.95,.239,.24,41.58,11.057,13.478,7.507,18.46,52.08,0,179.95,80,25,null
192,01/04/2009,,null,null,null,null,null,null,null,null,null,null,null,null,null,null,null,null,null,null,null,null,null,null,null,null,null,null,null,null,null,null,null,null,null,null
193,01/05/2009,,null,null,null,null,null,null,null,null,null,null,null,null,null,null,null,null,null,null,null,null,null,null,null,null,null,null,null,null,null,null,null,null,null,null
194,01/10/2009,02/10/2009,null,null,null,7.58,24,Clear,odour free,7.68,543,null,null,0,2.712,null,2.33,2.58,3,21.364,180.4,235.277,151.695,.3,.05,60.678,20.06,43.01,10.831,39.405,51.36,25.74,167.75,80,20,null
195,01/11/2009,02/11/2009,null,null,null,7.04,18,Clear,odour free,7.79,347,null,null,.031,3.699,null,6.48,12.48,20,0,163.055,180.887,129.25,.239,.14,51.7,12.393,9.43,5.044,10.256,43.68,0,198.927,110,20,null
196,01/12/2009,02/12/2009,null,null,null,7.9,15,Clear,odour free,8.32,599,null,null,.07,2.382,null,8.13,8.1,69,39.217,141.1,203.268,133,.279,0,53.2,16.864,12.42,6.256,13.65,42.24,47.25,76.067,60,10,null
197,01/01/2010,02/01/2010,null,null,null,7.56,10,Clear,odour free,8.08,420,null,null,.008,.911,null,.51,8.85,80,0,152.5,202.913,129,.285,0,51.6,17.739,8.28,6.256,6.745,47.184,0,186.05,120,20,null
198,01/02/2010,02/02/2010,null,null,null,8.06,13,Clear,odour free,7.67,423,null,null,0,1.21,null,14.19,11.04,21,0,103.95,166.369,140.5,.26,0,56.2,6.209,31.257,.68,38.656,56.16,0,126.819,60,10,null
199,02/08/2010,02/08/2010,null,null,null,5.4,26,Clear,odour free,8.2,210,null,null,0,5.624,null,16.56,null,7,0,83,93.225,75,.228,.1,30,4.374,18.63,11.73,14.91,16.8,0,101.26,150,50,null
200,01/09/2010,02/09/2010,null,null,null,5.2,23,Clear,odour free,7.21,183,null,null,0,2.52,null,11.44,null,6,0,105,100.375,70,.38,0,28,7.29,15.64,5.083,10.65,14.4,0,128.1,200,50,null
201,01/10/2010,02/10/2010,null,null,null,6.2,21,Light Brown,odour free,8.03,233,null,null,0,4.213,null,7.28,null,15,0,110,133.856,105,.19,0,42,6.925,18.17,3.128,20.235,17.28,0,134.2,150,40,null
202,01/11/2010,02/11/2010,null,null,null,4.8,17,Clear,odour free,7.57,245,null,null,0,4.204,null,20.13,null,4,0,89,137.994,98,.304,0,39.2,9.599,16.1,2.737,16.33,46.08,0,108.58,150,20,null
203,01/12/2010,02/12/2010,null,null,null,4.5,17,Clear,odour free,8.01,307,null,null,0,1.551,null,13.69,null,20,0,145,188.469,110,.22,0,44,18.833,29.9,5.865,24.85,52.8,0,176.9,100,10,null
204,01/01/2011,02/01/2011,null,null,null,4.9,10,Clear,odour free,7.6,291,null,null,.039,8.427,null,10.07,1.14,25,0,105,160.688,105,.266,0,42,13.365,12.19,3.128,10.295,20.16,0,128.1,150,20,null
205,01/02/2011,02/02/2011,null,null,null,4.7,10,Clear,odour free,7.94,364,null,null,.055,5.334,null,10.53,6.96,28,0,156.5,177.438,101.5,7.22,.15,40.6,18.225,17.25,5.865,13.135,19.2,0,190.93,250,50,null
206,03/03/2011,04/03/2011,null,null,null,5.8,16,Clear,odour free,7.93,394,null,null,2.387,8.567,null,9.45,3.66,26,0,175,221.313,115,.342,.33,46,25.515,17.71,4.692,15.62,47.52,0,213.5,200,50,null
207,06/04/2011,07/04/2011,null,null,null,4.8,22,Clear,odour free,7.86,360,null,null,.618,9.808,null,16.6,2.94,13,0,150,170.688,115,14.82,.14,46,13.365,15.64,7.429,14.2,26.88,0,183,150,50,null
208,01/05/2011,02/05/2011,null,null,null,5.1,25,Clear,odour free,6.88,314,null,null,0,6.446,null,13.4,null,18,0,140,145.75,85,.361,.252,34,14.58,11.04,5.865,15.265,43.2,0,170.8,200,50,null
209,01/06/2011,02/06/2011,null,null,null,null,null,null,null,7.27,360,null,null,0,.476,null,null,null,51,0,133.95,127.094,87.1,.304,.09,34.84,9.599,14.766,24.125,17.36,29.472,0,163.419,100,10,null
210,01/07/2011,02/07/2011,null,null,null,null,null,null,null,6.92,194,null,null,0,.322,null,null,null,20,0,80,100.448,88.5,.171,.13,35.4,2.867,9.637,4.027,11.289,39.168,0,97.6,150,30,null
211,01/08/2011,02/08/2011,null,null,null,null,null,null,null,7.75,209,null,null,0,.602,null,null,null,21,0,79.6,94.032,67.15,.209,.112,26.86,6.452,13.938,5.63,16.259,43.296,0,97.112,100,8,null
212,01/09/2011,02/09/2011,null,null,null,null,null,null,null,7.45,205,null,null,0,.979,null,null,null,15,0,81.6,110.008,89.1,.171,.248,35.64,5.018,12.305,7.351,12.177,31.488,0,99.552,300,40,null
213,01/10/2011,02/10/2011,null,null,null,null,null,null,null,7.11,316,null,null,0,1.132,null,null,null,10,25.124,161.6,153.932,114.85,.19,0,45.94,9.38,16.123,2.698,17.36,50.064,30.27,135.603,150,20,null
214,01/11/2011,02/11/2011,null,null,null,null,null,null,null,7.57,520,null,null,.463,.546,null,null,null,8,30.776,183.35,193.004,119.75,.19,.288,47.9,17.581,12.581,2.111,12.922,49.968,37.08,148.291,250,50,null
215,01/12/2011,02/12/2011,null,null,null,null,null,null,null,8.53,414,null,null,0,.883,null,null,null,18,16.011,134.55,188.509,50.1,.266,0,20.04,33.218,18.308,8.524,16.295,66.144,19.29,124.928,200,25,null
216,01/01/2012,02/01/2012,null,null,null,null,null,null,null,8.63,460,null,null,.519,1.205,null,null,null,21,12.774,140.85,201.619,143.4,.418,.029,57.36,13.972,15.617,4.927,14.058,56.16,15.39,140.544,100,30,null
217,01/02/2012,02/02/2012,null,null,null,null,null,null,null,8.92,442,null,null,0,2.256,null,null,null,36,9.313,103.4,131.893,124.35,.285,0,49.74,1.81,11.132,1.994,14.342,47.184,11.22,103.334,100,25,null
218,01/03/2012,02/03/2012,null,null,null,null,null,null,null,8.57,349,null,null,.239,1.85,null,null,null,32,0,123.8,180.354,139.5,.228,.061,55.8,9.805,14.628,3.284,12.354,51.984,0,151.036,250,50,null
219,01/04/2012,02/04/2012,null,null,null,null,null,null,null,8.21,420,null,null,.267,2.018,null,null,null,38,0,109.3,120.223,65.75,.304,0,26.3,13.073,18.124,1.29,17.395,47.76,0,133.346,150,20,null
220,01/05/2012,02/05/2012,null,null,null,null,null,null,null,8.12,396,null,null,.548,1.512,null,null,null,29,3.735,58.25,101.675,63.2,.399,0,25.28,9.234,17.342,3.675,23.395,53.856,4.5,61.915,350,40,null
221,04/06/2012,05/06/2012,null,null,null,null,34,Clear,odour free,6.98,272,null,null,.05,null,.001,2.25,1.46,2,0,71.049,91.458,60.25,.29,.13,24.1,7.49,18.12,1.23,21.63,43.7,0,86.68,150,20,null
222,01/08/2012,02/08/2012,null,null,null,null,28,Clear,odour free,8.11,390,null,null,.05,null,.001,14.9,.52,1,0,90.41,134.758,98.175,.17,.05,39.27,8.78,22.48,2.24,23.85,34.5,0,110.3,100,20,null
223,03/09/2012,04/09/2012,null,null,null,null,26,Other,odour free,7.81,236,null,null,.05,null,.001,12.49,.54,1,0,86.393,103.042,74.125,.05,.05,29.65,6.94,11.64,1.11,13.36,13.01,0,105.4,8,2,null
224,03/10/2012,04/10/2012,null,null,null,null,25,Clear,odour free,8.22,400,null,null,.3,null,.001,9.58,.59,7,0,99.59,156.067,94.525,.22,.02,37.81,14.77,15.08,8.09,18.03,39.3,0,121.5,20,3,null
225,01/11/2012,02/11/2012,null,null,null,null,21,Clear,odour free,7.91,434,null,null,.68,null,.001,13.68,2.1,5,0,162.787,189.95,117.7,.05,.16,47.08,17.34,11.1,1.92,11.84,12.5,0,198.6,40,5,null
226,03/12/2012,04/12/2012,null,null,null,null,15,Clear,odour free,7.68,600,null,null,.05,null,.12,12.71,5.68,14,0,207.787,240.208,147.5,.29,.14,59,22.25,35.18,12.14,37.99,50.1,0,253.5,150,30,null
227,04/02/2013,,null,null,null,null,14,Light Green,odour free,7.81,540,null,null,.05,null,.05,9.11,.22,10,0,168.033,189.967,126.3,.27,.001,50.52,15.28,29.79,9.22,36.18,19.4,0,205,70,15,null
228,04/03/2013,04/03/2013,null,null,null,null,17,Clear,odour free,7.21,225,null,null,.05,null,.001,11.47,2.36,16,0,80.008,102.842,72.925,.37,.001,29.17,7.18,17.06,1.28,21.05,23.2,0,97.61,50,5,null
229,01/04/2013,01/04/2013,null,null,null,null,23,Clear,odour free,8.01,396,null,null,.34,null,.001,7.21,3.3,7,0,119.754,139.017,96.1,.2,.83,38.44,10.3,22.3,4.94,24.22,35.3,0,146.1,60,15,null
230,01/05/2013,01/05/2013,null,null,null,null,28,Clear,odour free,7.32,425,null,null,.89,null,.001,8.88,11.52,20,0,123.771,148.092,121.175,.39,.13,48.47,6.46,36.75,5.74,39.96,36.9,0,151,200,40,null
231,01/07/2013,01/07/2013,null,null,null,null,null,null,null,null,null,null,null,null,null,null,null,null,null,null,null,null,null,null,null,null,null,null,null,null,null,null,null,null,null,null
232,01/08/2013,01/08/2013,null,null,null,null,null,null,null,null,null,null,null,null,null,null,null,null,null,null,null,null,null,null,null,null,null,null,null,null,null,null,null,null,null,null
233,02/09/2013,02/09/2013,null,null,null,null,null,null,null,null,null,null,null,null,null,null,null,null,null,null,null,null,null,null,null,null,null,null,null,null,null,null,null,null,null,null
234,03/10/2013,03/10/2013,null,null,null,null,null,null,null,null,null,null,null,null,null,null,null,null,null,null,null,null,null,null,null,null,null,null,null,null,null,null,null,null,null,null
235,04/11/2013,04/11/2013,null,null,null,null,null,null,null,null,null,null,null,null,null,null,null,null,null,null,null,null,null,null,null,null,null,null,null,null,null,null,null,null,null,null
236,02/12/2013,02/12/2013,null,null,null,null,null,null,null,null,null,null,null,null,null,null,null,null,null,null,null,null,null,null,null,null,null,null,null,null,null,null,null,null,null,null
237,01/01/2014,01/01/2014,null,null,null,null,null,null,null,null,null,null,null,null,null,null,null,null,null,null,null,null,null,null,null,null,null,null,null,null,null,null,null,null,null,null
238,03/02/2014,03/02/2014,null,null,null,null,null,null,null,null,null,null,null,null,null,null,null,null,null,null,null,null,null,null,null,null,null,null,null,null,null,null,null,null,null,null
239,03/03/2014,03/03/2014,null,null,null,null,null,null,null,null,null,null,null,null,null,null,null,null,null,null,null,null,null,null,null,null,null,null,null,null,null,null,null,null,null,null
240,01/04/2014,01/04/2014,null,null,null,null,null,null,null,null,null,null,null,null,null,null,null,null,null,null,null,null,null,null,null,null,null,null,null,null,null,null,null,null,null,null
241,01/05/2014,01/05/2014,null,null,null,null,null,null,null,null,null,null,null,null,null,null,null,null,null,null,null,null,null,null,null,null,null,null,null,null,null,null,null,null,null,null
242,03/06/2014,04/06/2014,null,null,null,6.24,30,Clear,odour free,7.06,350,210,null,.05,null,.87,null,6.48,26,0,120.238,153.075,138.075,.41,.09,55.23,3.6,7.71,5.69,11.08,10,0,146.69,310,105,null
243,01/07/2014,02/07/2014,null,null,null,6.24,28,Clear,odour free,7.79,334,200,null,.05,null,.001,null,4.95,34,0,98.041,145.608,84.4,.28,.23,33.76,14.69,5.61,3.76,13.11,32.6,0,119.61,290,100,null
244,04/08/2014,05/08/2014,null,null,null,8.6,29,Clear,odour free,7.5,172,103,null,.17,null,.001,null,2.7,30,0,69.869,84.308,75.35,.05,.001,30.14,2.15,10.97,4.63,9.97,12,0,85.24,320,80,null
245,01/09/2014,02/09/2014,null,null,null,6.36,27,Clear,odour free,7.85,248,149,null,.64,null,.001,null,18.51,26,0,85.336,99.208,82.125,.29,.39,32.85,4.1,9.29,4.12,9.97,17,0,104.11,360,110,null
246,07/10/2014,08/10/2014,null,null,null,6.35,27,Clear,odour free,7.77,370,222,null,.7,null,.001,null,2.67,17,0,94.623,156.742,113.2,.29,.26,45.28,10.45,15.75,7.19,15.88,21.9,0,115.44,310,120,null
247,10/11/2014,11/11/2014,null,null,null,6.36,23,Clear,odour free,7.33,358,215,null,.08,null,.001,null,2.2,24,0,104.033,140.217,101.175,.33,.05,40.47,9.37,12.8,3.4,10.52,30,0,126.92,null,null,null
248,01/12/2014,02/12/2014,null,null,null,6.36,11,Clear,odour free,7.2,410,246,null,.25,null,.5,null,2.96,20,32.868,187.82,160.6,106.225,.24,.18,42.49,13.05,19.6,2.8,18.46,39.46,39.6,148.62,null,null,null
249,02/01/2015,02/01/2015,null,null,null,6.36,11,Clear,odour free,6.89,346,208,null,.58,null,.29,null,8.82,72,0,86.041,112.892,102.1,.05,.001,40.84,2.59,30.06,9.6,22.15,30,0,104.97,null,null,null
250,02/02/2015,03/02/2015,null,null,null,6.34,12,Clear,odour free,7.22,495,297,null,.22,null,.55,null,8.79,51,0,133.443,174,131.5,.05,.09,52.6,10.2,28.63,8.01,27.69,60.8,0,162.8,null,null,null
251,02/03/2015,03/03/2015,null,null,null,6.36,18,Clear,odour free,7.88,411,247,null,.09,null,.22,null,18.33,61,0,100.615,125.333,89.5,.05,.12,35.8,8.6,33.15,6.8,35.78,30.6,0,122.75,null,null,null
252,06/04/2015,07/04/2015,null,null,null,6.72,20,Clear,odour free,8,283,170,null,.09,null,.34,null,7.72,87,0,78.689,105.25,76.5,.05,.02,30.6,6.9,15.54,8.4,15.28,40,0,96,null,null,null
253,05/05/2015,05/05/2015,null,null,null,8.43,25,Clear,odour free,7.19,215,129,null,.09,null,.33,null,6.5,17,0,51.213,81.083,44,.05,.02,17.6,8.9,13.74,3.17,11.93,10,0,62.48,null,null,null
254,01/06/2015,02/06/2015,null,null,null,null,null,null,null,7.7,238,143,null,.23,null,.46,null,8.4,36,0,94,91.917,54,.05,.02,21.6,9.1,12.5,.9,17.82,14,0,114.68,null,null,null
255,01/07/2015,01/07/2015,null,null,null,null,null,null,null,6.9,177,106,null,1.03,null,1.62,null,10.52,25,0,49.344,71.8,55.175,.05,.08,22.07,3.99,8.1,1.16,9.5,10,0,60.2,null,null,null
256,03/08/2015,04/08/2015,null,null,null,null,null,null,null,7.67,212,12.7,null,.13,null,.37,null,3.11,31,0,77.598,100.592,41.8,.05,.11,16.72,14.11,8.1,6.69,10.39,21,0,94.67,3400,2700,null
257,01/09/2015,01/09/2015,null,null,null,null,null,null,null,8,290,174,null,.49,null,.64,null,3.08,19,0,85.41,107.592,61.3,.05,.08,24.52,11.11,10.31,3.68,15.1,35,0,104.2,1300,400,null
258,04/10/2015,05/10/2015,null,null,null,null,null,null,null,8.55,460,276,null,.65,null,.43,null,4.15,null,2.39,163.661,200.517,101.225,.05,.49,40.49,23.83,11.5,5.43,13.51,33.8,2.88,193.81,4500,1400,null
259,02/11/2015,03/11/2015,null,null,null,null,null,null,null,6.88,398.9,239,null,.92,null,.3,null,4.5,null,0,84,192.283,45.95,.05,.001,18.38,35.12,11.1,5.77,68.56,42.9,0,102.48,12000,6000,null
260,02/12/2015,03/12/2015,null,null,null,null,null,null,null,7.25,405,243,null,2.17,null,.68,null,5.4,null,0,86.197,208.375,102,.05,.05,40.8,25.53,8.3,8.16,30.53,38.6,0,105.16,3400,1400,null
261,04/01/2016,05/01/2016,null,null,null,null,null,null,null,7.95,476,286,null,1.15,null,.21,null,16.47,20,0,144.836,184.217,106.3,.32,.001,42.52,18.7,17.77,3.68,29.61,48.8,0,176.7,110000,70000,null
