Standard Parameter Analysis Data of : Menangudi (CCA23N4)
Laboratory : CWC CSRO Chennai 
Period : January-2005 To January-2014 
S.No.,Date_of_Collection,Date_of_Receipt,Discharge(cumecs),pH_FLD,EC_FLD(umho/cm),DO(mg/l),Water Temp(deg C),Colour,Odour,pH_GEN,EC_GEN(umho/cm),TDS(mg/l),SS(mg/l),NH3(mg N/l),NO2+NO3(mg N/l),Total_Nutrients(mg P/l),SiO2(mg/l),BOD(mg/l),COD(mg/l),Phen(mg CaCO3/l),Total_Alkallnity(mg CaCO3/l),Total_Hardness(mg CaCO3/l),Ca_Hardness(mg CaCO3/l),F(mg/l),B(mg/l),Ca_Major_Ions(mg/l),Mg(mg/l),Na(mg/l),K(mg/l),Cl(mg/l),SO4(mg/l),CO3(mg/l),HCO3(mg/l),Total_Coliforms(MPN/100ml),Faecal(MPN/100ml),Chlorophyll-A(ug/L)
1,01/06/2005,02/06/2005,null,null,null,null,null,null,null,null,null,null,null,null,null,null,null,null,null,null,null,null,null,null,null,null,null,null,null,null,null,null,null,null,null,null
2,01/07/2005,02/07/2005,null,null,null,null,null,null,null,null,null,null,null,null,null,null,null,null,null,null,null,null,null,null,null,null,null,null,null,null,null,null,null,null,null,null
3,01/08/2005,02/08/2005,null,null,null,null,null,null,null,null,null,null,null,null,null,null,null,null,null,null,null,null,null,null,null,null,null,null,null,null,null,null,null,null,null,null
4,01/09/2005,02/09/2005,1.3890000581741333,null,null,null,27,Clear,odour free,7.3,336,null,null,null,null,null,null,null,null,0,116.5,106.475,68,null,null,27.2,9.234,44.39,null,39.405,15.984,0,142.13,null,null,null
5,01/10/2005,02/10/2005,4.6479997634887695,null,null,null,29,Light Brown,odour free,7.92,397,null,null,null,null,null,null,null,null,0,114.5,94.475,56,.247,null,22.4,9.234,41.86,null,33.015,7.776,0,139.69,null,null,null
6,02/11/2005,03/11/2005,6.585000038146973,null,null,null,27,Clear,odour free,7.55,510,null,null,null,null,null,null,null,null,0,141.5,174.819,68,null,null,27.2,25.636,37.03,null,104.725,null,0,172.63,null,null,null
7,01/12/2005,02/12/2005,1.5210000276565552,null,null,null,26.5,Brown,odour free,7.53,406,null,null,null,null,null,null,null,null,0,151,155.025,72,null,null,28.8,19.926,34.5,null,29.465,null,0,184.22,null,null,null
8,02/01/2006,03/01/2006,3.816999912261963,null,null,null,25,Clear,odour free,7.47,700,null,null,null,null,null,null,null,null,0,198,187.2,90,null,null,36,23.328,72.91,null,74.195,null,0,241.56,null,null,null
9,01/02/2006,02/02/2006,2.446000099182129,null,null,null,27.5,Clear,odour free,7.75,709,null,null,null,null,null,null,null,null,0,208.5,193.375,82,null,null,32.8,26.73,71.99,null,71.355,25.68,0,254.37,null,null,null
10,01/03/2006,02/03/2006,0,null,null,null,null,null,null,null,null,null,null,null,null,null,null,null,null,null,null,null,null,null,null,null,null,null,null,null,null,null,null,null,null,null
11,01/04/2006,02/04/2006,null,null,null,null,null,null,null,null,null,null,null,null,null,null,null,null,null,null,null,null,null,null,null,null,null,null,null,null,null,null,null,null,null,null
12,01/05/2006,02/05/2006,null,null,null,null,null,null,null,null,null,null,null,null,null,null,null,null,null,null,null,null,null,null,null,null,null,null,null,null,null,null,null,null,null,null
13,01/06/2006,01/06/2006,null,null,null,null,null,null,null,null,null,null,null,null,null,null,null,null,null,null,null,null,null,null,null,null,null,null,null,null,null,null,null,null,null,null
14,01/07/2006,,0,null,null,null,null,null,null,null,null,null,null,null,null,null,null,null,null,null,null,null,null,null,null,null,null,null,null,null,null,null,null,null,null,null
15,01/08/2006,01/08/2006,2.2929999828338623,null,null,null,null,null,null,null,null,null,null,null,null,null,null,null,null,null,null,null,null,null,null,null,null,null,null,null,null,null,null,null,null,null
16,01/09/2006,,3.2850000858306885,null,null,null,null,null,null,null,null,null,null,null,null,null,null,null,null,null,null,null,null,null,null,null,null,null,null,null,null,null,null,null,null,null
17,01/10/2006,,3.377000093460083,null,null,null,null,null,null,null,null,null,null,null,null,null,null,null,null,null,null,null,null,null,null,null,null,null,null,null,null,null,null,null,null,null
18,01/11/2006,,3.9619998931884766,null,null,null,null,null,null,null,null,null,null,null,null,null,null,null,null,null,null,null,null,null,null,null,null,null,null,null,null,null,null,null,null,null
19,01/12/2006,,0,null,null,null,null,null,null,null,null,null,null,null,null,null,null,null,null,null,null,null,null,null,null,null,null,null,null,null,null,null,null,null,null,null
20,01/01/2007,,0,null,null,null,null,null,null,null,null,null,null,null,null,null,null,null,null,null,null,null,null,null,null,null,null,null,null,null,null,null,null,null,null,null
21,01/02/2007,,0,null,null,null,null,null,null,null,null,null,null,null,null,null,null,null,null,null,null,null,null,null,null,null,null,null,null,null,null,null,null,null,null,null
22,01/03/2007,,0,null,null,null,null,null,null,null,null,null,null,null,null,null,null,null,null,null,null,null,null,null,null,null,null,null,null,null,null,null,null,null,null,null
23,01/04/2007,,null,null,null,null,null,null,null,null,null,null,null,null,null,null,null,null,null,null,null,null,null,null,null,null,null,null,null,null,null,null,null,null,null,null
24,01/05/2007,,null,null,null,null,null,null,null,null,null,null,null,null,null,null,null,null,null,null,null,null,null,null,null,null,null,null,null,null,null,null,null,null,null,null
25,01/06/2007,,null,null,null,null,null,null,null,null,null,null,null,null,null,null,null,null,null,null,null,null,null,null,null,null,null,null,null,null,null,null,null,null,null,null
26,01/07/2007,,null,null,null,null,null,null,null,null,null,null,null,null,null,null,null,null,null,null,null,null,null,null,null,null,null,null,null,null,null,null,null,null,null,null
27,01/08/2007,,3.500999927520752,null,null,null,null,null,null,null,null,null,null,null,null,null,null,null,null,null,null,null,null,null,null,null,null,null,null,null,null,null,null,null,null,null
28,01/09/2007,,0,null,null,null,null,null,null,null,null,null,null,null,null,null,null,null,null,null,null,null,null,null,null,null,null,null,null,null,null,null,null,null,null,null
29,01/10/2007,,4.065999984741211,null,null,null,null,null,null,null,null,null,null,null,null,null,null,null,null,null,null,null,null,null,null,null,null,null,null,null,null,null,null,null,null,null
30,01/11/2007,,5.355000019073486,null,null,null,null,null,null,null,null,null,null,null,null,null,null,null,null,null,null,null,null,null,null,null,null,null,null,null,null,null,null,null,null,null
31,01/12/2007,,0,null,null,null,null,null,null,null,null,null,null,null,null,null,null,null,null,null,null,null,null,null,null,null,null,null,null,null,null,null,null,null,null,null
32,01/01/2008,,0,null,null,null,null,null,null,null,null,null,null,null,null,null,null,null,null,null,null,null,null,null,null,null,null,null,null,null,null,null,null,null,null,null
33,01/02/2008,,0,null,null,null,null,null,null,null,null,null,null,null,null,null,null,null,null,null,null,null,null,null,null,null,null,null,null,null,null,null,null,null,null,null
34,01/03/2008,,0,null,null,null,null,null,null,null,null,null,null,null,null,null,null,null,null,null,null,null,null,null,null,null,null,null,null,null,null,null,null,null,null,null
35,01/04/2008,,0,null,null,null,null,null,null,null,null,null,null,null,null,null,null,null,null,null,null,null,null,null,null,null,null,null,null,null,null,null,null,null,null,null
36,01/05/2008,,0,null,null,null,null,null,null,null,null,null,null,null,null,null,null,null,null,null,null,null,null,null,null,null,null,null,null,null,null,null,null,null,null,null
37,20/06/2008,21/06/2008,3.8010001182556152,7,null,null,29.5,Clear,odour free,7.79,457,null,null,null,null,null,null,null,null,0,162.45,152.95,76,null,null,30.4,18.468,null,null,51.475,18.816,0,198.189,null,null,null
38,01/07/2008,02/07/2008,0,null,null,null,null,null,null,null,null,null,null,null,null,null,null,null,null,null,null,null,null,null,null,null,null,null,null,null,null,null,null,null,null,null
39,01/08/2008,02/08/2008,0,null,null,null,null,null,null,null,null,null,null,null,null,null,null,null,null,null,null,null,null,null,null,null,null,null,null,null,null,null,null,null,null,null
40,01/09/2008,02/09/2008,0,null,null,null,null,null,null,null,null,null,null,null,null,null,null,null,null,null,null,null,null,null,null,null,null,null,null,null,null,null,null,null,null,null
41,03/10/2008,04/10/2008,7.078999996185303,7,null,null,32.5,Clear,odour free,7.69,365,null,null,null,null,null,null,null,null,0,156.2,136.75,76,null,null,30.4,14.58,null,null,57.19,null,0,190.564,null,null,null
42,01/11/2008,02/11/2008,0,null,null,null,null,null,null,null,null,null,null,null,null,null,null,null,null,null,null,null,null,null,null,null,null,null,null,null,null,null,null,null,null,null
43,01/12/2008,02/12/2008,20.93000030517578,7,null,null,28,Clear,odour free,7.28,234,null,null,null,null,null,null,null,null,0,112.5,100.55,56,null,null,22.4,10.692,null,null,40.044,null,0,137.25,null,null,null
44,01/01/2009,02/01/2009,0,null,null,null,null,null,null,null,null,null,null,null,null,null,null,null,null,null,null,null,null,null,null,null,null,null,null,null,null,null,null,null,null,null
45,02/02/2009,03/02/2009,0,null,null,null,null,null,null,null,null,null,null,null,null,null,null,null,null,null,null,null,null,null,null,null,null,null,null,null,null,null,null,null,null,null
46,02/03/2009,03/03/2009,0,null,null,null,null,null,null,null,null,null,null,null,null,null,null,null,null,null,null,null,null,null,null,null,null,null,null,null,null,null,null,null,null,null
47,01/04/2009,02/04/2009,0,null,null,null,null,null,null,null,null,null,null,null,null,null,null,null,null,null,null,null,null,null,null,null,null,null,null,null,null,null,null,null,null,null
48,01/05/2009,02/05/2009,null,null,null,null,null,null,null,null,null,null,null,null,null,null,null,null,null,null,null,null,null,null,null,null,null,null,null,null,null,null,null,null,null,null
49,01/06/2009,02/06/2009,null,null,null,null,null,null,null,null,null,null,null,null,null,null,null,null,null,null,null,null,null,null,null,null,null,null,null,null,null,null,null,null,null,null
50,01/07/2009,02/07/2009,null,null,null,null,null,null,null,null,null,null,null,null,null,null,null,null,null,null,null,null,null,null,null,null,null,null,null,null,null,null,null,null,null,null
51,17/08/2009,18/08/2009,6.61899995803833,7,null,null,29.5,Light Brown,odour free,7.5,305,null,null,null,null,null,null,null,null,0,131.45,126.05,65.3,.329,null,26.12,14.58,30.222,1.173,43.842,14.496,0,160.369,null,null,null
52,01/09/2009,02/09/2009,2.4070000648498535,7,null,null,28.5,Clear,odour free,7.55,343,null,null,null,null,null,null,null,null,0,148.4,109.8,61.2,.262,null,24.48,11.664,28.52,8.485,30.494,9.984,0,181.048,null,null,null
53,01/10/2009,01/10/2009,0,null,null,null,null,null,null,null,null,null,null,null,null,null,null,null,null,null,null,null,null,null,null,null,null,null,null,null,null,null,null,null,null,null
54,03/11/2009,03/11/2009,4.623000144958496,7,null,null,26,Clear,odour free,7.49,527,null,null,null,null,null,null,.251,null,0,250.15,121.95,61.2,.41,null,24.48,14.58,104.535,6.608,89.566,9.216,0,305.183,null,null,null
55,01/12/2009,02/12/2009,4.093999862670898,7,null,null,25,Clear,odour free,7.7,608,null,null,null,null,null,null,.556,null,0,305.25,138.3,81.6,.367,null,32.64,13.608,114.057,8.797,78.135,19.392,0,372.405,null,null,null
56,01/01/2010,01/01/2010,0,null,null,null,null,null,null,null,null,null,null,null,null,null,null,null,null,null,null,null,null,null,null,null,null,null,null,null,null,null,null,null,null,null
57,01/02/2010,01/02/2010,0,null,null,null,null,null,null,null,null,null,null,null,null,null,null,null,null,null,null,null,null,null,null,null,null,null,null,null,null,null,null,null,null,null
58,01/03/2010,01/03/2010,0,null,null,null,null,null,null,null,null,null,null,null,null,null,null,null,null,null,null,null,null,null,null,null,null,null,null,null,null,null,null,null,null,null
59,01/04/2010,02/04/2010,null,null,null,null,null,null,null,null,null,null,null,null,null,null,null,null,null,null,null,null,null,null,null,null,null,null,null,null,null,null,null,null,null,null
60,01/05/2010,02/05/2010,null,null,null,null,null,null,null,null,null,null,null,null,null,null,null,null,null,null,null,null,null,null,null,null,null,null,null,null,null,null,null,null,null,null
61,01/06/2010,02/06/2010,null,null,null,null,null,null,null,null,null,null,null,null,null,null,null,null,null,null,null,null,null,null,null,null,null,null,null,null,null,null,null,null,null,null
62,01/07/2010,02/07/2010,null,null,null,null,null,null,null,null,null,null,null,null,null,null,null,null,null,null,null,null,null,null,null,null,null,null,null,null,null,null,null,null,null,null
63,22/08/2010,23/08/2010,5.488999843597412,8,null,null,27.5,Light Brown,odour free,7.7,602,null,null,null,null,null,null,1.256,null,0,192.238,178.967,77.675,.467,null,31.07,24.31,62.9,8.8,79.93,21.1,0,234.53,null,null,null
64,01/09/2010,02/09/2010,0,null,null,null,null,null,null,null,null,null,null,null,null,null,null,null,null,null,null,null,null,null,null,null,null,null,null,null,null,null,null,null,null,null
65,04/10/2010,04/10/2010,9.614999771118164,7,null,null,28,Clear,odour free,8.03,517,null,null,null,null,null,null,2.13,null,0,204.959,150.5,69.5,.428,null,27.8,19.44,58.3,5.2,60.9,17.27,0,250.05,null,null,null
66,01/11/2010,02/11/2010,9.442000389099121,7,null,null,28.5,Brown,odour free,8.41,455,null,null,null,null,null,null,1.152,null,16.6,180.555,134.275,65.4,.418,null,26.16,16.53,44,4.7,45.67,9.67,20,179.61,null,null,null
67,01/12/2010,01/12/2010,9.357999801635742,7,null,null,25,Brown,odour free,8.1,260,null,null,null,null,null,null,1.595,null,0,123.041,97.517,44.975,.242,null,17.99,12.61,22.4,2.5,26.8,2.83,0,150.11,null,null,null
68,03/01/2011,03/01/2011,3.7330000400543213,7,null,null,27,Light Brown,odour free,7.79,643,null,null,null,null,null,null,1.438,null,0,224.189,195.258,89.925,.445,null,35.97,25.28,64,6.5,78.57,29.29,0,273.51,null,null,null
69,01/02/2011,02/02/2011,0,null,null,null,null,null,null,null,null,null,null,null,null,null,null,null,null,null,null,null,null,null,null,null,null,null,null,null,null,null,null,null,null,null
70,01/03/2011,01/03/2011,0,null,null,null,null,null,null,null,null,null,null,null,null,null,null,null,null,null,null,null,null,null,null,null,null,null,null,null,null,null,null,null,null,null
71,01/04/2011,01/04/2011,0,null,null,null,null,null,null,null,null,null,null,null,null,null,null,null,null,null,null,null,null,null,null,null,null,null,null,null,null,null,null,null,null,null
72,02/05/2011,02/05/2011,0,null,null,null,null,null,null,null,null,null,null,null,null,null,null,null,null,null,null,null,null,null,null,null,null,null,null,null,null,null,null,null,null,null
73,15/06/2011,15/06/2011,8.765000343322754,7.52,null,null,30,Clear,odour free,8.03,530,null,null,null,null,null,null,1.057,null,0,160,169.317,76.15,.442,null,30.46,22.36,52.3,7.9,69.47,21.9,0,195.2,null,null,null
74,01/07/2011,01/07/2011,0,null,null,null,null,null,null,null,null,null,null,null,null,null,null,null,null,null,null,null,null,null,null,null,null,null,null,null,null,null,null,null,null,null
75,01/08/2011,01/08/2011,1.0759999752044678,7,null,null,30,Clear,odour free,7.88,498,null,null,null,null,null,null,1.01,null,0,196,165.475,56.1,.487,null,22.44,26.25,42.5,4.8,49.62,13.67,0,239.12,null,null,null
76,02/09/2011,02/09/2011,0,null,null,null,null,null,null,null,null,null,null,null,null,null,null,null,null,null,null,null,null,null,null,null,null,null,null,null,null,null,null,null,null,null
77,01/10/2011,01/10/2011,16.714000701904297,7,null,null,27.5,Clear,odour free,9.38,294,null,null,null,null,null,null,1.65,null,11.952,96,108.85,48.1,.384,null,19.24,14.58,20.1,3.8,29.77,4.76,14.4,87.84,null,null,null
78,01/11/2011,01/11/2011,9.569999694824219,7,null,null,26,Brown,odour free,8.85,409,null,null,null,null,null,null,1.5,null,34.42,132.477,129.1,48.1,.337,null,19.24,19.44,37.3,3,54.98,2.07,41.47,77.3,null,null,null
79,01/12/2011,01/12/2011,3.0429999828338623,7,null,null,25.5,Light Green,odour free,8.3,446,null,null,null,null,null,null,1.7,null,11.471,161.271,141.183,56.1,.32,null,22.44,20.42,43.9,4.3,58.42,7.01,13.82,168.65,null,null,null
80,01/12/2011,01/12/2011,3.0429999828338623,7,null,null,25.5,Light Green,odour free,8.3,446,null,null,null,null,null,null,1.7,null,11.471,161.271,141.183,56.1,.32,null,22.44,20.42,43.9,4.3,58.42,7.01,13.82,168.65,null,null,null
81,02/01/2012,02/01/2012,1.5160000324249268,7,null,null,24,Light Green,odour free,7.73,491,null,null,null,null,null,null,2.12,null,0,155.516,125.058,48.1,.232,null,19.24,18.47,48.9,3.9,65.29,1.25,0,189.73,null,null,null
82,02/01/2012,02/01/2012,1.5160000324249268,7,null,null,24,Light Green,odour free,7.73,491,null,null,null,null,null,null,2.12,null,0,155.516,125.058,48.1,.232,null,19.24,18.47,48.9,3.9,65.29,1.25,0,189.73,null,null,null
83,01/02/2012,01/02/2012,0,null,null,null,null,null,null,null,null,null,null,null,null,null,null,null,null,null,null,null,null,null,null,null,null,null,null,null,null,null,null,null,null,null
84,01/02/2012,01/02/2012,0,null,null,null,null,null,null,null,null,null,null,null,null,null,null,null,null,null,null,null,null,null,null,null,null,null,null,null,null,null,null,null,null,null
85,01/03/2012,01/03/2012,0,null,null,null,null,null,null,null,null,null,null,null,null,null,null,null,null,null,null,null,null,null,null,null,null,null,null,null,null,null,null,null,null,null
86,01/03/2012,01/03/2012,0,null,null,null,null,null,null,null,null,null,null,null,null,null,null,null,null,null,null,null,null,null,null,null,null,null,null,null,null,null,null,null,null,null
87,02/04/2012,02/04/2012,null,null,null,null,null,null,null,null,null,null,null,null,null,null,null,null,null,null,null,null,null,null,null,null,null,null,null,null,null,null,null,null,null,null
88,01/05/2012,01/05/2012,null,null,null,null,null,null,null,null,null,null,null,null,null,null,null,null,null,null,null,null,null,null,null,null,null,null,null,null,null,null,null,null,null,null
89,01/06/2012,02/06/2012,null,null,null,null,null,null,null,null,null,null,null,null,null,null,null,null,null,null,null,null,null,null,null,null,null,null,null,null,null,null,null,null,null,null
90,02/07/2012,03/07/2012,null,null,null,null,null,null,null,null,null,null,null,null,null,null,null,null,null,null,null,null,null,null,null,null,null,null,null,null,null,null,null,null,null,null
91,01/08/2012,02/08/2012,null,null,null,null,null,null,null,null,null,null,null,null,null,null,null,null,null,null,null,null,null,null,null,null,null,null,null,null,null,null,null,null,null,null
92,28/09/2012,28/09/2012,0.8759999871253967,7,null,null,25.5,Clear,odour free,7.4,470,251,null,null,null,null,null,1.01,null,0,151.016,138.175,62.8,.78,null,25.12,18.09,35.9,5.7,51.93,17.34,0,184.24,null,null,null
93,28/09/2012,28/09/2012,0.8759999871253967,7,null,null,25.5,Clear,odour free,7.4,470,251,null,null,null,null,null,1.01,null,0,151.016,138.175,62.8,.78,null,25.12,18.09,35.9,5.7,51.93,17.34,0,184.24,null,null,null
94,01/10/2012,01/10/2012,6.14900016784668,7,null,null,24,Clear,odour free,8.08,438,233,null,null,null,null,null,2.11,null,0,151.016,157.908,74.575,.92,null,29.83,20,38.9,5.3,51.93,11.86,0,184.24,null,null,null
95,01/10/2012,01/10/2012,6.14900016784668,7,null,null,24,Clear,odour free,8.08,438,233,null,null,null,null,null,2.11,null,0,151.016,157.908,74.575,.92,null,29.83,20,38.9,5.3,51.93,11.86,0,184.24,null,null,null
96,01/11/2012,02/11/2012,12.189000129699707,7,null,null,27,Light Brown,odour free,7.76,249,132,null,null,null,null,null,2.51,null,0,81.631,63.042,39.25,.443,null,15.7,5.71,22.9,2,21.7,4.87,0,99.59,null,null,null
97,01/11/2012,02/11/2012,12.189000129699707,7,null,null,27,Light Brown,odour free,7.76,249,132,null,null,null,null,null,2.51,null,0,81.631,63.042,39.25,.443,null,15.7,5.71,22.9,2,21.7,4.87,0,99.59,null,null,null
98,01/12/2012,02/12/2012,0,null,null,null,null,null,null,null,null,null,null,null,null,null,null,null,null,null,null,null,null,null,null,null,null,null,null,null,null,null,null,null,null,null
99,01/12/2012,02/12/2012,0,null,null,null,null,null,null,null,null,null,null,null,null,null,null,null,null,null,null,null,null,null,null,null,null,null,null,null,null,null,null,null,null,null
100,01/01/2013,02/01/2013,0,null,null,null,null,null,null,null,null,null,null,null,null,null,null,null,null,null,null,null,null,null,null,null,null,null,null,null,null,null,null,null,null,null
101,01/01/2013,02/01/2013,0,null,null,null,null,null,null,null,null,null,null,null,null,null,null,null,null,null,null,null,null,null,null,null,null,null,null,null,null,null,null,null,null,null
102,01/02/2013,02/02/2013,null,null,null,null,null,null,null,null,null,null,null,null,null,null,null,null,null,null,null,null,null,null,null,null,null,null,null,null,null,null,null,null,null,null
103,01/03/2013,02/03/2013,null,null,null,null,null,null,null,null,null,null,null,null,null,null,null,null,null,null,null,null,null,null,null,null,null,null,null,null,null,null,null,null,null,null
104,01/04/2013,01/04/2013,null,null,null,null,null,null,null,null,null,null,null,null,null,null,null,null,null,null,null,null,null,null,null,null,null,null,null,null,null,null,null,null,null,null
105,01/05/2013,01/05/2013,null,null,null,null,null,null,null,null,null,null,null,null,null,null,null,null,null,null,null,null,null,null,null,null,null,null,null,null,null,null,null,null,null,null
106,01/06/2013,01/06/2013,null,null,null,null,null,null,null,null,null,null,null,null,null,null,null,null,null,null,null,null,null,null,null,null,null,null,null,null,null,null,null,null,null,null
107,01/07/2013,01/07/2013,null,null,null,null,null,null,null,null,null,null,null,null,null,null,null,null,null,null,null,null,null,null,null,null,null,null,null,null,null,null,null,null,null,null
108,10/08/2013,10/08/2013,4.758999824523926,7,null,null,25.5,Light Brown,odour free,7.82,219,115,null,null,null,null,null,1.82,null,0,85.713,109.042,62.625,.37,null,25.05,11.14,14.5,3.3,28.36,10.27,0,104.57,null,null,null
109,10/08/2013,10/08/2013,4.758999824523926,7,null,null,25.5,Light Brown,odour free,7.82,219,115,null,null,null,null,null,1.82,null,0,85.713,109.042,62.625,.37,null,25.05,11.14,14.5,3.3,28.36,10.27,0,104.57,null,null,null
110,02/09/2013,02/09/2013,2.2790000438690186,7,null,null,25,Light Green,odour free,8.18,471,252,null,null,null,null,null,1.43,null,0,84.18,104.692,75.15,.23,null,30.06,7.09,66.6,4.1,104.93,33.19,0,102.7,null,null,null
111,02/09/2013,02/09/2013,2.2790000438690186,7,null,null,25,Light Green,odour free,8.18,471,252,null,null,null,null,null,1.43,null,0,84.18,104.692,75.15,.23,null,30.06,7.09,66.6,4.1,104.93,33.19,0,102.7,null,null,null
112,01/10/2013,01/10/2013,0.5950000286102295,7,null,null,27,Clear,odour free,8.21,278,147,null,null,null,null,null,1.07,null,0,80,75.392,50.1,.22,null,20.04,6.07,26,2.3,36.87,8.1,0,97.6,null,null,null
113,01/10/2013,01/10/2013,0.5950000286102295,7,null,null,27,Clear,odour free,8.21,278,147,null,null,null,null,null,1.07,null,0,80,75.392,50.1,.22,null,20.04,6.07,26,2.3,36.87,8.1,0,97.6,null,null,null
114,01/11/2013,01/11/2013,0,null,null,null,null,null,null,null,null,null,null,null,null,null,null,null,null,null,null,null,null,null,null,null,null,null,null,null,null,null,null,null,null,null
115,01/11/2013,01/11/2013,0,null,null,null,null,null,null,null,null,null,null,null,null,null,null,null,null,null,null,null,null,null,null,null,null,null,null,null,null,null,null,null,null,null
116,01/12/2013,01/12/2013,0,null,null,null,null,null,null,null,null,null,null,null,null,null,null,null,null,null,null,null,null,null,null,null,null,null,null,null,null,null,null,null,null,null
117,01/12/2013,01/12/2013,0,null,null,null,null,null,null,null,null,null,null,null,null,null,null,null,null,null,null,null,null,null,null,null,null,null,null,null,null,null,null,null,null,null
118,01/01/2014,01/01/2014,0,null,null,null,null,null,null,null,null,null,null,null,null,null,null,null,null,null,null,null,null,null,null,null,null,null,null,null,null,null,null,null,null,null
119,01/01/2014,01/01/2014,0,null,null,null,null,null,null,null,null,null,null,null,null,null,null,null,null,null,null,null,null,null,null,null,null,null,null,null,null,null,null,null,null,null
