Standard Parameter Analysis Data of : Mohgaon (010215004)
Laboratory : CWC MERO Raipur 
Period : January-2012 To January-2012 
S.No.,Date_of_Collection,Date_of_Receipt,Discharge(cumecs),pH_FLD,EC_FLD(umho/cm),DO(mg/l),Water Temp(deg C),Colour,Odour,pH_GEN,EC_GEN(umho/cm),TDS(mg/l),SS(mg/l),NH3(mg N/l),NO2+NO3(mg N/l),Total_Nutrients(mg P/l),SiO2(mg/l),BOD(mg/l),COD(mg/l),Phen(mg CaCO3/l),Total_Alkallnity(mg CaCO3/l),Total_Hardness(mg CaCO3/l),Ca_Hardness(mg CaCO3/l),F(mg/l),B(mg/l),Ca_Major_Ions(mg/l),Mg(mg/l),Na(mg/l),K(mg/l),Cl(mg/l),SO4(mg/l),CO3(mg/l),HCO3(mg/l),Total_Coliforms(MPN/100ml),Faecal(MPN/100ml),Chlorophyll-A(ug/L)
1,02/01/2012,03/01/2012,8.807999610900879,null,null,6.2,20.5,Clear,odour free,8.3,219,144,null,null,.145,null,17.51,.8,23,5.038,149.461,119.742,75.2,.281,null,30.08,10.69,6.7,1.3,7.8,4.74,6.07,170,null,null,null
2,02/01/2012,03/01/2012,8.807999610900879,null,null,6.2,20.5,Clear,odour free,8.3,219,144,null,null,.145,null,17.51,.8,23,5.038,149.461,119.742,75.2,.281,null,30.08,10.69,6.7,1.3,7.8,4.74,6.07,170,null,null,null
