Standard Parameter Analysis Data of : Mudhol (MUDHOL)
Laboratory : CWC KGBO Pune 
Period : January-2002 To January-2006 
S.No.,Date_of_Collection,Date_of_Receipt,Discharge(cumecs),pH_FLD,EC_FLD(umho/cm),DO(mg/l),Water Temp(deg C),Colour,Odour,pH_GEN,EC_GEN(umho/cm),TDS(mg/l),SS(mg/l),NH3(mg N/l),NO2+NO3(mg N/l),Total_Nutrients(mg P/l),SiO2(mg/l),BOD(mg/l),COD(mg/l),Phen(mg CaCO3/l),Total_Alkallnity(mg CaCO3/l),Total_Hardness(mg CaCO3/l),Ca_Hardness(mg CaCO3/l),F(mg/l),B(mg/l),Ca_Major_Ions(mg/l),Mg(mg/l),Na(mg/l),K(mg/l),Cl(mg/l),SO4(mg/l),CO3(mg/l),HCO3(mg/l),Total_Coliforms(MPN/100ml),Faecal(MPN/100ml),Chlorophyll-A(ug/L)
1,01/07/2002,02/07/2002,42.849998474121094,null,null,8.72,26,Clear,odour free,7.77,191,null,null,0,null,.041,16.2,2.84,null,0,13.033,69.833,46.5,.76,.89,18.6,5.6,14.5,1.17,21.3,13,0,15.9,null,null,null
2,01/07/2002,02/07/2002,42.849998474121094,null,null,8.72,26,Clear,odour free,7.77,191,null,null,0,null,.041,16.2,2.84,null,0,13.033,69.833,46.5,.76,.89,18.6,5.6,14.5,1.17,21.3,13,0,15.9,null,null,null
3,01/08/2002,02/08/2002,3.315000057220459,null,null,8.92,24,Clear,odour free,7.86,670,null,null,0,null,.124,40.5,2.28,null,0,68.033,240.333,122,.63,2.17,48.8,28.4,88.6,1.56,83.7,73.4,0,83,null,null,null
4,01/08/2002,02/08/2002,3.315000057220459,null,null,8.92,24,Clear,odour free,7.86,670,null,null,0,null,.124,40.5,2.28,null,0,68.033,240.333,122,.63,2.17,48.8,28.4,88.6,1.56,83.7,73.4,0,83,null,null,null
5,02/09/2002,03/09/2002,16.15999984741211,null,null,8.72,24,Clear,odour free,8.1,516,null,null,.08,null,.103,36.6,1.12,null,0,57.254,180.833,110,.61,1.67,44,17,56.8,4.3,55.3,61.9,0,69.85,null,null,null
6,02/09/2002,03/09/2002,16.15999984741211,null,null,8.72,24,Clear,odour free,8.1,516,null,null,.08,null,.103,36.6,1.12,null,0,57.254,180.833,110,.61,1.67,44,17,56.8,4.3,55.3,61.9,0,69.85,null,null,null
7,03/10/2002,04/10/2002,10.630000114440918,null,null,6.49,25,Clear,odour free,8.02,731,null,null,0,null,.176,31.2,.41,8,0,47.254,199,41.5,.55,.16,16.6,37.8,92.5,1.56,80.1,93.6,0,57.65,null,null,null
8,03/10/2002,04/10/2002,10.630000114440918,null,null,6.49,25,Clear,odour free,8.02,731,null,null,0,null,.176,31.2,.41,8,0,47.254,199,41.5,.55,.16,16.6,37.8,92.5,1.56,80.1,93.6,0,57.65,null,null,null
9,01/11/2002,02/11/2002,4.340000152587891,null,null,6.76,25,Clear,odour free,8.46,1096,null,null,0,null,.134,36,.82,13.45,14.948,71.257,302.083,105,.63,.2,42,47.3,131.1,2.35,112.4,64.3,18.01,50.313,null,null,null
10,01/11/2002,02/11/2002,4.340000152587891,null,null,6.76,25,Clear,odour free,8.46,1096,null,null,0,null,.134,36,.82,13.45,14.948,71.257,302.083,105,.63,.2,42,47.3,131.1,2.35,112.4,64.3,18.01,50.313,null,null,null
11,02/12/2002,03/12/2002,4.579999923706055,null,null,7.7,22.5,Clear,odour free,7.97,954,null,null,.15,null,.093,28.2,1.21,15.39,0,58.033,279,159,.51,1.89,63.6,28.8,123.1,1.96,96.8,75.8,0,70.8,null,null,null
12,02/12/2002,03/12/2002,4.579999923706055,null,null,7.7,22.5,Clear,odour free,7.97,954,null,null,.15,null,.093,28.2,1.21,15.39,0,58.033,279,159,.51,1.89,63.6,28.8,123.1,1.96,96.8,75.8,0,70.8,null,null,null
13,01/07/2003,02/07/2003,51.33000183105469,null,null,null,26.5,Light Brown,odour free,8.15,166,null,null,null,null,null,null,1.9,10.19,null,null,null,null,null,null,null,null,null,null,null,11,null,null,null,null,null
14,01/07/2003,02/07/2003,51.33000183105469,null,null,null,26.5,Light Brown,odour free,8.15,166,null,null,null,null,null,null,1.9,10.19,null,null,null,null,null,null,null,null,null,null,null,11,null,null,null,null,null
15,01/08/2003,02/08/2003,46.459999084472656,8.2,1500,null,26,Light Brown,odour free,7.41,250,null,null,null,null,null,null,2.6,8.54,null,null,null,null,null,null,null,null,null,null,null,26.25,null,null,null,null,null
16,01/08/2003,02/08/2003,46.459999084472656,8.2,1500,null,26,Light Brown,odour free,7.41,250,null,null,null,null,null,null,2.6,8.54,null,null,null,null,null,null,null,null,null,null,null,26.25,null,null,null,null,null
17,01/09/2003,02/09/2003,12.029999732971191,7.8,158,8.1,25.5,Light Brown,odour free,8.02,479,null,null,null,null,null,null,1.5,7.9,null,null,null,null,null,null,null,null,null,null,null,null,null,null,null,null,null
18,01/09/2003,02/09/2003,12.029999732971191,7.8,158,8.1,25.5,Light Brown,odour free,8.02,479,null,null,null,null,null,null,1.5,7.9,null,null,null,null,null,null,null,null,null,null,null,null,null,null,null,null,null
19,06/10/2003,07/10/2003,17.649999618530273,7.6,186,8.3,25,Light Brown,odour free,8.28,588,null,null,null,null,null,null,2.6,8.68,null,null,null,null,null,null,null,null,null,null,null,null,null,null,null,null,null
20,06/10/2003,07/10/2003,17.649999618530273,7.6,186,8.3,25,Light Brown,odour free,8.28,588,null,null,null,null,null,null,2.6,8.68,null,null,null,null,null,null,null,null,null,null,null,null,null,null,null,null,null
21,03/11/2003,04/11/2003,0.9620000123977661,7.3,193,8.5,25.5,Clear,odour free,8.43,921,null,null,null,null,null,null,1.4,3.29,null,null,null,null,null,null,null,null,null,null,null,null,null,null,null,null,null
22,03/11/2003,04/11/2003,0.9620000123977661,7.3,193,8.5,25.5,Clear,odour free,8.43,921,null,null,null,null,null,null,1.4,3.29,null,null,null,null,null,null,null,null,null,null,null,null,null,null,null,null,null
23,01/07/2004,02/07/2004,3.4700000286102295,6.48,948,5,25,Clear,odour free,8.14,1389,null,null,null,null,null,null,.2,2,0,230,null,null,null,null,null,null,null,null,null,null,0,280.6,null,null,null
24,01/07/2004,02/07/2004,3.4700000286102295,6.48,948,5,25,Clear,odour free,8.14,1389,null,null,null,null,null,null,.2,2,0,230,null,null,null,null,null,null,null,null,null,null,0,280.6,null,null,null
25,02/08/2004,03/08/2004,175.10000610351563,null,null,4.7,25,Clear,odour free,7.67,194,null,null,null,null,null,null,3.1,17,0,51.598,null,null,null,null,null,null,null,null,null,null,0,62.95,null,null,null
26,02/08/2004,03/08/2004,175.10000610351563,null,null,4.7,25,Clear,odour free,7.67,194,null,null,null,null,null,null,3.1,17,0,51.598,null,null,null,null,null,null,null,null,null,null,0,62.95,null,null,null
27,01/09/2004,02/09/2004,24.06999969482422,6.9,897,7.3,25,Clear,odour free,7.89,390,null,null,null,null,null,null,3.8,18,0,85.984,null,null,null,null,null,null,null,null,null,null,0,104.9,null,null,null
28,01/09/2004,02/09/2004,24.06999969482422,6.9,897,7.3,25,Clear,odour free,7.89,390,null,null,null,null,null,null,3.8,18,0,85.984,null,null,null,null,null,null,null,null,null,null,0,104.9,null,null,null
29,04/10/2004,05/10/2004,94.69999694824219,null,null,5,26,Brown,odour free,8.33,380,null,null,null,null,null,null,.6,4.63,null,null,null,null,null,null,null,null,null,null,null,null,null,null,null,null,null
30,04/10/2004,05/10/2004,94.69999694824219,null,null,5,26,Brown,odour free,8.33,380,null,null,null,null,null,null,.6,4.63,null,null,null,null,null,null,null,null,null,null,null,null,null,null,null,null,null
31,01/07/2005,02/07/2005,362.3500061035156,6.56,990,8.4,23.5,Brown,odour free,7.35,174,null,null,null,1.189,.12,5.75,.8,1.44,0,50,51.542,37,null,.215,14.8,3.49,39.1,29.5,44.99,44.18,0,61,null,null,null
32,01/07/2005,02/07/2005,362.3500061035156,6.56,990,8.4,23.5,Brown,odour free,7.35,174,null,null,null,1.189,.12,5.75,.8,1.44,0,50,51.542,37,null,.215,14.8,3.49,39.1,29.5,44.99,44.18,0,61,null,null,null
33,01/08/2005,02/08/2005,956.1900024414063,6.71,957,8.1,24.5,Light Brown,odour free,7.92,211,null,null,null,1.083,.128,5.89,1,1.44,0,64.016,57.683,45.225,null,.194,18.09,2.99,40.5,30.1,51.98,22.73,0,78.1,null,null,null
34,01/08/2005,02/08/2005,956.1900024414063,6.71,957,8.1,24.5,Light Brown,odour free,7.92,211,null,null,null,1.083,.128,5.89,1,1.44,0,64.016,57.683,45.225,null,.194,18.09,2.99,40.5,30.1,51.98,22.73,0,78.1,null,null,null
35,01/09/2005,02/09/2005,109.94999694824219,6.9,890,8.8,25.5,Light Brown,odour free,7.99,415,null,null,null,2.723,.109,5.65,.6,2.16,0,101.967,115.475,78.1,.15,.191,31.24,8.97,39.8,28.5,53.03,33.64,0,124.4,null,null,null
36,01/09/2005,02/09/2005,109.94999694824219,6.9,890,8.8,25.5,Light Brown,odour free,7.99,415,null,null,null,2.723,.109,5.65,.6,2.16,0,101.967,115.475,78.1,.15,.191,31.24,8.97,39.8,28.5,53.03,33.64,0,124.4,null,null,null
37,04/10/2005,05/10/2005,171.55999755859375,7.9,410,null,26,Light Brown,odour free,7.9,364,null,null,null,2.703,.115,4.55,.3,3.6,0,100,109.633,43.175,.25,.18,17.27,15.95,34.2,24.1,42.85,29.09,0,122,null,null,null
38,04/10/2005,05/10/2005,171.55999755859375,7.9,410,null,26,Light Brown,odour free,7.9,364,null,null,null,2.703,.115,4.55,.3,3.6,0,100,109.633,43.175,.25,.18,17.27,15.95,34.2,24.1,42.85,29.09,0,122,null,null,null
39,03/11/2005,04/11/2005,27,7.6,490,8.1,24.5,Light Brown,odour free,8.77,817,null,null,null,4.784,.129,4.09,.4,46.8,0,190,227.842,57.55,.402,.169,23.02,40.87,20.4,19,33.75,26.88,0,231.8,null,null,null
40,03/11/2005,04/11/2005,27,7.6,490,8.1,24.5,Light Brown,odour free,8.77,817,null,null,null,4.784,.129,4.09,.4,46.8,0,190,227.842,57.55,.402,.169,23.02,40.87,20.4,19,33.75,26.88,0,231.8,null,null,null
41,01/12/2005,02/12/2005,9.84000015258789,7.46,750,8.2,23.5,Light Brown,odour free,8.25,823,null,null,null,4.136,.131,4.82,.8,42.24,0,236.393,272.492,156.2,.56,.274,62.48,27.91,56.5,28.1,47.73,67.5,0,288.4,null,null,null
42,01/12/2005,02/12/2005,9.84000015258789,7.46,750,8.2,23.5,Light Brown,odour free,8.25,823,null,null,null,4.136,.131,4.82,.8,42.24,0,236.393,272.492,156.2,.56,.274,62.48,27.91,56.5,28.1,47.73,67.5,0,288.4,null,null,null
43,02/01/2006,03/01/2006,18.06999969482422,9.26,832,8.6,null,Clear,odour free,7.01,895,null,null,null,3.747,.137,4.74,.8,30.4,0,19.672,99.467,20.55,.45,.255,8.22,18.94,39.1,4.7,58.34,75,0,24,null,null,null
44,02/01/2006,03/01/2006,18.06999969482422,9.26,832,8.6,null,Clear,odour free,7.01,895,null,null,null,3.747,.137,4.74,.8,30.4,0,19.672,99.467,20.55,.45,.255,8.22,18.94,39.1,4.7,58.34,75,0,24,null,null,null
