Standard Parameter Analysis Data of : Muri (ES000R3)
Laboratory : CWC KGBO Hyderabad (LKD) 
Period : January-1998 To January-2010 
S.No.,Date_of_Collection,Date_of_Receipt,Discharge(cumecs),pH_FLD,EC_FLD(umho/cm),DO(mg/l),Water Temp(deg C),Colour,Odour,pH_GEN,EC_GEN(umho/cm),TDS(mg/l),SS(mg/l),NH3(mg N/l),NO2+NO3(mg N/l),Total_Nutrients(mg P/l),SiO2(mg/l),BOD(mg/l),COD(mg/l),Phen(mg CaCO3/l),Total_Alkallnity(mg CaCO3/l),Total_Hardness(mg CaCO3/l),Ca_Hardness(mg CaCO3/l),F(mg/l),B(mg/l),Ca_Major_Ions(mg/l),Mg(mg/l),Na(mg/l),K(mg/l),Cl(mg/l),SO4(mg/l),CO3(mg/l),HCO3(mg/l),Total_Coliforms(MPN/100ml),Faecal(MPN/100ml),Chlorophyll-A(ug/L)
1,01/01/1998,02/01/1998,16.43000030517578,7.7,190,7.2,19,Clear,odour free,7.7,190,null,null,null,1.037,.001,9.63,.36,null,null,null,59.2,43,0,0,17.2,3.888,14.306,2.932,20.199,3.888,0,72.346,null,null,null
2,01/01/1998,02/01/1998,16.43000030517578,7.7,190,7.2,19,Clear,odour free,7.7,190,null,null,null,1.037,.001,9.63,.36,null,null,null,59.2,43,0,0,17.2,3.888,14.306,2.932,20.199,3.888,0,72.346,null,null,null
3,02/02/1998,03/02/1998,25.790000915527344,8.08,260,7.38,15,Clear,odour free,8.1,260,null,null,null,.658,.001,14.73,1.08,null,null,null,72.8,48.5,0,0,19.4,5.832,27.784,3.519,42.6,5.808,0,77.653,null,null,null
4,02/02/1998,03/02/1998,25.790000915527344,8.08,260,7.38,15,Clear,odour free,8.1,260,null,null,null,.658,.001,14.73,1.08,null,null,null,72.8,48.5,0,0,19.4,5.832,27.784,3.519,42.6,5.808,0,77.653,null,null,null
5,02/03/1998,03/03/1998,34.279998779296875,7.43,188,7.56,17.5,Clear,odour free,7.4,188,null,null,null,.574,.001,12.93,1.98,null,null,null,61.25,41,0,0,16.4,4.86,13.271,2.698,19.17,.912,0,78.568,null,null,null
6,02/03/1998,03/03/1998,34.279998779296875,7.43,188,7.56,17.5,Clear,odour free,7.4,188,null,null,null,.574,.001,12.93,1.98,null,null,null,61.25,41,0,0,16.4,4.86,13.271,2.698,19.17,.912,0,78.568,null,null,null
7,01/04/1998,02/04/1998,22.690000534057617,7.9,194,5.41,20.5,Clear,odour free,7.9,194,null,null,null,.939,.001,9.1,1.12,null,null,null,65.262,44,0,0,17.6,5.103,14.49,3.011,20.164,4.368,0,72.041,null,null,null
8,01/04/1998,02/04/1998,22.690000534057617,7.9,194,5.41,20.5,Clear,odour free,7.9,194,null,null,null,.939,.001,9.1,1.12,null,null,null,65.262,44,0,0,17.6,5.103,14.49,3.011,20.164,4.368,0,72.041,null,null,null
9,01/05/1998,02/05/1998,3.950000047683716,7.9,189,6.52,23.5,Clear,odour free,7.9,189,null,null,null,1.079,.001,13.23,.93,null,null,null,63.25,43,0,0,17.2,4.86,14.03,3.245,20.874,3.984,0,72.041,null,null,null
10,01/05/1998,02/05/1998,3.950000047683716,7.9,189,6.52,23.5,Clear,odour free,7.9,189,null,null,null,1.079,.001,13.23,.93,null,null,null,63.25,43,0,0,17.2,4.86,14.03,3.245,20.874,3.984,0,72.041,null,null,null
11,01/06/1998,02/06/1998,4.199999809265137,null,null,null,null,null,null,null,null,null,null,null,null,null,null,null,null,null,null,null,null,null,null,null,null,null,null,null,null,null,null,null,null,null
12,01/06/1998,02/06/1998,4.199999809265137,null,null,null,null,null,null,null,null,null,null,null,null,null,null,null,null,null,null,null,null,null,null,null,null,null,null,null,null,null,null,null,null,null
13,01/07/1998,02/07/1998,5.046000003814697,8.1,190,4.1,28.5,Light Brown,odour free,8.1,190,null,null,null,.813,.27,9.48,.74,null,null,null,60.1,52,.361,0,20.8,1.944,14.766,2.463,26.625,7.2,0,57.34,null,null,null
14,01/07/1998,02/07/1998,5.046000003814697,8.1,190,4.1,28.5,Light Brown,odour free,8.1,190,null,null,null,.813,.27,9.48,.74,null,null,null,60.1,52,.361,0,20.8,1.944,14.766,2.463,26.625,7.2,0,57.34,null,null,null
15,01/08/1998,02/08/1998,27.290000915527344,null,null,null,null,null,null,null,null,null,null,null,null,null,null,null,null,null,null,null,null,null,null,null,null,null,null,null,null,null,null,null,null,null
16,01/08/1998,02/08/1998,27.290000915527344,null,null,null,null,null,null,null,null,null,null,null,null,null,null,null,null,null,null,null,null,null,null,null,null,null,null,null,null,null,null,null,null,null
17,01/09/1998,02/09/1998,74.37999725341797,7.9,156,6.9,28.5,Brown,odour free,7.9,156,null,null,null,1.247,.001,6.51,1.87,null,null,null,48.2,32,0,0,12.8,3.888,11.201,2.698,9.514,13.968,0,54.229,null,null,null
18,01/09/1998,02/09/1998,74.37999725341797,7.9,156,6.9,28.5,Brown,odour free,7.9,156,null,null,null,1.247,.001,6.51,1.87,null,null,null,48.2,32,0,0,12.8,3.888,11.201,2.698,9.514,13.968,0,54.229,null,null,null
19,04/10/1998,05/10/1998,60,7.74,193,7.46,27.5,Light Brown,odour free,7.7,193,null,null,null,.673,.001,11.85,1.31,null,null,null,60.1,52,0,0,20.8,1.944,14.398,2.815,25.276,6,0,66.612,null,null,null
20,04/10/1998,05/10/1998,60,7.74,193,7.46,27.5,Light Brown,odour free,7.7,193,null,null,null,.673,.001,11.85,1.31,null,null,null,60.1,52,0,0,20.8,1.944,14.398,2.815,25.276,6,0,66.612,null,null,null
21,02/11/1998,03/11/1998,35.310001373291016,7.9,162,7.46,27.5,Clear,odour free,7.9,162,null,null,null,.603,.001,6.9,.56,null,null,null,56.15,44,0,0,17.6,2.916,10.81,2.542,17.395,2.976,0,63.074,null,null,null
22,02/11/1998,03/11/1998,35.310001373291016,7.9,162,7.46,27.5,Clear,odour free,7.9,162,null,null,null,.603,.001,6.9,.56,null,null,null,56.15,44,0,0,17.6,2.916,10.81,2.542,17.395,2.976,0,63.074,null,null,null
23,01/12/1998,02/12/1998,34.869998931884766,7.84,174,7.74,22.5,Clear,odour free,7.8,174,null,null,null,1.176,.001,11.85,.56,null,null,null,56.2,40,0,0,16,3.888,12.811,2.737,17.111,6,0,63.074,null,null,null
24,01/12/1998,02/12/1998,34.869998931884766,7.84,174,7.74,22.5,Clear,odour free,7.8,174,null,null,null,1.176,.001,11.85,.56,null,null,null,56.2,40,0,0,16,3.888,12.811,2.737,17.111,6,0,63.074,null,null,null
25,01/01/1999,02/01/1999,23.459999084472656,8.01,159,7.37,16,Clear,odour free,8,159,null,null,null,1.317,.001,12.03,.76,null,null,null,52.25,32,0,0,12.8,4.86,11.615,2.659,17.111,4.8,0,60.207,null,null,null
26,01/01/1999,02/01/1999,23.459999084472656,8.01,159,7.37,16,Clear,odour free,8,159,null,null,null,1.317,.001,12.03,.76,null,null,null,52.25,32,0,0,12.8,4.86,11.615,2.659,17.111,4.8,0,60.207,null,null,null
27,01/02/1999,02/02/1999,22.6200008392334,8.97,200,6.9,17,Clear,odour free,9,200,null,null,null,.924,.001,13.41,.73,null,null,null,52.15,40,0,0,16,2.916,19.32,3.519,25.276,4.8,5.88,72.041,null,null,null
28,01/02/1999,02/02/1999,22.6200008392334,8.97,200,6.9,17,Clear,odour free,9,200,null,null,null,.924,.001,13.41,.73,null,null,null,52.15,40,0,0,16,2.916,19.32,3.519,25.276,4.8,5.88,72.041,null,null,null
29,01/03/1999,02/03/1999,5.159999847412109,7.68,180,6.17,21.5,Clear,odour free,7.7,180,null,null,null,.574,.001,12.63,.9,null,null,null,56.2,40,0,0,16,3.888,13.202,2.737,19.454,2.976,0,78.08,null,null,null
30,01/03/1999,02/03/1999,5.159999847412109,7.68,180,6.17,21.5,Clear,odour free,7.7,180,null,null,null,.574,.001,12.63,.9,null,null,null,56.2,40,0,0,16,3.888,13.202,2.737,19.454,2.976,0,78.08,null,null,null
31,01/04/1999,02/04/1999,3.4700000286102295,8,197,6.35,25.5,Clear,odour free,8,197,null,null,null,1.163,.001,13.8,.72,null,null,null,56.15,44,0,0,17.6,2.916,19.32,3.402,26.625,4.992,0,57.34,null,null,null
32,01/04/1999,02/04/1999,3.4700000286102295,8,197,6.35,25.5,Clear,odour free,8,197,null,null,null,1.163,.001,13.8,.72,null,null,null,56.15,44,0,0,17.6,2.916,19.32,3.402,26.625,4.992,0,57.34,null,null,null
33,01/05/1999,02/05/1999,3.509999990463257,7.66,230,6.17,32,Clear,odour free,7.66,230,null,null,null,.574,.114,13.23,1.99,null,null,null,60.15,48,0,0,19.2,2.916,26.404,3.519,34.755,4.8,0,72.041,null,null,null
34,01/05/1999,02/05/1999,3.509999990463257,7.66,230,6.17,32,Clear,odour free,7.66,230,null,null,null,.574,.114,13.23,1.99,null,null,null,60.15,48,0,0,19.2,2.916,26.404,3.519,34.755,4.8,0,72.041,null,null,null
35,01/06/1999,02/06/1999,0.9800000190734863,7.7,220,6.17,32,Light Brown,odour free,7.7,220,null,null,null,.336,.001,10.26,.38,null,null,null,60.25,40,0,0,16,4.86,20.01,3.089,19.312,6,0,96.075,null,null,null
36,01/06/1999,02/06/1999,0.9800000190734863,7.7,220,6.17,32,Light Brown,odour free,7.7,220,null,null,null,.336,.001,10.26,.38,null,null,null,60.25,40,0,0,16,4.86,20.01,3.089,19.312,6,0,96.075,null,null,null
37,01/07/1999,02/07/1999,4.639999866485596,8.01,260,6.17,28,Light Brown,odour free,8,260,null,null,null,.995,.001,12.87,.58,null,null,null,64.25,44,.228,0,17.6,4.86,28.819,3.363,36.672,13.584,0,78.08,null,null,null
38,01/07/1999,02/07/1999,4.639999866485596,8.01,260,6.17,28,Light Brown,odour free,8,260,null,null,null,.995,.001,12.87,.58,null,null,null,64.25,44,.228,0,17.6,4.86,28.819,3.363,36.672,13.584,0,78.08,null,null,null
39,02/08/1999,03/08/1999,30.829999923706055,7.9,210,7.14,29.5,Brown,odour free,7.9,210,null,null,null,.813,.001,12.67,.77,null,null,null,60.3,36,.133,0,14.4,5.832,18.998,3.402,25.276,6.384,0,74.115,null,null,null
40,02/08/1999,03/08/1999,30.829999923706055,7.9,210,7.14,29.5,Brown,odour free,7.9,210,null,null,null,.813,.001,12.67,.77,null,null,null,60.3,36,.133,0,14.4,5.832,18.998,3.402,25.276,6.384,0,74.115,null,null,null
41,01/09/1999,02/09/1999,121.1500015258789,7.6,139,7.33,26.5,Light Brown,odour free,7.6,139,null,null,null,.546,.001,8.43,.95,null,null,null,40.1,32,0,0,12.8,1.944,12.006,2.385,15.443,5.184,0,51.057,null,null,null
42,01/09/1999,02/09/1999,121.1500015258789,7.6,139,7.33,26.5,Light Brown,odour free,7.6,139,null,null,null,.546,.001,8.43,.95,null,null,null,40.1,32,0,0,12.8,1.944,12.006,2.385,15.443,5.184,0,51.057,null,null,null
43,01/10/1999,02/10/1999,45.90999984741211,7.6,164,6.37,25,Brown,odour free,7.6,164,null,null,null,.322,.001,8.49,.57,null,null,null,48.2,32,0,0,12.8,3.888,13.202,2.737,17.395,.816,0,72.041,null,null,null
44,01/10/1999,02/10/1999,45.90999984741211,7.6,164,6.37,25,Brown,odour free,7.6,164,null,null,null,.322,.001,8.49,.57,null,null,null,48.2,32,0,0,12.8,3.888,13.202,2.737,17.395,.816,0,72.041,null,null,null
45,01/11/1999,02/11/1999,45.63999938964844,null,null,null,null,null,null,null,null,null,null,null,null,null,null,null,null,null,null,null,null,null,null,null,null,null,null,null,null,null,null,null,null,null
46,01/11/1999,02/11/1999,45.63999938964844,null,null,null,null,null,null,null,null,null,null,null,null,null,null,null,null,null,null,null,null,null,null,null,null,null,null,null,null,null,null,null,null,null
47,01/12/1999,02/12/1999,26.450000762939453,7.74,200,7.68,27,Clear,odour free,7.7,200,null,null,null,.603,.001,9.48,.38,null,null,null,68.3,44,0,0,17.6,5.832,12.397,3.363,19.454,.816,0,83.509,null,null,null
48,01/12/1999,02/12/1999,26.450000762939453,7.74,200,7.68,27,Clear,odour free,7.7,200,null,null,null,.603,.001,9.48,.38,null,null,null,68.3,44,0,0,17.6,5.832,12.397,3.363,19.454,.816,0,83.509,null,null,null
49,01/01/2000,02/10/2000,39.31800079345703,7.62,167,8.71,21,Dark Green,odour free,7.6,167,null,null,null,.897,.001,8.38,.4,null,null,null,56.25,36,0,0,14.4,4.86,10.81,2.659,13.526,1.2,0,72.041,null,null,null
50,01/01/2000,02/10/2000,39.31800079345703,7.62,167,8.71,21,Dark Green,odour free,7.6,167,null,null,null,.897,.001,8.38,.4,null,null,null,56.25,36,0,0,14.4,4.86,10.81,2.659,13.526,1.2,0,72.041,null,null,null
51,01/02/2000,02/02/2000,5.400000095367432,8.1,199,8.91,19,Dark Green,odour free,8.1,199,null,null,null,1.443,.001,12.63,1.22,null,null,null,64.25,44,0,0,17.6,4.86,13.202,2.854,19.49,2.976,0,78.08,null,null,null
52,01/02/2000,02/02/2000,5.400000095367432,8.1,199,8.91,19,Dark Green,odour free,8.1,199,null,null,null,1.443,.001,12.63,1.22,null,null,null,64.25,44,0,0,17.6,4.86,13.202,2.854,19.49,2.976,0,78.08,null,null,null
53,01/03/2000,02/03/2000,3.619999885559082,8.1,240,9.29,20,Clear,odour free,8.1,240,null,null,null,1.513,.001,14.19,1.01,null,null,null,76.35,48,0,0,19.2,6.804,17.802,3.011,23.359,6,0,92.11,null,null,null
54,01/03/2000,02/03/2000,3.619999885559082,8.1,240,9.29,20,Clear,odour free,8.1,240,null,null,null,1.513,.001,14.19,1.01,null,null,null,76.35,48,0,0,19.2,6.804,17.802,3.011,23.359,6,0,92.11,null,null,null
55,01/06/2000,02/06/2000,0.3619999885559082,8.45,360,null,29,Light Brown,odour free,8.45,360,null,null,null,null,null,null,null,null,null,null,null,null,null,null,null,null,null,null,null,null,null,null,null,null,null
56,01/06/2000,02/06/2000,0.3619999885559082,8.45,360,null,29,Light Brown,odour free,8.45,360,null,null,null,null,null,null,null,null,null,null,null,null,null,null,null,null,null,null,null,null,null,null,null,null,null
57,01/07/2000,02/07/2000,4.86299991607666,8.1,280,null,29,Light Brown,odour free,8.1,280,null,null,null,null,null,null,null,null,null,null,null,null,null,null,null,null,null,null,null,null,null,null,null,null,null
58,01/07/2000,02/07/2000,4.86299991607666,8.1,280,null,29,Light Brown,odour free,8.1,280,null,null,null,null,null,null,null,null,null,null,null,null,null,null,null,null,null,null,null,null,null,null,null,null,null
59,01/08/2000,02/08/2000,56.61000061035156,7.8,200,null,27.5,Brown,odour free,7.8,200,null,null,null,null,null,null,null,null,null,null,null,null,null,null,null,null,null,null,null,null,null,null,null,null,null
60,01/08/2000,02/08/2000,56.61000061035156,7.8,200,null,27.5,Brown,odour free,7.8,200,null,null,null,null,null,null,null,null,null,null,null,null,null,null,null,null,null,null,null,null,null,null,null,null,null
61,01/09/2000,02/09/2000,7.059000015258789,8.1,230,null,27,Brown,odour free,8.1,230,null,null,null,null,null,null,null,null,null,null,null,null,null,null,null,null,null,null,null,null,null,null,null,null,null
62,01/09/2000,02/09/2000,7.059000015258789,8.1,230,null,27,Brown,odour free,8.1,230,null,null,null,null,null,null,null,null,null,null,null,null,null,null,null,null,null,null,null,null,null,null,null,null,null
63,03/10/2000,04/10/2000,34.86800003051758,7.9,210,7.29,32,Light Brown,odour free,7.9,210,null,null,0,5.524,.001,11.85,.61,null,null,null,48.15,36,0,0,14.4,2.916,24.817,2.033,36.672,7.2,0,48.068,null,null,null
64,03/10/2000,04/10/2000,34.86800003051758,7.9,210,7.29,32,Light Brown,odour free,7.9,210,null,null,0,5.524,.001,11.85,.61,null,null,null,48.15,36,0,0,14.4,2.916,24.817,2.033,36.672,7.2,0,48.068,null,null,null
65,01/11/2000,02/11/2000,5.998000144958496,8.1,230,8.19,24,Brown,odour free,8.1,230,null,null,null,.673,.001,24.06,.86,null,null,null,48.1,40,.228,0,16,1.944,28.819,2.463,34.755,13.968,0,57.035,null,null,null
66,01/11/2000,02/11/2000,5.998000144958496,8.1,230,8.19,24,Brown,odour free,8.1,230,null,null,null,.673,.001,24.06,.86,null,null,null,48.1,40,.228,0,16,1.944,28.819,2.463,34.755,13.968,0,57.035,null,null,null
67,01/12/2000,02/12/2000,6.611000061035156,7.9,190,7.76,18,Clear,odour free,7.9,190,null,null,null,.995,.001,11.43,1.08,null,null,null,52.2,36,.228,0,14.4,3.888,19.32,2.385,25.276,7.2,0,66.612,null,null,null
68,01/12/2000,02/12/2000,6.611000061035156,7.9,190,7.76,18,Clear,odour free,7.9,190,null,null,null,.995,.001,11.43,1.08,null,null,null,52.2,36,.228,0,14.4,3.888,19.32,2.385,25.276,7.2,0,66.612,null,null,null
69,01/01/2001,02/01/2001,4.074999809265137,7.9,178,8.86,15,Clear,odour free,7.9,178,null,null,null,.322,.001,12.24,1.57,null,null,null,52.2,36,.133,0,14.4,3.888,13.202,2.385,19.312,13.584,0,69.052,null,null,null
70,01/01/2001,02/01/2001,4.074999809265137,7.9,178,8.86,15,Clear,odour free,7.9,178,null,null,null,.322,.001,12.24,1.57,null,null,null,52.2,36,.133,0,14.4,3.888,13.202,2.385,19.312,13.584,0,69.052,null,null,null
71,01/02/2001,02/02/2001,4.230999946594238,8,220,8.08,16,Clear,odour free,8,220,null,null,null,3.475,.001,11.85,.79,null,null,null,52.2,36,0,0,14.4,3.888,24.656,2.815,36.672,9.984,0,48.068,null,null,null
72,01/02/2001,02/02/2001,4.230999946594238,8,220,8.08,16,Clear,odour free,8,220,null,null,null,3.475,.001,11.85,.79,null,null,null,52.2,36,0,0,14.4,3.888,24.656,2.815,36.672,9.984,0,48.068,null,null,null
73,01/03/2001,02/03/2001,1.8179999589920044,7.8,200,5.91,18.5,Clear,odour free,7.8,200,null,null,null,.294,.001,12.24,.79,null,null,null,60.15,48,0,0,19.2,2.916,14.398,2.385,25.276,5.808,0,62.708,null,null,null
74,01/03/2001,02/03/2001,1.8179999589920044,7.8,200,5.91,18.5,Clear,odour free,7.8,200,null,null,null,.294,.001,12.24,.79,null,null,null,60.15,48,0,0,19.2,2.916,14.398,2.385,25.276,5.808,0,62.708,null,null,null
75,03/04/2001,04/04/2001,1.0440000295639038,8.2,210,5.91,19,Clear,odour free,8.2,210,null,null,null,.322,.001,13.8,.79,null,null,null,56.2,40,0,0,16,3.888,19.32,3.167,25.276,3.408,0,72.041,null,null,null
76,03/04/2001,04/04/2001,1.0440000295639038,8.2,210,5.91,19,Clear,odour free,8.2,210,null,null,null,.322,.001,13.8,.79,null,null,null,56.2,40,0,0,16,3.888,19.32,3.167,25.276,3.408,0,72.041,null,null,null
77,01/05/2001,02/05/2001,0.996999979019165,8.1,280,6.11,27,Clear,odour free,8.1,280,null,null,null,2.116,.001,18.93,2.19,null,null,null,84.25,64,0,0,25.6,4.86,22.402,2.698,30.956,4.512,0,108.092,null,null,null
78,01/05/2001,02/05/2001,0.996999979019165,8.1,280,6.11,27,Clear,odour free,8.1,280,null,null,null,2.116,.001,18.93,2.19,null,null,null,84.25,64,0,0,25.6,4.86,22.402,2.698,30.956,4.512,0,108.092,null,null,null
79,01/06/2001,02/06/2001,0.296999990940094,7.9,270,4.75,26.5,Clear,odour free,7.9,270,null,null,null,1.359,.124,11.652,1.03,null,null,null,88.4,56,.361,0,22.4,7.776,19.32,2.385,21.406,9.168,0,102.053,null,null,null
80,01/06/2001,02/06/2001,0.296999990940094,7.9,270,4.75,26.5,Clear,odour free,7.9,270,null,null,null,1.359,.124,11.652,1.03,null,null,null,88.4,56,.361,0,22.4,7.776,19.32,2.385,21.406,9.168,0,102.053,null,null,null
81,01/07/2001,02/07/2001,20,null,null,null,null,null,null,null,null,null,null,null,null,null,null,null,null,null,null,null,null,null,null,null,null,null,null,null,null,null,null,null,null,null
82,01/07/2001,02/07/2001,20,null,null,null,null,null,null,null,null,null,null,null,null,null,null,null,null,null,null,null,null,null,null,null,null,null,null,null,null,null,null,null,null,null
83,02/07/2001,03/07/2001,20.40399932861328,7.7,250,5.79,24,Light Brown,odour free,7.7,250,null,null,null,.995,.114,11.323,.83,null,null,null,88.45,52,.228,0,20.8,8.748,13.202,2.111,17.501,7.584,.001,94.977,null,null,null
84,02/07/2001,03/07/2001,20.40399932861328,7.7,250,5.79,24,Light Brown,odour free,7.7,250,null,null,null,.995,.114,11.323,.83,null,null,null,88.45,52,.228,0,20.8,8.748,13.202,2.111,17.501,7.584,.001,94.977,null,null,null
85,01/08/2001,02/08/2001,24.549999237060547,8.1,210,7.65,23.5,Light Brown,odour free,8.1,210,null,null,null,.589,.041,4.349,1.04,null,null,null,76.4,44,0,.001,17.6,7.776,12.006,2.033,15.549,6.48,.001,84.058,null,null,null
86,01/08/2001,02/08/2001,24.549999237060547,8.1,210,7.65,23.5,Light Brown,odour free,8.1,210,null,null,null,.589,.041,4.349,1.04,null,null,null,76.4,44,0,.001,17.6,7.776,12.006,2.033,15.549,6.48,.001,84.058,null,null,null
87,01/09/2001,01/09/2001,95.19999694824219,7.6,151,6.41,23.5,Brown,odour free,7.6,151,null,null,null,.322,.021,7.65,.83,null,null,null,52.15,40,0,.001,16,2.916,10.005,1.994,13.632,6,.001,57.035,null,null,null
88,01/09/2001,01/09/2001,95.19999694824219,7.6,151,6.41,23.5,Brown,odour free,7.6,151,null,null,null,.322,.021,7.65,.83,null,null,null,52.15,40,0,.001,16,2.916,10.005,1.994,13.632,6,.001,57.035,null,null,null
89,01/09/2001,02/09/2001,95.19999694824219,null,null,null,null,null,null,null,null,null,null,null,null,null,null,null,null,null,null,null,null,null,null,null,null,null,null,null,null,null,null,null,null,null
90,01/09/2001,02/09/2001,95.19999694824219,null,null,null,null,null,null,null,null,null,null,null,null,null,null,null,null,null,null,null,null,null,null,null,null,null,null,null,null,null,null,null,null,null
91,01/10/2001,02/10/2001,2.7339999675750732,7.64,260,6.74,23.5,Light Brown,odour free,7.6,260,null,null,null,1.261,.093,14.19,.56,null,null,null,96.45,60,.209,0,24,8.748,14.398,2.737,17.395,7.968,0,120.109,null,null,null
92,01/10/2001,02/10/2001,2.7339999675750732,7.64,260,6.74,23.5,Light Brown,odour free,7.6,260,null,null,null,1.261,.093,14.19,.56,null,null,null,96.45,60,.209,0,24,8.748,14.398,2.737,17.395,7.968,0,120.109,null,null,null
93,01/11/2001,01/11/2001,9.449999809265137,8.01,230,7.3,23,Light Brown,odour free,8,230,null,null,null,.813,.052,13.23,.56,null,null,null,88.4,56,.133,0,22.4,7.776,12.397,2.463,18.46,7.584,0,102.968,null,null,null
94,01/11/2001,01/11/2001,9.449999809265137,8.01,230,7.3,23,Light Brown,odour free,8,230,null,null,null,.813,.052,13.23,.56,null,null,null,88.4,56,.133,0,22.4,7.776,12.397,2.463,18.46,7.584,0,102.968,null,null,null
95,01/11/2001,02/11/2001,9.449999809265137,null,null,null,null,null,null,null,null,null,null,null,null,null,null,null,null,null,null,null,null,null,null,null,null,null,null,null,null,null,null,null,null,null
96,01/11/2001,02/11/2001,9.449999809265137,null,null,null,null,null,null,null,null,null,null,null,null,null,null,null,null,null,null,null,null,null,null,null,null,null,null,null,null,null,null,null,null,null
97,01/12/2001,02/12/2001,22.764999389648438,8.02,180,6.93,21,Clear,odour free,8,180,null,null,null,.546,.001,8.19,.75,null,null,null,64.3,40,.361,0,16,5.832,10.005,3.402,15.549,2.4,0,77.409,null,null,null
98,01/12/2001,02/12/2001,22.764999389648438,8.02,180,6.93,21,Clear,odour free,8,180,null,null,null,.546,.001,8.19,.75,null,null,null,64.3,40,.361,0,16,5.832,10.005,3.402,15.549,2.4,0,77.409,null,null,null
99,01/01/2002,02/01/2002,14.199999809265137,8,188,8.02,16,Clear,odour free,8,188,null,null,null,.603,.001,10.26,.91,null,null,null,56.25,36,.209,0,14.4,4.374,12.006,3.011,13.632,2.784,0,77.714,null,null,null
100,01/01/2002,02/01/2002,14.199999809265137,8,188,8.02,16,Clear,odour free,8,188,null,null,null,.603,.001,10.26,.91,null,null,null,56.25,36,.209,0,14.4,4.374,12.006,3.011,13.632,2.784,0,77.714,null,null,null
101,01/02/2002,02/02/2002,2.48799991607666,8.15,250,7.11,14,Clear,odour free,8.1,250,null,null,null,1.303,.041,13.41,.73,null,null,null,84.4,52,.228,0,20.8,7.776,15.617,2.854,22.72,2.976,0,97.478,null,null,null
102,01/02/2002,02/02/2002,2.48799991607666,8.15,250,7.11,14,Clear,odour free,8.1,250,null,null,null,1.303,.041,13.41,.73,null,null,null,84.4,52,.228,0,20.8,7.776,15.617,2.854,22.72,2.976,0,97.478,null,null,null
103,01/03/2002,02/03/2002,2.2869999408721924,8.1,270,7.12,24,Clear,odour free,8.1,270,null,null,null,.995,.114,14.4,1.02,null,null,null,92.4,60,.133,0,24,7.776,17.02,3.441,23.323,3.984,0,114.619,null,null,null
104,01/03/2002,02/03/2002,2.2869999408721924,8.1,270,7.12,24,Clear,odour free,8.1,270,null,null,null,.995,.114,14.4,1.02,null,null,null,92.4,60,.133,0,24,7.776,17.02,3.441,23.323,3.984,0,114.619,null,null,null
105,01/04/2002,02/04/2002,0.7570000290870667,8.1,250,6.92,27.5,Clear,odour free,8.1,250,null,null,null,.911,.052,13.23,1.02,null,null,null,88.4,56,0,0,22.4,7.776,13.547,3.245,25.276,4.8,0,102.968,null,null,null
106,01/04/2002,02/04/2002,0.7570000290870667,8.1,250,6.92,27.5,Clear,odour free,8.1,250,null,null,null,.911,.052,13.23,1.02,null,null,null,88.4,56,0,0,22.4,7.776,13.547,3.245,25.276,4.8,0,102.968,null,null,null
107,01/05/2002,02/05/2002,0.7559999823570251,8,270,6.71,32,Clear,odour free,8,270,null,null,null,1.051,.124,14.19,.61,null,null,null,92.4,60,.114,0,24,7.776,19.32,3.871,29.11,4.416,0,109.8,null,null,null
108,01/05/2002,02/05/2002,0.7559999823570251,8,270,6.71,32,Clear,odour free,8,270,null,null,null,1.051,.124,14.19,.61,null,null,null,92.4,60,.114,0,24,7.776,19.32,3.871,29.11,4.416,0,109.8,null,null,null
109,01/06/2002,02/06/2002,1.375,8.1,250,6.71,33,Light Brown,odour free,8.1,250,null,null,null,1.261,.001,13.23,.81,null,null,null,91.5,51,.209,0,20.4,9.72,16.514,2.776,21.229,7.584,0,96.075,null,null,null
110,01/06/2002,02/06/2002,1.375,8.1,250,6.71,33,Light Brown,odour free,8.1,250,null,null,null,1.261,.001,13.23,.81,null,null,null,91.5,51,.209,0,20.4,9.72,16.514,2.776,21.229,7.584,0,96.075,null,null,null
111,01/07/2002,02/07/2002,2.9089999198913574,8.6,310,7.12,29,Light Brown,odour free,8.6,310,null,null,null,1.401,.001,21.12,.81,null,null,null,116.55,72,.228,0,28.8,10.692,14.398,3.558,23.181,13.968,0,120.902,null,null,null
112,01/07/2002,02/07/2002,2.9089999198913574,8.6,310,7.12,29,Light Brown,odour free,8.6,310,null,null,null,1.401,.001,21.12,.81,null,null,null,116.55,72,.228,0,28.8,10.692,14.398,3.558,23.181,13.968,0,120.902,null,null,null
113,01/08/2002,02/08/2002,1.2280000448226929,8,134,7.73,31.5,Light Brown,odour free,8,134,null,null,null,.434,.001,12.24,.81,null,null,null,48.15,36,.095,0,14.4,2.916,8.51,2.385,11.573,2.784,0,51.606,null,null,null
114,01/08/2002,02/08/2002,1.2280000448226929,8,134,7.73,31.5,Light Brown,odour free,8,134,null,null,null,.434,.001,12.24,.81,null,null,null,48.15,36,.095,0,14.4,2.916,8.51,2.385,11.573,2.784,0,51.606,null,null,null
115,01/09/2002,02/09/2002,44.20000076293945,8.1,270,6.71,27.5,Light Brown,odour free,8.1,270,null,null,null,.322,.001,17.45,1.42,null,null,null,84.4,52,.133,0,20.8,7.776,19.32,3.089,36.672,6,0,90.036,null,null,null
116,01/09/2002,02/09/2002,44.20000076293945,8.1,270,6.71,27.5,Light Brown,odour free,8.1,270,null,null,null,.322,.001,17.45,1.42,null,null,null,84.4,52,.133,0,20.8,7.776,19.32,3.089,36.672,6,0,90.036,null,null,null
117,01/10/2002,02/10/2002,34.25,8.14,250,7.53,27.5,Light Brown,odour free,8.1,250,null,null,null,1.261,.001,14.19,.82,null,null,null,96.45,60,.209,0,24,8.748,14.398,2.737,17.395,7.968,0,114.619,null,null,null
118,01/10/2002,02/10/2002,34.25,8.14,250,7.53,27.5,Light Brown,odour free,8.1,250,null,null,null,1.261,.001,14.19,.82,null,null,null,96.45,60,.209,0,24,8.748,14.398,2.737,17.395,7.968,0,114.619,null,null,null
119,01/11/2002,02/11/2002,10.607000350952148,8.1,260,6.9,25.5,Clear,odour free,8.1,260,null,null,null,.673,.001,11.43,1.31,null,null,null,80.4,48,1.197,0,19.2,7.776,19.32,2.698,25.276,7.2,0,97.844,null,null,null
120,01/11/2002,02/11/2002,10.607000350952148,8.1,260,6.9,25.5,Clear,odour free,8.1,260,null,null,null,.673,.001,11.43,1.31,null,null,null,80.4,48,1.197,0,19.2,7.776,19.32,2.698,25.276,7.2,0,97.844,null,null,null
121,01/12/2002,02/12/2002,30.25,7.5,180,6.71,21,Clear,odour free,7.5,180,null,null,0,.56,.001,13.23,.93,null,null,null,64.35,36,0,0,14.4,6.804,10.005,2.854,15.549,2.976,0,77.287,null,null,null
122,01/12/2002,02/12/2002,30.25,7.5,180,6.71,21,Clear,odour free,7.5,180,null,null,0,.56,.001,13.23,.93,null,null,null,64.35,36,0,0,14.4,6.804,10.005,2.854,15.549,2.976,0,77.287,null,null,null
123,01/01/2003,02/01/2003,40.14799880981445,7.9,168,7.73,15,Clear,odour free,7.9,168,null,null,null,.603,.001,8.19,1.63,null,null,null,52.15,40,.019,0,16,2.916,14.398,2.463,19.454,2.4,0,62.098,null,null,null
124,01/01/2003,02/01/2003,40.14799880981445,7.9,168,7.73,15,Clear,odour free,7.9,168,null,null,null,.603,.001,8.19,1.63,null,null,null,52.15,40,.019,0,16,2.916,14.398,2.463,19.454,2.4,0,62.098,null,null,null
125,01/02/2003,02/02/2003,4.076000213623047,7.6,188,8.54,15.5,Clear,odour free,7.6,188,null,null,null,.322,.001,15.68,1.01,null,null,null,56.2,40,0,0,16,3.888,15.617,2.659,21.406,3.984,0,66.612,null,null,null
126,01/02/2003,02/02/2003,4.076000213623047,7.6,188,8.54,15.5,Clear,odour free,7.6,188,null,null,null,.322,.001,15.68,1.01,null,null,null,56.2,40,0,0,16,3.888,15.617,2.659,21.406,3.984,0,66.612,null,null,null
127,01/03/2003,02/03/2003,2.6470000743865967,7.9,220,7.53,25,Clear,odour free,7.9,220,null,null,null,.924,.001,10.45,2.04,null,null,null,60.25,40,0,0,16,4.86,23.92,3.245,31.133,2.784,0,72.041,null,null,null
128,01/03/2003,02/03/2003,2.6470000743865967,7.9,220,7.53,25,Clear,odour free,7.9,220,null,null,null,.924,.001,10.45,2.04,null,null,null,60.25,40,0,0,16,4.86,23.92,3.245,31.133,2.784,0,72.041,null,null,null
129,01/04/2003,02/04/2003,1.590999960899353,8.1,280,6.12,26,Clear,odour free,8.1,280,null,null,null,.995,.001,13.8,.72,null,null,null,96.45,60,0,0,24,8.748,17.02,3.519,21.406,4.8,0,125.721,null,null,null
130,01/04/2003,02/04/2003,1.590999960899353,8.1,280,6.12,26,Clear,odour free,8.1,280,null,null,null,.995,.001,13.8,.72,null,null,null,96.45,60,0,0,24,8.748,17.02,3.519,21.406,4.8,0,125.721,null,null,null
131,01/05/2003,02/05/2003,1.4359999895095825,7.9,240,5.76,29.5,Clear,odour free,7.9,240,null,null,null,1.317,.001,15,2.52,null,null,null,80.35,52,0,0,20.8,6.804,19.32,3.402,25.276,2.784,0,92.11,null,null,null
132,01/05/2003,02/05/2003,1.4359999895095825,7.9,240,5.76,29.5,Clear,odour free,7.9,240,null,null,null,1.317,.001,15,2.52,null,null,null,80.35,52,0,0,20.8,6.804,19.32,3.402,25.276,2.784,0,92.11,null,null,null
133,02/06/2003,03/06/2003,0.46299999952316284,7.5,300,6.3,38,Light Brown,odour free,7.5,300,null,null,null,4.526,.001,14.13,.9,null,null,null,108.575,62,.342,0,24.8,11.178,19.32,2.698,25.276,9.168,0,97.478,null,null,null
134,02/06/2003,03/06/2003,0.46299999952316284,7.5,300,6.3,38,Light Brown,odour free,7.5,300,null,null,null,4.526,.001,14.13,.9,null,null,null,108.575,62,.342,0,24.8,11.178,19.32,2.698,25.276,9.168,0,97.478,null,null,null
135,01/07/2003,02/07/2003,16.200000762939453,null,null,null,null,null,null,null,null,null,null,null,null,null,null,null,null,null,null,null,null,null,null,null,null,null,null,null,null,null,null,null,null,null
136,01/07/2003,02/07/2003,16.200000762939453,null,null,null,null,null,null,null,null,null,null,null,null,null,null,null,null,null,null,null,null,null,null,null,null,null,null,null,null,null,null,null,null,null
137,01/08/2003,02/08/2003,21.993999481201172,7.5,250,5.04,28.5,Light Brown,odour free,7.5,250,null,null,null,.589,.001,13.41,.97,null,null,null,54.1,46,.304,0,18.4,1.944,29.302,2.776,36.672,6.48,0,78.08,null,null,null
138,01/08/2003,02/08/2003,21.993999481201172,7.5,250,5.04,28.5,Light Brown,odour free,7.5,250,null,null,null,.589,.001,13.41,.97,null,null,null,54.1,46,.304,0,18.4,1.944,29.302,2.776,36.672,6.48,0,78.08,null,null,null
139,01/09/2003,02/09/2003,5.40500020980835,7.7,280,6.78,28,Light Brown,odour free,7.7,280,null,null,null,.518,.001,9.06,1.36,null,null,null,70.325,44,.133,0,17.6,6.318,12.006,3.363,17.395,13.584,0,69.052,null,null,null
140,01/09/2003,02/09/2003,5.40500020980835,7.7,280,6.78,28,Light Brown,odour free,7.7,280,null,null,null,.518,.001,9.06,1.36,null,null,null,70.325,44,.133,0,17.6,6.318,12.006,3.363,17.395,13.584,0,69.052,null,null,null
141,01/10/2003,02/10/2003,22.33099937438965,7.7,270,7.12,30,Clear,odour free,7.7,270,null,null,null,.294,.001,14.16,.81,null,null,null,78.4,46,0,0,18.4,7.776,24.817,2.033,34.755,1.008,0,102.968,null,null,null
142,01/10/2003,02/10/2003,22.33099937438965,7.7,270,7.12,30,Clear,odour free,7.7,270,null,null,null,.294,.001,14.16,.81,null,null,null,78.4,46,0,0,18.4,7.776,24.817,2.033,34.755,1.008,0,102.968,null,null,null
143,01/11/2003,02/11/2003,48.71900177001953,7.5,198,7.32,27.5,Clear,odour free,7.5,198,null,null,null,.154,.001,12.63,1.01,null,null,null,64.2,48,0,0,19.2,3.888,13.202,2.463,17.395,.528,0,78.08,null,null,null
144,01/11/2003,02/11/2003,48.71900177001953,7.5,198,7.32,27.5,Clear,odour free,7.5,198,null,null,null,.154,.001,12.63,1.01,null,null,null,64.2,48,0,0,19.2,3.888,13.202,2.463,17.395,.528,0,78.08,null,null,null
145,01/12/2003,02/12/2003,43.349998474121094,7.7,250,8.75,19,Clear,odour free,7.7,250,null,null,null,.743,.001,13.8,.61,null,null,null,92.275,70,0,0,28,5.346,13.202,2.385,19.454,.768,0,102.053,null,null,null
146,01/12/2003,02/12/2003,43.349998474121094,7.7,250,8.75,19,Clear,odour free,7.7,250,null,null,null,.743,.001,13.8,.61,null,null,null,92.275,70,0,0,28,5.346,13.202,2.385,19.454,.768,0,102.053,null,null,null
147,01/01/2004,02/01/2004,42.332000732421875,7.15,180,8.82,13,Clear,odour free,7.2,180,null,null,null,.588,.001,13.26,.62,null,null,null,54.175,40,0,0,16,3.402,14.398,1.603,21.406,1.2,0,67.832,null,null,null
148,01/01/2004,02/01/2004,42.332000732421875,7.15,180,8.82,13,Clear,odour free,7.2,180,null,null,null,.588,.001,13.26,.62,null,null,null,54.175,40,0,0,16,3.402,14.398,1.603,21.406,1.2,0,67.832,null,null,null
149,03/02/2004,04/02/2004,7.0320000648498535,null,null,null,null,.,.,null,null,null,null,null,null,null,null,null,null,null,null,null,null,null,null,null,null,null,null,null,null,null,null,null,null,null
150,03/02/2004,04/02/2004,7.0320000648498535,null,null,null,null,.,.,null,null,null,null,null,null,null,null,null,null,null,null,null,null,null,null,null,null,null,null,null,null,null,null,null,null,null
151,01/03/2004,02/03/2004,2.812000036239624,7.8,196,8.14,24.5,Clear,odour free,7.8,196,null,null,null,.812,.001,9.63,.6,null,null,null,60.125,50,0,0,20,2.43,15.617,2.698,19.277,3.888,0,72.041,null,null,null
152,01/03/2004,02/03/2004,2.812000036239624,7.8,196,8.14,24.5,Clear,odour free,7.8,196,null,null,null,.812,.001,9.63,.6,null,null,null,60.125,50,0,0,20,2.43,15.617,2.698,19.277,3.888,0,72.041,null,null,null
153,01/04/2004,02/04/2004,1.9900000095367432,null,null,null,null,Clear,.,null,null,null,null,null,null,null,null,null,null,null,null,null,null,null,null,null,null,null,null,null,null,null,null,null,null,null
154,01/04/2004,02/04/2004,1.9900000095367432,null,null,null,null,Clear,.,null,null,null,null,null,null,null,null,null,null,null,null,null,null,null,null,null,null,null,null,null,null,null,null,null,null,null
155,01/05/2004,02/05/2004,1.9600000381469727,7.8,210,5.7,29.5,Clear,odour free,7.8,210,null,null,null,.714,.001,12.63,1.02,null,null,null,72.35,44,0,0,17.6,6.804,12.006,3.167,17.501,6.48,0,77.592,null,null,null
156,01/05/2004,02/05/2004,1.9600000381469727,7.8,210,5.7,29.5,Clear,odour free,7.8,210,null,null,null,.714,.001,12.63,1.02,null,null,null,72.35,44,0,0,17.6,6.804,12.006,3.167,17.501,6.48,0,77.592,null,null,null
157,01/06/2004,02/06/2004,0.9629999995231628,8,220,6.82,31.5,Clear,odour free,8,220,null,null,null,.729,.001,17.5,.85,null,null,null,80.4,48,.85,.001,19.2,7.776,12.006,2.15,19.43,11.2,0,84.058,null,null,null
158,01/06/2004,02/06/2004,0.9629999995231628,8,220,6.82,31.5,Clear,odour free,8,220,null,null,null,.729,.001,17.5,.85,null,null,null,80.4,48,.85,.001,19.2,7.776,12.006,2.15,19.43,11.2,0,84.058,null,null,null
159,01/07/2004,02/07/2004,1.9299999475479126,8.2,240,7.25,31.5,Light Brown,odour free,8.2,240,null,null,null,1.05,.001,21.2,.85,null,null,null,80.45,56,.635,.001,22.4,8.748,8.51,3.75,11.66,7.4,0,114.619,null,null,null
160,01/07/2004,02/07/2004,1.9299999475479126,8.2,240,7.25,31.5,Light Brown,odour free,8.2,240,null,null,null,1.05,.001,21.2,.85,null,null,null,80.45,56,.635,.001,22.4,8.748,8.51,3.75,11.66,7.4,0,114.619,null,null,null
161,02/08/2004,03/08/2004,1.9179999828338623,8,250,7.25,29.5,Brown,odour free,8,250,null,null,null,.616,.001,19.6,.43,null,null,null,88.4,56,.512,.001,22.4,7.776,15.617,2.9,25.26,8.6,0,92.11,null,null,null
162,02/08/2004,03/08/2004,1.9179999828338623,8,250,7.25,29.5,Brown,odour free,8,250,null,null,null,.616,.001,19.6,.43,null,null,null,88.4,56,.512,.001,22.4,7.776,15.617,2.9,25.26,8.6,0,92.11,null,null,null
163,01/09/2004,02/09/2004,22.974000930786133,8,270,6.99,26.5,Brown,odour free,8,270,null,null,null,2.424,.001,23.2,1.32,null,null,null,64.35,64,.612,.001,25.6,10.692,12.006,3.2,19.43,9.2,0,114.619,null,null,null
164,01/09/2004,02/09/2004,22.974000930786133,8,270,6.99,26.5,Brown,odour free,8,270,null,null,null,2.424,.001,23.2,1.32,null,null,null,64.35,64,.612,.001,25.6,10.692,12.006,3.2,19.43,9.2,0,114.619,null,null,null
165,01/10/2004,02/10/2004,45.16999816894531,7.87,320,6.61,29,Light Brown,odour free,7.9,320,null,null,null,.855,.001,21.3,.57,null,null,null,104.6,64,.421,.001,25.6,11.664,19.32,2.8,26.625,10.6,0,126.087,null,null,null
166,01/10/2004,02/10/2004,45.16999816894531,7.87,320,6.61,29,Light Brown,odour free,7.9,320,null,null,null,.855,.001,21.3,.57,null,null,null,104.6,64,.421,.001,25.6,11.664,19.32,2.8,26.625,10.6,0,126.087,null,null,null
167,01/11/2004,02/11/2004,57.702999114990234,7.8,175,7.55,23,Light Brown,odour free,7.8,175,null,null,null,1.176,.001,20.4,.56,null,null,null,56.2,40,0,0,16,3.888,12.811,2.737,19.454,6,0,63.074,null,null,null
168,01/11/2004,02/11/2004,57.702999114990234,7.8,175,7.55,23,Light Brown,odour free,7.8,175,null,null,null,1.176,.001,20.4,.56,null,null,null,56.2,40,0,0,16,3.888,12.811,2.737,19.454,6,0,63.074,null,null,null
169,01/12/2004,02/12/2004,49.887001037597656,8,197,8.03,22,Clear,odour free,8,197,null,null,null,.729,.001,20.8,.95,null,null,null,60.2,44,.428,.001,17.6,3.888,14.766,2.8,19.43,6,0,81.65,null,null,null
170,01/12/2004,02/12/2004,49.887001037597656,8,197,8.03,22,Clear,odour free,8,197,null,null,null,.729,.001,20.8,.95,null,null,null,60.2,44,.428,.001,17.6,3.888,14.766,2.8,19.43,6,0,81.65,null,null,null
171,01/01/2005,02/01/2005,2.312999963760376,7.7,183,8.42,15,Clear,odour free,7.7,183,null,null,null,.434,.001,22.3,1.53,null,null,null,72.475,44.1,.471,.001,17.64,2.916,14.41,2.1,19.454,7.3,0,67.832,null,null,null
172,01/01/2005,02/01/2005,2.312999963760376,7.7,183,8.42,15,Clear,odour free,7.7,183,null,null,null,.434,.001,22.3,1.53,null,null,null,72.475,44.1,.471,.001,17.64,2.916,14.41,2.1,19.454,7.3,0,67.832,null,null,null
173,01/02/2005,02/02/2005,1.7730000019073486,7.99,184,8.02,16,Clear,odour free,8,184,null,null,null,.826,.001,21.6,2.29,null,null,null,64.45,36.075,.612,.001,14.43,5.832,13.8,2.6,19.454,6.8,0,63.074,null,null,null
174,01/02/2005,02/02/2005,1.7730000019073486,7.99,184,8.02,16,Clear,odour free,8,184,null,null,null,.826,.001,21.6,2.29,null,null,null,64.45,36.075,.612,.001,14.43,5.832,13.8,2.6,19.454,6.8,0,63.074,null,null,null
175,01/03/2005,02/03/2005,1.9160000085830688,7.9,147,7.27,21.5,Clear,odour free,7.9,147,null,null,null,.602,.001,22.8,.96,null,null,null,57.192,33.025,.542,.001,13.21,3.888,8.51,2.3,11.679,6.2,.001,57.34,null,null,null
176,01/03/2005,02/03/2005,1.9160000085830688,7.9,147,7.27,21.5,Clear,odour free,7.9,147,null,null,null,.602,.001,22.8,.96,null,null,null,57.192,33.025,.542,.001,13.21,3.888,8.51,2.3,11.679,6.2,.001,57.34,null,null,null
177,01/04/2005,02/04/2005,1.409999966621399,8.37,260,7.27,26.5,Clear,odour free,8.4,260,null,null,null,.56,.001,21.6,.96,null,null,null,47.35,60,.521,.001,24,10.692,11.24,2.4,19.3,7.2,0,117.16,null,null,null
178,01/04/2005,02/04/2005,1.409999966621399,8.37,260,7.27,26.5,Clear,odour free,8.4,260,null,null,null,.56,.001,21.6,.96,null,null,null,47.35,60,.521,.001,24,10.692,11.24,2.4,19.3,7.2,0,117.16,null,null,null
179,01/05/2005,02/05/2005,0.9240000247955322,8.25,325,6.29,27,Clear,odour free,8.46,320,null,null,null,.799,.001,21.8,.96,null,null,null,112.525,70,0,0,28,10.692,19.32,1.603,26.625,.864,0,149.145,null,null,null
180,01/05/2005,02/05/2005,0.9240000247955322,8.25,325,6.29,27,Clear,odour free,8.46,320,null,null,null,.799,.001,21.8,.96,null,null,null,112.525,70,0,0,28,10.692,19.32,1.603,26.625,.864,0,149.145,null,null,null
181,01/06/2005,02/06/2005,0,8.55,312,6.29,27,Light Brown,odour free,8.57,310,null,null,null,4.526,.001,28.54,1.15,null,null,null,120.575,74,.342,0,29.6,11.178,19.32,2.698,25.276,9.168,0,122.915,null,null,null
182,01/06/2005,02/06/2005,0,8.55,312,6.29,27,Light Brown,odour free,8.57,310,null,null,null,4.526,.001,28.54,1.15,null,null,null,120.575,74,.342,0,29.6,11.178,19.32,2.698,25.276,9.168,0,122.915,null,null,null
183,01/07/2005,02/07/2005,6.859000205993652,7.85,274,6.86,26,Light Brown,odour free,7.95,270,null,null,null,.294,.001,19.22,1.34,null,null,null,78.4,46,0,0,18.4,7.776,24.817,2.033,34.755,.528,0,101.748,null,null,null
184,01/07/2005,02/07/2005,6.859000205993652,7.85,274,6.86,26,Light Brown,odour free,7.95,270,null,null,null,.294,.001,19.22,1.34,null,null,null,78.4,46,0,0,18.4,7.776,24.817,2.033,34.755,.528,0,101.748,null,null,null
185,01/08/2005,02/08/2005,22.62700080871582,8,295,5.9,28.5,Brown,odour free,8.03,290,null,null,null,4.554,.001,29.05,.57,null,null,null,108.575,62,.342,0,24.8,11.178,16.445,2.698,25.276,9.36,0,97.478,null,null,null
186,01/08/2005,02/08/2005,22.62700080871582,8,295,5.9,28.5,Brown,odour free,8.03,290,null,null,null,4.554,.001,29.05,.57,null,null,null,108.575,62,.342,0,24.8,11.178,16.445,2.698,25.276,9.36,0,97.478,null,null,null
187,01/09/2005,02/09/2005,29.332000732421875,8.11,252,7.24,32.5,Light Brown,odour free,8.2,250,null,null,null,.589,.001,24.16,1.21,null,null,null,54.1,46,.304,0,18.4,1.944,29.302,2.776,36.672,6.48,0,78.08,null,null,null
188,01/09/2005,02/09/2005,29.332000732421875,8.11,252,7.24,32.5,Light Brown,odour free,8.2,250,null,null,null,.589,.001,24.16,1.21,null,null,null,54.1,46,.304,0,18.4,1.944,29.302,2.776,36.672,6.48,0,78.08,null,null,null
189,01/10/2005,02/10/2005,11.590999603271484,8.11,221,7.44,30,Brown,odour free,8.05,220,null,null,null,3.237,.001,18.25,1.21,null,null,null,52.125,42,0,0,16.8,2.43,24.817,1.994,34.755,7.344,0,44.774,null,null,null
190,01/10/2005,02/10/2005,11.590999603271484,8.11,221,7.44,30,Brown,odour free,8.05,220,null,null,null,3.237,.001,18.25,1.21,null,null,null,52.125,42,0,0,16.8,2.43,24.817,1.994,34.755,7.344,0,44.774,null,null,null
191,03/11/2005,04/11/2005,23.190000534057617,8,245,7.04,26.5,Light Brown,odour free,8.04,240,null,null,null,.673,.001,26.02,1.01,null,null,null,56.1,48,.228,0,19.2,1.944,28.819,3.754,37.559,13.968,0,57.035,null,null,null
192,03/11/2005,04/11/2005,23.190000534057617,8,245,7.04,26.5,Light Brown,odour free,8.04,240,null,null,null,.673,.001,26.02,1.01,null,null,null,56.1,48,.228,0,19.2,1.944,28.819,3.754,37.559,13.968,0,57.035,null,null,null
193,01/12/2005,02/12/2005,1.3660000562667847,8.79,465,8.44,20,Clear,odour free,8.95,460,null,null,null,6.053,.05,19.58,1,null,null,null,125.891,74,.342,0,29.6,12.454,22.08,2.854,32.66,9.168,0,122.915,null,null,null
194,01/12/2005,02/12/2005,1.3660000562667847,8.79,465,8.44,20,Clear,odour free,8.95,460,null,null,null,6.053,.05,19.58,1,null,null,null,125.891,74,.342,0,29.6,12.454,22.08,2.854,32.66,9.168,0,122.915,null,null,null
195,02/01/2006,03/01/2006,1.0149999856948853,8.22,225,9.25,14.5,Clear,odour free,8.15,220,null,null,null,3.237,.001,22.55,1.01,null,null,null,52.125,42,0,0,16.8,2.43,24.817,1.994,34.755,7.344,0,44.774,null,null,null
196,02/01/2006,03/01/2006,1.0149999856948853,8.22,225,9.25,14.5,Clear,odour free,8.15,220,null,null,null,3.237,.001,22.55,1.01,null,null,null,52.125,42,0,0,16.8,2.43,24.817,1.994,34.755,7.344,0,44.774,null,null,null
197,01/02/2006,02/02/2006,0.6700000166893005,8,245,8.24,16.5,Clear,odour free,8.61,240,null,null,null,.743,.001,20.13,1,null,null,null,92.275,70,0,0,28,5.346,13.202,2.385,19.454,.768,0,102.053,null,null,null
198,01/02/2006,02/02/2006,0.6700000166893005,8,245,8.24,16.5,Clear,odour free,8.61,240,null,null,null,.743,.001,20.13,1,null,null,null,92.275,70,0,0,28,5.346,13.202,2.385,19.454,.768,0,102.053,null,null,null
199,01/03/2006,02/03/2006,1.5989999771118164,8,335,7.84,20.5,Clear,odour free,8.1,330,null,null,null,5.773,.06,17.22,1.41,null,null,null,120.575,74,.342,0,29.6,11.178,22.563,2.659,33.193,8.928,0,101.687,null,null,null
200,01/03/2006,02/03/2006,1.5989999771118164,8,335,7.84,20.5,Clear,odour free,8.1,330,null,null,null,5.773,.06,17.22,1.41,null,null,null,120.575,74,.342,0,29.6,11.178,22.563,2.659,33.193,8.928,0,101.687,null,null,null
201,01/04/2006,02/04/2006,0.30799999833106995,8.44,289,7.58,25.5,Clear,odour free,8.47,280,null,null,null,4.526,.052,19.56,.89,null,null,null,108.575,62,.342,0,24.8,11.178,19.32,2.698,25.276,9.168,0,97.478,null,null,null
202,01/04/2006,02/04/2006,0.30799999833106995,8.44,289,7.58,25.5,Clear,odour free,8.47,280,null,null,null,4.526,.052,19.56,.89,null,null,null,108.575,62,.342,0,24.8,11.178,19.32,2.698,25.276,9.168,0,97.478,null,null,null
203,01/05/2006,02/05/2006,0.11500000208616257,8.12,385,7.36,29,Clear,odour free,8.05,380,null,null,null,4.526,.052,22.55,1.56,null,null,null,153.613,104,1.539,0,41.6,11.907,19.32,2.659,25.276,9.168,0,162.748,null,null,null
204,01/05/2006,02/05/2006,0.11500000208616257,8.12,385,7.36,29,Clear,odour free,8.05,380,null,null,null,4.526,.052,22.55,1.56,null,null,null,153.613,104,1.539,0,41.6,11.907,19.32,2.659,25.276,9.168,0,162.748,null,null,null
205,01/06/2006,02/06/2006,1.843000054359436,8.19,162,7.36,27.5,Light Brown,odour free,8.11,160,null,null,null,.603,.001,6.9,1.12,null,null,null,56.15,44,0,0,17.6,2.916,10.81,2.542,17.395,2.976,0,63.074,null,null,null
206,01/06/2006,02/06/2006,1.843000054359436,8.19,162,7.36,27.5,Light Brown,odour free,8.11,160,null,null,null,.603,.001,6.9,1.12,null,null,null,56.15,44,0,0,17.6,2.916,10.81,2.542,17.395,2.976,0,63.074,null,null,null
207,01/07/2006,02/07/2006,1.1660000085830688,7.81,235,7.36,30,Brown,odour free,7.86,230,null,null,null,3.237,.001,9.06,1.12,null,null,null,60.138,49,0,0,19.6,2.673,24.817,1.994,37.914,7.296,0,57.035,null,null,null
208,01/07/2006,02/07/2006,1.1660000085830688,7.81,235,7.36,30,Brown,odour free,7.86,230,null,null,null,3.237,.001,9.06,1.12,null,null,null,60.138,49,0,0,19.6,2.673,24.817,1.994,37.914,7.296,0,57.035,null,null,null
209,01/08/2006,02/08/2006,59.45600128173828,8.11,201,6.87,29.5,Light Brown,odour free,8.2,198,null,null,null,.154,.001,12.63,1.46,null,null,null,64.2,48,0,0,19.2,3.888,13.202,2.463,19.88,3.504,0,74.908,null,null,null
210,01/08/2006,02/08/2006,59.45600128173828,8.11,201,6.87,29.5,Light Brown,odour free,8.2,198,null,null,null,.154,.001,12.63,1.46,null,null,null,64.2,48,0,0,19.2,3.888,13.202,2.463,19.88,3.504,0,74.908,null,null,null
211,01/09/2006,02/09/2006,113.78800201416016,8.14,203,6.51,27.5,Light Brown,odour free,8.21,200,null,null,null,.518,.001,9.06,1.27,null,null,null,72.35,44,.133,0,17.6,6.804,12.006,3.754,18.14,13.584,0,69.052,null,null,null
212,01/09/2006,02/09/2006,113.78800201416016,8.14,203,6.51,27.5,Light Brown,odour free,8.21,200,null,null,null,.518,.001,9.06,1.27,null,null,null,72.35,44,.133,0,17.6,6.804,12.006,3.754,18.14,13.584,0,69.052,null,null,null
213,03/10/2006,04/10/2006,41.349998474121094,8.15,192,6.33,26.5,Light Brown,odour free,8.11,184,null,null,null,.813,.001,12.48,.91,null,null,null,61.213,52.1,.361,0,20.84,2.187,14.766,2.463,25.56,8.64,0,59.78,null,null,null
214,03/10/2006,04/10/2006,41.349998474121094,8.15,192,6.33,26.5,Light Brown,odour free,8.11,184,null,null,null,.813,.001,12.48,.91,null,null,null,61.213,52.1,.361,0,20.84,2.187,14.766,2.463,25.56,8.64,0,59.78,null,null,null
215,01/11/2006,02/11/2006,3.7880001068115234,null,null,null,null,Clear,odour free,null,null,null,null,null,null,null,null,null,null,null,null,null,null,null,null,null,null,null,null,null,null,null,null,null,null,null
216,01/11/2006,02/11/2006,3.7880001068115234,null,null,null,null,Clear,odour free,null,null,null,null,null,null,null,null,null,null,null,null,null,null,null,null,null,null,null,null,null,null,null,null,null,null,null
217,01/12/2006,02/12/2006,40.805999755859375,8.19,182,7.06,20.5,Clear,odour free,8.14,175,null,null,null,1.653,.001,18.64,.78,null,null,null,62.263,41,0,0,16.4,5.103,10.028,2.659,13.774,5.952,0,73.2,null,null,null
218,01/12/2006,02/12/2006,40.805999755859375,8.19,182,7.06,20.5,Clear,odour free,8.14,175,null,null,null,1.653,.001,18.64,.78,null,null,null,62.263,41,0,0,16.4,5.103,10.028,2.659,13.774,5.952,0,73.2,null,null,null
219,02/01/2007,03/01/2007,2.1679999828338623,7.88,215,9.02,19.5,Clear,odour free,7.87,210,null,null,null,.518,.001,22.46,1.18,null,null,null,78.363,49,.133,0,19.6,7.047,12.006,3.363,17.892,13.584,0,75.152,null,null,null
220,02/01/2007,03/01/2007,2.1679999828338623,7.88,215,9.02,19.5,Clear,odour free,7.87,210,null,null,null,.518,.001,22.46,1.18,null,null,null,78.363,49,.133,0,19.6,7.047,12.006,3.363,17.892,13.584,0,75.152,null,null,null
221,01/02/2007,02/02/2007,0.9279999732971191,8.29,254,8.43,21.5,Clear,odour free,8.26,260,null,null,null,.673,.001,12.64,1.17,null,null,null,63.175,49,.304,0,19.6,3.402,29.302,2.815,39.938,6.672,0,82.96,null,null,null
222,01/02/2007,02/02/2007,0.9279999732971191,8.29,254,8.43,21.5,Clear,odour free,8.26,260,null,null,null,.673,.001,12.64,1.17,null,null,null,63.175,49,.304,0,19.6,3.402,29.302,2.815,39.938,6.672,0,82.96,null,null,null
223,01/03/2007,02/03/2007,0.335999995470047,null,null,null,null,null,null,null,null,null,null,null,null,null,null,null,null,null,null,null,null,null,null,null,null,null,null,null,null,null,null,null,null,null
224,01/03/2007,02/03/2007,0.335999995470047,null,null,null,null,null,null,null,null,null,null,null,null,null,null,null,null,null,null,null,null,null,null,null,null,null,null,null,null,null,null,null,null,null
225,02/04/2007,03/04/2007,0.21299999952316284,8.19,406,5.45,27,Clear,odour free,8.14,400,null,null,null,1.681,.001,19.22,.88,null,0,244.898,161.775,99,.437,0,39.6,15.066,15.732,3.304,23.927,14.304,0,173.24,null,null,null
226,02/04/2007,03/04/2007,0.21299999952316284,8.19,406,5.45,27,Clear,odour free,8.14,400,null,null,null,1.681,.001,19.22,.88,null,0,244.898,161.775,99,.437,0,39.6,15.066,15.732,3.304,23.927,14.304,0,173.24,null,null,null
227,01/05/2007,02/05/2007,0.09700000286102295,8.14,395,7.26,33,Clear,odour free,8.2,400,null,null,null,null,null,null,2.16,null,null,null,null,null,null,null,null,null,null,null,null,null,null,null,null,null,null
228,01/05/2007,02/05/2007,0.09700000286102295,8.14,395,7.26,33,Clear,odour free,8.2,400,null,null,null,null,null,null,2.16,null,null,null,null,null,null,null,null,null,null,null,null,null,null,null,null,null,null
229,01/06/2007,02/06/2007,0.453000009059906,8.18,342,6.08,35,Clear,odour free,8.26,340,null,null,null,3.251,.001,9.68,1.13,null,0,97.016,123.7,67,.361,0,26.8,13.608,20.24,3.05,29.252,15.5,0,118.36,null,null,null
230,01/06/2007,02/06/2007,0.453000009059906,8.18,342,6.08,35,Clear,odour free,8.26,340,null,null,null,3.251,.001,9.68,1.13,null,0,97.016,123.7,67,.361,0,26.8,13.608,20.24,3.05,29.252,15.5,0,118.36,null,null,null
231,01/07/2007,02/07/2007,6.010000228881836,8.22,222,7.28,29,Light Brown,odour free,8.28,220,null,null,null,3.237,.001,9.44,1.55,null,0,33.902,58.117,36.45,0,0,14.58,5.2,24.564,2.268,39.405,9.98,0,41.36,null,null,null
232,01/07/2007,02/07/2007,6.010000228881836,8.22,222,7.28,29,Light Brown,odour free,8.28,220,null,null,null,3.237,.001,9.44,1.55,null,0,33.902,58.117,36.45,0,0,14.58,5.2,24.564,2.268,39.405,9.98,0,41.36,null,null,null
233,01/08/2007,02/08/2007,56.51499938964844,7.99,268,7.06,27.5,Light Brown,odour free,8.15,270,null,null,null,.392,.001,9.32,.89,null,0,78.311,81.488,42,0,0,16.8,9.477,24.817,2.268,35.571,11.52,0,95.54,null,null,null
234,01/08/2007,02/08/2007,56.51499938964844,7.99,268,7.06,27.5,Light Brown,odour free,8.15,270,null,null,null,.392,.001,9.32,.89,null,0,78.311,81.488,42,0,0,16.8,9.477,24.817,2.268,35.571,11.52,0,95.54,null,null,null
235,01/09/2007,02/09/2007,42.67599868774414,7.94,202,7.28,29,Clear,odour free,7.9,200,null,null,null,.518,.001,9.32,1.11,null,0,64.672,77.387,46,.133,0,18.4,7.533,12.006,3.402,16.68,14.304,0,78.9,null,null,null
236,01/09/2007,02/09/2007,42.67599868774414,7.94,202,7.28,29,Clear,odour free,7.9,200,null,null,null,.518,.001,9.32,1.11,null,0,64.672,77.387,46,.133,0,18.4,7.533,12.006,3.402,16.68,14.304,0,78.9,null,null,null
237,01/10/2007,02/10/2007,74.60099792480469,8.08,285,6.45,26.5,Clear,odour free,8.03,280,null,null,null,.953,.001,9.35,1.05,null,0,97.344,118.488,79,0,0,31.6,9.477,13.501,3.05,20.625,10.64,0,118.76,null,null,null
238,01/10/2007,02/10/2007,74.60099792480469,8.08,285,6.45,26.5,Clear,odour free,8.03,280,null,null,null,.953,.001,9.35,1.05,null,0,97.344,118.488,79,0,0,31.6,9.477,13.501,3.05,20.625,10.64,0,118.76,null,null,null
239,01/11/2007,02/11/2007,39.779998779296875,8.19,205,6.27,25,Clear,odour free,8.22,200,null,null,null,.826,.001,10.1,2.96,null,0,69,67.583,46,0,0,18.4,5.18,15.617,3.558,20.732,8.96,0,84.18,null,null,null
240,01/11/2007,02/11/2007,39.779998779296875,8.19,205,6.27,25,Clear,odour free,8.22,200,null,null,null,.826,.001,10.1,2.96,null,0,69,67.583,46,0,0,18.4,5.18,15.617,3.558,20.732,8.96,0,84.18,null,null,null
241,01/12/2007,02/12/2007,29.96500015258789,7.84,194,7.67,21,Clear,odour free,7.9,184,null,null,null,1.428,.001,9.6,1.57,null,0,59.459,63.167,42,0,0,16.8,5.08,14.375,1.603,21.726,9.76,0,72.54,null,null,null
242,01/12/2007,02/12/2007,29.96500015258789,7.84,194,7.67,21,Clear,odour free,7.9,184,null,null,null,1.428,.001,9.6,1.57,null,0,59.459,63.167,42,0,0,16.8,5.08,14.375,1.603,21.726,9.76,0,72.54,null,null,null
243,01/01/2008,02/01/2008,2.8340001106262207,8.24,241,9.45,14.5,Clear,odour free,8.2,210,null,null,null,2.943,.001,9.5,1.35,null,0,37.213,59.183,37.35,0,0,14.94,5.24,22.1,2.268,35.074,10.56,0,45.4,null,null,null
244,01/01/2008,02/01/2008,2.8340001106262207,8.24,241,9.45,14.5,Clear,odour free,8.2,210,null,null,null,2.943,.001,9.5,1.35,null,0,37.213,59.183,37.35,0,0,14.94,5.24,22.1,2.268,35.074,10.56,0,45.4,null,null,null
245,01/02/2008,02/02/2008,2.2339999675750732,8.04,212,8.23,16,Clear,odour free,8.1,210,null,null,null,.673,.001,9.5,.96,null,0,60.9,59.417,38.5,0,0,15.4,5.02,19.32,3.284,28.826,4.704,0,74.298,null,null,null
246,01/02/2008,02/02/2008,2.2339999675750732,8.04,212,8.23,16,Clear,odour free,8.1,210,null,null,null,.673,.001,9.5,.96,null,0,60.9,59.417,38.5,0,0,15.4,5.02,19.32,3.284,28.826,4.704,0,74.298,null,null,null
247,01/03/2008,02/03/2008,1.9420000314712524,9.1,260,6.31,21,Clear,odour free,9.2,250,null,null,null,.995,.05,9.96,1.34,null,0,81.705,89.25,63,.05,.001,25.2,6.3,14.3,6.1,18.6,11.54,0,99.68,null,null,null
248,01/03/2008,02/03/2008,1.9420000314712524,9.1,260,6.31,21,Clear,odour free,9.2,250,null,null,null,.995,.05,9.96,1.34,null,0,81.705,89.25,63,.05,.001,25.2,6.3,14.3,6.1,18.6,11.54,0,99.68,null,null,null
249,01/04/2008,02/04/2008,1.909999966621399,8.1,230,7.27,25,Clear,odour free,8.2,220,null,null,null,1.303,.05,10.1,.96,null,0,74.098,76.167,50.75,.05,.001,20.3,6.1,12.5,2.8,20.1,8.2,0,90.4,null,null,null
250,01/04/2008,02/04/2008,1.909999966621399,8.1,230,7.27,25,Clear,odour free,8.2,220,null,null,null,1.303,.05,10.1,.96,null,0,74.098,76.167,50.75,.05,.001,20.3,6.1,12.5,2.8,20.1,8.2,0,90.4,null,null,null
251,01/05/2008,02/05/2008,0.6510000228881836,9,675,6.35,30.5,Clear,odour free,9.14,670,null,null,null,1.401,.05,9.05,1.99,null,2.44,255.392,267.417,232,.05,.001,92.8,8.5,20,11,29.36,24.56,2.94,305.6,null,null,null
252,01/05/2008,02/05/2008,0.6510000228881836,9,675,6.35,30.5,Clear,odour free,9.14,670,null,null,null,1.401,.05,9.05,1.99,null,2.44,255.392,267.417,232,.05,.001,92.8,8.5,20,11,29.36,24.56,2.94,305.6,null,null,null
253,01/06/2008,02/06/2008,1.6399999856948853,null,null,null,null,null,null,null,null,null,null,null,null,null,null,null,null,null,null,null,null,null,null,null,null,null,null,null,null,null,null,null,null,null
254,01/06/2008,02/06/2008,1.6399999856948853,null,null,null,null,null,null,null,null,null,null,null,null,null,null,null,null,null,null,null,null,null,null,null,null,null,null,null,null,null,null,null,null,null
255,01/07/2008,02/07/2008,32.5890007019043,null,null,null,null,null,null,null,null,null,null,null,null,null,null,null,null,null,null,null,null,null,null,null,null,null,null,null,null,null,null,null,null,null
256,01/07/2008,02/07/2008,32.5890007019043,null,null,null,null,null,null,null,null,null,null,null,null,null,null,null,null,null,null,null,null,null,null,null,null,null,null,null,null,null,null,null,null,null
257,01/08/2008,02/08/2008,61.12099838256836,null,null,null,null,null,null,null,null,null,null,null,null,null,null,null,null,null,null,null,null,null,null,null,null,null,null,null,null,null,null,null,null,null
258,01/08/2008,02/08/2008,61.12099838256836,null,null,null,null,null,null,null,null,null,null,null,null,null,null,null,null,null,null,null,null,null,null,null,null,null,null,null,null,null,null,null,null,null
259,01/09/2008,02/09/2008,64.45500183105469,null,null,null,null,null,null,null,null,null,null,null,null,null,null,null,null,null,null,null,null,null,null,null,null,null,null,null,null,null,null,null,null,null
260,01/09/2008,02/09/2008,64.45500183105469,null,null,null,null,null,null,null,null,null,null,null,null,null,null,null,null,null,null,null,null,null,null,null,null,null,null,null,null,null,null,null,null,null
261,01/10/2008,02/10/2008,40.06800079345703,null,null,null,null,null,null,null,null,null,null,null,null,null,null,null,null,null,null,null,null,null,null,null,null,null,null,null,null,null,null,null,null,null
262,01/10/2008,02/10/2008,40.06800079345703,null,null,null,null,null,null,null,null,null,null,null,null,null,null,null,null,null,null,null,null,null,null,null,null,null,null,null,null,null,null,null,null,null
263,01/11/2008,02/11/2008,35.20000076293945,null,null,null,null,null,null,null,null,null,null,null,null,null,null,null,null,null,null,null,null,null,null,null,null,null,null,null,null,null,null,null,null,null
264,01/11/2008,02/11/2008,35.20000076293945,null,null,null,null,null,null,null,null,null,null,null,null,null,null,null,null,null,null,null,null,null,null,null,null,null,null,null,null,null,null,null,null,null
265,01/12/2008,02/12/2008,1.7799999713897705,null,null,null,null,null,null,null,null,null,null,null,null,null,null,null,null,null,null,null,null,null,null,null,null,null,null,null,null,null,null,null,null,null
266,01/12/2008,02/12/2008,1.7799999713897705,null,null,null,null,null,null,null,null,null,null,null,null,null,null,null,null,null,null,null,null,null,null,null,null,null,null,null,null,null,null,null,null,null
267,01/01/2009,02/01/2009,1.159000039100647,null,null,null,null,null,null,null,null,null,null,null,null,null,null,null,null,null,null,null,null,null,null,null,null,null,null,null,null,null,null,null,null,null
268,01/01/2009,02/01/2009,1.159000039100647,null,null,null,null,null,null,null,null,null,null,null,null,null,null,null,null,null,null,null,null,null,null,null,null,null,null,null,null,null,null,null,null,null
269,02/02/2009,03/02/2009,2.450000047683716,null,null,null,null,null,null,null,null,null,null,null,null,null,null,null,null,null,null,null,null,null,null,null,null,null,null,null,null,null,null,null,null,null
270,02/02/2009,03/02/2009,2.450000047683716,null,null,null,null,null,null,null,null,null,null,null,null,null,null,null,null,null,null,null,null,null,null,null,null,null,null,null,null,null,null,null,null,null
271,02/03/2009,03/03/2009,2.305000066757202,null,null,null,null,null,null,null,null,null,null,null,null,null,null,null,null,null,null,null,null,null,null,null,null,null,null,null,null,null,null,null,null,null
272,02/03/2009,03/03/2009,2.305000066757202,null,null,null,null,null,null,null,null,null,null,null,null,null,null,null,null,null,null,null,null,null,null,null,null,null,null,null,null,null,null,null,null,null
273,01/04/2009,02/04/2009,1.2929999828338623,null,null,null,null,null,null,null,null,null,null,null,null,null,null,null,null,null,null,null,null,null,null,null,null,null,null,null,null,null,null,null,null,null
274,01/04/2009,02/04/2009,1.2929999828338623,null,null,null,null,null,null,null,null,null,null,null,null,null,null,null,null,null,null,null,null,null,null,null,null,null,null,null,null,null,null,null,null,null
275,01/05/2009,02/05/2009,1.0700000524520874,null,null,null,null,null,null,null,null,null,null,null,null,null,null,null,null,null,null,null,null,null,null,null,null,null,null,null,null,null,null,null,null,null
276,01/05/2009,02/05/2009,1.0700000524520874,null,null,null,null,null,null,null,null,null,null,null,null,null,null,null,null,null,null,null,null,null,null,null,null,null,null,null,null,null,null,null,null,null
277,01/06/2009,02/06/2009,0.4269999861717224,8.6,1160,6.95,28,Clear,odour free,8.6,1160,null,null,null,6.656,.001,9.2,1.99,null,11.952,60,287.967,156.3,.399,0,62.52,31.6,120,9.5,157.37,196.16,14.4,43.92,null,null,null
278,01/06/2009,02/06/2009,0.4269999861717224,8.6,1160,6.95,28,Clear,odour free,8.6,1160,null,null,null,6.656,.001,9.2,1.99,null,11.952,60,287.967,156.3,.399,0,62.52,31.6,120,9.5,157.37,196.16,14.4,43.92,null,null,null
279,01/07/2009,02/07/2009,2.2679998874664307,8.23,186,6.95,29.5,Brown,odour free,8.2,186,null,null,null,.589,.002,8.95,.99,null,0,24,60.325,40.075,.133,0,16.03,4.86,11.2,3.4,15.54,40,0,29.28,null,null,null
280,01/07/2009,02/07/2009,2.2679998874664307,8.23,186,6.95,29.5,Brown,odour free,8.2,186,null,null,null,.589,.002,8.95,.99,null,0,24,60.325,40.075,.133,0,16.03,4.86,11.2,3.4,15.54,40,0,29.28,null,null,null
281,01/08/2009,02/08/2009,2.177999973297119,8.4,360,6.55,28.5,Brown,odour free,8.4,360,null,null,null,4.414,.001,9.3,1.19,null,15.936,68,112.667,68.125,.323,0,27.25,10.69,28.5,3.1,40.8,26.56,19.2,43.92,null,null,null
282,01/08/2009,02/08/2009,2.177999973297119,8.4,360,6.55,28.5,Brown,odour free,8.4,360,null,null,null,4.414,.001,9.3,1.19,null,15.936,68,112.667,68.125,.323,0,27.25,10.69,28.5,3.1,40.8,26.56,19.2,43.92,null,null,null
283,01/09/2009,02/09/2009,11.600000381469727,7.78,250,6.86,28,Brown,odour free,7.78,250,null,null,null,1.892,.002,8.75,1.21,null,0,52,80.575,40.075,.304,0,16.03,9.72,18.2,1.9,25.26,18.84,0,63.44,null,null,null
284,01/09/2009,02/09/2009,11.600000381469727,7.78,250,6.86,28,Brown,odour free,7.78,250,null,null,null,1.892,.002,8.75,1.21,null,0,52,80.575,40.075,.304,0,16.03,9.72,18.2,1.9,25.26,18.84,0,63.44,null,null,null
285,01/10/2009,02/10/2009,60.04800033569336,7.81,196,7.47,28,Brown,odour free,7.8,196,null,null,null,.589,.001,8.15,1.21,null,0,44,64.408,36.075,.171,0,14.43,6.8,12.3,2.9,23.31,11.24,0,53.68,null,null,null
286,01/10/2009,02/10/2009,60.04800033569336,7.81,196,7.47,28,Brown,odour free,7.8,196,null,null,null,.589,.001,8.15,1.21,null,0,44,64.408,36.075,.171,0,14.43,6.8,12.3,2.9,23.31,11.24,0,53.68,null,null,null
287,03/11/2009,04/11/2009,6.0929999351501465,7.9,230,7.67,28.5,Light Brown,odour free,7.9,230,null,null,null,.715,.001,7.95,1.21,null,0,56,76.433,48.1,.209,0,19.24,6.8,16.2,2.4,25.26,16.92,0,68.32,null,null,null
288,03/11/2009,04/11/2009,6.0929999351501465,7.9,230,7.67,28.5,Light Brown,odour free,7.9,230,null,null,null,.715,.001,7.95,1.21,null,0,56,76.433,48.1,.209,0,19.24,6.8,16.2,2.4,25.26,16.92,0,68.32,null,null,null
289,01/12/2009,02/12/2009,3.3359999656677246,8,220,5.94,20,Clear,odour free,8,220,null,null,null,3.237,.001,8.2,1.98,null,0,52,80.575,40.075,.323,0,16.03,9.72,12.3,3.2,21.37,11.68,0,63.44,null,null,null
290,01/12/2009,02/12/2009,3.3359999656677246,8,220,5.94,20,Clear,odour free,8,220,null,null,null,3.237,.001,8.2,1.98,null,0,52,80.575,40.075,.323,0,16.03,9.72,12.3,3.2,21.37,11.68,0,63.44,null,null,null
291,01/01/2010,02/01/2010,2.622999906539917,8,280,8.7,19.5,Clear,odour free,8,280,null,null,null,.798,.001,9.2,1.18,null,0,76,96.683,48.1,.095,0,19.24,11.66,17.9,3.3,27.2,14.96,0,92.72,null,null,null
292,01/01/2010,02/01/2010,2.622999906539917,8,280,8.7,19.5,Clear,odour free,8,280,null,null,null,.798,.001,9.2,1.18,null,0,76,96.683,48.1,.095,0,19.24,11.66,17.9,3.3,27.2,14.96,0,92.72,null,null,null
