Standard Parameter Analysis Data of : Namsai (NAMSAI)
Laboratory : NAMSAI 
Period : January-2004 To January-2016 
S.No.,Date_of_Collection,Date_of_Receipt,Discharge(cumecs),pH_FLD,EC_FLD(umho/cm),DO(mg/l),Water Temp(deg C),Colour,Odour,pH_GEN,EC_GEN(umho/cm),TDS(mg/l),SS(mg/l),NH3(mg N/l),NO2+NO3(mg N/l),Total_Nutrients(mg P/l),SiO2(mg/l),BOD(mg/l),COD(mg/l),Phen(mg CaCO3/l),Total_Alkallnity(mg CaCO3/l),Total_Hardness(mg CaCO3/l),Ca_Hardness(mg CaCO3/l),F(mg/l),B(mg/l),Ca_Major_Ions(mg/l),Mg(mg/l),Na(mg/l),K(mg/l),Cl(mg/l),SO4(mg/l),CO3(mg/l),HCO3(mg/l),Total_Coliforms(MPN/100ml),Faecal(MPN/100ml),Chlorophyll-A(ug/L)
1,15/01/2004,16/01/2004,null,7.8,199.52,null,null,Clear,odour free,7.8,199.52,400,null,null,null,null,null,null,null,null,null,150.5,86,null,null,34.4,15.48,2.5,1.8,12,2,0,26.84,null,null,null
2,15/03/2004,16/03/2004,null,7.82,148,null,null,Clear,odour free,7.82,148,370,null,null,null,null,null,null,null,0,32,60.183,30.1,null,null,12.04,7.22,4,1.9,8,1,0,39.04,null,null,null
3,15/05/2004,16/05/2004,null,7.4,76.8,null,null,Light Brown,odour free,7.4,76.8,400,null,null,null,null,null,null,null,0,30,55.9,34.4,null,null,13.76,5.16,1.05,3.9,12,.9,0,36.6,null,null,null
4,15/07/2004,16/07/2004,null,6.9,39.16,null,null,Light Brown,odour free,6.9,39.16,340,null,null,null,null,null,null,null,0,40,73.083,43,null,null,17.2,7.22,.8,.8,14,1.2,0,48.8,null,null,null
5,15/09/2004,16/09/2004,null,7.4,160,null,null,Light Brown,odour free,7.4,160,330,null,null,null,null,null,null,null,0,24,81.708,43,null,null,17.2,9.29,2.1,.7,11,2.2,0,29.28,null,null,null
6,15/11/2004,16/11/2004,null,8.13,90,null,null,Light Brown,odour free,8.13,90,320,null,null,null,null,null,null,null,0,88,73,43,null,null,17.2,7.2,1.1,1,8,4.2,0,107.36,null,null,null
7,15/01/2005,16/01/2005,null,null,null,null,null,Clear,odour free,6.52,340,280,null,null,null,null,null,null,null,0,69,268.038,103,1.33,null,41.2,39.609,1.909,.117,9.94,3.504,0,84.18,null,null,null
8,15/03/2005,16/03/2005,null,null,null,null,null,Light Brown,odour free,7.85,135.4,null,null,null,null,null,null,null,null,0,98,77.162,23.5,.57,null,9.4,12.879,6.601,2.893,12.07,2.016,0,119.56,null,null,null
9,15/05/2005,16/05/2005,null,null,null,null,null,Brown,odour free,7.74,130.7,null,null,null,null,null,null,null,null,.249,147.5,32.131,21.5,.95,null,8.6,2.552,1.495,1.603,7.1,1.296,.3,179.34,null,null,null
10,15/07/2005,16/07/2005,null,null,null,null,null,Brown,odour free,null,null,null,null,null,null,null,null,null,null,0,49,64.744,45,.76,null,18,4.739,.989,2.62,4.615,2.592,0,59.78,null,null,null
11,15/09/2005,16/09/2005,null,null,null,null,null,Light Brown,odour free,7.52,110.7,null,null,null,null,null,null,null,null,1.096,48.2,26.056,21.5,.95,null,8.6,1.094,1.403,2.502,7.1,.096,1.32,56.12,null,null,null
12,15/11/2005,16/11/2005,null,null,null,null,null,Clear,odour free,7.78,146.9,null,null,null,null,null,null,null,null,.025,42.55,32.131,21.5,.76,null,8.6,2.552,2.208,1.212,4.615,1.008,.03,51.85,null,null,null
13,15/01/2006,16/01/2006,null,8.14,143.9,null,null,Brown,odour free,8.14,143.9,null,null,null,null,null,null,null,null,.1,55.7,220.75,200.5,null,null,80.2,4.86,2.806,1.017,13.135,11.52,.12,67.71,null,null,null
14,15/04/2006,16/04/2006,null,7.73,150,null,null,Brown,odour free,7.73,150,null,null,null,null,null,null,null,null,0,44.5,68.05,64,null,null,25.6,.972,2.07,1.173,3.905,null,0,54.29,null,null,null
15,15/07/2006,16/07/2006,null,6.99,75.6,null,null,Brown,odour free,6.99,75.6,null,null,null,null,null,null,null,null,null,null,null,null,null,null,null,null,null,null,null,null,null,null,null,null,null
16,15/10/2006,16/10/2006,null,7.82,229,null,null,Brown,odour free,7.82,229,null,null,null,null,null,null,null,null,4.507,969.5,1244.389,982,null,null,392.8,62.973,null,null,17.636,null,5.43,1171.749,null,null,null
17,15/01/2007,16/01/2007,null,8.1,183.3,null,null,Light Brown,odour free,8.1,183.3,null,null,null,null,null,null,null,null,.091,66.519,67.483,65.4,null,null,26.16,.5,1,2.4,15.1,null,.11,80.93,null,null,null
18,15/04/2007,16/04/2007,null,null,null,null,null,Light Brown,odour free,null,null,null,null,null,null,null,null,null,null,.033,45.919,50.792,40.875,null,null,16.35,2.38,3.2,1.2,2.29,null,.04,55.94,null,null,null
19,15/07/2007,16/07/2007,null,6.65,79.1,null,null,Light Brown,odour free,6.65,79.1,60,null,null,null,null,null,null,null,0,55,58,36,null,null,14.4,5.28,null,null,4.65,null,0,67.1,null,null,null
20,15/10/2007,16/10/2007,null,6.65,79.1,null,null,Light Brown,odour free,6.65,79.1,60,null,null,null,null,null,null,null,0,54,50.2,30.2,null,null,12.08,4.8,null,0,12.08,null,0,65.88,null,null,null
21,15/01/2008,16/01/2008,null,7.51,143.1,null,null,Brown,odour free,7.51,143.1,null,null,null,null,null,null,null,null,0,80.328,146.667,117.5,null,null,47,7,5,2,29.8,2.3,0,98,null,null,null
22,15/04/2008,16/04/2008,null,7.6,105.4,null,32.7,Brown,odour free,7.6,105.4,71,null,null,null,null,null,null,null,5.976,48,54,36,null,null,14.4,4.32,1.6,1.4,17.26,null,7.2,43.92,null,null,null
23,15/07/2008,16/07/2008,null,6.76,139.1,null,null,Brown,odour free,6.76,139.1,62.4,null,null,null,null,null,null,null,null,null,101.5,44,null,null,17.6,13.8,null,null,8.165,null,null,61,null,null,null
24,15/10/2008,16/10/2008,null,7.46,109.8,null,null,Brown,odour free,7.46,109.8,51.4,null,null,null,null,null,null,null,0,60,70,30,null,null,12,9.6,null,null,9.94,null,0,73.2,null,null,null
25,15/01/2009,16/01/2009,null,7.65,145.8,null,null,Brown,odour free,7.65,145.8,66.8,null,null,null,null,null,null,null,0,90,70,40,null,null,16,7.2,null,null,7.81,null,0,109.8,null,null,null
26,15/04/2009,16/04/2009,null,7.31,60,null,null,Light Brown,odour free,7.31,60,36.5,null,null,null,null,null,null,null,0,28,55.9,34.4,null,null,13.76,5.16,1.97,1.1,7,null,0,34.16,null,null,null
27,15/07/2009,16/07/2009,null,7.15,131,null,null,Light Brown,odour free,7.15,131,null,null,null,null,null,null,null,null,0,40,51.583,21.5,null,null,8.6,7.22,1.67,.92,8,null,0,48.8,null,null,null
28,15/10/2009,16/10/2009,null,7.76,136.9,null,null,Clear,odour free,7.76,136.9,null,null,null,null,null,null,null,null,0,60,68.8,47.3,null,null,18.92,5.16,1.63,.11,10,null,0,73.2,null,null,null
29,15/01/2010,16/01/2010,null,7.83,140.2,null,null,Clear,odour free,7.83,140.2,null,null,null,null,null,null,null,null,0,148,270.908,253.7,null,null,101.48,4.13,2.34,.18,8,null,0,180.56,null,null,null
30,15/04/2010,16/04/2010,null,7.66,115.4,null,null,Light Brown,odour free,7.66,115.4,null,null,null,null,null,null,null,null,0,46,55.917,21.5,null,null,8.6,8.26,6.46,.18,10,null,0,56.12,null,null,null
31,15/07/2010,16/07/2010,null,6.93,21.9,null,null,Light Brown,odour free,6.93,21.9,null,null,null,null,null,null,null,null,0,40,55.892,30.1,null,null,12.04,6.19,1.74,3.1,10,null,0,48.8,null,null,null
32,15/10/2010,16/10/2010,null,8.1,126.1,null,null,Light Brown,odour free,8.1,126.1,null,null,null,null,null,null,null,null,0,70,172.008,68.8,null,null,27.52,24.77,2.7,1.6,15,null,0,85.4,null,null,null
33,15/01/2011,16/01/2011,null,8.13,161,null,null,Brown,odour free,8.13,161,null,null,null,null,null,null,null,null,0,74,137.608,55.9,null,null,22.36,19.61,3.26,1.64,6,null,0,90.28,null,null,null
34,15/04/2011,16/04/2011,null,7.24,174.6,null,null,Clear,odour free,7.24,174.6,null,null,null,null,null,null,null,null,0,70,81.683,73.1,null,null,29.24,2.06,5.54,.2,9,null,0,85.4,null,null,null
35,15/07/2011,16/07/2011,null,7.92,175.4,null,null,Brown,odour free,7.92,175.4,null,null,null,null,null,null,null,null,0,52,64.517,30.1,null,null,12.04,8.26,5.5,.22,10,null,0,63.44,null,null,null
36,15/10/2011,16/10/2011,null,9.02,156.5,null,null,Brown,odour free,9.02,156.5,null,null,null,null,null,null,null,null,0,64,116.083,43,null,null,17.2,17.54,1,5,6,null,0,78.08,null,null,null
37,15/01/2012,16/01/2012,null,7.15,145.1,null,null,Clear,odour free,7.15,145.1,null,null,null,null,null,null,null,null,0,128,90.308,51.6,null,null,20.64,9.29,5.3,1.28,21,1.3,0,156.16,null,null,null
38,15/04/2012,16/04/2012,null,7.4,122.8,null,26,Brown,odour free,7.4,122.8,null,null,null,null,null,null,null,null,0,48,60.217,25.8,null,null,10.32,8.26,3.8,.16,10,1,0,58.56,null,null,null
39,15/07/2012,16/07/2012,null,7.96,130.8,null,null,Brown,odour free,7.96,130.8,null,null,null,null,null,null,null,null,0,48,55.9,34.4,null,null,13.76,5.16,4.5,.2,11,1.2,0,58.56,null,null,null
40,15/10/2012,16/10/2012,null,6.2,114,null,18.8,Clear,odour free,6.2,114,56.8,null,null,null,null,null,null,null,0,52,73.108,12.9,null,null,5.16,14.45,3.1,.12,14,1.11,0,63.44,null,null,null
41,15/01/2013,16/01/2013,null,null,null,null,17.1,Clear,odour free,7.3,160,160,null,null,null,null,null,null,null,0,74,85.992,38.7,null,null,15.48,11.35,2.97,1.25,11,1.1,0,90.28,null,null,null
42,16/04/2013,17/04/2013,null,null,null,null,24.2,Light Brown,odour free,6.5,127,64,null,null,null,null,null,null,null,0,54,51.608,34.4,null,null,13.76,4.13,3.1,.17,8,1.3,0,65.88,null,null,null
43,15/07/2013,16/07/2013,null,null,null,null,27,Brown,odour free,7.3,120,60,null,null,null,null,null,null,null,0,60,47.283,38.7,null,null,15.48,2.06,3.8,.2,11,1.21,0,73.2,null,null,null
44,15/10/2013,16/10/2013,null,null,null,null,26,Light Brown,odour free,6.7,130,66,null,null,null,null,null,null,null,0,50,55.883,47.3,null,null,18.92,2.06,3.85,.12,16,1.4,0,61,null,null,null
45,15/01/2014,16/01/2014,null,null,null,null,20.2,Brown,odour free,7.6,148,79,null,null,null,null,null,null,null,0,62,90.308,51.6,null,null,20.64,9.29,3.75,.16,7,1.18,0,75.64,null,null,null
46,16/04/2014,17/04/2014,null,null,null,null,27.7,Brown,odour free,7.9,175,85,null,null,null,null,null,null,null,0,94,85.992,38.7,null,null,15.48,11.35,3.8,.17,11,1.17,0,114.68,null,null,null
47,15/07/2014,16/07/2014,null,null,null,null,27.2,Brown,odour free,7.3,120,60,null,null,null,null,null,null,null,0,42,55.917,43,null,null,17.2,3.1,5.64,.18,8,1.21,0,51.24,null,null,null
48,15/10/2014,16/10/2014,null,null,null,null,26.1,Brown,odour free,6.7,130,66,null,null,null,null,null,null,null,0,48,51.592,47.3,null,null,18.92,1.03,3.9,.21,11,1.2,0,58.56,null,null,null
49,16/01/2015,17/01/2015,null,null,null,null,20.9,Brown,odour free,8.5,182,91,null,null,null,null,null,null,null,0,48,81.692,77.4,null,null,30.96,1.03,2.54,2.9,8,2.21,0,58.56,null,null,null
50,16/04/2015,17/04/2015,null,null,null,null,24,Brown,odour free,7.9,134,65,null,null,null,null,null,null,null,0,124,81.692,55.9,null,null,22.36,6.19,2.25,1.1,14,1.65,0,151.28,null,null,null
51,15/07/2015,16/07/2015,null,null,null,null,null,Brown,odour free,8.2,102,51,null,null,null,null,null,null,null,0,54,51.617,38.7,null,null,15.48,3.1,3.62,1.87,13,1.2,0,65.88,null,null,null
52,15/10/2015,16/10/2015,null,null,null,null,null,Brown,odour free,null,124,62,null,null,null,null,null,null,null,0,62,94.583,43,null,null,17.2,12.38,3.35,1.98,11,1.31,0,75.64,null,null,null
53,16/01/2016,18/01/2016,null,null,null,null,null,Brown,odour free,8.2,160,80.3,null,null,null,null,null,null,null,0,80,141.892,73.1,null,null,29.24,16.51,4,2.12,6,2.28,0,97.6,null,null,null
