Standard Parameter Analysis Data of : Neamatighat (NEAMATIGHAT)
Laboratory : NEAMATIGHAT 
Period : January-2004 To January-2016 
S.No.,Date_of_Collection,Date_of_Receipt,Discharge(cumecs),pH_FLD,EC_FLD(umho/cm),DO(mg/l),Water Temp(deg C),Colour,Odour,pH_GEN,EC_GEN(umho/cm),TDS(mg/l),SS(mg/l),NH3(mg N/l),NO2+NO3(mg N/l),Total_Nutrients(mg P/l),SiO2(mg/l),BOD(mg/l),COD(mg/l),Phen(mg CaCO3/l),Total_Alkallnity(mg CaCO3/l),Total_Hardness(mg CaCO3/l),Ca_Hardness(mg CaCO3/l),F(mg/l),B(mg/l),Ca_Major_Ions(mg/l),Mg(mg/l),Na(mg/l),K(mg/l),Cl(mg/l),SO4(mg/l),CO3(mg/l),HCO3(mg/l),Total_Coliforms(MPN/100ml),Faecal(MPN/100ml),Chlorophyll-A(ug/L)
1,15/01/2004,16/01/2004,null,null,null,null,null,Dark Green,odour free,7.5,199.52,380,null,null,null,null,null,null,null,null,null,90.3,47.3,null,null,18.92,10.32,4,1.5,19,1,0,26.24,null,null,null
2,15/03/2004,16/03/2004,null,null,null,null,null,Clear,odour free,8.06,138.75,400,null,null,null,null,null,null,null,null,null,137.633,68.8,null,null,27.52,16.52,2.4,1,13,1.85,0,61,null,null,null
3,15/05/2004,16/05/2004,null,null,null,null,null,Light Brown,odour free,8,144,420,null,null,null,null,null,null,null,null,null,77.417,43,null,null,17.2,8.26,1.1,1.9,18,1.5,0,24,null,null,null
4,15/07/2004,16/07/2004,null,null,null,null,null,Brown,odour free,8,88.11,400,null,null,null,null,null,null,null,null,null,77.408,38.7,null,null,15.48,9.29,1.5,1.4,10,1.2,0,36.6,null,null,null
5,15/09/2004,16/09/2004,null,null,null,null,null,Brown,odour free,7.5,140,360,null,null,null,null,null,null,null,null,null,68.792,43,null,null,17.2,6.19,.8,1.4,13,2.2,0,34.16,null,null,null
6,15/11/2004,16/11/2004,null,null,null,null,null,Light Brown,odour free,7.04,80,400,null,null,null,null,null,null,null,null,null,72.375,43,null,null,17.2,7.05,1.5,.7,10,2.7,0,82.96,null,null,null
7,15/01/2005,16/01/2005,null,null,null,null,null,Clear,odour free,8.1,280,200,null,null,null,null,null,null,null,0,57.5,292.156,117.5,1.71,null,47,41.917,2.806,.313,8.52,2.784,0,70.15,null,null,null
8,15/03/2005,16/03/2005,null,null,null,null,null,Light Brown,odour free,8,220,190,null,null,null,null,null,null,null,.124,42.75,76.338,49,.76,null,19.6,6.561,2.806,2.815,9.94,1.92,.15,51.85,null,null,null
9,15/05/2005,16/05/2005,null,null,null,null,null,Brown,odour free,7,90,170,null,null,null,null,null,null,null,.249,59,24.006,23.5,.76,null,9.4,.122,2.3,1.486,8.165,1.92,.3,71.37,null,null,null
10,15/07/2005,16/07/2005,null,null,null,null,null,Brown,odour free,8.4,140,270,null,null,null,null,null,null,null,.996,45,48.269,26.5,.95,null,10.6,5.225,.391,3.089,6.035,3.024,1.2,52.46,null,null,null
11,15/09/2005,15/09/2005,null,null,null,null,null,Light Brown,odour free,7.6,70,260,null,null,null,null,null,null,null,.075,24.65,19.019,17.5,.95,null,7,.364,1.403,1.095,4.97,.096,.09,29.89,null,null,null
12,15/11/2005,16/11/2005,null,null,null,null,null,Light Brown,odour free,8,180,240,null,null,null,null,null,null,null,.498,50,20.581,14,.76,null,5.6,1.579,2.806,1.212,1.065,1.008,.6,59.78,null,null,null
13,15/01/2006,16/01/2006,null,7.2,229,null,null,Brown,odour free,7.2,229,210,null,null,null,null,null,null,null,.249,90.5,200.75,180.5,null,null,72.2,4.86,2.599,.704,13.135,2.064,.3,109.8,null,null,null
14,15/04/2006,16/04/2006,null,7.34,119.5,null,null,Brown,odour free,7.34,119.5,220,null,null,null,null,null,null,null,0,46,80.1,72,null,null,28.8,1.944,2.53,1.564,9.94,null,0,56.12,null,null,null
15,15/07/2006,16/07/2006,null,7.21,88.7,null,null,Brown,odour free,7.21,88.7,null,null,null,null,null,null,null,null,null,null,null,null,null,null,null,null,null,null,null,null,null,null,null,null,null
16,15/10/2006,16/10/2006,null,7.1,109.5,null,21,Brown,odour free,7.1,109.5,null,null,null,null,null,null,null,null,3.66,788.5,564.115,392.8,null,null,157.12,41.116,null,null,35.251,null,4.41,953.003,null,null,null
17,15/01/2007,16/01/2007,null,7.61,144.2,null,11.5,Light Brown,odour free,7.61,144.2,200,null,null,null,null,null,null,null,.033,95.944,97.108,94.025,null,null,37.61,.74,6,3,9.06,null,.04,116.97,null,null,null
18,15/04/2007,16/04/2007,null,6.7,110.3,null,16,Light Brown,odour free,6.7,110.3,110,null,null,null,null,null,null,null,.017,33.64,28.283,27.075,null,null,10.83,.29,2.8,1,5.94,null,.02,41,null,null,null
19,15/07/2007,16/07/2007,null,6.81,91.5,null,27.3,Light Brown,odour free,6.81,91.5,91,null,null,null,null,null,null,null,0,43,40,22,null,null,8.8,4.32,null,null,6,null,0,52.46,null,null,null
20,15/10/2007,16/10/2007,null,7,58.8,null,27.9,Light Brown,odour free,7,58.8,59,null,null,null,null,null,null,null,0,60,36,20,null,null,8,3.84,null,null,14.09,null,0,73.2,null,null,null
21,15/01/2008,16/01/2008,null,7.7,227,null,26.6,Brown,odour free,7.7,227,186,null,null,null,null,null,null,null,3.984,158.82,116.667,87.5,null,null,35,7,2.7,1.3,29.8,1,4.8,184,null,null,null
22,15/04/2008,16/04/2008,null,7.7,149.8,null,32.6,Brown,odour free,7.7,149.8,100,null,null,null,null,null,null,null,0,80,53.917,46,null,null,18.4,1.9,5.1,1.6,21.08,null,0,97.6,null,null,null
23,15/07/2008,16/07/2008,null,6.65,63.1,null,29.5,Light Brown,odour free,6.65,63.1,42,null,null,null,null,null,null,null,0,50,66,33,null,null,13.2,7.92,null,null,16.33,null,0,61,null,null,null
24,15/10/2008,16/10/2008,null,6.76,98.9,null,28,Light Brown,odour free,6.76,98.9,66,null,null,null,null,null,null,null,0,50,70,40,null,null,16,7.2,null,null,19.88,null,0,61,null,null,null
25,15/01/2009,16/01/2009,null,6.98,243,null,21.1,Clear,odour free,6.97,243,162,null,null,null,null,null,null,null,.041,44.296,64.242,43.2,null,null,17.28,5.05,3.85,1.9,5.54,null,.05,53.94,null,null,null
26,15/04/2009,16/04/2009,null,7.21,273,null,27.8,Clear,odour free,7.21,273,183,null,null,null,null,null,null,null,4.98,34,34.417,21.5,null,null,8.6,3.1,10.5,5.85,10,null,6,29.28,null,null,null
27,15/07/2009,16/07/2009,null,6.85,79.2,null,33,Clear,odour free,6.85,79.2,53,null,null,null,null,null,null,null,0,36,68.792,21.5,null,null,8.6,11.35,2.96,1.26,7,null,0,43.92,null,null,null
28,15/10/2009,16/10/2009,null,6.75,78.3,null,29.3,Clear,odour free,6.75,78.3,52,null,null,null,null,null,null,null,0,46,51.608,34.4,null,null,13.76,4.13,2.1,.03,9,null,0,56.12,null,null,null
29,15/01/2010,16/01/2010,null,8.42,325,null,22.9,Clear,odour free,8.42,325,218,null,null,null,null,null,null,null,0,164,184.883,111.8,null,null,44.72,17.54,5.71,.27,10,null,0,200.08,null,null,null
30,15/04/2010,16/04/2010,null,6.75,141.5,null,25,Light Brown,odour free,6.75,141.5,95,null,null,null,null,null,null,null,0,82,68.817,55.9,null,null,22.36,3.1,6.1,.22,12,null,0,100.04,null,null,null
31,15/07/2010,16/07/2010,null,7.63,76.6,null,30,Light Brown,odour free,7.63,76.6,51,null,null,null,null,null,null,null,0,38,47.317,34.4,null,null,13.76,3.1,2.87,2.88,8,null,0,46.36,null,null,null
32,15/10/2010,16/10/2010,null,6.94,113.3,null,28.6,Light Brown,odour free,6.94,113.3,76,null,null,null,null,null,null,null,0,60,81.692,55.9,null,null,22.36,6.19,1.95,.85,8,null,0,73.2,null,null,null
33,15/01/2011,16/01/2011,null,6.76,211,null,17.3,Clear,odour free,6.76,211,141,null,null,null,null,null,null,null,0,84,116.108,55.9,null,null,22.36,14.45,2.24,.21,11,null,0,102.48,null,null,null
34,15/04/2011,16/04/2011,null,7.12,136.5,null,27.7,Clear,odour free,7.12,136.5,92,null,null,null,null,null,null,null,0,58,85.983,77.4,null,null,30.96,2.06,7.12,.19,8,null,0,70.76,null,null,null
35,15/07/2011,16/07/2011,null,6.9,80.7,null,29.5,Light Brown,odour free,6.9,80.7,54,null,null,null,null,null,null,null,0,40,38.7,17.2,null,null,6.88,5.16,6.9,.22,9,null,0,48.8,null,null,null
36,15/10/2011,16/10/2011,null,7.01,169.7,null,28.8,Clear,odour free,7.01,169.7,114,null,null,null,null,null,null,null,0,72,163.392,51.6,null,null,20.64,26.83,4.5,.26,8,null,0,87.84,null,null,null
37,15/01/2012,16/01/2012,null,7.03,208,null,17.5,Clear,odour free,7.03,208,139,null,null,null,null,null,null,null,0,112,129.008,47.3,null,null,18.92,19.61,1.8,.16,16,1.4,0,136.64,null,null,null
38,15/04/2012,16/04/2012,null,6.66,133.9,null,23.5,Clear,odour free,6.66,133.9,89,null,null,null,null,null,null,null,0,60,73.117,38.7,null,null,15.48,8.26,3.7,.23,10,1.1,0,73.2,null,null,null
39,15/07/2012,16/07/2012,null,6.71,111.5,null,29.4,Clear,odour free,6.71,111.5,75,null,null,null,null,null,null,null,0,58,60.217,25.8,null,null,10.32,8.26,4,.28,8,1,0,70.76,null,null,null
40,15/10/2012,16/10/2012,null,6.9,131,null,27,Clear,odour free,6.9,131,88,null,null,null,null,null,null,null,0,62,64.492,38.7,null,null,15.48,6.19,3.25,.11,10,1.1,0,75.64,null,null,null
41,15/01/2013,16/01/2013,null,null,null,null,19.5,Clear,odour free,6.63,208,139,null,null,null,null,null,null,null,null,null,94.6,30.1,null,null,12.04,15.48,3.4,.3,13,1.1,0,104.48,null,null,null
42,16/01/2013,17/01/2013,null,null,null,null,null,null,null,null,null,null,null,null,null,null,null,null,null,null,null,null,null,null,null,null,null,null,null,null,null,null,null,null,null,null
43,16/04/2013,17/04/2013,null,null,null,null,26.5,Clear,odour free,6.92,134.1,89,null,null,null,null,null,null,null,0,60,51.592,47.3,null,null,18.92,1.03,2.5,.23,10,1.4,0,73.2,null,null,null
44,15/07/2013,16/07/2013,null,null,null,null,32.5,Brown,odour free,6.62,116.1,78,null,null,null,null,null,null,null,0,54,60.208,43,null,null,17.2,4.13,3.8,.21,12,1.26,0,65.88,null,null,null
45,15/10/2013,16/10/2013,null,null,null,null,25,Clear,odour free,6.28,132.1,88,null,null,null,null,null,null,null,null,null,77.408,60.2,null,null,24.08,4.13,4,.2,8,1.1,null,null,null,null,null
46,15/01/2014,16/01/2014,null,null,null,null,21,Clear,odour free,7.19,211,141,null,null,null,null,null,null,null,0,72,111.792,64.5,null,null,25.8,11.35,3.96,.14,10,1.26,0,87.84,null,null,null
47,16/04/2014,17/04/2014,null,null,null,null,29.9,Clear,odour free,7.09,143.7,96,null,null,null,null,null,null,null,0,94,81.683,51.6,null,null,20.64,7.22,3.8,.18,12,1.17,0,114.68,null,null,null
48,15/07/2014,16/07/2014,null,null,null,null,31.7,Clear,odour free,7.12,106.8,72,null,null,null,null,null,null,null,0,44,60.208,43,null,null,17.2,4.13,3.8,.18,12,1.26,0,53.68,null,null,null
49,15/10/2014,16/10/2014,null,null,null,null,30.3,Clear,odour free,6.6,140.5,94,null,null,null,null,null,null,null,0,76,68.8,47.3,null,null,18.92,5.16,3.6,.17,10,1.17,0,92.72,null,null,null
50,16/01/2015,17/01/2015,null,null,null,null,23,Clear,odour free,6.7,130.8,90,null,null,null,null,null,null,null,0,64,85.983,55.9,null,null,22.36,7.22,13.17,1.85,11,2.7,0,78.08,null,null,null
51,16/04/2015,17/04/2015,null,null,null,null,26.6,Clear,odour free,7.22,147.4,99,null,null,null,null,null,null,null,0,74,86.017,51.6,null,null,20.64,8.26,10.1,.72,11,1.9,0,90.28,null,null,null
52,15/07/2015,16/07/2015,null,null,null,null,34.5,Clear,odour free,6.72,117.9,78,null,null,null,null,null,null,null,0,30,51.6,30.1,null,null,12.04,5.16,3.25,1.31,8,1.17,0,36.6,null,null,null
53,15/10/2015,16/10/2015,null,null,null,null,null,Clear,odour free,7.1,147.5,99,null,null,null,null,null,null,null,0,100,141.892,73.1,null,null,29.24,16.51,3.8,1.31,7,1.2,0,122,null,null,null
54,16/01/2016,18/01/2016,null,null,null,null,null,Clear,odour free,7.62,200,134,null,null,null,null,null,null,null,0,122,137.6,94.6,null,null,37.84,10.32,3.6,1.45,6,1.95,0,148.84,null,null,null
