Standard Parameter Analysis Data of : NH-31 Jaldhaka (BJ000N2),,,,,,,,,,,,,,,,,,,,,,,,,,,,,,,,,,,,
Laboratory : lbd jalpaiguri ,,,,,,,,,,,,,,,,,,,,,,,,,,,,,,,,,,,,
Period : January-2005 To January-2014 ,,,,,,,,,,,,,,,,,,,,,,,,,,,,,,,,,,,,
S.No.,Date_of_Collection,Date_of_Receipt,Discharge(cumecs),pH_FLD,EC_FLD(umho/cm),DO(mg/l),Water Temp(deg C),Colour,Odour,pH_GEN,EC_GEN(umho/cm),TDS(mg/l),SS(mg/l),NH3(mg N/l),NO2+NO3(mg N/l),Total_Nutrients(mg P/l),SiO2(mg/l),BOD(mg/l),COD(mg/l),Phen(mg CaCO3/l),Total_Alkallnity(mg CaCO3/l),Total_Hardness(mg CaCO3/l),Ca_Hardness(mg CaCO3/l),F(mg/l),B(mg/l),Ca_Major_Ions(mg/l),Mg(mg/l),Na(mg/l),K(mg/l),Cl(mg/l),SO4(mg/l),CO3(mg/l),HCO3(mg/l),Total_Coliforms(MPN/100ml),Faecal(MPN/100ml),Chlorophyll-A(ug/L)
1,15/06/2005,15/06/2005,null,null,null,null,28,Other,odour free,7.5,80,56,null,0,0,null,null,null,null,0,28,51.713,34.5,0,0,13.8,4.131,0,1.212,6.035,0.912,0,34.16,null,null,null
2,15/07/2005,15/07/2005,null,null,null,null,24,Other,odour free,7.3,43,30,null,0,0,null,null,null,null,0.573,25.15,55.875,25.5,0,0,10.2,7.29,1.702,1.017,0.817,0.864,0.69,29.28,null,null,null
3,16/08/2005,16/08/2005,null,null,null,null,24,Other,odour free,6.9,52,38,null,0,0,null,null,null,null,0,20,39.325,13,0,0,5.2,6.318,1.909,1.095,7.1,1.008,0,24.4,null,null,null
4,15/09/2005,15/09/2005,null,null,null,null,26,Brown,odour free,7.5,68,52,null,0,0,null,null,null,null,0,28,56.375,26,0,0,10.4,7.29,2.001,1.017,8.165,0.96,0,34.16,null,null,null
5,15/10/2005,15/10/2005,null,null,null,null,25,Other,odour free,7.5,75,52,null,0,0,null,null,null,null,0,34,65.038,21.5,0,0,8.6,10.449,2.208,1.017,7.1,0.816,0,41.48,null,null,null
6,16/11/2005,16/11/2005,null,null,null,null,15,Clear,odour free,7.6,130.6,73,null,0,0,null,null,null,null,0,44,56.888,25.5,0,0,10.2,7.533,2.001,1.017,8.875,0.672,0,53.68,null,null,null
7,15/12/2005,15/12/2005,null,null,null,null,18,Clear,odour free,7.5,89,51,null,0,0,null,null,null,null,0,58,86.538,43,0,0,17.2,10.449,2.093,1.017,9.94,0.768,0,70.76,null,null,null
8,16/01/2006,16/01/2006,null,null,null,null,15,Clear,odour free,7.6,130.6,73,null,0,0,null,null,null,null,1.992,46,190.613,60,0,0,24,31.347,2.392,1.486,6.035,0.672,2.4,51.24,null,null,null
9,15/02/2006,15/02/2006,null,null,null,null,17,Clear,odour free,7.4,92.3,44,null,0,0,null,null,null,null,2.49,49,42.398,38.5,0,0,15.4,0.936,2.507,1.408,6.035,0.672,3,53.68,null,null,null
10,15/03/2006,15/03/2006,null,null,null,null,20,Clear,odour free,7.4,94.6,59,null,0,0,null,null,null,null,0,42,56.269,34.5,0,0,13.8,5.225,2.3,1.29,8.165,0.72,0,51.24,null,null,null
11,15/06/2006,15/06/2006,null,null,null,null,25,Other,odour free,7.5,52,35,null,null,null,null,null,null,null,0,30,47.375,17,null,null,6.8,7.29,2.001,1.212,4.97,0.768,0,36.6,null,null,null
12,15/07/2006,15/07/2006,null,null,null,null,27,Other,odour free,7.6,74,55,null,null,null,null,null,null,null,1.992,40,73.431,38.5,null,null,15.4,8.384,null,null,13.845,0.72,2.4,43.92,null,null,null
13,17/08/2006,17/08/2006,null,null,null,null,27,Other,odour free,7.4,61,44,null,null,null,null,null,null,null,0,32,52.325,26,null,null,10.4,6.318,null,null,4.97,0.816,0,39.04,null,null,null
14,15/09/2006,15/09/2006,null,null,null,null,25,Other,odour free,7.3,34.9,22.4,null,null,null,null,null,null,null,0,22,38.769,17,null,null,6.8,5.225,null,null,3.905,0.624,0,26.84,null,null,null
15,16/10/2006,16/10/2006,null,null,null,null,25,Other,odour free,7.4,73.7,45.2,null,null,null,null,null,null,null,0,30,51.981,13,null,null,5.2,9.356,null,null,8.875,0.72,0,36.6,null,null,null
16,15/11/2006,15/11/2006,null,null,null,null,21,Other,odour free,7.3,67,48,null,null,null,null,null,null,null,0,34,64.825,38.5,null,null,15.4,6.318,2.806,1.486,7.1,0.624,0,41.48,null,null,null
17,15/12/2006,15/12/2006,null,null,null,null,16,Clear,odour free,7.3,63.8,45,null,null,null,null,null,null,null,0,44,90.75,30,null,null,12,14.58,2.99,1.916,8.165,0.672,0,53.68,null,null,null
18,16/01/2007,17/01/2007,null,null,null,null,15,Clear,odour free,7,90.7,48.2,null,null,null,null,null,null,null,0,40,164.825,17,null,null,6.8,35.478,3.289,2.893,14.91,0.528,0,48.8,null,null,null
19,15/02/2007,16/02/2007,null,null,null,null,13,Clear,odour free,6.8,66.7,39,null,null,null,null,null,null,null,0,44,139.006,17,null,null,6.8,29.281,2.507,2.893,11.005,0.672,0,53.68,null,null,null
20,15/03/2007,15/03/2007,null,null,null,null,20,Clear,odour free,7,104,7,72,null,null,null,null,null,null,0,40,130.4,17,null,null,6.8,27.216,2.208,2.542,8.875,0.816,0,48.8,null,null,null
21,16/04/2007,16/04/2007,null,null,null,null,22,Clear,odour free,6.7,76.2,50,null,null,null,null,null,null,null,0,44,130.344,21.5,null,null,8.6,26.122,2.691,1.603,6.035,0.768,0,53.68,null,null,null
22,15/05/2007,15/05/2007,null,null,null,null,25,Clear,odour free,7.8,77.3,55.2,null,null,null,null,null,null,null,0,50,125.681,30,null,null,12,22.963,7.107,1.799,6.035,0.768,0,61,null,null,null
23,15/06/2007,15/06/2007,null,null,null,null,26,Brown,odour free,7.6,52.1,38,null,null,null,null,null,null,null,0,20,38.606,30,null,null,12,2.066,6.095,2.19,4.97,0.768,0,24.4,null,null,null
24,16/07/2007,16/07/2007,null,null,null,null,27,Clear,odour free,7.5,48.5,34.5,null,null,null,null,null,null,null,0,18,56.325,30,null,null,12,6.318,5.198,1.994,14.91,0.72,0,21.96,null,null,null
25,16/08/2007,16/08/2007,null,null,null,null,26,Light Brown,odour free,6.9,60.1,42.5,null,null,null,null,null,null,null,0,22,134.394,21.5,null,null,8.6,27.094,4.807,2.19,6.035,0.672,0,26.84,null,null,null
26,15/09/2007,15/09/2007,null,null,null,null,25,Light Brown,odour free,7.5,74.2,52,null,null,null,null,null,null,null,0,44,65.144,13,null,null,5.2,12.514,4.508,2.19,3.905,0.816,0,53.68,null,null,null
27,15/10/2007,15/10/2007,null,null,null,null,25,Clear,odour free,7.2,82.4,55.3,null,null,null,null,null,null,null,2.988,52,56.375,26,null,null,10.4,7.29,4.991,1.916,8.875,0.816,3.6,56.12,null,null,null
28,15/11/2007,15/11/2007,null,null,null,null,21,Clear,odour free,7.5,113.1,80,null,null,null,null,null,null,null,0.996,100,133.913,60,null,null,24,17.739,5.106,1.994,7.1,null,1.2,119.56,null,null,null
29,15/12/2007,15/12/2007,null,null,null,null,18,Clear,odour free,7.1,81.6,50,null,null,null,null,null,null,null,0,52,51.606,43,null,null,17.2,2.066,2.806,2.111,4.97,null,0,63.44,null,null,null
30,15/01/2008,15/01/2008,null,null,null,null,15,Clear,rotten egg,7.5,101,56,null,null,null,null,null,null,null,null,null,64.662,51.5,null,null,20.6,3.159,3.91,1.994,4.011,null,null,null,null,null,null
31,15/02/2008,15/02/2008,null,null,null,null,13,Clear,odour free,7.3,98,58,null,null,null,null,null,null,null,0,46,60.269,38.5,null,null,15.4,5.225,3.91,4.027,4.011,null,0,56.12,null,null,null
32,15/03/2008,15/03/2008,null,null,null,null,20,Clear,odour free,7.5,119,79,null,null,null,null,null,null,null,0,56,69.269,47.5,null,null,19,5.225,5.06,3.011,5.999,0.72,0,68.32,null,null,null
33,15/04/2008,15/04/2008,null,null,null,null,22,Clear,odour free,6.9,84,63,null,null,null,null,null,null,null,0,32,64.825,38.5,null,null,15.4,6.318,10.12,15.875,16.01,0.768,0,39.04,null,null,null
34,15/05/2008,15/05/2008,null,null,null,null,27,Clear,odour free,7,104.7,75,null,null,null,null,null,null,null,0,48,81.875,51.5,null,null,20.6,7.29,2.99,1.994,1.988,0.72,0,58.56,null,null,null
35,16/06/2008,16/06/2008,null,null,null,null,28,Light Brown,odour free,6.55,49,36,null,null,null,null,null,null,null,0,20,43.325,17,null,null,6.8,6.318,4,3,3.905,null,0,24.4,null,null,null
36,15/07/2008,15/07/2008,null,null,null,null,25,Light Brown,odour free,7,63.5,47,null,null,null,null,null,null,null,0,32,43.162,30,null,null,12,3.159,3,3,4.97,null,0,39.04,null,null,null
37,16/08/2008,16/08/2008,null,null,null,null,22,Clear,odour free,6.5,36.7,28,null,null,null,null,null,null,null,0,28,25.606,17,null,null,6.8,2.066,null,null,6.035,null,0,34.16,null,null,null
38,15/09/2008,15/09/2008,null,null,null,null,25,Light Brown,odour free,6.7,60.5,43,null,null,null,null,null,null,null,0,28,51.769,30,null,null,12,5.225,3,2,6.035,null,0,34.16,null,null,null
39,15/10/2008,15/10/2008,null,null,null,null,22,Clear,odour free,7.2,63,46,null,null,null,null,null,null,null,null,null,null,null,null,null,null,null,3,2,2.84,null,null,null,null,null,null
40,15/11/2008,15/11/2008,null,null,null,null,20,Clear,odour free,6.85,113,69.5,null,null,null,null,null,null,null,null,null,null,null,null,null,null,null,3,3,6.035,null,null,null,null,null,null
41,15/12/2008,15/12/2008,null,null,null,null,18,Clear,odour free,7.1,135,78,null,null,null,null,null,null,null,null,null,null,null,null,null,null,null,4,3,6.035,null,null,null,null,null,null
42,15/01/2009,15/01/2009,null,null,null,null,15,Clear,odour free,7.1,100,59.9,null,null,null,null,null,null,null,null,null,null,null,null,null,null,null,5,3,5,null,null,null,null,null,null
43,16/02/2009,16/02/2009,null,null,null,null,18,Clear,odour free,7.12,107,64.3,null,null,null,null,null,null,null,null,null,null,null,null,null,null,null,4,3,6,null,null,null,null,null,null
44,16/03/2009,16/03/2009,null,null,null,null,18,Clear,odour free,8.02,127,80.2,null,null,null,null,null,null,null,null,null,null,null,null,null,null,null,4,2,4,null,null,null,null,null,null
45,16/04/2009,16/04/2009,null,null,null,null,null,Clear,odour free,7.47,121,61,null,null,null,null,null,null,null,0,52.459,48.258,32.05,null,null,12.82,3.89,3.29,2.5,7.94,null,0,64,null,null,null
46,15/05/2009,15/05/2009,null,null,null,null,null,Clear,odour free,8.4,104.3,51.3,null,null,null,null,null,null,null,0.124,26.463,52.2,44.075,null,null,17.63,1.95,2.6,2.01,6.99,null,0.15,31.98,null,null,null
47,15/06/2009,15/06/2009,null,null,null,null,null,Clear,odour free,7.55,56.6,27.5,null,null,null,null,null,null,null,null,null,null,null,null,null,null,null,1.66,1.3,14.99,null,null,null,null,null,null
48,15/07/2009,15/07/2009,null,null,null,null,25,Clear,odour free,8.42,63.9,30,null,null,null,null,null,null,null,null,null,null,null,null,null,null,null,1.6,1.4,2.01,null,null,null,null,null,null
49,17/08/2009,17/08/2009,null,null,null,null,null,Light Brown,odour free,7.07,32.9,14.6,null,null,null,null,null,null,null,null,null,null,null,null,null,null,null,1.24,1,2.99,null,null,null,null,null,null
50,15/09/2009,15/09/2009,null,null,null,null,25,Light Brown,odour free,6.94,44,27.2,null,null,null,null,null,null,null,null,null,null,null,null,null,null,null,1.32,1.29,1.999,null,null,null,null,null,null
51,15/10/2009,15/10/2009,null,null,null,null,25,Light Brown,odour free,7.1,82.26,50.52,null,null,null,null,null,null,null,null,null,null,null,null,null,null,null,1.75,1.72,1,null,null,null,null,null,null
52,16/11/2009,16/11/2009,null,null,null,null,20,Clear,odour free,7.6,82.6,52.9,null,null,null,null,null,null,null,null,null,null,null,null,null,null,null,2.07,1.699,1.99,null,null,null,null,null,null
53,15/12/2009,15/12/2009,null,null,null,null,null,Clear,odour free,7.1,72.9,44.6,null,null,null,null,null,null,null,null,null,null,null,null,null,null,null,2.59,1.68,2.5,null,null,null,null,null,null
54,15/01/2010,15/01/2010,null,null,null,null,12,Other,odour free,7.27,81,53,null,null,null,null,null,null,null,null,null,null,null,null,null,null,null,2.46,1.59,1.51,null,null,null,null,null,null
55,15/02/2010,16/02/2010,null,null,null,null,null,Clear,odour free,7.2,96,59,null,null,null,null,null,null,null,null,null,null,null,null,null,null,null,4.8,2.1,2.9,null,null,null,null,null,null
56,15/03/2010,16/03/2010,null,null,null,null,null,Clear,odour free,7.1,189,98,null,null,null,null,null,null,null,null,null,null,null,null,null,null,null,2.9,1.6,1.5,null,null,null,null,null,null
57,16/04/2010,16/04/2010,null,null,null,null,null,Clear,odour free,7.1,205,112,null,null,null,null,null,null,null,0,64.754,103.75,95,null,null,38,2.1,3.1,2,2,null,0,79,null,null,null
58,15/05/2010,15/05/2010,null,null,null,null,null,Clear,odour free,7.4,178,88,null,null,null,null,null,null,null,null,null,null,null,null,null,null,null,4.1,1.5,2.8,null,null,null,null,null,null
59,15/06/2010,15/06/2010,null,null,null,null,null,Clear,odour free,null,null,null,null,null,null,null,null,null,null,null,null,null,null,null,null,null,null,null,null,null,null,null,null,null,null,null
60,15/07/2010,15/07/2010,null,null,null,null,null,Clear,odour free,null,null,null,null,null,null,null,null,null,null,null,null,null,null,null,null,null,null,null,null,null,null,null,null,null,null,null
61,16/08/2010,16/08/2010,null,null,null,null,null,Clear,odour free,null,null,null,null,null,null,null,null,null,null,null,null,null,null,null,null,null,null,null,null,null,null,null,null,null,null,null
62,15/09/2010,15/09/2010,null,null,null,null,null,Clear,odour free,null,null,null,null,null,null,null,null,null,null,null,null,null,null,null,null,null,null,null,null,null,null,null,null,null,null,null
63,16/10/2010,16/10/2010,null,null,null,null,null,Clear,odour free,null,null,null,null,null,null,null,null,null,null,null,null,null,null,null,null,null,null,null,null,null,null,null,null,null,null,null
64,15/11/2010,15/11/2010,null,null,null,null,null,Clear,odour free,null,null,null,null,null,null,null,null,null,null,null,null,null,null,null,null,null,null,null,null,null,null,null,null,null,null,null
65,15/12/2010,15/12/2010,null,null,null,null,null,Clear,odour free,null,null,null,null,null,null,null,null,null,null,null,null,null,null,null,null,null,null,null,null,null,null,null,null,null,null,null
66,16/01/2011,17/01/2011,null,null,null,null,null,Clear,odour free,7.4,73,40,null,null,null,null,null,0.5,null,null,null,null,null,null,null,null,null,6.41,6.5,2.01,null,null,null,null,null,null
67,15/02/2011,15/02/2011,null,null,null,null,null,Clear,odour free,7.6,95,53,null,null,null,null,null,0.4,null,null,null,null,null,null,null,null,null,7.2,6.8,2.01,null,null,null,null,null,null
68,15/03/2011,15/03/2011,null,null,null,null,null,Clear,odour free,8.03,99.4,48.25,null,null,null,null,null,0.9,null,null,null,null,null,null,null,null,null,4.39,4.89,1.5,null,null,null,null,null,null
69,15/04/2011,15/04/2011,null,null,null,null,null,Clear,odour free,6.6,93,44,null,null,null,null,null,0.9,null,0,34.836,84.167,68.75,null,null,27.5,3.7,3.99,4.85,2.01,1.8,0,42.5,null,null,null
70,15/05/2011,16/05/2011,null,null,null,null,null,Other,odour free,7.3,213,109,null,null,null,null,null,0.9,null,null,null,null,null,null,null,null,null,7.1,6.2,2.01,null,null,null,null,null,null
71,15/06/2011,15/06/2011,null,null,null,null,null,Other,odour free,7.2,77,37,null,null,null,null,null,null,null,null,null,null,null,null,null,null,null,4.8,4.7,2.01,null,null,null,null,null,null
72,15/07/2011,16/07/2011,null,null,null,null,null,Other,odour free,7.3,85,40,null,null,null,null,null,null,null,null,null,null,null,null,null,null,null,4,4.2,2.88,null,null,null,null,null,null
73,15/08/2011,16/08/2011,null,null,null,null,null,Clear,odour free,7.65,59,28.5,null,null,null,null,null,null,null,null,null,null,null,null,null,null,null,1.3,3.34,2.01,null,null,null,null,null,null
74,15/09/2011,15/09/2011,null,null,null,null,null,Clear,odour free,7,98,58,null,null,null,null,null,null,null,null,null,null,null,null,null,null,null,5.1,5.9,2.52,null,null,null,null,null,null
75,15/10/2011,15/10/2011,null,null,null,null,null,Clear,odour free,6.9,82,48,null,null,null,null,null,null,null,null,null,null,null,null,null,null,null,4.26,6.02,2.88,null,null,null,null,null,null
76,15/11/2011,15/11/2011,null,null,null,null,null,Clear,odour free,7.4,97,49,null,null,null,null,null,null,null,null,null,null,null,null,null,null,null,6.2,6.8,6.9,null,null,null,null,null,null
77,15/12/2011,15/12/2011,null,null,null,null,null,Clear,odour free,7.27,102,56,null,null,null,null,null,null,null,null,null,null,null,null,null,null,null,5.6,6,1.5,null,null,null,null,null,null
78,17/01/2012,17/01/2012,null,null,null,null,null,Clear,odour free,7,72.9,42.8,null,null,null,null,null,null,null,null,null,null,null,null,null,null,null,5.7,6.1,5,null,null,null,null,null,null
79,15/02/2012,15/02/2012,null,null,null,null,null,Clear,odour free,6.9,106,56,null,null,null,null,null,null,null,null,null,null,null,null,null,null,null,5.5,5.6,4.5,null,null,null,null,null,null
80,15/03/2012,15/03/2012,null,null,null,null,null,Clear,odour free,7.3,99.5,46.3,null,null,null,null,null,null,null,null,null,null,null,null,null,null,null,4.2,4.8,2.5,null,null,null,null,null,null
81,16/04/2012,16/04/2012,null,null,null,null,null,Clear,odour free,7.1,87.4,41.7,null,null,null,null,null,null,null,0,55.738,64.225,54.1,null,null,21.64,2.43,2.1,4.1,10,null,0,68,null,null,null
82,15/05/2012,15/05/2012,null,null,null,null,null,Clear,odour free,6.9,91,44,null,null,null,null,null,null,null,null,null,null,null,null,null,null,null,3.1,4.1,12,null,null,null,null,null,null
83,15/06/2012,15/06/2012,null,null,null,6.1,23,Other,odour free,6.7,69.3,31.4,null,null,null,null,null,1,null,null,null,null,null,null,null,null,null,2.1,7,2.88,null,null,null,null,null,null
84,16/07/2012,16/07/2013,null,null,null,5.8,null,Clear,odour free,6.7,113.7,52.3,null,null,null,null,null,0.9,8.16,null,null,null,null,null,null,null,null,1,4.8,2.5,null,null,null,null,null,null
85,16/08/2012,16/08/2013,null,null,null,6.3,null,Clear,odour free,7.06,60.4,27.7,null,null,null,null,null,0.8,12.24,null,null,null,null,null,null,null,null,2.5,3.9,4.49,null,null,null,null,null,null
86,15/09/2012,15/09/2013,null,null,null,6,null,Clear,odour free,7,36.3,17.3,null,null,null,null,null,1,12.24,null,null,null,null,null,null,null,null,2.1,3.7,4.99,null,null,null,null,null,null
87,15/10/2012,15/10/2013,null,null,null,6.1,null,Clear,odour free,7,123.7,58.4,null,null,null,null,null,1.1,24.48,null,null,null,null,null,null,null,null,2.8,3.4,9.98,null,null,null,null,null,null
88,15/11/2012,15/11/2013,null,null,null,6.1,null,Clear,odour free,7.8,105.3,55.6,null,null,null,null,null,1.1,14.28,null,null,null,null,null,null,null,null,6.3,6.5,9.48,null,null,null,null,null,null
89,15/12/2012,15/12/2013,null,null,null,4.4,null,Clear,odour free,8.86,62.3,43.1,null,null,null,null,null,1.4,10.2,null,null,null,null,null,null,null,null,2.85,4.18,13.99,null,null,null,null,null,null
90,15/01/2013,15/01/2013,null,null,null,5.7,null,Clear,odour free,7.75,94.14,54.84,null,null,null,null,null,1.2,26.52,null,null,null,null,null,null,null,null,3.43,4.3,9.66,null,null,null,null,null,null
91,15/02/2013,15/02/2013,null,null,null,6,null,Clear,odour free,6.94,88.07,46.65,null,null,null,null,null,1.2,22.44,null,null,null,null,null,null,null,null,3.59,3.41,10.25,null,null,null,null,null,null
92,15/03/2013,15/03/2013,null,null,null,6.8,null,Clear,odour free,8.12,95.41,48.46,null,null,null,null,null,1,9,null,null,null,null,null,null,null,null,4.65,5.95,5.04,null,null,null,null,null,null
93,15/04/2013,15/04/2013,null,null,null,6.4,19,Clear,odour free,7.1,81.86,38.63,null,null,null,null,null,1.1,12,0,32.787,36.133,24.05,null,null,9.62,2.9,2.85,4.96,4,22.8,0,40,null,null,null
94,15/05/2013,15/05/2013,null,null,null,8.8,26,Clear,odour free,7.8,113.26,65.5,null,null,null,null,null,1.3,14,null,null,null,null,null,null,null,null,7.1,4.2,11.8,null,null,null,null,null,null
95,15/06/2013,15/06/2013,null,null,null,null,null,null,null,null,null,null,null,null,null,null,null,null,null,null,null,null,null,null,null,null,null,null,null,null,null,null,null,null,null,null
96,15/07/2013,15/07/2013,null,null,null,null,null,null,null,null,null,null,null,null,null,null,null,null,null,null,null,null,null,null,null,null,null,null,null,null,null,null,null,null,null,null
97,16/08/2013,16/08/2013,null,null,null,null,null,null,null,null,null,null,null,null,null,null,null,null,null,null,null,null,null,null,null,null,null,null,null,null,null,null,null,null,null,null
98,16/09/2013,16/09/2013,null,null,null,null,27,Clear,odour free,8,90.8,78.1,null,null,null,null,null,1.1,8.16,null,null,null,null,null,null,null,null,1.37,1.57,1.5,null,null,null,null,null,null
99,17/10/2013,17/10/2013,null,null,null,null,19,Clear,odour free,7.97,125.64,101.8,null,null,null,null,null,1.2,6.12,null,null,null,null,null,null,null,null,1.9,2.3,2.28,null,null,null,null,null,null
100,15/11/2013,15/11/2013,null,null,null,null,19,Clear,odour free,8.19,82.25,58.4,null,null,null,null,null,1.2,12.24,null,null,null,null,null,null,null,null,1.6,1.8,1.71,null,null,null,null,null,null
101,16/12/2013,16/12/2013,null,null,null,null,12.6,Clear,odour free,8.39,64.16,51.3,null,null,null,null,null,0.9,16.32,null,null,null,null,null,null,null,null,2.16,1.49,2,null,null,null,null,null,null
102,15/01/2014,15/01/2014,null,null,null,null,17,Clear,odour free,8.5,168.57,116.3,null,null,null,null,null,0.8,6.12,null,null,null,null,null,null,null,null,3.9,1.43,4.29,null,null,null,null,null,null
