Standard Parameter Analysis Data of : NT Road Crossing Ranganadi (B5000B1),,,,,,,,,,,,,,,,,,,,,,,,,,,,,,,,,,,,
Laboratory : CWC KGBO Hyderabad (LKD) ,,,,,,,,,,,,,,,,,,,,,,,,,,,,,,,,,,,,
Period : January-1995 To January-1995 ,,,,,,,,,,,,,,,,,,,,,,,,,,,,,,,,,,,,
S.No.,Date_of_Collection,Date_of_Receipt,Discharge(cumecs),pH_FLD,EC_FLD(umho/cm),DO(mg/l),Water Temp(deg C),Colour,Odour,pH_GEN,EC_GEN(umho/cm),TDS(mg/l),SS(mg/l),NH3(mg N/l),NO2+NO3(mg N/l),Total_Nutrients(mg P/l),SiO2(mg/l),BOD(mg/l),COD(mg/l),Phen(mg CaCO3/l),Total_Alkallnity(mg CaCO3/l),Total_Hardness(mg CaCO3/l),Ca_Hardness(mg CaCO3/l),F(mg/l),B(mg/l),Ca_Major_Ions(mg/l),Mg(mg/l),Na(mg/l),K(mg/l),Cl(mg/l),SO4(mg/l),CO3(mg/l),HCO3(mg/l),Total_Coliforms(MPN/100ml),Faecal(MPN/100ml),Chlorophyll-A(ug/L)
1,2/1/1995,3/1/1995,null,null,null,null,null,Light Brown,odour free,6.37,142.68,160,null,null,null,null,null,null,null,0,130,82.325,56,0,null,22.4,6.318,null,null,55.025,null,0,158.6,null,null,null
2,16/01/1995,17/01/1995,null,null,null,null,null,Light Brown,odour free,6.01,66.72,200,null,null,null,null,null,null,null,0,44,94.981,56,null,null,22.4,9.356,null,null,8.165,null,0,53.68,null,null,null
