Standard Parameter Analysis Data of : Paliakalan (GGU60I6)
Laboratory : Middle Ganga Division -1 
Period : January-1998 To January-2009 
S.No.,Date_of_Collection,Date_of_Receipt,Discharge(cumecs),pH_FLD,EC_FLD(umho/cm),DO(mg/l),Water Temp(deg C),Colour,Odour,pH_GEN,EC_GEN(umho/cm),TDS(mg/l),SS(mg/l),NH3(mg N/l),NO2+NO3(mg N/l),Total_Nutrients(mg P/l),SiO2(mg/l),BOD(mg/l),COD(mg/l),Phen(mg CaCO3/l),Total_Alkallnity(mg CaCO3/l),Total_Hardness(mg CaCO3/l),Ca_Hardness(mg CaCO3/l),F(mg/l),B(mg/l),Ca_Major_Ions(mg/l),Mg(mg/l),Na(mg/l),K(mg/l),Cl(mg/l),SO4(mg/l),CO3(mg/l),HCO3(mg/l),Total_Coliforms(MPN/100ml),Faecal(MPN/100ml),Chlorophyll-A(ug/L)
1,01/06/1998,05/06/1998,null,null,null,null,27,Clear,odour free,8,1570,null,null,null,null,null,6.5,null,null,11.952,295.5,451.525,206.5,.133,.17,82.6,58.806,55.89,14.858,111.825,67.68,14.4,331.23,null,null,null
2,01/06/1998,03/06/1998,null,null,null,7.28,29,Brown,odour free,8,230,null,null,null,null,null,5.3,null,null,0,141.5,154.956,77.5,0,.12,31,18.59,46.92,8.993,18.105,33.6,0,172.63,null,null,null
3,01/07/1998,04/07/1998,null,null,null,null,28,Clear,odour free,8,1340,null,null,null,null,null,6,null,null,0,322.5,447.237,185,.114,.09,74,62.937,54.97,10.166,101.885,64.8,0,393.45,null,null,null
4,01/07/1998,04/07/1998,null,null,null,6.64,27.5,Brown,odour free,8,220,null,null,null,null,null,5,null,null,0,114,145.9,73,0,.001,29.2,17.496,43.01,7.82,15.975,33.6,0,139.08,null,null,null
5,01/08/1998,05/08/1998,null,null,null,null,29,Clear,odour free,8,710,null,null,null,null,null,5.7,null,null,0,299,434.4,159,.057,.09,63.6,66.096,52.9,10.166,91.945,56.64,0,364.78,null,null,null
6,01/08/1998,05/08/1998,null,null,null,6.44,28.5,Brown,odour free,8,160,null,null,null,null,null,4.9,null,null,0,110,137.4,64.5,0,.002,25.8,17.496,42.09,7.038,15.975,33.12,0,134.2,null,null,null
7,01/09/1998,07/09/1998,null,null,null,null,28,Clear,odour free,8,550,null,null,null,null,null,5.5,null,null,11.952,311,417.237,155,.095,.09,62,62.937,51.06,16.031,84.135,52.8,14.4,350.14,null,null,null
8,01/09/1998,07/09/1998,null,null,null,6.64,27,Brown,odour free,8,210,null,null,null,null,null,4.7,null,null,0,106,129.244,69,0,.002,27.6,14.458,45.08,8.993,15.975,30.24,0,129.32,null,null,null
9,03/10/1998,07/10/1998,null,null,null,null,28,Clear,odour free,8,780,null,null,null,null,null,5.4,null,null,15.936,339,530.131,276.5,.114,.07,110.6,60.871,45.08,17.986,85.91,54.24,19.2,374.54,null,null,null
10,03/10/1998,07/10/1998,null,null,null,7.02,25,Brown,odour free,8,210,null,null,null,null,null,4.9,null,null,0,110,141.85,73,0,.001,29.2,16.524,37.03,7.038,15.975,31.2,0,134.2,null,null,null
11,02/11/1998,06/11/1998,null,null,null,null,26,Clear,odour free,8,820,null,null,null,null,null,5.9,null,null,3.984,401.5,318.413,163.5,.114,.11,65.4,37.179,40.94,19.159,69.935,45.12,4.8,480.07,null,null,null
12,02/11/1998,06/11/1998,null,null,null,7.35,22.5,Brown,odour free,8,220,null,null,null,null,null,5,null,null,0,130,146.063,60,0,.001,24,20.655,28.98,6.647,18.105,27.84,0,158.6,null,null,null
13,01/12/1998,04/12/1998,null,null,null,null,20,Clear,odour free,8,780,null,null,null,null,null,5.9,null,null,7.968,409.5,335.281,150.5,.114,null,60.2,44.347,39.1,17.986,73.84,41.76,9.6,480.07,null,null,null
14,01/12/1998,04/12/1998,null,null,null,7.68,20,Brown,odour free,8,290,null,null,null,null,null,5.3,null,null,0,137.5,141.956,64.5,0,.06,25.8,18.59,25.99,5.083,18.105,27.36,0,167.75,null,null,null
15,01/01/1999,05/01/1999,null,null,null,null,19,Clear,odour free,8,800,null,null,null,null,null,5.8,null,null,7.968,421,352.388,159,.095,.17,63.6,46.413,42.09,19.159,69.935,43.68,9.6,494.1,null,null,null
16,01/01/1999,05/01/1999,null,null,null,7.72,15,Clear,odour free,8,280,null,null,null,null,null,5.4,null,null,0,153.5,150.506,69,0,.09,27.6,19.562,26.91,5.474,18.105,28.8,0,187.27,null,null,null
17,01/02/1999,05/02/1999,null,null,null,null,20,Clear,odour free,8,830,null,null,null,null,null,5.7,null,null,7.968,429,365.494,163.5,.171,.19,65.4,48.479,45.08,21.896,73.84,45.12,9.6,503.86,null,null,null
18,01/02/1999,05/02/1999,null,null,null,7.75,16,Clear,odour free,8,290,null,null,null,null,null,5.3,null,null,0,145.5,146.456,69,0,.1,27.6,18.59,28.06,5.474,15.975,27.84,0,177.51,null,null,null
19,01/03/1999,06/03/1999,null,null,null,null,22,Clear,odour free,8,920,null,null,null,null,null,5.8,null,null,7.968,413.5,356.781,172,.171,.17,68.8,44.347,48.07,24.242,75.97,48.48,9.6,484.95,null,null,null
20,01/03/1999,06/03/1999,null,null,null,7.55,20,Clear,odour free,8,330,null,null,null,null,null,5.4,null,null,0,137.5,154.956,77.5,0,.09,31,18.59,25.99,5.083,15.975,29.76,0,167.75,null,null,null
21,01/04/1999,05/04/1999,null,null,null,null,23,Clear,odour free,8.2,710,null,null,null,null,null,5.6,null,null,7.968,413.5,370.05,163.5,.114,.16,65.4,49.572,45.08,25.024,73.84,47.04,9.6,484.95,null,null,null
22,01/04/1999,05/04/1999,null,null,null,7.55,23.5,Clear,odour free,8.22,270,null,null,null,null,null,5.4,null,null,0,137.5,146.456,69,0,.07,27.6,18.59,25.07,7.038,15.975,30.24,0,167.75,null,null,null
23,01/05/1999,06/05/1999,null,null,null,null,25,Clear,odour free,8.19,740,null,null,null,null,null,5.5,null,null,7.968,397.5,357.231,176.5,.114,.12,70.6,43.375,46.92,26.979,75.97,50.4,9.6,465.43,null,null,null
24,01/05/1999,06/05/1999,null,null,null,6.96,26.5,Clear,odour free,8.11,270,null,null,null,null,null,5.5,null,null,0,137.5,159.006,77.5,0,.08,31,19.562,26.91,7.038,18.105,30.24,0,167.75,null,null,null
25,01/06/1999,05/06/1999,null,null,null,null,31,Clear,odour free,8.04,770,null,null,null,null,.155,5.6,null,null,3.984,393.5,373.781,189,.095,.13,75.6,44.347,48.07,26.197,78.1,50.88,4.8,470.31,null,null,null
26,01/06/1999,05/06/1999,null,null,null,6.44,32.5,Clear,odour free,7.82,250,null,null,null,null,null,5.8,null,null,0,149.5,167.613,77.5,0,.05,31,21.627,25.99,5.865,18.105,29.76,0,182.39,null,null,null
27,01/07/1999,05/07/1999,null,null,null,null,29,Clear,odour free,7.9,880,null,null,null,null,.155,6.4,null,null,7.968,401.5,322.625,150.5,.247,.14,60.2,41.31,46.92,23.069,72.065,54.24,9.6,470.31,null,null,null
28,01/07/1999,05/07/1999,null,null,null,6.37,29.5,Brown,odour free,8.02,190,null,null,null,null,null,5.7,null,null,0,137.5,150.506,69,0,.05,27.6,19.562,25.99,7.038,15.975,28.8,0,167.75,null,null,null
29,02/08/1999,05/08/1999,null,null,null,null,29.5,Light Brown,odour free,7.46,770,null,null,null,null,.155,6.2,null,null,0,413,245.144,112,.209,.12,44.8,31.955,46.92,24.242,84.135,44.64,0,503.86,null,null,null
30,02/08/1999,05/08/1999,null,null,null,6.57,27,Brown,odour free,7.89,161,null,null,null,null,null,5.2,null,null,0,118,116.3,51.5,0,.07,20.6,15.552,20.01,4.692,13.845,27.36,0,143.96,null,null,null
31,01/09/1999,06/09/1999,null,null,null,null,29,Clear,odour free,7,820,null,null,null,null,.155,6,null,null,0,220.5,228.169,133.5,.171,.12,53.4,22.721,47.38,22.678,91.945,35.52,0,269.01,null,null,null
32,01/09/1999,06/09/1999,null,null,null,6.8,27,Brown,odour free,7.77,260,null,null,null,null,null,5.1,null,null,0,94.5,159.006,77.5,0,.07,31,19.562,28.98,3.91,9.94,24,0,115.29,null,null,null
33,01/10/1999,06/10/1999,null,null,null,null,28,Clear,odour free,7.26,920,null,null,null,null,.155,5.7,null,null,3.984,228.5,236.669,142,.152,.08,56.8,22.721,46.92,35.972,110.05,31.2,4.8,269.01,null,null,null
34,01/10/1999,06/10/1999,null,null,null,6.8,26,Brown,odour free,7.86,240,null,null,null,null,null,5.3,null,null,0,94.5,154.956,77.5,0,.11,31,18.59,11.5,2.737,12.07,21.6,0,115.29,null,null,null
35,01/11/1999,04/11/1999,null,null,null,null,27,Clear,odour free,7.4,920,null,null,null,.041,.155,6.5,null,null,0,354,301.2,163.5,.076,.12,65.4,33.048,40.94,46.138,75.97,32.16,0,431.88,null,null,null
36,01/11/1999,04/11/1999,null,null,null,6.99,25,Brown,odour free,8.1,290,null,null,null,null,null,5.7,null,null,0,102.5,154.956,77.5,0,.1,31,18.59,5.98,3.519,13.845,21.6,0,125.05,null,null,null
37,01/12/1999,04/12/1999,null,null,null,null,26,Clear,odour free,7.41,870,null,null,null,null,.186,6.3,null,null,0,381.5,339.806,193.5,.076,.13,77.4,35.113,43.01,48.093,79.875,33.12,0,465.43,null,null,null
38,01/12/1999,04/12/1999,null,null,null,7.15,20.5,Brown,odour free,8.01,350,null,null,null,null,null,5.6,null,null,0,110,150.4,77.5,0,.11,31,17.496,5.98,3.519,13.845,21.6,0,134.2,null,null,null
39,01/01/2000,05/01/2000,null,null,null,null,21.5,Clear,odour free,7.52,880,null,null,null,null,.124,6.1,null,null,0,401.5,370.125,198,.076,.12,79.2,41.31,45.08,47.311,90.17,33.6,0,489.83,null,null,null
40,01/01/2000,05/01/2000,null,null,null,7.03,17,Clear,odour free,8.02,360,null,null,null,null,.001,5.6,null,null,0,122,163.35,94.5,0,.09,37.8,16.524,6.44,2.737,13.845,23.04,0,148.84,null,null,null
41,01/02/2000,04/02/2000,null,null,null,null,21,Clear,odour free,7.65,870,null,null,null,null,.155,6.6,null,null,3.984,413,309.25,167.5,.057,.14,67,34.02,46.92,51.221,126.025,35.52,4.8,494.1,null,null,null
42,01/02/2000,04/02/2000,null,null,null,6.96,17,Clear,odour free,8.32,360,null,null,null,null,.001,5.5,null,null,0,130,167.506,86,0,.14,34.4,19.562,6.44,3.128,13.845,24,0,158.6,null,null,null
43,01/03/2000,04/03/2000,null,null,null,null,22,Clear,odour free,7.69,1080,null,null,null,null,.124,6.9,null,null,7.968,460.5,322.7,185,.133,.19,74,33.048,51.06,56.304,129.93,36.96,9.6,542.29,null,null,null
44,01/03/2000,04/03/2000,null,null,null,7.35,18.5,Clear,odour free,8.12,340,null,null,null,null,.001,5.8,null,null,0,137.5,167.563,81.5,0,.09,32.6,20.655,6.21,2.737,15.975,24.48,0,167.75,null,null,null
45,01/04/2000,05/04/2000,null,null,null,null,23,Clear,odour free,8.36,1000,null,null,null,null,.124,6.8,null,null,7.968,460.5,382.731,202,.133,.2,80.8,43.375,59.11,62.169,144.13,40.32,9.6,542.29,null,null,null
46,01/04/2000,05/04/2000,null,null,null,7.94,25.5,Clear,odour free,8.43,360,null,null,null,null,null,5.9,null,null,0,149.5,176.113,86,0,.11,34.4,21.627,7.13,3.128,18.105,25.44,0,182.39,null,null,null
47,01/05/2000,04/05/2000,null,null,null,null,25,Clear,odour free,8.46,830,null,null,null,null,.093,7,null,null,7.968,476.5,399.781,215,.133,.23,86,44.347,55.89,65.297,150.165,38.88,9.6,561.81,null,null,null
48,01/05/2000,04/05/2000,null,null,null,7.09,29,Clear,odour free,8.51,280,null,null,null,null,null,5.9,null,null,0,153.5,172.063,86,0,.14,34.4,20.655,7.13,3.128,19.88,27.84,0,187.27,null,null,null
49,01/06/2000,05/06/2000,null,null,null,null,24.5,Clear,odour free,7.61,1260,null,null,null,null,null,6.5,null,null,0,755.302,335.388,142,.342,.25,56.8,46.413,62.79,117.3,94.075,14.88,0,460.55,null,null,null
50,01/06/2000,05/06/2000,null,null,null,6.44,28.5,Light Brown,odour free,8.29,250,null,null,null,null,null,5.5,null,null,11.952,103.08,137.456,60,0,.11,24,18.59,3.45,3.91,13.845,72,14.4,48.19,null,null,null
51,01/07/2000,05/07/2000,null,null,null,null,28.5,Clear,odour free,8.24,760,null,null,null,null,null,6,null,null,0,732.293,279.413,124.5,.494,.19,49.8,37.179,51.98,78.2,91.945,30.72,0,446.52,null,null,null
52,01/07/2000,05/07/2000,null,null,null,6.37,28,Brown,odour free,8.48,200,null,null,null,null,null,5.5,null,null,0,181.072,128.85,60,0,.14,24,16.524,3.45,5.083,15.975,27.84,0,110.41,null,null,null
53,01/08/2000,04/08/2000,null,null,null,null,28,Clear,odour free,7.54,720,null,null,null,null,null,6,null,null,0,567.227,266.644,133.5,.608,.15,53.4,31.955,52.9,63.342,68.16,36,0,345.87,null,null,null
54,01/08/2000,04/08/2000,null,null,null,6.35,25,Brown,odour free,8.08,156,null,null,null,null,null,6,null,null,3.984,173.082,94.475,56,0,.08,22.4,9.234,1.15,3.519,13.845,24,4.8,100.65,null,null,null
55,01/09/2000,05/09/2000,null,null,null,null,29,Clear,odour free,8.06,690,null,null,null,null,null,6,null,null,7.968,480.218,296.75,155,.494,.12,62,34.02,31.97,50.048,63.9,33.6,9.6,283.04,null,null,null
56,01/09/2000,05/09/2000,null,null,null,6.83,26,Brown,odour free,8.16,180,null,null,null,null,null,4.6,null,null,3.984,126.063,137.475,99,0,.08,39.6,9.234,1.61,3.519,12.07,24.48,4.8,71.98,null,null,null
57,03/10/2000,05/10/2000,null,null,null,null,28,Clear,odour free,7.66,820,null,null,null,null,null,6,null,null,7.968,551.246,305.038,180.5,.399,.12,72.2,29.889,43.01,64.124,73.84,31.68,9.6,326.35,null,null,null
58,03/10/2000,05/10/2000,null,null,null,7.15,25,Brown,odour free,8.34,200,null,null,null,0,null,5,null,null,7.968,158.089,146.137,94.5,0,.08,37.8,12.393,2.99,3.128,13.845,36.48,9.6,86.62,null,null,null
59,01/11/2000,04/11/2000,null,null,null,null,26,Clear,odour free,7.5,1230,null,null,null,null,null,6,null,null,11.952,535.252,322.144,189,.399,.12,75.6,31.955,42.09,51.221,79.875,37.44,14.4,311.71,null,null,null
60,01/11/2000,04/11/2000,null,null,null,7.25,23,Brown,odour free,8.1,230,null,null,null,null,null,5.6,null,null,11.952,205.12,159.35,90.5,0,.12,36.2,16.524,4.14,3.128,18.105,24.96,14.4,110.41,null,null,null
61,01/12/2000,04/12/2000,null,null,null,null,20.5,Clear,odour free,7.4,580,null,null,null,null,null,6.5,null,null,0,755.302,335.388,142,.342,.25,56.8,46.413,62.79,117.3,94.075,14.88,0,460.55,null,null,null
62,01/12/2000,04/12/2000,null,null,null,7.55,20,Clear,odour free,8.05,300,null,null,null,null,null,5.6,null,null,15.936,213.136,150.294,86,0,.12,34.4,15.431,4.6,3.519,19.88,29.28,19.2,110.41,null,null,null
63,01/01/2001,05/01/2001,null,null,null,null,26.5,Clear,odour free,7.66,770,null,null,null,null,null,6.6,null,null,11.952,614.284,365.413,210.5,.209,.12,84.2,37.179,63.02,101.269,91.945,41.76,14.4,359.9,null,null,null
64,01/01/2001,05/01/2001,null,null,null,7.81,17,Clear,odour free,8.46,270,null,null,null,null,null,5,null,null,11.952,229.13,150.4,77.5,0,.12,31,17.496,8.51,7.82,15.975,30.24,14.4,125.05,null,null,null
65,01/02/2001,05/02/2001,null,null,null,null,21,Clear,odour free,7.87,820,null,null,null,null,null,6.6,null,null,15.936,646.31,416.888,223.5,.304,.14,89.4,46.413,66.93,112.217,101.885,45.6,19.2,374.54,null,null,null
66,01/02/2001,05/02/2001,null,null,null,7.75,18,Clear,odour free,8.22,290,null,null,null,null,null,5.6,null,null,15.936,244.149,159.006,77.5,0,.12,31,19.562,9.89,8.211,18.105,31.2,19.2,129.32,null,null,null
67,01/03/2001,05/03/2001,null,null,null,null,21,Clear,odour free,8.41,650,null,null,null,null,null,6,null,null,11.952,646.297,438.419,202,.209,.14,80.8,56.741,65.09,114.172,116.085,51.36,14.4,379.42,null,null,null
68,01/03/2001,05/03/2001,null,null,null,7.75,19.5,Clear,odour free,8.43,290,null,null,null,null,null,5.5,null,null,11.952,268.146,167.563,81.5,0,.1,32.6,20.655,10.12,8.211,22.01,31.68,14.4,148.84,null,null,null
69,03/04/2001,07/04/2001,null,null,null,null,23,Clear,odour free,8.5,640,null,null,null,null,null,6.5,null,null,15.936,638.306,442.919,206.5,.304,.14,82.6,56.741,62.1,116.127,116.085,51.36,19.2,369.66,null,null,null
70,03/04/2001,07/04/2001,null,null,null,7.75,23.5,Clear,odour free,8.45,290,null,null,null,null,null,5.5,null,null,11.952,268.146,172.169,77.5,0,.1,31,22.721,10.35,8.211,18.105,32.16,14.4,148.84,null,null,null
71,01/05/2001,04/05/2001,null,null,null,null,25,Clear,odour free,8.38,650,null,null,null,null,null,6.5,null,null,15.936,614.297,299.313,71.5,.209,.12,28.6,54.675,63.02,111.435,111.825,48.48,19.2,355.02,null,null,null
72,01/05/2001,04/05/2001,null,null,null,7.81,28.5,Clear,odour free,8.44,280,null,null,null,null,null,5.5,null,null,7.968,268.133,163.563,77.5,0,.1,31,20.655,10.35,8.211,18.105,31.68,9.6,153.72,null,null,null
73,01/06/2001,04/06/2001,null,null,null,7.61,30,Light Brown,odour free,8.42,240,null,null,null,null,null,6,null,null,15.936,229.143,163.4,90.5,0,.12,36.2,17.496,9.89,7.82,22.01,31.2,19.2,120.17,null,null,null
74,01/06/2001,04/06/2001,null,null,null,null,26.5,Clear,odour free,8.2,970,null,null,null,null,null,6.5,null,null,0,622.249,438.556,150.5,.209,.12,60.2,69.133,51.98,85.238,104.015,51.36,0,379.42,null,null,null
75,02/07/2001,05/07/2001,null,null,null,null,27.5,Clear,odour free,8.16,940,null,null,null,null,null,6.5,null,null,null,null,387.188,129,.209,.12,51.6,61.965,46.92,84.065,111.825,47.52,0,388.57,null,null,null
76,02/07/2001,05/07/2001,null,null,null,7.55,27,Light Brown,odour free,8.29,180,null,null,null,null,null,5.5,null,null,11.952,252.139,146.35,77.5,0,.08,31,16.524,9.66,7.429,18.105,29.28,14.4,139.08,null,null,null
77,01/08/2001,04/08/2001,null,null,null,null,27,Clear,odour free,7.8,690,null,null,null,null,null,6,null,null,3.984,661.277,352.6,142,.209,.12,56.8,50.544,34.04,62.169,63.9,52.32,4.8,398.33,null,null,null
78,01/08/2001,04/08/2001,null,null,null,7.75,27,Light Brown,odour free,8.11,230,null,null,null,0,null,5.5,null,null,7.968,236.12,141.85,73,0,.001,29.2,16.524,4.37,5.865,15.975,25.44,9.6,134.2,null,null,null
79,01/09/2001,05/09/2001,null,null,null,null,28,Clear,odour free,7.99,720,null,null,null,null,null,6.5,null,null,7.968,622.274,344.156,129,.095,.1,51.6,51.638,40.94,69.989,69.935,50.4,9.6,369.66,null,null,null
80,01/09/2001,05/09/2001,null,null,null,7.75,28,Light Brown,odour free,8.04,210,null,null,null,null,null,6,null,null,7.968,244.123,133.244,73,0,.001,29.2,14.458,3.91,4.692,15.975,25.92,9.6,139.08,null,null,null
81,01/10/2001,05/10/2001,null,null,null,null,29,Clear,odour free,8.1,760,null,null,null,null,null,6.5,null,null,7.968,614.271,369.869,137.5,.209,.12,55,55.769,43.01,72.335,79.875,51.36,9.6,364.78,null,null,null
82,01/10/2001,05/10/2001,null,null,null,7.75,29,Light Brown,odour free,8.07,330,null,null,null,0,null,6,null,null,11.952,244.136,146.35,77.5,0,.04,31,16.524,3.91,5.083,18.105,25.92,14.4,134.2,null,null,null
83,01/11/2001,05/11/2001,null,null,null,null,25.5,Clear,odour free,8.11,740,null,null,null,null,null,6.5,null,null,11.952,583.272,378.419,142,.095,.1,56.8,56.741,45.08,73.117,84.135,51.36,14.4,340.99,null,null,null
84,01/11/2001,05/11/2001,null,null,null,7.55,24,Clear,odour free,8.11,320,null,null,null,null,null,5.5,null,null,3.984,268.12,154.4,81.5,0,.06,32.6,17.496,3.91,5.474,15.975,26.4,4.8,158.6,null,null,null
85,01/12/2001,03/12/2001,null,null,null,null,24,Clear,odour free,8.15,750,null,null,null,null,null,6.5,null,null,11.952,575.268,382.869,150.5,.209,.12,60.2,55.769,46.92,75.072,88.04,51.84,14.4,336.11,null,null,null
86,01/12/2001,03/12/2001,null,null,null,7.75,19.5,Clear,odour free,8.18,330,null,null,null,null,null,6,null,null,7.968,268.133,154.956,77.5,0,.06,31,18.59,4.14,5.474,18.105,26.4,9.6,153.72,null,null,null
87,01/01/2002,04/01/2002,null,null,null,null,23,Clear,odour free,8.17,700,null,null,null,null,null,6,null,null,15.936,622.3,418.25,155,.209,.1,62,63.18,51.98,86.411,104.015,52.32,19.2,359.9,null,null,null
88,01/01/2002,04/01/2002,null,null,null,7.75,15,Clear,odour free,8.25,370,null,null,null,null,null,6,null,null,7.968,260.13,150.456,73,0,.1,29.2,18.59,4.37,5.474,19.88,26.4,9.6,148.84,null,null,null
89,01/02/2002,04/02/2002,null,null,null,null,19,Clear,odour free,8.22,640,null,null,null,null,null,6,null,null,3.984,457.196,322.356,172,0,.1,68.8,36.085,14.95,12.121,79.875,57.6,4.8,273.89,null,null,null
90,01/02/2002,04/02/2002,null,null,null,7.55,15,Clear,odour free,8.25,310,null,null,null,null,null,6.5,null,null,0,346.138,150.35,81.5,.095,.06,32.6,16.524,3.45,1.955,18.105,25.92,0,211.06,null,null,null
91,01/03/2002,04/03/2002,null,null,null,null,22.5,Clear,odour free,8.27,750,null,null,null,null,null,6,null,null,7.968,441.202,331.413,176.5,0,.12,70.6,37.179,16.1,12.903,104.015,58.56,9.6,259.25,null,null,null
92,01/03/2002,04/03/2002,null,null,null,7.61,20,Clear,odour free,8.3,350,null,null,null,0,null,6,null,null,7.968,268.133,150.4,77.5,0,.08,31,17.496,3.68,1.955,19.88,25.92,9.6,153.72,null,null,null
93,01/04/2002,04/04/2002,null,null,null,null,25.5,Clear,odour free,8.25,880,null,null,null,null,null,8.2,null,null,7.968,457.208,339.462,180.5,.095,.001,72.2,38.151,42.09,48.093,111.825,229.92,9.6,269.01,null,null,null
94,01/04/2002,04/04/2002,null,null,null,7.42,26.5,Clear,odour free,8.19,340,null,null,null,null,null,7.4,null,null,3.984,331.145,163.006,81.5,.209,.001,32.6,19.562,4.83,2.737,19.88,27.36,4.8,197.03,null,null,null
95,01/05/2002,04/05/2002,null,null,null,null,25.5,Clear,odour free,8.2,890,null,null,null,null,null,8,null,null,0,622.249,438.556,150.5,.209,.001,60.2,69.133,51.98,85.238,104.015,51.36,0,379.42,null,null,null
96,01/05/2002,04/05/2002,null,null,null,7.37,28,Clear,odour free,8.17,340,null,null,null,null,null,6.2,null,null,15.936,229.143,163.4,90.5,0,.001,36.2,17.496,9.89,7.82,22.01,31.2,19.2,120.17,null,null,null
97,01/06/2002,04/06/2002,null,null,null,null,26.5,Clear,odour free,7.87,920,null,null,null,null,null,12.4,null,null,0,567.227,361.313,133.5,0,.12,53.4,54.675,25.99,41.055,82.005,198.24,0,345.87,null,null,null
98,01/06/2002,04/06/2002,null,null,null,7.15,32,Clear,odour free,8.06,280,null,null,null,null,null,5.6,null,null,0,197.079,150.563,64.5,.095,.08,25.8,20.655,2.53,2.346,15.975,21.6,0,120.17,null,null,null
99,01/07/2002,04/07/2002,null,null,null,null,27,Clear,odour free,7.9,2300,null,null,null,null,null,13,null,null,0,567.227,339.656,124.5,0,.12,49.8,51.638,23.92,37.927,85.91,208.8,0,345.87,null,null,null
100,01/07/2002,04/07/2002,null,null,null,6.67,27,Brown,odour free,8.22,220,null,null,null,null,null,5.4,null,null,0,189.076,137.506,56,0,.08,22.4,19.562,2.3,2.737,13.845,22.56,0,115.29,null,null,null
101,01/08/2002,05/08/2002,null,null,null,null,25.5,Clear,odour free,8.02,740,null,null,0,null,null,12.5,null,null,0,567.227,300.962,142,0,.12,56.8,38.151,42.09,34.017,79.875,140.16,0,345.87,null,null,null
102,01/08/2002,05/08/2002,null,null,null,6.87,27,Brown,odour free,8.48,240,null,null,null,null,null,8.4,null,null,0,165.066,146.456,69,0,.02,27.6,18.59,1.61,3.128,15.975,22.08,0,100.65,null,null,null
103,02/09/2002,05/09/2002,null,null,null,null,24,Clear,odour free,7.81,890,null,null,null,null,null,40,null,null,0,551.22,313.781,129,0,.08,51.6,44.347,51.98,100.096,84.135,145.92,0,336.11,null,null,null
104,02/09/2002,05/09/2002,null,null,null,7.35,25,Brown,odour free,8.04,180,null,null,null,null,null,5,null,null,0,157.063,150.456,73,0,.001,29.2,18.59,2.53,5.474,13.845,21.6,0,95.77,null,null,null
105,01/10/2002,04/10/2002,null,null,null,null,23,Clear,odour free,7.6,680,null,null,null,null,null,43,null,null,0,574.23,322.837,133.5,.114,.1,53.4,45.441,55.89,97.359,85.91,147.84,0,350.14,null,null,null
106,01/10/2002,04/10/2002,null,null,null,7.39,23,Brown,odour free,8.15,260,null,null,null,null,null,5.2,null,null,0,150.06,158.956,81.5,0,.1,32.6,18.59,2.76,5.474,15.975,21.6,0,91.5,null,null,null
107,01/11/2002,06/11/2002,null,null,null,null,22,Clear,odour free,7.91,700,null,null,null,null,null,20,null,null,3.984,590.249,365.206,146,.209,.12,58.4,52.61,57.96,99.314,111.825,143.04,4.8,355.02,null,null,null
108,01/11/2002,06/11/2002,null,null,null,7.62,21,Clear,odour free,8.51,280,null,null,null,null,null,6,null,null,0,157.063,163.456,86,0,.1,34.4,18.59,2.76,5.474,18.105,22.56,0,95.77,null,null,null
109,02/12/2002,05/12/2002,null,null,null,null,20,Clear,odour free,7.87,710,null,null,null,null,null,25,null,null,3.984,606.255,387.131,133.5,.209,.1,53.4,60.871,60.95,94.231,63.9,156.96,4.8,364.78,null,null,null
110,02/12/2002,05/12/2002,null,null,null,7.81,20.5,Clear,odour free,8.35,320,null,null,null,null,null,.32,null,null,7.968,307.148,197.669,103,0,.08,41.2,22.721,3.45,5.474,18.105,24,9.6,177.51,null,null,null
111,01/01/2003,04/01/2003,null,null,null,null,16,Clear,odour free,8.41,620,null,null,null,null,null,30,null,null,3.984,614.258,395.688,137.5,.304,.12,55,61.965,65.09,99.314,73.84,165.12,4.8,369.66,null,null,null
112,01/01/2003,04/01/2003,null,null,null,7.52,16,Clear,odour free,8.56,290,null,null,null,null,null,5.2,null,null,7.968,323.155,202.275,99,.095,.12,39.6,24.786,3.68,5.474,18.105,24.48,9.6,187.27,null,null,null
113,01/02/2003,05/02/2003,null,null,null,null,15,Clear,odour free,8.3,660,null,null,null,null,null,23,null,null,3.984,638.268,408.794,142,.209,.1,56.8,64.031,29.9,46.92,79.875,162.24,4.8,384.3,null,null,null
114,01/02/2003,05/02/2003,null,null,null,7.41,18,Clear,odour free,8.53,320,null,null,null,null,null,6,null,null,7.968,331.158,206.275,103,0,.12,41.2,24.786,5.29,3.519,18.105,24,9.6,192.15,null,null,null
115,01/03/2003,05/03/2003,null,null,null,null,16,Clear,odour free,7.69,700,null,null,null,null,null,20,null,null,3.984,645.271,408.344,137.5,.304,.18,55,65.003,37.03,53.176,85.91,176.16,4.8,388.57,null,null,null
116,01/03/2003,05/03/2003,null,null,null,7.55,21.5,Clear,odour free,8.27,300,null,null,null,null,null,6,null,null,7.968,331.158,202.275,99,0,.1,39.6,24.786,3.68,1.955,18.105,23.52,9.6,192.15,null,null,null
117,01/04/2003,04/04/2003,null,null,null,null,20.5,Clear,odour free,7.9,820,null,null,null,null,null,23,null,null,7.968,630.278,421.4,146,.304,.14,58.4,66.096,33.12,52.394,100.11,180,9.6,374.54,null,null,null
118,01/04/2003,04/04/2003,null,null,null,7.62,21,Clear,odour free,8.4,390,null,null,null,null,null,6,null,null,3.984,331.145,206.381,94.5,0,.1,37.8,26.851,5.29,5.083,19.88,24,4.8,197.03,null,null,null
119,01/05/2003,05/05/2003,null,null,null,null,22,Clear,odour free,7.85,890,null,null,null,null,null,20,null,null,7.968,638.281,412.794,146,.304,.16,58.4,64.031,37.95,61.778,106.145,188.16,9.6,379.42,null,null,null
120,01/05/2003,05/05/2003,null,null,null,7.35,23.5,Clear,odour free,8.39,270,null,null,null,null,null,7,null,null,3.984,338.148,197.825,90.5,0,.12,36.2,25.758,5.52,5.083,19.88,26.4,4.8,201.3,null,null,null
121,02/06/2003,11/06/2003,null,null,null,6.77,26,Clear,odour free,8.31,380,null,null,null,null,null,5.4,null,null,0,268.107,163.563,77.5,0,.08,31,20.655,6.21,4.692,22.01,29.28,0,163.48,null,null,null
122,01/07/2003,04/07/2003,null,null,null,null,24,Clear,odour free,8.38,1000,null,null,null,null,null,null,null,null,0,559.224,249.325,142,.152,.2,56.8,25.758,29.9,52.394,63.9,143.04,0,340.99,null,null,null
123,01/07/2003,04/07/2003,null,null,null,7.05,26,Clear,odour free,8.15,300,null,null,null,null,null,2.8,null,null,0,181.072,141.85,73,0,.001,29.2,16.524,1.84,3.519,19.88,27.84,0,110.41,null,null,null
124,01/08/2003,05/08/2003,null,null,null,null,23,Clear,odour free,7.59,940,null,null,null,null,null,null,null,null,0,606.242,266.431,150.5,.152,.1,60.2,27.823,36.11,55.913,69.935,152.16,0,369.66,null,null,null
125,01/08/2003,05/08/2003,null,null,null,7.22,27,Clear,odour free,8.09,280,null,null,null,null,null,4.6,null,null,null,null,145.9,73,0,.001,29.2,17.496,1.38,2.737,15.975,26.88,0,100.65,null,null,null
126,01/09/2003,05/09/2003,null,null,null,null,22,Clear,odour free,7.9,790,null,null,null,null,null,null,null,null,0,574.23,296.987,176.5,.114,.2,70.6,28.917,16.56,32.453,51.83,160.8,0,350.14,null,null,null
127,01/09/2003,05/09/2003,null,null,null,7.62,26,Clear,odour free,8.15,290,null,null,null,null,null,5.3,null,null,0,189.076,141.794,77.5,0,.001,31,15.431,.69,2.346,9.94,26.4,0,115.29,null,null,null
128,01/10/2003,07/10/2003,null,null,null,null,22,Clear,odour free,7.87,880,null,null,null,null,null,null,null,null,0,637.255,322.381,210.5,.114,.2,84.2,26.851,42.78,67.252,73.84,182.88,0,388.57,null,null,null
129,01/10/2003,07/10/2003,null,null,null,7.62,24,Clear,odour free,8.38,310,null,null,null,null,null,5.4,null,null,0,181.072,137.188,81.5,0,.001,32.6,13.365,3.68,2.346,13.845,27.36,0,110.41,null,null,null
130,01/11/2003,05/11/2003,null,null,null,null,21.5,Clear,odour free,7.8,800,null,null,null,null,null,null,null,null,3.984,716.299,339.431,223.5,.114,.3,89.4,27.823,27.37,37.536,63.9,188.16,4.8,431.88,null,null,null
131,01/11/2003,05/11/2003,null,null,null,7.68,22.5,Clear,odour free,8.19,320,null,null,null,null,null,5.1,null,null,0,205.082,146.244,86,0,.001,34.4,14.458,3.68,1.564,18.105,27.36,0,125.05,null,null,null
132,01/12/2003,04/12/2003,null,null,null,null,19,Clear,odour free,8.01,780,null,null,null,null,null,null,null,null,0,582.233,352.6,142,.247,.4,56.8,50.544,31.28,46.92,57.865,192,0,355.02,null,null,null
133,01/12/2003,04/12/2003,null,null,null,7.75,20,Clear,odour free,8.01,370,null,null,null,null,null,5.2,null,null,0,315.126,180.669,86,0,.001,34.4,22.721,6.44,2.737,19.88,27.84,0,192.15,null,null,null
134,01/01/2004,05/01/2004,null,null,null,null,16,Clear,odour free,8.05,900,null,null,null,null,null,null,null,null,0,606.242,369.763,146,.247,.4,58.4,53.703,32.2,48.093,62.125,194.88,0,369.66,null,null,null
135,01/01/2004,05/01/2004,null,null,null,null,17,Clear,odour free,8.02,300,null,null,null,null,null,5.4,null,null,0,330.132,193.775,90.5,0,.001,36.2,24.786,6.67,3.128,19.88,27.84,0,201.3,null,null,null
136,03/02/2004,06/02/2004,null,null,null,null,18,Clear,odour free,8.04,310,null,null,null,null,null,null,null,null,3.984,638.268,378.313,150.5,.247,.3,60.2,54.675,36.57,57.477,66.03,198.24,4.8,384.3,null,null,null
137,03/02/2004,06/02/2004,null,null,null,null,15,Clear,odour free,8.04,310,null,null,null,0,null,5.3,null,null,0,315.126,206.325,99,0,.001,39.6,25.758,6.9,3.128,22.01,27.84,0,192.15,null,null,null
138,01/03/2004,04/03/2004,null,null,null,null,21,Clear,odour free,8.08,1900,null,null,null,null,null,null,null,null,7.968,693.303,391.419,155,.095,.4,62,56.741,36.8,58.65,72.313,203.04,9.6,412.97,null,null,null
139,01/03/2004,04/03/2004,null,null,null,null,22.8,Clear,odour free,8.13,500,null,null,null,null,null,6,null,null,0,291.116,210.325,103,0,.1,41.2,25.758,6.9,3.128,19.88,28.32,0,177.51,null,null,null
140,01/04/2004,07/04/2004,null,null,null,null,24,Clear,odour free,7.83,2000,null,null,null,null,null,null,null,null,7.968,708.309,404.025,159,.095,.3,63.6,58.806,45.31,55.522,97.98,225.12,9.6,422.12,null,null,null
141,01/04/2004,07/04/2004,null,null,null,null,25.5,Clear,odour free,8.22,530,null,null,null,null,null,6.1,null,null,3.984,291.129,219.381,107.5,0,.1,43,26.851,7.59,4.692,19.88,31.68,4.8,172.63,null,null,null
142,01/05/2004,06/05/2004,null,null,null,null,27,Clear,odour free,8.15,1070,null,null,null,null,null,null,null,null,11.952,724.328,425.688,167.5,.209,.3,67,61.965,60.26,79.764,57.865,240.96,14.4,427,null,null,null
143,01/05/2004,06/05/2004,null,null,null,null,26,Clear,odour free,8.52,480,null,null,null,null,null,6,null,null,3.984,307.136,219.381,107.5,0,.2,43,26.851,8.05,5.865,19.88,32.16,4.8,182.39,null,null,null
144,01/06/2004,05/06/2004,null,null,null,null,28,Clear,odour free,8.04,1230,null,null,null,null,null,51,null,null,7.968,701.306,404.581,155,.304,.3,62,59.9,34.73,62.169,63.9,249.12,9.6,417.85,null,null,null
145,01/06/2004,05/06/2004,null,null,null,7.35,26,Clear,odour free,8.4,420,null,null,null,null,null,5.8,null,null,0,291.116,206.325,99,0,.2,39.6,25.758,6.21,5.474,19.88,32.64,0,177.51,null,null,null
146,01/07/2004,02/07/2004,null,null,null,null,29,Clear,odour free,7.95,1460,null,null,null,null,null,19.2,null,null,19.92,551.284,275.144,142,.494,.2,56.8,31.955,27.83,56.695,46.15,12.48,24,311.71,null,null,null
147,01/07/2004,02/07/2004,null,null,null,7.15,31,Brown,odour free,8.37,420,null,null,null,null,null,4.8,null,null,7.968,189.101,159.006,77.5,0,.1,31,19.562,1.61,1.955,18.105,43.2,9.6,105.53,null,null,null
148,02/08/2004,03/08/2004,null,null,null,null,27,Clear,odour free,7.7,1190,null,null,null,null,null,18,null,null,7.968,732.318,262.594,133.5,.494,.2,53.4,30.983,31.51,63.342,59.995,13.44,9.6,436.76,null,null,null
149,02/08/2004,03/08/2004,null,null,null,7.35,27,Brown,odour free,8.05,310,null,null,null,null,null,5,null,null,0,244.098,146.456,69,0,.1,27.6,18.59,1.84,1.955,15.975,39.84,0,148.84,null,null,null
150,01/09/2004,02/09/2004,null,null,null,null,27,Clear,odour free,7.8,1180,null,null,null,null,null,26.5,null,null,0,1212.485,343.675,167.5,.741,.2,67,42.282,42.55,78.591,63.9,6.72,0,739.32,null,null,null
151,01/09/2004,02/09/2004,null,null,null,7.45,27,Light Brown,odour free,8.01,340,null,null,null,null,null,3,null,null,0,283.113,137.506,56,0,.2,22.4,19.562,1.15,2.346,13.845,60.48,0,172.63,null,null,null
152,01/10/2004,04/10/2004,null,null,null,null,25,Clear,odour free,7.95,1150,null,null,null,null,null,18.5,null,null,0,1267.507,382.419,146,.741,.25,58.4,56.741,25.99,51.221,51.83,1.92,0,772.87,null,null,null
153,01/10/2004,04/10/2004,null,null,null,7.45,28,Brown,odour free,7.77,340,null,null,null,null,null,6.1,null,null,7.968,331.158,146.456,69,0,.25,27.6,18.59,2.53,4.301,12.07,16.8,9.6,192.15,null,null,null
154,01/11/2004,02/11/2004,null,null,null,null,24,Clear,odour free,7.8,1030,null,null,null,null,null,17.5,null,null,0,1259.504,318.413,163.5,.741,.2,65.4,37.179,39.1,47.311,53.96,2.88,0,767.99,null,null,null
155,01/11/2004,02/11/2004,null,null,null,7.45,22,Clear,odour free,8.46,340,null,null,null,null,null,6,null,null,11.952,307.161,83.069,77.5,0,.2,31,1.337,2.99,4.301,12.07,17.28,14.4,172.63,null,null,null
156,01/12/2004,02/12/2004,null,null,null,null,22,Clear,odour free,null,null,null,null,null,null,null,null,null,null,null,null,374.337,185,.494,null,74,45.441,34.96,50.048,57.865,5.76,4.8,691.13,null,null,null
157,01/12/2004,02/12/2004,null,null,null,null,18,Clear,odour free,8.37,390,null,null,null,null,null,6,null,null,11.952,299.158,154.506,73,0,.2,29.2,19.562,2.99,3.91,13.845,19.68,14.4,167.75,null,null,null
158,01/01/2005,04/01/2005,null,null,null,null,17,Clear,odour free,7.94,900,null,null,null,null,null,12,null,null,0,1015.406,344.069,176.5,.494,.2,70.6,40.216,37.95,57.086,69.935,3.84,0,619.15,null,null,null
159,01/01/2005,04/01/2005,null,null,null,null,15,Clear,odour free,8.37,360,null,null,null,null,null,5.4,null,null,0,496.198,206.431,90.5,0,.2,36.2,27.823,8.51,5.083,15.975,21.6,0,302.56,null,null,null
160,01/02/2005,04/02/2005,null,null,null,null,17,Clear,odour free,8,910,null,null,null,null,null,16,null,null,7.968,952.406,347.962,189,.741,.2,75.6,38.151,45.08,62.169,82.005,5.28,9.6,570.96,null,null,null
161,01/02/2005,04/02/2005,null,null,null,null,15,Clear,odour free,8.26,360,null,null,null,null,null,5.9,null,null,0,433.173,197.825,90.5,0,.2,36.2,25.758,8.05,5.083,18.105,25.44,0,264.13,null,null,null
162,01/03/2005,02/03/2005,null,null,null,null,17,Clear,odour free,7.7,1100,null,null,null,null,null,11,null,null,31.872,1032.515,352.462,193.5,.95,.12,77.4,38.151,31.05,60.996,59.995,3.36,38.4,590.48,null,null,null
163,01/03/2005,02/03/2005,null,null,null,null,18,Clear,odour free,8.27,470,null,null,null,null,null,5.7,null,null,11.952,449.218,215.275,112,0,.08,44.8,24.786,7.82,6.256,13.845,37.44,14.4,259.25,null,null,null
164,01/04/2005,02/04/2005,null,null,null,null,22,Clear,odour free,8.21,1130,null,null,null,null,null,16,null,null,35.856,1056.538,369.569,202,.741,.14,80.8,40.216,34.04,65.297,62.125,3.36,43.2,600.24,null,null,null
165,01/04/2005,02/04/2005,null,null,null,null,24,Clear,odour free,7.25,380,null,null,null,null,null,5.8,null,null,11.952,457.221,197.613,107.5,0,.08,43,21.627,8.05,6.256,18.105,37.92,14.4,264.13,null,null,null
166,01/05/2005,,null,null,null,null,null,null,null,null,null,null,null,null,null,null,null,null,null,null,null,null,null,null,null,null,null,null,null,null,null,null,null,null,null,null
167,02/05/2005,04/05/2005,null,null,null,null,25,Clear,odour free,8.2,1240,null,null,null,null,null,17,null,null,39.84,1064.554,391.231,210.5,.646,.12,84.2,43.375,34.96,56.304,62.125,4.32,48,600.24,null,null,null
168,02/05/2005,04/05/2005,null,null,null,null,26,Clear,odour free,7.45,400,null,null,null,null,null,6,null,null,15.936,481.244,206.669,112,0,.08,44.8,22.721,8.74,6.256,19.88,38.4,19.2,273.89,null,null,null
169,01/06/2005,02/06/2005,null,null,null,null,25,Clear,odour free,7.5,1170,null,null,null,null,null,20,null,null,null,null,404.281,219.5,.627,.1,87.8,44.347,34.96,56.304,63.9,6.72,0,537.41,null,null,null
170,01/06/2005,02/06/2005,null,8,440,7.65,26,Clear,odour free,7.62,460,231,null,null,null,null,6.1,null,null,19.92,308.187,206.669,112,0,.1,44.8,22.721,5.98,3.128,19.88,36.48,24,163.48,null,null,null
171,01/07/2005,04/07/2005,null,null,null,null,26,Clear,odour free,7.91,1170,null,null,null,null,null,14,null,null,null,null,326.538,202,.551,.014,80.8,29.889,47.61,86.802,84.135,13.44,19.2,546.56,null,null,null
172,01/07/2005,04/07/2005,null,7.8,null,7.25,27,Other,odour free,8.26,300,200,null,null,null,null,4.7,null,null,0,216.086,133.188,77.5,.209,.09,31,13.365,2.07,3.519,18.105,44.16,0,131.76,null,null,null
173,01/08/2005,02/08/2005,null,7.5,null,7.4,27,Other,odour free,7.9,320,186,null,null,null,null,6,null,null,0,256.102,107.475,69,0,.08,27.6,9.234,2.53,4.692,15.975,32.16,0,156.16,null,null,null
174,01/09/2005,02/09/2005,null,null,null,null,26,Clear,odour free,8.07,1060,null,null,null,null,null,22.5,null,null,null,null,331.306,185,1.292,.2,74,35.113,48.76,59.041,69.935,42.24,0,590.48,null,null,null
175,01/09/2005,02/09/2005,null,null,356,7.25,27,Clear,odour free,8.25,280,200,null,null,null,null,5,null,null,0,248.099,128.85,60,.057,.2,24,16.524,2.3,2.346,12.07,30.24,0,151.28,null,null,null
176,01/10/2005,03/10/2005,null,null,null,null,23,Clear,odour free,8.13,947,null,null,null,null,null,20,null,null,null,null,344.019,180.5,.494,.2,72.2,39.244,48.76,60.996,68.16,26.4,9.6,507.52,null,null,null
177,01/10/2005,03/10/2005,null,7.3,359,7.45,24,Other,odour free,8.09,239,200,null,null,null,null,8.4,null,null,3.984,240.109,133.35,64.5,0,.2,25.8,16.524,3.22,3.91,8.165,27.84,4.8,141.52,null,null,null
178,10/11/2005,11/11/2005,null,null,null,null,22,Clear,odour free,8.3,1000,null,null,null,null,null,16,null,null,15.936,832.384,339.462,180.5,.494,.2,72.2,38.151,48.76,61.387,69.935,30.24,19.2,488,null,null,null
179,10/11/2005,11/11/2005,null,7.5,null,7.45,20,Clear,odour free,8.5,295,218,null,null,null,null,3,null,null,7.968,416.192,133.244,73,.057,.2,29.2,14.458,4.6,4.692,12.07,19.68,9.6,244,null,null,null
180,01/12/2005,02/12/2005,null,null,null,null,19,Clear,odour free,7.8,642,null,null,null,null,null,20,null,null,null,null,486.056,198,.399,.2,79.2,69.133,39.33,53.176,82.005,12.96,19.2,478.24,null,null,null
181,01/12/2005,02/12/2005,null,null,null,7.45,19,Clear,odour free,8.05,200,230,null,null,null,null,8.4,null,null,7.968,336.16,279.413,124.5,0,.2,49.8,37.179,3.45,3.128,13.845,15.84,9.6,195.2,null,null,null
182,02/01/2006,04/01/2006,null,null,null,null,18,Clear,odour free,8.84,842,null,null,null,null,null,26,null,null,51.792,1208.65,451.206,232,.019,.2,92.8,52.61,2.99,60.214,50.055,15.84,62.4,673.44,null,null,null
183,02/01/2006,04/01/2006,null,7.5,null,7.65,17,Clear,odour free,8.12,315,245,null,null,null,null,10.05,null,null,15.936,448.23,188.794,124.5,0,.25,49.8,15.431,9.2,6.256,9.94,15.36,19.2,253.76,null,null,null
184,01/02/2006,02/02/2006,null,null,null,null,21,Clear,odour free,8.8,1000,null,null,null,null,null,25,null,null,55.776,1208.662,447.294,180.5,.038,.25,72.2,64.031,3.22,62.169,54.315,21.12,67.2,668.56,null,null,null
185,01/02/2006,02/02/2006,null,7.54,null,7.65,18,Clear,odour free,8,295,252,null,null,null,null,10.1,null,null,15.936,472.24,207.975,129,0,.25,51.6,18.954,9.2,6.647,9.94,15.84,19.2,268.4,null,null,null
186,01/03/2006,02/03/2006,null,null,null,null,27,Clear,odour free,8.06,877,null,null,null,null,null,26,null,null,7.968,808.349,404.55,198,.038,.3,79.2,49.572,49.68,75.463,150.165,15.84,9.6,483.12,null,null,null
187,01/03/2006,02/03/2006,null,7.5,null,7.45,22,Clear,odour free,8.3,370,262,null,null,null,null,10.72,null,null,7.968,416.192,176.244,116,0,.3,46.4,14.458,1.38,7.429,6.035,33.12,9.6,244,null,null,null
188,01/04/2006,03/04/2006,null,null,null,null,23,Clear,odour free,8.7,1060,null,null,null,null,null,26,null,null,31.872,888.458,305.381,193.5,.038,.3,77.4,26.851,45.08,69.989,79.875,16.32,38.4,502.64,null,null,null
189,01/04/2006,03/04/2006,null,null,null,7.65,29,Clear,odour free,8.6,430,263,null,null,null,null,10.8,null,null,15.936,376.202,176.113,86,0,.25,34.4,21.627,9.66,5.865,6.035,46.56,19.2,209.84,null,null,null
190,01/05/2006,03/05/2006,null,null,null,null,28,Clear,odour free,8.6,1100,null,null,null,null,null,27,null,null,23.904,944.454,326.987,206.5,.038,.35,82.6,28.917,42.09,85.238,101.885,20.16,28.8,546.56,null,null,null
191,01/05/2006,03/05/2006,null,7.5,null,null,27,Clear,odour free,8.2,430,266,null,null,null,null,11.3,null,null,19.92,464.25,180.613,90.5,.114,.25,36.2,21.627,9.66,5.865,3.905,42.24,24,258.64,null,null,null
192,01/06/2006,02/06/2006,null,null,null,null,null,Clear,odour free,8.5,1300,null,null,null,null,null,28,null,null,23.904,944.454,322.487,202,null,.3,80.8,28.917,45.08,80.155,97.98,20.16,28.8,546.56,null,null,null
193,01/06/2006,02/06/2006,null,7.5,356,7.25,28,Light Brown,odour free,8.4,410,null,null,null,null,null,10.6,null,null,19.92,400.224,172.063,86,null,.1,34.4,20.655,9.2,5.865,4.97,40.8,24,219.6,null,null,null
194,01/07/2006,03/07/2006,null,null,null,null,25,Clear,odour free,8.2,1135,null,null,null,null,null,30,null,null,0,776.31,300.644,167.5,null,.2,67,31.955,49.91,85.238,69.935,22.08,0,473.36,null,null,null
195,01/07/2006,03/07/2006,null,null,null,null,30,Light Brown,odour free,8.4,264,null,null,null,null,null,10.2,null,null,0,216.086,120.637,69,null,.02,27.6,12.393,12.65,7.82,8.165,72,0,131.76,null,null,null
196,01/08/2006,02/08/2006,null,null,null,null,23,Clear,odour free,8.1,1122,null,null,null,null,null,32,null,null,0,736.294,283.038,158.5,null,.15,63.4,29.889,48.07,87.193,63.9,22.08,0,448.96,null,null,null
197,01/08/2006,02/08/2006,null,null,null,null,28,Brown,odour free,8.2,260,null,null,null,null,null,10,null,null,0,192.077,103.031,60,null,.011,24,10.328,22.08,11.339,8.165,69.12,0,117.12,null,null,null
198,01/09/2006,02/09/2006,null,null,null,null,23.8,Clear,odour free,8,1100,null,null,null,null,null,34,null,null,0,720.288,283.987,163.5,null,.049,65.4,28.917,45.08,88.366,68.16,24,0,439.2,null,null,null
199,01/09/2006,02/09/2006,null,null,null,null,26,Brown,odour free,8.1,262,null,null,null,null,null,10.4,null,null,0,200.08,103.031,60,null,.01,24,10.328,25.76,12.121,12.07,70.08,0,122,null,null,null
200,03/10/2006,04/10/2006,null,null,null,null,27,Clear,odour free,7.72,1238,null,null,null,null,null,34,null,null,0,736.294,301.094,172,null,.052,68.8,30.983,48.07,90.321,69.935,31.2,0,448.96,null,null,null
201,03/10/2006,04/10/2006,null,null,null,null,28,Brown,odour free,8.33,348,null,null,null,null,null,10.8,null,null,0,208.083,112.031,69,null,.012,27.6,10.328,19.32,8.211,13.845,77.76,0,126.88,null,null,null
202,01/11/2006,02/11/2006,null,null,null,null,26.5,Clear,odour free,7.82,1345,null,null,null,null,null,36,null,null,3.984,760.317,322.7,185,null,.055,74,33.048,50.14,95.404,73.84,33.12,4.8,458.72,null,null,null
203,01/11/2006,02/11/2006,null,null,null,null,25,Clear,odour free,8.37,350,null,null,null,null,null,10.8,null,null,0,224.09,129.137,77.5,null,.015,31,12.393,14.26,5.865,15.975,79.2,0,136.64,null,null,null
204,01/12/2006,02/12/2006,null,null,null,null,24,Clear,odour free,7.8,1350,null,null,null,null,null,38,null,null,7.968,768.333,330.75,189,null,.06,75.6,34.02,48.3,98.141,78.1,35.04,9.6,458.72,null,null,null
205,01/12/2006,02/12/2006,null,null,null,null,19,Clear,odour free,8.4,360,null,null,null,null,null,11.6,null,null,0,232.093,137.188,81.5,null,.02,32.6,13.365,12.88,5.474,18.105,80.16,0,141.52,null,null,null
206,02/01/2007,03/01/2007,null,null,null,null,20,Clear,odour free,7.78,1360,null,null,null,null,null,40,null,null,11.952,792.355,348.356,198,null,.065,79.2,36.085,50.14,104.397,84.135,36.96,14.4,468.48,null,null,null
207,02/01/2007,03/01/2007,null,null,null,null,19,Clear,odour free,8.42,362,null,null,null,null,null,11.8,null,null,3.984,232.106,141.744,81.5,null,.025,32.6,14.458,10.58,5.083,19.88,80.64,4.8,136.64,null,null,null
208,01/02/2007,03/02/2007,null,null,null,null,16,Clear,odour free,7.8,1370,null,null,null,null,null,42,null,null,15.936,792.368,356.913,202,null,.07,80.8,37.179,51.98,105.961,88.04,38.88,19.2,463.6,null,null,null
209,01/02/2007,03/02/2007,null,null,null,null,16,Clear,odour free,8.4,365,null,null,null,null,null,12,null,null,3.984,232.106,150.294,86,null,.025,34.4,15.431,9.89,4.692,19.88,80.64,4.8,136.64,null,null,null
210,01/03/2007,03/03/2007,null,null,null,null,18,Clear,odour free,7.76,1350,null,null,null,null,null,44,null,null,19.92,792.381,344.306,198,.038,.065,79.2,35.113,54.05,110.262,85.91,39.84,24,458.72,null,null,null
211,01/03/2007,03/03/2007,null,null,null,null,18,Clear,odour free,7.88,391,null,null,null,null,null,12.2,null,null,3.984,232.106,145.794,81.5,.171,.02,32.6,15.431,9.2,4.301,18.105,80.64,4.8,136.64,null,null,null
212,02/04/2007,03/04/2007,null,null,null,null,26,Clear,odour free,7.74,1340,null,null,null,null,null,42,null,null,23.904,800.397,356.856,206.5,.038,.07,82.6,36.085,54.97,108.307,84.135,42.24,28.8,458.72,null,null,null
213,02/04/2007,03/04/2007,null,null,null,null,25.5,Clear,odour free,7.9,392,null,null,null,null,null,12,null,null,3.984,232.106,154.85,86,.171,.025,34.4,16.524,8.97,4.301,18.105,78.24,4.8,136.64,null,null,null
214,03/05/2007,04/05/2007,null,null,null,null,27,Clear,odour free,7.72,1330,null,null,null,null,null,40,null,null,23.904,792.394,343.75,202,.038,.065,80.8,34.02,57.04,110.262,90.17,39.84,28.8,453.84,null,null,null
215,03/05/2007,04/05/2007,null,null,null,null,26.5,Clear,odour free,7.88,395,null,null,null,null,null,10,null,null,3.984,240.109,141.744,81.5,.209,.02,32.6,14.458,8.51,3.91,15.975,70.56,4.8,141.52,null,null,null
216,01/06/2007,02/06/2007,null,null,null,null,26,Clear,odour free,7.7,1310,null,null,null,null,null,38,null,null,19.92,784.378,331.144,198,.038,.08,79.2,31.955,59.11,112.217,91.945,37.92,24,453.84,null,null,null
217,01/06/2007,02/06/2007,null,null,null,7.05,26.5,Clear,odour free,7.9,400,null,null,null,null,null,8.6,null,null,0,224.09,116.081,69,.228,.06,27.6,11.3,8.28,3.519,13.845,62.88,0,136.64,null,null,null
218,02/07/2007,04/07/2007,null,null,null,null,24,Clear,odour free,7.72,1300,null,null,null,null,null,36,null,null,15.936,776.362,322.594,193.5,.038,.1,77.4,30.983,60.03,115.345,94.075,36,19.2,453.84,null,null,null
219,02/07/2007,04/07/2007,null,7.5,null,7.05,24.5,Brown,odour free,7.88,396,null,null,null,null,null,8.5,null,null,0,224.09,98.475,60,.247,.08,24,9.234,8.05,3.519,12.07,59.04,0,136.64,null,null,null
220,01/08/2007,02/08/2007,null,null,null,null,23,Clear,odour free,7.36,994,null,null,null,null,null,34,null,null,4.731,552.736,289.987,210,null,.1,84,19.197,57.96,120.428,59.995,34.08,5.7,331.23,null,null,null
221,01/08/2007,02/08/2007,null,null,null,7.22,24,Brown,odour free,7.97,243,null,null,null,null,null,8.7,null,null,4.731,261.62,149.863,80,null,.07,32,16.767,8.28,3.519,9.94,27.84,5.7,153.72,null,null,null
222,01/09/2007,03/09/2007,null,null,null,null,24,Clear,odour free,7.4,1002,null,null,null,null,null,32,null,null,9.711,582.764,289.862,220,null,.12,88,16.767,60.03,122.383,55.025,35.04,11.7,343.43,null,null,null
223,01/09/2007,03/09/2007,null,7.5,null,7.22,24,Brown,odour free,7.99,245,null,null,null,null,null,9,null,null,4.731,261.62,159.863,90,null,.08,36,16.767,8.05,3.519,4.97,18.24,5.7,153.72,null,null,null
224,01/10/2007,03/10/2007,null,null,null,null,24,Clear,odour free,7.72,1238,null,null,null,null,null,34,null,null,9.711,620.779,290.244,230,null,.14,92,14.458,60.95,123.165,59.995,36,11.7,366.61,null,null,null
225,01/10/2007,03/10/2007,null,null,null,7.22,24,Light Brown,odour free,8.01,250,null,null,null,null,null,9.2,null,null,9.711,291.648,150.244,90,null,.1,36,14.458,7.59,3.519,9.94,20.16,11.7,165.92,null,null,null
226,01/11/2007,02/11/2007,null,null,null,null,23,Clear,odour free,7.5,1020,null,null,null,null,null,34,null,null,9.711,659.795,309.862,240,null,.14,96,16.767,63.94,125.511,64.965,37.92,11.7,390.4,null,null,null
227,01/11/2007,02/11/2007,null,null,null,7.62,24,Brown,odour free,8.03,252,null,null,null,null,null,9.4,null,null,9.711,310.655,150.119,100,null,.12,40,12.028,7.82,3.519,14.91,21.12,11.7,177.51,null,null,null
228,01/12/2007,03/12/2007,null,null,null,null,18,Clear,odour free,null,null,null,null,null,null,null,36,null,null,9.711,679.803,310.244,250,null,.16,100,14.458,66.01,127.466,69.935,39.84,11.7,402.6,null,null,null
229,01/12/2007,03/12/2007,null,null,null,6.77,15,Clear,odour free,8.05,255,null,null,null,null,null,9.6,null,null,9.711,329.663,150.119,100,null,.14,40,12.028,8.05,3.91,19.88,22.08,11.7,189.1,null,null,null
230,01/01/2008,03/01/2008,null,null,null,null,12,Clear,odour free,7.58,1040,null,null,null,null,null,38,null,null,14.442,727.337,320.244,260,null,.18,104,14.458,68.08,130.203,79.875,44.16,17.4,425.78,null,null,null
231,01/01/2008,03/01/2008,null,null,null,7.35,11,Clear,odour free,8.07,256,null,null,null,null,null,9.8,null,null,9.711,349.671,149.994,110,null,.16,44,9.599,8.28,3.91,19.88,24,11.7,201.3,null,null,null
232,01/02/2008,02/02/2008,null,null,null,null,13,Clear,odour free,7.6,1050,null,null,null,null,null,38,null,null,19.422,757.365,339.862,270,null,.2,108,16.767,69.92,134.504,90.17,46.08,23.4,437.98,null,null,null
233,01/02/2008,02/02/2008,null,null,null,7.35,11,Clear,odour free,8.1,270,null,null,null,null,null,10,null,null,9.711,368.679,160.119,110,null,.18,44,12.028,8.51,4.301,19.88,25.92,11.7,212.89,null,null,null
234,01/03/2008,03/03/2008,null,null,null,null,19,Clear,odour free,7.68,1060,null,null,null,null,null,40,null,null,24.153,785.892,359.987,280,null,.22,112,19.197,74.06,138.414,100.11,49.92,29.1,449.57,null,null,null
235,01/03/2008,03/03/2008,null,null,null,7.22,18,Clear,odour free,8.12,266,null,null,null,null,null,10.2,null,null,9.711,407.694,170.244,110,null,.2,44,14.458,8.74,4.692,19.88,27.84,11.7,236.68,null,null,null
236,01/04/2008,02/04/2008,null,null,null,null,25,Clear,odour free,7.7,1070,null,null,null,null,null,42,null,null,28.884,815.419,370.112,280,null,.24,112,21.627,75.9,140.369,110.05,54.24,34.8,461.77,null,null,null
237,01/04/2008,02/04/2008,null,null,null,7.55,23,Clear,odour free,8.16,270,null,null,null,null,null,10.4,null,null,9.711,426.702,170.244,110,null,.22,44,14.458,9.2,5.083,24.85,30.24,11.7,248.27,null,null,null
238,01/05/2008,02/05/2008,null,null,null,null,28,Clear,odour free,7.7,1050,null,null,null,null,null,44,null,null,33.864,825.439,370.237,270,null,.26,108,24.057,77.97,136.459,119.99,56.16,40.8,461.77,null,null,null
239,01/05/2008,02/05/2008,null,null,null,7.22,26,Clear,odour free,8.18,272,null,null,null,null,null,10,null,null,9.711,407.694,160.244,100,null,.18,40,14.458,8.97,4.692,19.88,27.84,11.7,236.68,null,null,null
240,02/06/2008,03/06/2008,null,null,null,null,26,Clear,odour free,8.54,1550,602,null,null,null,1.44,46,null,null,33.864,446.5,370.237,270,.26,.26,108,24.057,88.09,144.279,129.93,58.08,40.8,461.77,null,null,null
241,02/06/2008,03/06/2008,null,7.84,null,null,25,Clear,odour free,8.16,270,260,null,null,.278,null,10.2,null,null,4.731,436.69,170.119,120,.152,.18,48,12.028,8.74,4.692,14.91,30.24,5.7,260.47,null,null,null
242,01/07/2008,03/07/2008,null,null,null,null,23,Clear,odour free,8.56,1460,600,null,null,null,null,46,null,null,79.68,510,370.237,270,.22,.22,108,24.057,98.9,120.428,129.93,58.08,96,427,null,null,null
243,01/07/2008,03/07/2008,null,8.1,null,null,21,Light Brown,odour free,7.66,416,266,null,null,.28,null,9,null,null,9.711,252.632,139.994,100,.133,.16,40,9.599,8.28,3.91,9.94,15.84,11.7,142.13,null,null,null
244,01/08/2008,02/08/2008,null,8.1,null,null,26,Light Brown,odour free,7.68,420,268,null,null,.28,null,8.6,null,null,4.731,261.62,130.119,80,.114,.14,32,12.028,8.05,3.91,9.94,15.84,5.7,153.72,null,null,null
245,01/09/2008,02/09/2008,null,7.95,null,null,22,Light Brown,odour free,7.64,422,266,null,null,.28,null,8,null,null,4.731,261.62,90.25,70,.114,.14,28,4.86,8.05,3.519,9.94,13.92,5.7,153.72,null,null,null
246,01/10/2008,03/10/2008,null,null,null,null,20,Light Brown,odour free,7.66,424,268,null,null,.28,null,7.8,null,null,4.731,261.62,90.25,70,.114,.16,28,4.86,7.82,3.128,9.94,15.84,5.7,153.72,null,null,null
247,01/11/2008,03/11/2008,null,null,null,null,19,Clear,odour free,8.56,1080,588,null,null,null,1.08,42,null,null,13.944,164,223.238,123,.22,.22,49.2,24.057,310.04,56.304,123.895,49.92,16.8,165.92,null,null,null
248,01/11/2008,03/11/2008,null,null,null,null,18,Clear,odour free,7.29,428,270,null,null,.293,null,8.2,null,null,4.98,350.156,99.869,70,.133,.16,28,7.168,5.75,3.91,19.88,28.32,6,207.4,null,null,null
249,01/12/2008,02/12/2008,null,null,null,null,16,Clear,odour free,8.13,436,272,null,null,.321,null,8.4,null,null,4.98,350.156,220.238,120,.152,.16,48,24.057,6.21,5.083,15.975,23.52,6,207.4,null,null,null
250,01/01/2009,03/01/2009,null,8.06,null,null,11,Clear,odour free,8.06,367,274,null,null,.265,null,6.2,null,null,9.96,360.176,224.288,120,.152,.12,48,25.029,8.74,5.865,15.975,22.08,12,207.4,null,null,null
