Standard Parameter Analysis Data of : Pandu (BB000I2)
Laboratory : CWC,MBD,Guwahati 
Period : January-2003 To January-2015 
S.No.,Date_of_Collection,Date_of_Receipt,Discharge(cumecs),pH_FLD,EC_FLD(umho/cm),DO(mg/l),Water Temp(deg C),Colour,Odour,pH_GEN,EC_GEN(umho/cm),TDS(mg/l),SS(mg/l),NH3(mg N/l),NO2+NO3(mg N/l),Total_Nutrients(mg P/l),SiO2(mg/l),BOD(mg/l),COD(mg/l),Phen(mg CaCO3/l),Total_Alkallnity(mg CaCO3/l),Total_Hardness(mg CaCO3/l),Ca_Hardness(mg CaCO3/l),F(mg/l),B(mg/l),Ca_Major_Ions(mg/l),Mg(mg/l),Na(mg/l),K(mg/l),Cl(mg/l),SO4(mg/l),CO3(mg/l),HCO3(mg/l),Total_Coliforms(MPN/100ml),Faecal(MPN/100ml),Chlorophyll-A(ug/L)
1,01/04/2003,08/04/2003,null,null,null,null,19,Clear,odour free,7.11,127.27,180,null,null,null,null,null,null,null,null,null,77.408,38.7,null,null,15.48,9.29,3.5,1.7,8,1.2,0,36.6,null,null,null
2,11/04/2003,11/04/2003,null,null,null,null,21,Clear,odour free,7.06,130,200,null,null,null,null,null,null,null,null,null,90.3,47.3,null,null,18.92,10.32,4,1.9,7,1,0,39.04,null,null,null
3,21/04/2003,21/04/2003,null,null,null,null,23,Clear,odour free,7.23,119.57,200,null,null,null,null,null,null,null,null,null,73.083,43,null,null,17.2,7.22,3.2,2,10,1.5,0,48.8,null,null,null
4,01/05/2003,03/05/2003,null,null,null,null,24,Clear,odour free,7.4,67.2,210,null,null,null,null,null,null,null,null,null,60.2,38.7,null,null,15.48,5.16,3.5,1.8,7,1.9,.4,41.48,null,null,null
5,12/05/2003,12/05/2003,null,null,null,null,24,Clear,odour free,8.4,108.84,240,null,null,null,null,null,null,null,null,null,94.592,47.3,null,null,18.92,11.35,4,2,11,1,.36,41.48,null,null,null
6,01/07/2003,01/07/2003,null,null,null,null,22,Clear,odour free,7.04,113.49,300,null,null,null,null,null,null,null,null,null,68.817,34.4,null,null,13.76,8.26,1,2,7,1.3,0,70.76,null,null,null
7,01/09/2003,01/09/2003,null,null,null,null,28,Clear,odour free,8.1,92.5,220,null,null,null,null,null,null,null,null,null,57.267,51.6,null,null,20.64,1.36,2,2.3,9,1.95,0,46.36,null,null,null
8,01/11/2003,01/11/2003,null,null,null,null,26,Clear,odour free,8,140,210,null,null,null,null,null,null,null,null,null,55.917,43,null,null,17.2,3.1,2.6,3.7,13,1.4,0,68.32,null,null,null
9,01/01/2004,01/01/2004,null,null,null,null,16,Other,odour free,8,160,420,null,null,null,null,null,null,null,null,null,85.48,null,null,null,18.92,9.29,3.4,1.5,12,2.05,0,48.8,null,null,null
10,01/03/2004,01/03/2004,null,null,null,null,null,Other,odour free,7.94,210,340,null,null,null,null,null,null,null,null,null,102.48,null,null,null,20.64,12.38,4.2,1,6,1.2,0,56.12,null,null,null
11,01/05/2004,05/05/2004,null,null,null,null,26,Other,odour free,7.4,60,300,null,null,null,null,null,null,null,null,null,68.817,34.4,null,null,13.76,8.26,1.8,1,9,2.5,0,24.4,null,null,null
12,01/07/2004,02/07/2004,null,null,null,null,25,Other,odour free,7.5,110,310,null,null,null,null,null,null,null,null,null,86,64.5,.05,null,25.8,5.16,1.5,2.3,10,1,0,14.64,null,null,null
13,01/09/2004,01/09/2004,null,null,null,null,29,Other,odour free,7.3,80,260,null,null,null,null,null,null,null,null,null,73.108,55.9,null,null,22.36,4.13,1.1,.6,16,1,0,36.6,null,null,null
14,01/11/2004,01/11/2004,null,null,null,null,22,Other,odour free,7.6,20,300,null,null,null,null,null,null,null,null,null,94.608,77.4,.07,null,30.96,4.13,1.8,1,10,null,0,24.4,null,null,null
15,01/01/2005,01/01/2005,null,null,null,null,15,Other,odour free,8.15,150,120,null,null,null,null,null,null,null,null,null,90.292,43,.06,null,17.2,11.35,3,1,11,1,0,7.3,null,null,null
16,01/03/2005,01/03/2005,null,null,null,null,23,Clear,odour free,7.7,120,110,null,null,null,null,null,null,null,null,null,55.5,55,.05,.05,22,.12,1.9,.9,7.05,2.45,.63,77.56,null,null,null
17,04/05/2005,04/05/2005,null,null,null,null,21,Silty,odour free,7.6,90,120,null,null,null,null,null,null,null,null,null,28.117,15.7,null,null,6.28,2.98,2.5,.7,5.14,2.4,.3,103.41,null,null,null
18,01/07/2005,04/07/2005,null,null,null,null,26,Silty,odour free,7.4,130,180,null,null,null,null,null,null,null,null,null,56.275,33.4,null,null,13.36,5.49,1,2.4,19.53,2.4,.1,62,null,null,null
19,05/09/2005,05/09/2005,null,6.83,null,7.6,25,Other,odour free,7.27,130,170,null,null,null,null,null,null,null,null,null,66.325,63.825,.5,null,25.53,.6,2,2.2,4.53,1.4,.11,61.51,null,null,null
20,02/11/2005,02/11/2005,null,7.81,null,6.6,19,Other,odour free,7.78,150,210,null,null,null,null,null,null,null,null,null,36.083,27.5,.5,null,11,2.06,2.8,1.6,4.53,2.3,.6,133.38,null,null,null
21,02/01/2006,02/01/2006,null,7.59,null,null,16,Other,odour free,7.59,null,200,null,null,null,null,null,null,null,null,null,148.292,124.25,null,null,49.7,5.77,1.8,1.2,10.06,1.6,.26,69.77,null,null,null
22,01/04/2006,01/04/2006,null,7.82,null,null,20,Other,odour free,7.5,null,190,null,null,null,null,null,null,null,null,null,68.308,44.1,.5,null,17.64,5.81,4.8,2.8,5.54,null,1.48,99.92,null,null,null
23,01/07/2006,01/07/2006,null,null,null,null,null,Other,odour free,7.4,null,200,null,null,null,null,null,null,null,null,null,52.075,45.2,.5,null,18.08,1.65,null,null,10.06,null,.15,59.93,null,null,null
24,10/10/2006,10/10/2006,null,null,null,null,null,Other,odour free,7.6,null,210,null,null,null,null,null,null,null,null,null,null,null,.5,null,null,null,null,null,null,null,null,null,null,null,null
25,02/01/2007,02/01/2007,null,null,null,null,20,Clear,odour free,7.48,null,170,null,null,null,null,null,null,null,.017,57.394,77.558,68.475,null,null,27.39,2.18,4,1.5,8.05,null,.02,69.98,null,null,null
26,02/04/2007,02/04/2007,null,null,null,null,23,Clear,odour free,7.4,172,172,null,null,null,null,null,null,null,.232,98.581,57.283,55.2,null,null,22.08,.5,null,null,6.4,null,.28,119.7,null,null,null
27,04/07/2007,04/07/2007,null,null,null,null,24,Other,odour free,7.69,29.1,29,null,null,null,null,null,null,null,null,null,null,null,null,null,null,null,null,null,null,null,null,null,null,null,null
28,01/10/2007,01/10/2007,null,null,null,null,25,Brown,odour free,7.82,18.9,19,null,null,null,null,null,null,null,null,null,null,null,null,null,null,null,null,null,12.08,null,null,null,null,null,null
29,01/01/2008,01/01/2008,null,6.4,null,4.2,12,Clear,odour free,7.4,201,134,null,null,null,null,null,null,null,0,95.902,97.967,58.8,.05,null,23.52,9.4,3.5,1.2,21.87,null,0,117,null,null,null
30,01/04/2008,01/04/2008,null,7.51,null,null,23,Clear,odour free,6.56,138.2,93,null,null,null,null,null,null,null,0,74.016,60,50,.05,null,20,2.4,null,null,34.5,null,0,90.3,null,null,null
31,02/07/2008,02/07/2008,null,7.4,null,null,23,Clear,odour free,7.3,114.4,76,null,null,null,null,null,null,null,null,null,null,null,null,null,null,null,null,null,null,null,null,null,null,null,null
32,01/10/2008,01/10/2008,null,7.4,null,null,24,Other,odour free,7.2,201,135,null,null,null,null,null,null,null,null,null,null,null,null,null,null,null,null,null,null,null,null,null,null,null,null
33,01/01/2009,01/01/2009,null,null,null,null,15,Other,odour free,7.42,202,135,null,null,null,null,null,null,null,.1,41.069,80.317,53.025,.05,null,21.21,6.55,5.08,3.24,8.56,null,.12,49.86,null,null,null
34,01/04/2009,01/04/2009,null,null,null,null,19,Other,odour free,7.96,173.2,117,null,null,null,null,null,null,null,1.992,72,94.583,64.5,.05,null,25.8,7.22,5.03,3.71,9,null,2.4,82.96,null,null,null
35,01/07/2009,01/07/2009,null,null,null,8.3,26,Other,odour free,7.41,109.6,74,null,null,null,null,null,.5,null,0,50,60.217,47.3,null,null,18.92,3.1,2.22,1.91,6,null,0,61,null,null,null
36,01/10/2009,03/10/2009,null,null,null,8.1,29,Other,odour free,7.61,127.2,85,null,null,null,null,null,.3,null,0,50,90.317,55.9,null,null,22.36,8.26,2.36,.17,9,null,0,61,null,null,null
37,01/01/2010,01/01/2010,null,7.65,null,null,13,Clear,odour free,8.12,190.1,127,null,null,null,null,null,.3,null,0,84,107.5,64.5,null,null,25.8,10.32,4.61,.1,17,null,0,102.48,null,null,null
38,01/04/2010,01/04/2010,null,7.76,null,null,20,Other,odour free,7.77,122.3,82,null,null,null,null,null,.5,null,0,64,68.8,47.3,null,null,18.92,5.16,4.86,1.3,9,null,0,78.08,null,null,null
39,02/07/2010,02/07/2010,null,null,null,null,26,Other,odour free,7.29,153.9,103,null,null,null,null,null,.3,null,0,68,85.992,38.7,null,null,15.48,11.35,2.02,2.63,13,null,0,82.96,null,null,null
40,01/10/2010,01/10/2010,null,null,null,null,27,Other,odour free,6.89,148.2,99,null,null,null,null,null,.5,null,null,null,null,null,null,null,null,null,null,null,null,null,null,null,null,null,null
41,01/01/2011,01/01/2011,null,null,null,null,16,Clear,odour free,6.84,200,134,null,null,null,null,null,.4,null,0,110,116.092,47.3,null,null,18.92,16.51,5.01,.8,13,null,0,134.2,null,null,null
42,01/04/2011,01/04/2011,null,null,null,null,21,Clear,odour free,7.14,136.2,91,null,null,null,null,null,null,null,0,58,103.192,34.4,null,null,13.76,16.51,3.7,.1,7,null,0,70.76,null,null,null
43,01/07/2011,01/07/2011,null,7.14,334,8.22,27,Light Brown,odour free,7.33,119.1,80,null,null,null,null,null,.25,null,0,46,98.917,64.5,null,null,25.8,8.26,3.4,.3,7,null,0,56.12,null,null,null
44,01/10/2011,01/10/2011,null,7.33,345,8.8,29,Light Brown,odour free,7.55,112.5,76,null,null,null,null,null,.56,null,0,50,124.717,25.8,null,null,10.32,23.74,5.1,.9,10,null,0,61,null,null,null
45,01/01/2012,02/01/2012,null,6.97,547,10.05,15,Clear,odour free,7.26,205,138,null,null,0,.65,null,.4,null,0,122,103.192,55.9,null,0,22.36,11.35,5.01,.8,8,2.05,0,148.84,null,null,null
46,02/04/2012,02/04/2012,null,null,null,null,25,Clear,odour free,6.85,142.5,95,null,null,0,.15,null,null,null,null,null,107.492,60.2,null,0,24.08,11.35,4.2,.19,11,1,0,75.64,null,null,null
47,02/07/2012,02/07/2012,null,null,null,null,26,Clear,odour free,7.52,122.8,82,null,null,0,.27,null,null,null,0,62,85.983,34.4,null,0,13.76,12.38,4.8,.29,9,1.1,0,75.64,null,null,null
48,01/10/2012,01/10/2012,null,null,354,8.77,26,Light Brown,odour free,7.52,136.5,91,null,null,0,.3,null,.4,null,0,68,81.708,43,null,0,17.2,9.29,4.1,.16,17,1.1,0,82.96,null,null,null
49,01/01/2013,01/01/2013,null,7.91,597,9.92,14,Clear,odour free,6.67,197.7,133,null,null,0,.3,null,.6,null,0,78,146.2,60.2,null,0,24.08,20.64,3.2,.35,11,1.1,0,95.16,null,null,null
50,01/04/2013,01/04/2013,null,7.97,436,10.35,25,Clear,odour free,7.39,165.6,113,null,null,0,.35,null,.6,null,0,64,86.017,51.6,null,0,20.64,8.26,4.2,.19,15,1.1,0,78.08,null,null,null
51,01/07/2013,01/07/2013,null,7.94,430,9.59,24,Light Brown,odour free,7.07,130.4,87,null,null,0,.38,null,.7,null,0,62,103.192,77.4,null,0,30.96,6.19,3.15,.18,11,1.18,0,75.64,null,null,null
52,01/10/2013,01/10/2013,null,7.99,499,9.57,26,Light Brown,odour free,7.14,140.2,94,null,null,0,.39,null,.8,null,0,54,103.208,64.5,null,0,25.8,9.29,4.6,.28,13,1.1,0,65.88,null,null,null
53,01/01/2014,01/01/2014,null,8.1,876,11.38,16,Clear,odour free,7.1,202,135,null,null,0,.38,null,.5,null,0,66,159.1,73.1,null,0,29.24,20.64,3.8,.17,11,1.21,0,80.52,null,null,null
54,01/04/2014,01/04/2014,null,8.21,447,9.73,25,Clear,odour free,7.59,169.3,114,null,null,0,.36,null,.7,null,0,80,98.883,47.3,null,0,18.92,12.38,4,.16,10,1.21,0,97.6,null,null,null
55,01/07/2014,01/07/2014,null,7.78,315,9.81,26,Light Brown,odour free,7.01,105.2,71,null,null,0,.35,null,.85,null,0,58,68.817,34.4,null,0,13.76,8.26,4,.19,11,1.22,0,70.76,null,null,null
56,04/10/2014,04/10/2014,null,7.86,362,9.57,26,Brown,odour free,7.1,125.8,84,null,null,null,.38,null,.7,null,null,null,81.708,64.5,null,0,25.8,4.13,3.1,.16,13,1.21,0,73.2,null,null,null
57,01/01/2015,01/01/2015,null,8.22,528,11.08,18,Clear,odour free,6.83,203,136,null,null,0,.43,null,.6,null,0,84,98.917,43,null,0,17.2,13.42,3.2,.32,10,2.1,0,102.48,null,null,null
