Standard Parameter Analysis Data of : Pudur (KR000M1)
Laboratory : CWC CSRO Cochin 
Period : January-1986 To January-2014 
S.No.,Date_of_Collection,Date_of_Receipt,Discharge(cumecs),pH_FLD,EC_FLD(umho/cm),DO(mg/l),Water Temp(deg C),Colour,Odour,pH_GEN,EC_GEN(umho/cm),TDS(mg/l),SS(mg/l),NH3(mg N/l),NO2+NO3(mg N/l),Total_Nutrients(mg P/l),SiO2(mg/l),BOD(mg/l),COD(mg/l),Phen(mg CaCO3/l),Total_Alkallnity(mg CaCO3/l),Total_Hardness(mg CaCO3/l),Ca_Hardness(mg CaCO3/l),F(mg/l),B(mg/l),Ca_Major_Ions(mg/l),Mg(mg/l),Na(mg/l),K(mg/l),Cl(mg/l),SO4(mg/l),CO3(mg/l),HCO3(mg/l),Total_Coliforms(MPN/100ml),Faecal(MPN/100ml),Chlorophyll-A(ug/L)
1,02/06/1986,04/06/1986,1.600000023841858,null,null,null,null,7,odour free,7.48,301,196,null,null,null,null,null,null,null,0,105,112,29,null,null,11.6,20.169,14.8,2.6,13,5.6,.297,104.688,null,null,null
2,02/06/1986,04/06/1986,1.600000023841858,null,null,null,null,7,odour free,7.48,301,196,null,null,null,null,null,null,null,0,105,112,29,null,null,11.6,20.169,14.8,2.6,13,5.6,.297,104.688,null,null,null
3,01/07/1986,04/07/1986,9.300000190734863,null,null,null,null,7,odour free,7.32,338,200,null,null,null,null,null,null,null,0,98,116,29,null,null,11.6,21.141,21.8,2.1,20,9.6,.192,97.798,null,null,null
4,01/07/1986,04/07/1986,9.300000190734863,null,null,null,null,7,odour free,7.32,338,200,null,null,null,null,null,null,null,0,98,116,29,null,null,11.6,21.141,21.8,2.1,20,9.6,.192,97.798,null,null,null
5,02/08/1986,04/08/1986,0.4000000059604645,null,null,null,null,7,odour free,7.03,285,260,null,null,null,null,null,null,null,0,156,125,26,null,null,10.4,24.057,24,1.9,21,5.2,.157,155.838,null,null,null
6,02/08/1986,04/08/1986,0.4000000059604645,null,null,null,null,7,odour free,7.03,285,260,null,null,null,null,null,null,null,0,156,125,26,null,null,10.4,24.057,24,1.9,21,5.2,.157,155.838,null,null,null
7,01/09/1986,04/09/1986,0.10000000149011612,null,null,null,null,7,odour free,7.85,417,288,null,null,null,null,null,null,null,0,220,138,26,null,null,10.4,27.216,30,2,23,5.6,1.454,218.511,null,null,null
8,01/09/1986,04/09/1986,0.10000000149011612,null,null,null,null,7,odour free,7.85,417,288,null,null,null,null,null,null,null,0,220,138,26,null,null,10.4,27.216,30,2,23,5.6,1.454,218.511,null,null,null
9,01/10/1986,04/10/1986,34.900001525878906,null,null,null,null,7,odour free,7.65,332,230,null,null,null,null,null,null,null,0,161,108,28,null,null,11.2,19.44,21.5,3.1,17,3.6,.673,160.305,null,null,null
10,01/10/1986,04/10/1986,34.900001525878906,null,null,null,null,7,odour free,7.65,332,230,null,null,null,null,null,null,null,0,161,108,28,null,null,11.2,19.44,21.5,3.1,17,3.6,.673,160.305,null,null,null
11,03/11/1986,04/11/1986,12.300000190734863,null,null,null,null,7,odour free,7.93,422,286,null,null,null,null,null,null,null,0,205,155,39,null,null,15.6,28.188,29.5,2.4,23,7.6,1.627,203.331,null,null,null
12,03/11/1986,04/11/1986,12.300000190734863,null,null,null,null,7,odour free,7.93,422,286,null,null,null,null,null,null,null,0,205,155,39,null,null,15.6,28.188,29.5,2.4,23,7.6,1.627,203.331,null,null,null
13,01/12/1986,04/12/1986,1.2000000476837158,null,null,null,null,7,odour free,7.97,433,282,null,null,null,null,null,null,null,0,176,142,26,null,null,10.4,28.188,32.5,2.3,27,4.8,1.53,174.423,null,null,null
14,01/12/1986,04/12/1986,1.2000000476837158,null,null,null,null,7,odour free,7.97,433,282,null,null,null,null,null,null,null,0,176,142,26,null,null,10.4,28.188,32.5,2.3,27,4.8,1.53,174.423,null,null,null
15,01/01/1987,04/01/1987,2.0999999046325684,null,null,null,null,7,odour free,7.75,327,224,null,null,null,null,null,null,null,0,157,112,23,null,null,9.2,21.627,21.2,1.6,20,5.6,.825,156.147,null,null,null
16,01/01/1987,04/01/1987,2.0999999046325684,null,null,null,null,7,odour free,7.75,327,224,null,null,null,null,null,null,null,0,157,112,23,null,null,9.2,21.627,21.2,1.6,20,5.6,.825,156.147,null,null,null
17,01/02/1987,04/02/1987,0.4000000059604645,null,null,null,null,7,odour free,8.06,369,248,null,null,null,null,null,null,null,0,177,125,24,null,null,9.6,24.543,22.8,1.7,21,8,1.889,175.053,null,null,null
18,01/02/1987,04/02/1987,0.4000000059604645,null,null,null,null,7,odour free,8.06,369,248,null,null,null,null,null,null,null,0,177,125,24,null,null,9.6,24.543,22.8,1.7,21,8,1.889,175.053,null,null,null
19,02/03/1987,04/03/1987,0.4000000059604645,null,null,null,null,7,odour free,8.03,517,342,null,null,null,null,null,null,null,0,234,151,23,null,null,9.2,31.104,38.6,2.2,26,5.6,2.333,231.614,null,null,null
20,02/03/1987,04/03/1987,0.4000000059604645,null,null,null,null,7,odour free,8.03,517,342,null,null,null,null,null,null,null,0,234,151,23,null,null,9.2,31.104,38.6,2.2,26,5.6,2.333,231.614,null,null,null
21,01/04/1987,04/04/1987,0,null,null,null,null,7,odour free,7.86,538,368,null,null,null,null,null,null,null,0,251,148,24,null,null,9.6,30.132,43.5,3.3,30,6.8,1.697,249.266,null,null,null
22,01/04/1987,04/04/1987,0,null,null,null,null,7,odour free,7.86,538,368,null,null,null,null,null,null,null,0,251,148,24,null,null,9.6,30.132,43.5,3.3,30,6.8,1.697,249.266,null,null,null
23,01/07/1987,04/07/1987,1.4470000267028809,null,null,null,26,7,odour free,7.91,506,null,null,null,null,null,null,null,null,5.1,158,155,86,null,null,34.4,16.767,35,2.3,36,16,6.1,90.16,null,null,null
24,01/07/1987,04/07/1987,1.4470000267028809,null,null,null,26,7,odour free,7.91,506,null,null,null,null,null,null,null,null,5.1,158,155,86,null,null,34.4,16.767,35,2.3,36,16,6.1,90.16,null,null,null
25,01/08/1987,04/08/1987,null,null,null,null,26.5,7,odour free,7.71,364,null,null,null,null,null,null,null,null,0,124,129,73,null,null,29.2,13.608,20,2.3,25,15,0,75.6,null,null,null
26,01/09/1987,04/09/1987,1.8849999904632568,null,null,null,28,7,odour free,8.04,464,null,null,null,null,null,6.6,null,null,7.8,170,159,95,null,null,38,15.552,26,1.6,23,6.8,9.36,94.18,null,null,null
27,01/09/1987,04/09/1987,1.8849999904632568,null,null,null,28,7,odour free,8.04,464,null,null,null,null,null,6.6,null,null,7.8,170,159,95,null,null,38,15.552,26,1.6,23,6.8,9.36,94.18,null,null,null
28,01/10/1987,04/10/1987,3.568000078201294,null,null,null,27.5,7,odour free,7.99,443,null,null,null,null,null,12.7,null,null,5.1,187,164,95,null,null,38,16.767,29,2,24,6,6.1,107.85,null,null,null
29,01/10/1987,04/10/1987,3.568000078201294,null,null,null,27.5,7,odour free,7.99,443,null,null,null,null,null,12.7,null,null,5.1,187,164,95,null,null,38,16.767,29,2,24,6,6.1,107.85,null,null,null
30,01/11/1987,04/11/1987,38.70000076293945,null,null,null,27.5,7,odour free,7.63,348,null,null,null,null,.01,10,null,null,2.7,151,177,86,null,null,34.4,22.113,18,3.1,17,6.8,3.2,88.82,null,null,null
31,01/11/1987,04/11/1987,38.70000076293945,null,null,null,27.5,7,odour free,7.63,348,null,null,null,null,.01,10,null,null,2.7,151,177,86,null,null,34.4,22.113,18,3.1,17,6.8,3.2,88.82,null,null,null
32,01/12/1987,04/12/1987,0.4569999873638153,null,null,null,24.3,7,odour free,7.98,459,null,null,null,null,.02,12.4,null,null,8.4,193,164,86,null,null,34.4,18.954,35,1.6,27,6.4,10.1,107.48,null,null,null
33,01/12/1987,04/12/1987,0.4569999873638153,null,null,null,24.3,7,odour free,7.98,459,null,null,null,null,.02,12.4,null,null,8.4,193,164,86,null,null,34.4,18.954,35,1.6,27,6.4,10.1,107.48,null,null,null
34,01/01/1988,04/01/1988,2.5940001010894775,null,null,null,22.5,7,odour free,7.9,359,null,null,null,null,null,9.6,null,null,8.4,154,112,48,null,null,19.2,15.552,26,2,18,2.8,10.1,83.69,null,null,null
35,01/01/1988,04/01/1988,2.5940001010894775,null,null,null,22.5,7,odour free,7.9,359,null,null,null,null,null,9.6,null,null,8.4,154,112,48,null,null,19.2,15.552,26,2,18,2.8,10.1,83.69,null,null,null
36,01/02/1988,04/02/1988,0.8529999852180481,null,null,null,23.5,7,odour free,7.81,506,null,null,null,null,.06,7.3,null,null,8.7,195,129,56,null,null,22.4,17.739,32,2,25,7.6,10.4,108.34,null,null,null
37,01/02/1988,04/02/1988,0.8529999852180481,null,null,null,23.5,7,odour free,7.81,506,null,null,null,null,.06,7.3,null,null,8.7,195,129,56,null,null,22.4,17.739,32,2,25,7.6,10.4,108.34,null,null,null
38,01/03/1988,04/03/1988,1.4550000429153442,null,null,null,27,7,odour free,7.7,506,null,null,null,null,null,8.6,null,null,5.7,205,172,86,null,null,34.4,20.898,37,2.3,26,6,6.8,118.1,null,null,null
39,01/03/1988,04/03/1988,1.4550000429153442,null,null,null,27,7,odour free,7.7,506,null,null,null,null,null,8.6,null,null,5.7,205,172,86,null,null,34.4,20.898,37,2.3,26,6,6.8,118.1,null,null,null
40,01/07/1988,04/07/1988,0.3009999990463257,null,null,null,26,7,odour free,7.61,430,null,null,null,null,.03,11.7,null,null,0,167,138,78,null,null,31.2,14.58,28.1,1.2,41,9,0,101.9,null,null,null
41,01/07/1988,04/07/1988,0.3009999990463257,null,null,null,26,7,odour free,7.61,430,null,null,null,null,.03,11.7,null,null,0,167,138,78,null,null,31.2,14.58,28.1,1.2,41,9,0,101.9,null,null,null
42,01/08/1988,04/08/1988,37.06999969482422,null,null,null,26,7,odour free,7.64,332,null,null,null,null,null,8.9,null,null,0,136,125,78,null,.42,31.2,11.421,20,1.6,33,6,0,83,null,null,null
43,01/08/1988,04/08/1988,37.06999969482422,null,null,null,26,7,odour free,7.64,332,null,null,null,null,null,8.9,null,null,0,136,125,78,null,.42,31.2,11.421,20,1.6,33,6,0,83,null,null,null
44,01/09/1988,04/09/1988,15.539999961853027,null,null,null,26.5,7,odour free,7.68,380,null,null,null,null,null,11.4,null,null,0,175,160,91,null,.235,36.4,16.767,25,1.6,36,4.8,0,106.8,null,null,null
45,01/09/1988,04/09/1988,15.539999961853027,null,null,null,26.5,7,odour free,7.68,380,null,null,null,null,null,11.4,null,null,0,175,160,91,null,.235,36.4,16.767,25,1.6,36,4.8,0,106.8,null,null,null
46,01/10/1988,04/10/1988,12.430000305175781,null,null,null,26.5,7,odour free,7.73,422,null,null,null,null,null,10.6,null,null,0,181,155,86,null,.24,34.4,16.767,24,2,36,4,0,110.4,null,null,null
47,01/10/1988,04/10/1988,12.430000305175781,null,null,null,26.5,7,odour free,7.73,422,null,null,null,null,null,10.6,null,null,0,181,155,86,null,.24,34.4,16.767,24,2,36,4,0,110.4,null,null,null
48,01/11/1988,04/11/1988,3.0739998817443848,null,null,null,27.5,7,odour free,7.63,321,null,null,null,null,.01,15.5,null,null,0,150,146,73,null,.04,29.2,17.739,26,2.3,36,10,0,91.5,null,null,null
49,01/11/1988,04/11/1988,3.0739998817443848,null,null,null,27.5,7,odour free,7.63,321,null,null,null,null,.01,15.5,null,null,0,150,146,73,null,.04,29.2,17.739,26,2.3,36,10,0,91.5,null,null,null
50,01/12/1988,04/12/1988,4,null,null,null,24,7,odour free,7.84,285,null,null,null,null,.02,9.1,null,null,0,120,108,60,null,.02,24,11.664,17,2,19,5,0,73.2,null,null,null
51,01/12/1988,04/12/1988,4,null,null,null,24,7,odour free,7.84,285,null,null,null,null,.02,9.1,null,null,0,120,108,60,null,.02,24,11.664,17,2,19,5,0,73.2,null,null,null
52,01/01/1989,04/01/1989,2,null,null,null,23.5,7,odour free,7.74,253,null,null,null,null,.01,7.9,null,null,0,110,99,60,null,null,24,9.477,15,1.6,16,4,0,67.1,null,null,null
53,01/01/1989,04/01/1989,2,null,null,null,23.5,7,odour free,7.74,253,null,null,null,null,.01,7.9,null,null,0,110,99,60,null,null,24,9.477,15,1.6,16,4,0,67.1,null,null,null
54,01/02/1989,04/02/1989,1.0299999713897705,null,null,null,23.5,7,odour free,7.85,506,null,null,null,null,.03,11.4,null,null,0,203,155,86,null,.08,34.4,16.767,37,2,30,6.4,0,123.8,null,null,null
55,01/02/1989,04/02/1989,1.0299999713897705,null,null,null,23.5,7,odour free,7.85,506,null,null,null,null,.03,11.4,null,null,0,203,155,86,null,.08,34.4,16.767,37,2,30,6.4,0,123.8,null,null,null
56,01/03/1989,04/03/1989,0.9459999799728394,null,null,null,25,7,odour free,7.64,506,null,null,null,null,.09,13.9,null,null,0,207,172,91,null,.4,36.4,19.683,32,2,29,6.4,0,126.3,null,null,null
57,01/03/1989,04/03/1989,0.9459999799728394,null,null,null,25,7,odour free,7.64,506,null,null,null,null,.09,13.9,null,null,0,207,172,91,null,.4,36.4,19.683,32,2,29,6.4,0,126.3,null,null,null
58,01/05/1989,04/05/1989,0.4620000123977661,null,null,null,28,7,odour free,8.08,607,null,null,null,null,.03,17.2,null,null,0,258,228,108,null,.12,43.2,29.16,35.4,2.7,28,12.4,0,157.4,null,null,null
59,01/05/1989,04/05/1989,0.4620000123977661,null,null,null,28,7,odour free,8.08,607,null,null,null,null,.03,17.2,null,null,0,258,228,108,null,.12,43.2,29.16,35.4,2.7,28,12.4,0,157.4,null,null,null
60,01/07/1989,04/07/1989,34.970001220703125,null,null,null,26,7,odour free,7.57,327,null,null,null,null,.2,6.3,null,null,0,130,120,73,null,.09,29.2,11.421,17.7,2,23,11.2,0,79.3,null,null,null
61,01/07/1989,04/07/1989,34.970001220703125,null,null,null,26,7,odour free,7.57,327,null,null,null,null,.2,6.3,null,null,0,130,120,73,null,.09,29.2,11.421,17.7,2,23,11.2,0,79.3,null,null,null
62,01/08/1989,04/08/1989,3.4769999980926514,null,null,null,28.5,7,odour free,8.04,459,null,null,null,null,.3,13.2,null,null,0,169,176,65,null,.04,26,26.973,24.4,1.6,18,12,0,103.1,null,null,null
63,01/08/1989,04/08/1989,3.4769999980926514,null,null,null,28.5,7,odour free,8.04,459,null,null,null,null,.3,13.2,null,null,0,169,176,65,null,.04,26,26.973,24.4,1.6,18,12,0,103.1,null,null,null
64,01/09/1989,04/09/1989,10.90999984741211,null,null,null,27,7,odour free,7.79,359,null,null,null,null,null,8.6,null,null,0,162,150,86,null,.19,34.4,15.552,18.6,1.6,27,2.9,0,98.8,null,null,null
65,01/09/1989,04/09/1989,10.90999984741211,null,null,null,27,7,odour free,7.79,359,null,null,null,null,null,8.6,null,null,0,162,150,86,null,.19,34.4,15.552,18.6,1.6,27,2.9,0,98.8,null,null,null
66,01/10/1989,04/10/1989,10,null,null,null,28,7,odour free,7.84,464,null,null,null,null,.2,14.4,null,null,0,188,167,103,null,.21,41.2,15.552,26.5,23,22,4.8,0,114.7,null,null,null
67,01/10/1989,04/10/1989,10,null,null,null,28,7,odour free,7.84,464,null,null,null,null,.2,14.4,null,null,0,188,167,103,null,.21,41.2,15.552,26.5,23,22,4.8,0,114.7,null,null,null
68,01/11/1989,04/11/1989,8.22700023651123,null,null,null,28,7,odour free,7.71,359,null,null,null,null,1,9.1,null,null,0,132,128,91,null,.09,36.4,8.991,20.9,2,24,6.8,0,80.5,null,null,null
69,01/11/1989,04/11/1989,8.22700023651123,null,null,null,28,7,odour free,7.71,359,null,null,null,null,1,9.1,null,null,0,132,128,91,null,.09,36.4,8.991,20.9,2,24,6.8,0,80.5,null,null,null
70,01/12/1989,04/12/1989,0.5550000071525574,null,null,null,25.5,7,odour free,7.94,369,null,null,null,null,.3,7.1,null,null,0,148,128,73,null,.07,29.2,13.365,25.1,2,26,10.4,0,90.3,null,null,null
71,01/12/1989,04/12/1989,0.5550000071525574,null,null,null,25.5,7,odour free,7.94,369,null,null,null,null,.3,7.1,null,null,0,148,128,73,null,.07,29.2,13.365,25.1,2,26,10.4,0,90.3,null,null,null
72,01/01/1990,04/01/1990,1.4479999542236328,null,null,null,27.5,7,odour free,7.61,327,null,null,null,null,null,6.3,null,null,0,135,125,65,null,null,26,14.58,21.6,1.2,21,5.2,0,82.4,null,null,null
73,01/01/1990,04/01/1990,1.4479999542236328,null,null,null,27.5,7,odour free,7.61,327,null,null,null,null,null,6.3,null,null,0,135,125,65,null,null,26,14.58,21.6,1.2,21,5.2,0,82.4,null,null,null
74,01/02/1990,04/02/1990,0.546999990940094,null,null,null,25,7,odour free,7.94,454,null,null,null,null,.1,11.7,null,null,0,164,138,73,null,.21,29.2,15.795,38.6,1.2,24,6.4,0,100,null,null,null
75,01/02/1990,04/02/1990,0.546999990940094,null,null,null,25,7,odour free,7.94,454,null,null,null,null,.1,11.7,null,null,0,164,138,73,null,.21,29.2,15.795,38.6,1.2,24,6.4,0,100,null,null,null
76,01/03/1990,04/03/1990,0.10000000149011612,null,null,null,27.5,7,odour free,7.66,425,null,null,null,null,null,8.9,null,null,0,182,159,73,null,.17,29.2,20.898,33.6,2,24,3.2,0,111,null,null,null
77,01/03/1990,04/03/1990,0.10000000149011612,null,null,null,27.5,7,odour free,7.66,425,null,null,null,null,null,8.9,null,null,0,182,159,73,null,.17,29.2,20.898,33.6,2,24,3.2,0,111,null,null,null
78,01/05/1990,04/05/1990,0.16500000655651093,null,null,null,28.5,7,odour free,7.95,644,null,null,null,null,.1,16,null,null,0,259,211,38,null,.14,15.2,42.039,54.1,3.9,32,9.6,0,158,null,null,null
79,01/05/1990,04/05/1990,0.16500000655651093,null,null,null,28.5,7,odour free,7.95,644,null,null,null,null,.1,16,null,null,0,259,211,38,null,.14,15.2,42.039,54.1,3.9,32,9.6,0,158,null,null,null
80,01/06/1990,04/06/1990,14.0600004196167,null,null,null,27,7,odour free,8.21,374,null,null,null,null,null,2.8,null,null,9.6,94,114,74,null,.06,29.6,9.72,18,1.6,26,35,11.5,45.63,null,null,null
81,01/06/1990,04/06/1990,14.0600004196167,null,null,null,27,7,odour free,8.21,374,null,null,null,null,null,2.8,null,null,9.6,94,114,74,null,.06,29.6,9.72,18,1.6,26,35,11.5,45.63,null,null,null
82,01/07/1990,04/07/1990,10.5,null,null,null,25.5,7,odour free,null,275,null,null,null,null,null,10.1,null,null,1.2,160,94,62,null,.05,24.8,7.776,12,1.2,25,2,null,null,null,null,null
83,01/07/1990,04/07/1990,10.5,null,null,null,25.5,7,odour free,null,275,null,null,null,null,null,10.1,null,null,1.2,160,94,62,null,.05,24.8,7.776,12,1.2,25,2,null,null,null,null,null
84,01/08/1990,04/08/1990,1.2100000381469727,null,null,null,27.5,7,odour free,null,429,null,null,null,null,.01,10.6,null,null,21.6,146,166,90,null,.24,36,18.468,27,1.2,31,1,null,null,null,null,null
85,01/08/1990,04/08/1990,1.2100000381469727,null,null,null,27.5,7,odour free,null,429,null,null,null,null,.01,10.6,null,null,21.6,146,166,90,null,.24,36,18.468,27,1.2,31,1,null,null,null,null,null
86,01/09/1990,04/09/1990,4.204999923706055,null,null,null,28,7,odour free,8.32,462,null,null,null,null,.02,9.1,null,null,0,184,158,88,null,.14,35.2,17.01,23,.8,19,1,0,224.5,null,null,null
87,01/09/1990,04/09/1990,4.204999923706055,null,null,null,28,7,odour free,8.32,462,null,null,null,null,.02,9.1,null,null,0,184,158,88,null,.14,35.2,17.01,23,.8,19,1,0,224.5,null,null,null
88,01/10/1990,04/10/1990,1.156999945640564,null,null,null,26,7,odour free,8.16,330,null,null,null,null,null,23.6,null,null,14.4,110,126,88,null,null,35.2,9.234,12,1.2,12,null,17.3,49.53,null,null,null
89,01/10/1990,04/10/1990,1.156999945640564,null,null,null,26,7,odour free,8.16,330,null,null,null,null,null,23.6,null,null,14.4,110,126,88,null,null,35.2,9.234,12,1.2,12,null,17.3,49.53,null,null,null
90,01/11/1990,04/11/1990,55.540000915527344,null,null,null,24.5,7,odour free,8.18,286,null,null,null,null,.01,18.5,null,null,4.8,86,98,64,null,.11,25.6,8.262,12,2.7,17,8,5.8,46.6,null,null,null
91,01/11/1990,04/11/1990,55.540000915527344,null,null,null,24.5,7,odour free,8.18,286,null,null,null,null,.01,18.5,null,null,4.8,86,98,64,null,.11,25.6,8.262,12,2.7,17,8,5.8,46.6,null,null,null
92,01/12/1990,04/12/1990,4.75,null,null,6.59,23.5,7,odour free,8.52,429,null,null,null,null,null,7.6,null,null,7.2,136,148,82,null,null,32.8,16.038,24,2.7,29,9,8.64,74.18,null,null,null
93,01/12/1990,04/12/1990,4.75,null,null,6.59,23.5,7,odour free,8.52,429,null,null,null,null,null,7.6,null,null,7.2,136,148,82,null,null,32.8,16.038,24,2.7,29,9,8.64,74.18,null,null,null
94,01/01/1991,04/01/1991,5.317999839782715,null,null,6.58,23.5,7,odour free,8.03,418,null,null,null,null,null,1.8,null,null,7.2,112,122,76,null,null,30.4,11.178,20,2.3,26,1,8.64,59.54,null,null,null
95,01/01/1991,04/01/1991,5.317999839782715,null,null,6.58,23.5,7,odour free,8.03,418,null,null,null,null,null,1.8,null,null,7.2,112,122,76,null,null,30.4,11.178,20,2.3,26,1,8.64,59.54,null,null,null
96,01/02/1991,04/02/1991,1.2170000076293945,null,null,6.7,22,7,odour free,7.8,484,null,null,null,null,.1,14.7,null,null,14.4,126,132,72,null,.03,28.8,14.58,24,2,26,1,17.3,59.29,null,null,null
97,01/02/1991,04/02/1991,1.2170000076293945,null,null,6.7,22,7,odour free,7.8,484,null,null,null,null,.1,14.7,null,null,14.4,126,132,72,null,.03,28.8,14.58,24,2,26,1,17.3,59.29,null,null,null
98,01/03/1991,04/03/1991,0.4880000054836273,null,null,4.39,null,7,odour free,7.7,605,null,null,null,null,.04,20,null,null,2.4,154,164,52,null,null,20.8,27.216,37,2.7,42,1,2.9,91.01,null,null,null
99,01/03/1991,04/03/1991,0.4880000054836273,null,null,4.39,null,7,odour free,7.7,605,null,null,null,null,.04,20,null,null,2.4,154,164,52,null,null,20.8,27.216,37,2.7,42,1,2.9,91.01,null,null,null
100,01/04/1991,04/04/1991,0.10700000077486038,null,null,6.1,30,7,odour free,7.95,484,null,null,null,null,.03,27.6,null,null,16.8,132,132,64,null,.22,25.6,16.524,26,2.3,28,1,20.2,60.02,null,null,null
101,01/04/1991,04/04/1991,0.10700000077486038,null,null,6.1,30,7,odour free,7.95,484,null,null,null,null,.03,27.6,null,null,16.8,132,132,64,null,.22,25.6,16.524,26,2.3,28,1,20.2,60.02,null,null,null
102,01/05/1991,04/05/1991,1.9429999589920044,null,null,5.17,30.5,7,odour free,7.75,572,null,null,null,null,.07,16.7,null,null,14.4,156,96,56,null,null,22.4,9.72,47,2.7,26,9,17.3,77.59,null,null,null
103,01/05/1991,04/05/1991,1.9429999589920044,null,null,5.17,30.5,7,odour free,7.75,572,null,null,null,null,.07,16.7,null,null,14.4,156,96,56,null,null,22.4,9.72,47,2.7,26,9,17.3,77.59,null,null,null
104,01/06/1991,04/06/1991,3.246999979019165,null,null,6.1,27.5,7,odour free,7.95,440,null,null,null,null,.03,25.1,null,null,.72,132,141,74,null,null,29.6,16.281,18,2.3,16,1,.86,79.642,null,null,null
105,01/06/1991,04/06/1991,3.246999979019165,null,null,6.1,27.5,7,odour free,7.95,440,null,null,null,null,.03,25.1,null,null,.72,132,141,74,null,null,29.6,16.281,18,2.3,16,1,.86,79.642,null,null,null
106,01/07/1991,04/07/1991,9.015000343322754,null,null,6.49,25,7,odour free,null,473,null,null,null,null,.01,19.8,null,null,.48,124,140,16,null,null,6.4,30.132,20,1.2,28,4,null,null,null,null,null
107,01/07/1991,04/07/1991,9.015000343322754,null,null,6.49,25,7,odour free,null,473,null,null,null,null,.01,19.8,null,null,.48,124,140,16,null,null,6.4,30.132,20,1.2,28,4,null,null,null,null,null
108,01/09/1991,04/09/1991,2.990999937057495,null,null,6.24,26,7,odour free,7.9,572,null,null,null,null,.01,33.2,null,null,.88,150,178,102,null,null,40.8,18.468,21,2,28,1,1.06,90.426,null,null,null
109,01/09/1991,04/09/1991,2.990999937057495,null,null,6.24,26,7,odour free,7.9,572,null,null,null,null,.01,33.2,null,null,.88,150,178,102,null,null,40.8,18.468,21,2,28,1,1.06,90.426,null,null,null
110,01/10/1991,04/10/1991,9.199999809265137,null,null,7.54,27.5,7,odour free,7.96,539,null,null,null,null,.03,46.9,null,null,.18,160,172,84,null,null,33.6,21.384,28,2.3,30,1,.22,97.38,null,null,null
111,01/10/1991,04/10/1991,9.199999809265137,null,null,7.54,27.5,7,odour free,7.96,539,null,null,null,null,.03,46.9,null,null,.18,160,172,84,null,null,33.6,21.384,28,2.3,30,1,.22,97.38,null,null,null
112,01/11/1991,04/11/1991,22.139999389648438,null,null,6.29,25.5,7,odour free,7.9,440,null,null,null,null,.02,19.3,null,null,0,142,136,82,null,null,32.8,13.122,22,2.3,24,4,0,86.6,null,null,null
113,01/11/1991,04/11/1991,22.139999389648438,null,null,6.29,25.5,7,odour free,7.9,440,null,null,null,null,.02,19.3,null,null,0,142,136,82,null,null,32.8,13.122,22,2.3,24,4,0,86.6,null,null,null
114,01/12/1991,04/12/1991,0.4959999918937683,null,null,6.68,20,7,odour free,7.85,462,null,null,null,null,.02,37.7,null,null,.4,134,146,74,null,null,29.6,17.496,25,2.7,31,1,.5,81.25,null,null,null
115,01/12/1991,04/12/1991,0.4959999918937683,null,null,6.68,20,7,odour free,7.85,462,null,null,null,null,.02,37.7,null,null,.4,134,146,74,null,null,29.6,17.496,25,2.7,31,1,.5,81.25,null,null,null
116,01/01/1992,04/01/1992,2.062999963760376,null,null,7.25,21,7,odour free,7.8,506,null,null,null,null,.11,14.4,null,null,0,162,160,136,null,null,54.4,5.832,26,2.3,33,1,0,98.8,null,null,null
117,01/01/1992,04/01/1992,2.062999963760376,null,null,7.25,21,7,odour free,7.8,506,null,null,null,null,.11,14.4,null,null,0,162,160,136,null,null,54.4,5.832,26,2.3,33,1,0,98.8,null,null,null
118,01/02/1992,04/02/1992,2.062999963760376,null,null,6.08,20,7,odour free,7.8,429,null,null,null,null,.01,33.4,null,null,0,142,128,68,null,null,27.2,14.58,23,1.6,23,1,0,86.6,null,null,null
119,01/02/1992,04/02/1992,2.062999963760376,null,null,6.08,20,7,odour free,7.8,429,null,null,null,null,.01,33.4,null,null,0,142,128,68,null,null,27.2,14.58,23,1.6,23,1,0,86.6,null,null,null
120,01/03/1992,04/03/1992,0.3160000145435333,null,null,6.22,20.5,7,odour free,8.2,640,null,null,null,null,.01,45.3,null,null,.98,140,178,92,null,null,36.8,20.898,52,1.6,36,1,1.18,84.204,null,null,null
121,01/03/1992,04/03/1992,0.3160000145435333,null,null,6.22,20.5,7,odour free,8.2,640,null,null,null,null,.01,45.3,null,null,.98,140,178,92,null,null,36.8,20.898,52,1.6,36,1,1.18,84.204,null,null,null
122,01/07/1992,02/07/1992,62.65999984741211,null,null,6.03,24,7,odour free,8.1,310,null,null,null,null,.02,4.7,null,null,0,114,114,72,null,null,28.8,10.206,15,2.3,21,6,0,69.5,null,null,null
123,01/07/1992,02/07/1992,62.65999984741211,null,null,6.03,24,7,odour free,8.1,310,null,null,null,null,.02,4.7,null,null,0,114,114,72,null,null,28.8,10.206,15,2.3,21,6,0,69.5,null,null,null
124,01/08/1992,02/08/1992,27.780000686645508,null,null,5.79,29,7,odour free,7.75,340,null,null,null,null,null,7.5,null,null,.2,133,124,84,null,null,33.6,9.72,14,1.6,23,2,.2,80.89,null,null,null
125,01/08/1992,02/08/1992,27.780000686645508,null,null,5.79,29,7,odour free,7.75,340,null,null,null,null,null,7.5,null,null,.2,133,124,84,null,null,33.6,9.72,14,1.6,23,2,.2,80.89,null,null,null
126,01/09/1992,03/09/1992,42.470001220703125,null,null,5.45,27,7,odour free,7.9,300,null,null,null,null,null,11.6,null,null,.5,95,120,74,null,null,29.6,11.178,12,1.6,21,1,.6,57.3,null,null,null
127,01/09/1992,03/09/1992,42.470001220703125,null,null,5.45,27,7,odour free,7.9,300,null,null,null,null,null,11.6,null,null,.5,95,120,74,null,null,29.6,11.178,12,1.6,21,1,.6,57.3,null,null,null
128,01/10/1992,02/10/1992,19.649999618530273,null,null,6.81,29.5,7,odour free,7.75,360,null,null,null,null,.01,27.7,null,null,.3,143,142,88,null,null,35.2,13.122,15,2.3,20,1,.4,86.86,null,null,null
129,01/10/1992,02/10/1992,19.649999618530273,null,null,6.81,29.5,7,odour free,7.75,360,null,null,null,null,.01,27.7,null,null,.3,143,142,88,null,null,35.2,13.122,15,2.3,20,1,.4,86.86,null,null,null
130,01/11/1992,02/11/1992,0.8889999985694885,null,null,6.22,30,7,odour free,7.8,390,null,null,null,null,.01,17.6,null,null,.8,123,142,88,null,null,35.2,13.122,19,2.3,25,1,1,74.05,null,null,null
131,01/11/1992,02/11/1992,0.8889999985694885,null,null,6.22,30,7,odour free,7.8,390,null,null,null,null,.01,17.6,null,null,.8,123,142,88,null,null,35.2,13.122,19,2.3,25,1,1,74.05,null,null,null
132,01/12/1992,03/12/1992,37.09000015258789,null,null,7.07,27,7,odour free,8.2,380,null,null,null,null,.02,60.4,null,null,null,153,140,78,null,null,31.2,15.066,23,3.1,25,19,null,null,null,null,null
133,01/12/1992,03/12/1992,37.09000015258789,null,null,7.07,27,7,odour free,8.2,380,null,null,null,null,.02,60.4,null,null,null,153,140,78,null,null,31.2,15.066,23,3.1,25,19,null,null,null,null,null
134,01/01/1993,03/01/1993,1.819000005722046,null,null,7.41,23.5,7,odour free,7.95,480,null,null,null,null,.03,17.6,null,null,null,162,152,82,null,null,32.8,17.01,26,2.3,34,24,null,null,null,null,null
135,01/01/1993,03/01/1993,1.819000005722046,null,null,7.41,23.5,7,odour free,7.95,480,null,null,null,null,.03,17.6,null,null,null,162,152,82,null,null,32.8,17.01,26,2.3,34,24,null,null,null,null,null
136,01/02/1993,02/02/1993,4.9730000495910645,null,null,7.99,25,7,odour free,8.25,430,null,null,null,null,.01,20.1,null,null,.64,136,156,78,null,null,31.2,18.954,25,1.2,28,1,.77,82.179,null,null,null
137,01/02/1993,02/02/1993,4.9730000495910645,null,null,7.99,25,7,odour free,8.25,430,null,null,null,null,.01,20.1,null,null,.64,136,156,78,null,null,31.2,18.954,25,1.2,28,1,.77,82.179,null,null,null
138,01/03/1993,02/03/1993,6.986000061035156,null,null,6.43,29,7,odour free,8.25,490,null,null,null,null,.03,45.3,null,null,.48,154,130,62,null,null,24.8,16.524,24,2,26,2,.58,93.354,null,null,null
139,01/03/1993,02/03/1993,6.986000061035156,null,null,6.43,29,7,odour free,8.25,490,null,null,null,null,.03,45.3,null,null,.48,154,130,62,null,null,24.8,16.524,24,2,26,2,.58,93.354,null,null,null
140,01/04/1993,02/04/1993,1.5269999504089355,null,null,4.87,30,7,odour free,7.95,390,null,null,null,null,.1,29.4,null,null,null,160,136,74,null,null,29.6,15.066,24,1.6,27,1,null,null,null,null,null
141,01/04/1993,02/04/1993,1.5269999504089355,null,null,4.87,30,7,odour free,7.95,390,null,null,null,null,.1,29.4,null,null,null,160,136,74,null,null,29.6,15.066,24,1.6,27,1,null,null,null,null,null
142,03/06/1993,04/06/1993,3.6740000247955322,null,null,8.58,31,7,odour free,8.15,370,null,null,null,null,.01,22,null,null,0,138,124,64,null,.11,25.6,14.58,25.1,2,25,18.2,0,84.2,null,null,null
143,03/06/1993,04/06/1993,3.6740000247955322,null,null,8.58,31,7,odour free,8.15,370,null,null,null,null,.01,22,null,null,0,138,124,64,null,.11,25.6,14.58,25.1,2,25,18.2,0,84.2,null,null,null
144,02/07/1993,03/07/1993,7.0229997634887695,null,null,6.33,26.5,7,odour free,8.25,310,null,null,null,null,.06,25.1,null,null,.4,90,114,68,null,.1,27.2,11.178,22,2.3,29,27.4,.5,54.41,null,null,null
145,02/07/1993,03/07/1993,7.0229997634887695,null,null,6.33,26.5,7,odour free,8.25,310,null,null,null,null,.06,25.1,null,null,.4,90,114,68,null,.1,27.2,11.178,22,2.3,29,27.4,.5,54.41,null,null,null
146,02/08/1993,04/08/1993,44.70000076293945,null,null,8.27,27,7,odour free,7.8,270,null,null,null,null,.06,14.9,null,null,0,98,106,66,null,.08,26.4,9.72,15,1.6,33,3.4,0,59.8,null,null,null
147,02/08/1993,04/08/1993,44.70000076293945,null,null,8.27,27,7,odour free,7.8,270,null,null,null,null,.06,14.9,null,null,0,98,106,66,null,.08,26.4,9.72,15,1.6,33,3.4,0,59.8,null,null,null
148,01/09/1993,03/09/1993,10.4399995803833,null,null,7.11,28,7,odour free,7.95,420,null,null,null,null,.02,11.7,null,null,0,172,152,88,null,null,35.2,15.552,22,1.2,26,2.4,0,104.9,null,null,null
149,01/09/1993,03/09/1993,10.4399995803833,null,null,7.11,28,7,odour free,7.95,420,null,null,null,null,.02,11.7,null,null,0,172,152,88,null,null,35.2,15.552,22,1.2,26,2.4,0,104.9,null,null,null
150,01/10/1993,04/10/1993,3.069000005722046,null,null,6.91,28,7,odour free,8.24,340,null,null,null,null,.02,8.9,null,null,.4,114,138,68,null,.04,27.2,17.01,20,2,24,2.9,.5,69.05,null,null,null
151,01/10/1993,04/10/1993,3.069000005722046,null,null,6.91,28,7,odour free,8.24,340,null,null,null,null,.02,8.9,null,null,.4,114,138,68,null,.04,27.2,17.01,20,2,24,2.9,.5,69.05,null,null,null
152,01/11/1993,02/11/1993,4.7729997634887695,null,null,7.97,27.5,7,odour free,8.25,480,null,null,null,null,.01,8.4,null,null,.64,132,152,66,null,.08,26.4,20.898,28,.4,32,1.4,.77,79.739,null,null,null
153,01/11/1993,02/11/1993,4.7729997634887695,null,null,7.97,27.5,7,odour free,8.25,480,null,null,null,null,.01,8.4,null,null,.64,132,152,66,null,.08,26.4,20.898,28,.4,32,1.4,.77,79.739,null,null,null
154,01/12/1993,07/12/1993,3.299999952316284,null,null,7.39,25,7,odour free,8.2,420,null,null,null,null,.02,14.2,null,null,.4,132,146,64,null,.07,25.6,19.926,23,3.1,28,9.6,.5,80.03,null,null,null
155,01/12/1993,07/12/1993,3.299999952316284,null,null,7.39,25,7,odour free,8.2,420,null,null,null,null,.02,14.2,null,null,.4,132,146,64,null,.07,25.6,19.926,23,3.1,28,9.6,.5,80.03,null,null,null
156,01/01/1994,03/01/1994,3.9179999828338623,null,null,7.02,25.5,7,odour free,7.92,370,null,null,null,null,.02,16,null,null,0,138,132,74,null,.1,29.6,14.094,26,2,22,1,0,84.2,null,null,null
157,01/01/1994,03/01/1994,3.9179999828338623,null,null,7.02,25.5,7,odour free,7.92,370,null,null,null,null,.02,16,null,null,0,138,132,74,null,.1,29.6,14.094,26,2,22,1,0,84.2,null,null,null
158,01/02/1994,02/02/1994,2.2160000801086426,null,null,6.81,27,7,odour free,7.75,320,null,null,null,null,.01,10.9,null,null,0,124,118,66,null,.04,26.4,12.636,18,1.6,19,1,0,75.6,null,null,null
159,01/02/1994,02/02/1994,2.2160000801086426,null,null,6.81,27,7,odour free,7.75,320,null,null,null,null,.01,10.9,null,null,0,124,118,66,null,.04,26.4,12.636,18,1.6,19,1,0,75.6,null,null,null
160,02/05/1994,03/05/1994,1.805999994277954,null,null,6.04,29,7,odour free,8.35,450,null,null,null,null,.03,17,null,null,.8,132,138,68,null,.05,27.2,17.01,28,2,23,1,1,79.54,null,null,null
161,02/05/1994,03/05/1994,1.805999994277954,null,null,6.04,29,7,odour free,8.35,450,null,null,null,null,.03,17,null,null,.8,132,138,68,null,.05,27.2,17.01,28,2,23,1,1,79.54,null,null,null
162,01/07/1994,02/07/1994,43.04999923706055,null,null,7.48,27.5,7,odour free,7.52,270,null,null,null,null,.02,15,null,null,0,108,128,64,null,null,25.6,15.552,16.6,1.6,9,2.4,0,65.9,null,null,null
163,01/07/1994,02/07/1994,43.04999923706055,null,null,7.48,27.5,7,odour free,7.52,270,null,null,null,null,.02,15,null,null,0,108,128,64,null,null,25.6,15.552,16.6,1.6,9,2.4,0,65.9,null,null,null
164,01/08/1994,02/08/1994,77.16999816894531,null,null,6.36,25,7,odour free,7.55,240,null,null,null,null,.02,19,null,null,0,72,112,56,null,.04,22.4,13.608,14.7,1.6,17,2.9,0,43.9,null,null,null
165,01/08/1994,02/08/1994,77.16999816894531,null,null,6.36,25,7,odour free,7.55,240,null,null,null,null,.02,19,null,null,0,72,112,56,null,.04,22.4,13.608,14.7,1.6,17,2.9,0,43.9,null,null,null
166,01/09/1994,02/09/1994,49.06999969482422,null,null,5.99,26,7,odour free,7.64,300,null,null,null,null,.02,12,null,null,0,96,116,72,null,.01,28.8,10.692,14.5,1.6,20,1.4,0,58.6,null,null,null
167,01/09/1994,02/09/1994,49.06999969482422,null,null,5.99,26,7,odour free,7.64,300,null,null,null,null,.02,12,null,null,0,96,116,72,null,.01,28.8,10.692,14.5,1.6,20,1.4,0,58.6,null,null,null
168,01/10/1994,05/10/1994,19.489999771118164,null,null,6.84,28,7,odour free,7.68,280,null,null,null,null,.01,12,null,null,0,100,132,82,null,.01,32.8,12.15,15.6,3.1,17,1,0,61,null,null,null
169,01/10/1994,05/10/1994,19.489999771118164,null,null,6.84,28,7,odour free,7.68,280,null,null,null,null,.01,12,null,null,0,100,132,82,null,.01,32.8,12.15,15.6,3.1,17,1,0,61,null,null,null
170,01/11/1994,03/11/1994,91.7300033569336,null,null,5.85,28,7,odour free,8.25,270,null,null,null,null,.02,13,null,null,.24,80,122,70,null,null,28,12.636,15,2.3,18,4.8,.29,48.507,null,null,null
171,01/11/1994,03/11/1994,91.7300033569336,null,null,5.85,28,7,odour free,8.25,270,null,null,null,null,.02,13,null,null,.24,80,122,70,null,null,28,12.636,15,2.3,18,4.8,.29,48.507,null,null,null
172,01/12/1994,02/12/1994,2.7799999713897705,null,null,5.66,27.5,7,odour free,7.96,480,null,null,null,null,.03,10,null,null,.64,120,164,100,null,.01,40,15.552,40,2.3,36,7.7,.77,72.419,null,null,null
173,01/12/1994,02/12/1994,2.7799999713897705,null,null,5.66,27.5,7,odour free,7.96,480,null,null,null,null,.03,10,null,null,.64,120,164,100,null,.01,40,15.552,40,2.3,36,7.7,.77,72.419,null,null,null
174,02/01/1995,04/01/1995,3.1610000133514404,null,null,6.73,26,7,odour free,7.88,430,null,null,null,null,.04,19,null,null,0,122,144,90,null,.05,36,13.122,16.1,3.1,28,5.3,0,74.4,null,null,null
175,02/01/1995,04/01/1995,3.1610000133514404,null,null,6.73,26,7,odour free,7.88,430,null,null,null,null,.04,19,null,null,0,122,144,90,null,.05,36,13.122,16.1,3.1,28,5.3,0,74.4,null,null,null
176,01/02/1995,03/02/1995,3.805999994277954,null,null,7.39,25,1,odour free,8.08,430,null,null,null,null,.04,17,null,null,0,140,142,82,null,.04,32.8,14.58,23,1.6,26,2.4,0,85.4,null,null,null
177,01/02/1995,03/02/1995,3.805999994277954,null,null,7.39,25,1,odour free,8.08,430,null,null,null,null,.04,17,null,null,0,140,142,82,null,.04,32.8,14.58,23,1.6,26,2.4,0,85.4,null,null,null
178,01/07/1995,03/07/1995,17,null,null,5.64,27,1,odour free,8.37,430,null,null,null,null,.18,13,null,null,.48,114,142,76,null,.03,30.4,16.038,24,2.3,30,6.4,.58,68.954,null,null,null
179,01/07/1995,03/07/1995,17,null,null,5.64,27,1,odour free,8.37,430,null,null,null,null,.18,13,null,null,.48,114,142,76,null,.03,30.4,16.038,24,2.3,30,6.4,.58,68.954,null,null,null
180,01/08/1995,03/08/1995,11.5,null,null,6.8,26.5,7,odour free,8.39,380,null,null,null,null,.36,13,null,null,1,116,168,86,null,.03,34.4,19.926,17,2,24,2,1.2,69.5,null,null,null
181,01/08/1995,03/08/1995,11.5,null,null,6.8,26.5,7,odour free,8.39,380,null,null,null,null,.36,13,null,null,1,116,168,86,null,.03,34.4,19.926,17,2,24,2,1.2,69.5,null,null,null
182,01/09/1995,04/09/1995,56,null,null,6.03,26,7,odour free,8.17,250,null,null,null,null,.16,13,null,null,.24,84,102,66,null,.02,26.4,8.748,12,2,15,1,.29,50.947,null,null,null
183,01/09/1995,04/09/1995,56,null,null,6.03,26,7,odour free,8.17,250,null,null,null,null,.16,13,null,null,.24,84,102,66,null,.02,26.4,8.748,12,2,15,1,.29,50.947,null,null,null
184,04/10/1995,05/10/1995,1.75,null,null,6.27,25.5,7,odour free,8.34,450,null,null,null,null,.17,17,null,null,.24,102,132,58,null,.01,23.2,17.982,21,1.6,24,3,.29,61.927,null,null,null
185,04/10/1995,05/10/1995,1.75,null,null,6.27,25.5,7,odour free,8.34,450,null,null,null,null,.17,17,null,null,.24,102,132,58,null,.01,23.2,17.982,21,1.6,24,3,.29,61.927,null,null,null
186,01/11/1995,03/11/1995,50,null,null,4.75,27.5,7,odour free,7.58,220,null,null,null,null,.17,10,null,null,0,63,94,54,null,.02,21.6,9.72,14,2.7,23,6,0,38.4,null,null,null
187,01/11/1995,03/11/1995,50,null,null,4.75,27.5,7,odour free,7.58,220,null,null,null,null,.17,10,null,null,0,63,94,54,null,.02,21.6,9.72,14,2.7,23,6,0,38.4,null,null,null
188,01/12/1995,02/12/1995,3.4200000762939453,null,null,6.27,28.5,7,odour free,8.1,350,null,null,null,null,.18,13,null,null,.32,78,120,64,null,.03,25.6,13.608,20,2,21,6,.38,47.19,null,null,null
189,01/12/1995,02/12/1995,3.4200000762939453,null,null,6.27,28.5,7,odour free,8.1,350,null,null,null,null,.18,13,null,null,.32,78,120,64,null,.03,25.6,13.608,20,2,21,6,.38,47.19,null,null,null
190,01/01/1996,03/01/1996,4.47599983215332,null,null,5.25,24,7,odour free,8.29,350,null,null,null,null,.16,14,null,null,.48,68,112,66,null,.02,26.4,11.178,20,2,23,6,.58,40.894,null,null,null
191,01/01/1996,03/01/1996,4.47599983215332,null,null,5.25,24,7,odour free,8.29,350,null,null,null,null,.16,14,null,null,.48,68,112,66,null,.02,26.4,11.178,20,2,23,6,.58,40.894,null,null,null
192,01/02/1996,03/02/1996,2.799999952316284,null,null,6.19,24.5,7,odour free,8.24,320,null,null,null,null,.41,14,null,null,.48,64,108,70,null,.04,28,9.234,19,1.2,20,9,.58,38.454,null,null,null
193,01/02/1996,03/02/1996,2.799999952316284,null,null,6.19,24.5,7,odour free,8.24,320,null,null,null,null,.41,14,null,null,.48,64,108,70,null,.04,28,9.234,19,1.2,20,9,.58,38.454,null,null,null
194,01/03/1996,04/03/1996,1.350000023841858,null,null,7.41,25.5,7,odour free,8.1,400,null,null,null,null,.52,18,null,null,.4,78,136,70,null,.04,28,16.038,23,1.2,35,10,.5,47.09,null,null,null
195,01/03/1996,04/03/1996,1.350000023841858,null,null,7.41,25.5,7,odour free,8.1,400,null,null,null,null,.52,18,null,null,.4,78,136,70,null,.04,28,16.038,23,1.2,35,10,.5,47.09,null,null,null
196,01/05/1996,04/05/1996,6.136000156402588,null,null,6.1,29,7,odour free,8.28,420,null,null,null,null,.31,18,null,null,.4,102,138,78,null,.04,31.2,14.58,21,3.1,22,7,.5,61.73,null,null,null
197,01/05/1996,04/05/1996,6.136000156402588,null,null,6.1,29,7,odour free,8.28,420,null,null,null,null,.31,18,null,null,.4,102,138,78,null,.04,31.2,14.58,21,3.1,22,7,.5,61.73,null,null,null
198,01/08/1996,03/08/1996,20,null,null,7.35,26,1,odour free,7.97,270,null,null,null,null,.28,13,null,null,0,84,114,72,null,.03,28.8,10.206,13.8,2.3,20,7,0,51.2,null,null,null
199,01/08/1996,03/08/1996,20,null,null,7.35,26,1,odour free,7.97,270,null,null,null,null,.28,13,null,null,0,84,114,72,null,.03,28.8,10.206,13.8,2.3,20,7,0,51.2,null,null,null
200,02/09/1996,03/09/1996,1,null,null,6.59,26,Clear,odour free,8.05,420,null,null,null,null,.1,12,null,null,0,65.984,199.275,96,null,.03,38.4,24.786,20.5,2.7,23,1,0,80.5,null,null,null
201,02/09/1996,03/09/1996,1,null,null,6.59,26,Clear,odour free,8.05,420,null,null,null,null,.1,12,null,null,0,65.984,199.275,96,null,.03,38.4,24.786,20.5,2.7,23,1,0,80.5,null,null,null
202,01/10/1996,04/10/1996,26.75,null,null,6.03,26,Clear,odour free,7.75,270,null,null,null,null,.08,17,null,null,0,39.016,106.325,80,null,.03,32,6.318,12.9,2.3,19,2,0,47.6,null,null,null
203,01/10/1996,04/10/1996,26.75,null,null,6.03,26,Clear,odour free,7.75,270,null,null,null,null,.08,17,null,null,0,39.016,106.325,80,null,.03,32,6.318,12.9,2.3,19,2,0,47.6,null,null,null
204,01/11/1996,04/11/1996,1,null,null,5.46,28.5,Clear,odour free,8.35,490,null,null,null,null,.12,16,null,null,.315,60.314,152.875,82,null,.03,32.8,17.01,23.2,2.3,28,2,.38,72.81,null,null,null
205,01/11/1996,04/11/1996,1,null,null,5.46,28.5,Clear,odour free,8.35,490,null,null,null,null,.12,16,null,null,.315,60.314,152.875,82,null,.03,32.8,17.01,23.2,2.3,28,2,.38,72.81,null,null,null
206,02/12/1996,03/12/1996,2,null,null,6.78,26.5,Clear,odour free,8.05,400,null,null,null,null,.15,14,null,null,0,50,138.75,78,null,.03,31.2,14.58,23.7,2.3,24,10,0,61,null,null,null
207,02/12/1996,03/12/1996,2,null,null,6.78,26.5,Clear,odour free,8.05,400,null,null,null,null,.15,14,null,null,0,50,138.75,78,null,.03,31.2,14.58,23.7,2.3,24,10,0,61,null,null,null
208,01/01/1997,04/01/1997,2.200000047683716,null,null,5.65,29,Clear,odour free,8.1,330,null,null,null,null,.21,15,null,null,.315,36.314,128.75,68,null,.03,27.2,14.58,19.6,2.3,23,10,.38,43.53,null,null,null
209,01/01/1997,04/01/1997,2.200000047683716,null,null,5.65,29,Clear,odour free,8.1,330,null,null,null,null,.21,15,null,null,.315,36.314,128.75,68,null,.03,27.2,14.58,19.6,2.3,23,10,.38,43.53,null,null,null
210,01/02/1997,03/02/1997,3.4000000953674316,null,null,6.96,24.5,Clear,odour free,8.25,330,null,null,null,null,.23,15,null,null,.315,41.314,122.575,76,null,.03,30.4,11.178,20.7,1.6,24,7,.38,49.63,null,null,null
211,01/02/1997,03/02/1997,3.4000000953674316,null,null,6.96,24.5,Clear,odour free,8.25,330,null,null,null,null,.23,15,null,null,.315,41.314,122.575,76,null,.03,30.4,11.178,20.7,1.6,24,7,.38,49.63,null,null,null
212,01/03/1997,03/03/1997,1.5499999523162842,null,null,6.23,26,Clear,odour free,8.2,500,null,null,null,null,.38,13,null,null,.315,60.314,156.775,94,null,.03,37.6,15.066,28.1,.8,25,5,.38,72.81,null,null,null
213,01/03/1997,03/03/1997,1.5499999523162842,null,null,6.23,26,Clear,odour free,8.2,500,null,null,null,null,.38,13,null,null,.315,60.314,156.775,94,null,.03,37.6,15.066,28.1,.8,25,5,.38,72.81,null,null,null
214,01/04/1997,03/04/1997,9.199999809265137,null,null,6.36,26,Clear,odour free,7.9,450,null,null,null,null,.41,9,null,null,.415,54.432,162.775,100,null,.03,40,15.066,23.9,2.7,29,4,.5,65.39,null,null,null
215,01/04/1997,03/04/1997,9.199999809265137,null,null,6.36,26,Clear,odour free,7.9,450,null,null,null,null,.41,9,null,null,.415,54.432,162.775,100,null,.03,40,15.066,23.9,2.7,29,4,.5,65.39,null,null,null
216,01/07/1997,04/07/1997,49,null,null,6.08,24,Light Brown,odour free,7.8,240,null,null,null,null,.04,11.8,null,null,0,30.984,82.225,64,null,.02,25.6,4.374,11.5,1.6,19.9,7,0,37.8,null,null,null
217,01/07/1997,04/07/1997,49,null,null,6.08,24,Light Brown,odour free,7.8,240,null,null,null,null,.04,11.8,null,null,0,30.984,82.225,64,null,.02,25.6,4.374,11.5,1.6,19.9,7,0,37.8,null,null,null
218,01/08/1997,02/08/1997,39.5,null,null,6.84,26,7,odour free,7.8,270,null,null,null,null,.03,15.1,null,null,0,70,90,66,null,.04,26.4,5.832,10.6,2,23.4,3,0,42.7,null,null,null
219,01/08/1997,02/08/1997,39.5,null,null,6.84,26,7,odour free,7.8,270,null,null,null,null,.03,15.1,null,null,0,70,90,66,null,.04,26.4,5.832,10.6,2,23.4,3,0,42.7,null,null,null
220,01/09/1997,03/09/1997,7,null,null,7.03,26.5,7,odour free,8.45,370,null,null,null,null,.07,11.7,null,null,.24,82,106,72,null,.05,28.8,8.262,15,1.6,28,3,.29,49.727,null,null,null
221,01/09/1997,03/09/1997,7,null,null,7.03,26.5,7,odour free,8.45,370,null,null,null,null,.07,11.7,null,null,.24,82,106,72,null,.05,28.8,8.262,15,1.6,28,3,.29,49.727,null,null,null
222,01/10/1997,03/10/1997,2.0999999046325684,null,null,5.76,26,7,odour free,8.35,430,null,null,null,null,.11,12.7,null,null,.32,84,114,78,null,.03,31.2,8.748,20,1.6,31.2,8,.38,50.85,null,null,null
223,01/10/1997,03/10/1997,2.0999999046325684,null,null,5.76,26,7,odour free,8.35,430,null,null,null,null,.11,12.7,null,null,.32,84,114,78,null,.03,31.2,8.748,20,1.6,31.2,8,.38,50.85,null,null,null
224,01/11/1997,04/11/1997,63.5,null,null,6.23,26,7,odour free,8.25,360,null,null,null,null,.05,10.7,null,null,4,96,108,72,null,.04,28.8,8.748,16.8,1.6,19.9,4,4.8,53.7,null,null,null
225,01/11/1997,04/11/1997,63.5,null,null,6.23,26,7,odour free,8.25,360,null,null,null,null,.05,10.7,null,null,4,96,108,72,null,.04,28.8,8.748,16.8,1.6,19.9,4,4.8,53.7,null,null,null
226,01/12/1997,02/12/1997,13.180000305175781,null,null,7.33,26,7,odour free,8.32,650,null,null,null,null,.05,12,null,null,.64,88,162,88,null,.04,35.2,17.982,27,4.3,34.8,57,.77,52.899,null,null,null
227,01/12/1997,02/12/1997,13.180000305175781,null,null,7.33,26,7,odour free,8.32,650,null,null,null,null,.05,12,null,null,.64,88,162,88,null,.04,35.2,17.982,27,4.3,34.8,57,.77,52.899,null,null,null
228,01/01/1998,02/01/1998,1.4279999732971191,null,null,6.93,26.5,7,odour free,8.25,450,null,null,null,null,.18,11.8,null,null,.4,80,138,84,null,.04,33.6,13.122,25,2,34.1,23,.5,48.31,null,null,null
229,01/01/1998,02/01/1998,1.4279999732971191,null,null,6.93,26.5,7,odour free,8.25,450,null,null,null,null,.18,11.8,null,null,.4,80,138,84,null,.04,33.6,13.122,25,2,34.1,23,.5,48.31,null,null,null
230,02/02/1998,04/02/1998,3.503999948501587,null,null,6.93,27,7,odour free,8.2,400,null,null,null,null,.13,10.9,null,null,.32,84,132,82,null,.04,32.8,12.15,23,1.6,31.2,20,.38,50.85,null,null,null
231,02/02/1998,04/02/1998,3.503999948501587,null,null,6.93,27,7,odour free,8.2,400,null,null,null,null,.13,10.9,null,null,.32,84,132,82,null,.04,32.8,12.15,23,1.6,31.2,20,.38,50.85,null,null,null
232,02/03/1998,04/03/1998,2.683000087738037,null,null,6.95,29,7,odour free,8.27,490,null,null,null,null,.23,10.3,null,null,.4,90,144,94,null,.04,37.6,12.15,25,1.6,34,23,.5,54.41,null,null,null
233,02/03/1998,04/03/1998,2.683000087738037,null,null,6.95,29,7,odour free,8.27,490,null,null,null,null,.23,10.3,null,null,.4,90,144,94,null,.04,37.6,12.15,25,1.6,34,23,.5,54.41,null,null,null
234,01/04/1998,04/04/1998,1.99399995803833,null,null,6.37,30,7,odour free,8.35,540,null,null,null,null,.25,11.2,null,null,.4,90,132,78,null,.04,31.2,13.122,27,2,34,13,.5,54.41,null,null,null
235,01/04/1998,04/04/1998,1.99399995803833,null,null,6.37,30,7,odour free,8.35,540,null,null,null,null,.25,11.2,null,null,.4,90,132,78,null,.04,31.2,13.122,27,2,34,13,.5,54.41,null,null,null
236,01/05/1998,02/05/1998,4.553999900817871,null,null,5.77,28,7,odour free,8.2,440,null,null,null,null,.27,10.1,null,null,.48,100,136,88,null,.05,35.2,11.664,16.6,3.5,23,10,.58,60.414,null,null,null
237,01/05/1998,02/05/1998,4.553999900817871,null,null,5.77,28,7,odour free,8.2,440,null,null,null,null,.27,10.1,null,null,.48,100,136,88,null,.05,35.2,11.664,16.6,3.5,23,10,.58,60.414,null,null,null
238,01/06/1998,03/06/1998,0.8019999861717224,null,null,6.97,28,7,odour free,8.2,380,null,null,null,null,.31,11.1,null,null,12,70,120,60,null,.04,24,14.58,10.4,2.7,19,5,14.4,56.12,null,null,null
239,01/06/1998,03/06/1998,0.8019999861717224,null,null,6.97,28,7,odour free,8.2,380,null,null,null,null,.31,11.1,null,null,12,70,120,60,null,.04,24,14.58,10.4,2.7,19,5,14.4,56.12,null,null,null
240,01/07/1998,04/07/1998,114.19999694824219,null,null,5.77,24,1,odour free,7.2,230,null,null,null,null,.27,9.1,null,null,0,62,80,56,null,.02,22.4,5.832,10,2,23,4.6,0,75.64,null,null,null
241,01/07/1998,04/07/1998,114.19999694824219,null,null,5.77,24,1,odour free,7.2,230,null,null,null,null,.27,9.1,null,null,0,62,80,56,null,.02,22.4,5.832,10,2,23,4.6,0,75.64,null,null,null
242,01/08/1998,02/08/1998,28.06999969482422,null,null,6.97,25,2,odour free,7.95,340,null,null,null,null,.28,10.7,null,null,0,88,84,60,null,.03,24,5.832,10.6,2,23,4,0,107.36,null,null,null
243,01/08/1998,02/08/1998,28.06999969482422,null,null,6.97,25,2,odour free,7.95,340,null,null,null,null,.28,10.7,null,null,0,88,84,60,null,.03,24,5.832,10.6,2,23,4,0,107.36,null,null,null
244,01/09/1998,02/09/1998,1.6920000314712524,null,null,7.96,25.5,7,odour free,8.35,450,null,null,null,null,.31,9.7,null,null,14.4,96,116,56,null,.03,22.4,14.58,20,2,26,5,17.28,81.984,null,null,null
245,01/09/1998,02/09/1998,1.6920000314712524,null,null,7.96,25.5,7,odour free,8.35,450,null,null,null,null,.31,9.7,null,null,14.4,96,116,56,null,.03,22.4,14.58,20,2,26,5,17.28,81.984,null,null,null
246,03/10/1998,06/10/1998,5.21999979019165,null,null,8.02,27,7,odour free,8.45,450,null,null,null,null,.33,8.9,null,null,12,78,110,70,null,.04,28,9.72,18,2,30,4.8,14.4,65.88,null,null,null
247,03/10/1998,06/10/1998,5.21999979019165,null,null,8.02,27,7,odour free,8.45,450,null,null,null,null,.33,8.9,null,null,12,78,110,70,null,.04,28,9.72,18,2,30,4.8,14.4,65.88,null,null,null
248,02/11/1998,03/11/1998,1.996999979019165,null,null,7.42,27.5,7,odour free,8.25,350,null,null,null,null,.25,9.3,null,null,10.8,76,100,70,null,.03,28,7.29,14,2.3,21,4,12.96,66.368,null,null,null
249,02/11/1998,03/11/1998,1.996999979019165,null,null,7.42,27.5,7,odour free,8.25,350,null,null,null,null,.25,9.3,null,null,10.8,76,100,70,null,.03,28,7.29,14,2.3,21,4,12.96,66.368,null,null,null
250,01/12/1998,02/12/1998,2.7160000801086426,null,null,7.94,25.5,7,odour free,8.26,480,null,null,null,null,.31,8.7,null,null,7.2,118,142,84,null,.03,33.6,14.094,18,3.1,28,4,8.64,126.392,null,null,null
251,01/12/1998,02/12/1998,2.7160000801086426,null,null,7.94,25.5,7,odour free,8.26,480,null,null,null,null,.31,8.7,null,null,7.2,118,142,84,null,.03,33.6,14.094,18,3.1,28,4,8.64,126.392,null,null,null
252,01/01/1999,04/01/1999,2.680000066757202,null,null,6.77,24.5,8,odour free,8.25,490,null,null,null,null,.33,9.5,null,null,7.2,96,140,78,null,.03,31.2,15.066,16,2.7,27,27.2,8.64,99.552,null,null,null
253,01/01/1999,04/01/1999,2.680000066757202,null,null,6.77,24.5,8,odour free,8.25,490,null,null,null,null,.33,9.5,null,null,7.2,96,140,78,null,.03,31.2,15.066,16,2.7,27,27.2,8.64,99.552,null,null,null
254,01/02/1999,03/02/1999,5.199999809265137,null,null,6.8,23,7,odour free,8.35,440,null,null,null,null,.3,8.8,null,null,7.2,98,135,74,null,.03,29.6,14.823,15,2,28,18,8.64,101.992,null,null,null
255,01/02/1999,03/02/1999,5.199999809265137,null,null,6.8,23,7,odour free,8.35,440,null,null,null,null,.3,8.8,null,null,7.2,98,135,74,null,.03,29.6,14.823,15,2,28,18,8.64,101.992,null,null,null
256,01/03/1999,04/03/1999,2.799999952316284,null,null,7.2,25.5,7,odour free,8.3,470,null,null,null,null,.32,10.3,null,null,7.2,106,130,74,null,.04,29.6,13.608,16,2.3,28,4,8.64,111.752,null,null,null
257,01/03/1999,04/03/1999,2.799999952316284,null,null,7.2,25.5,7,odour free,8.3,470,null,null,null,null,.32,10.3,null,null,7.2,106,130,74,null,.04,29.6,13.608,16,2.3,28,4,8.64,111.752,null,null,null
258,01/04/1999,03/04/1999,1.600000023841858,null,null,7.7,28.5,7,odour free,8.25,480,null,null,null,null,.36,9.2,null,null,7.2,108,140,76,null,.03,30.4,15.552,15,2,28,3,8.64,114.192,null,null,null
259,01/04/1999,03/04/1999,1.600000023841858,null,null,7.7,28.5,7,odour free,8.25,480,null,null,null,null,.36,9.2,null,null,7.2,108,140,76,null,.03,30.4,15.552,15,2,28,3,8.64,114.192,null,null,null
260,01/05/1999,04/05/1999,0,null,null,7.8,28.5,7,odour free,8.02,550,null,null,null,null,.33,8.7,null,null,0,124,140,82,null,.02,32.8,14.094,29,5.5,47,5,0,151.28,null,null,null
261,01/05/1999,04/05/1999,0,null,null,7.8,28.5,7,odour free,8.02,550,null,null,null,null,.33,8.7,null,null,0,124,140,82,null,.02,32.8,14.094,29,5.5,47,5,0,151.28,null,null,null
262,01/06/1999,02/06/1999,9.899999618530273,null,null,7.4,26.5,1,odour free,8,390,null,null,null,null,.23,9,null,null,0,68,110,70,null,.04,28,9.72,20,3.1,31,34,0,82.96,null,null,null
263,01/06/1999,02/06/1999,9.899999618530273,null,null,7.4,26.5,1,odour free,8,390,null,null,null,null,.23,9,null,null,0,68,110,70,null,.04,28,9.72,20,3.1,31,34,0,82.96,null,null,null
264,01/07/1999,02/07/1999,0.5,null,null,7.3,28.5,2,odour free,8.3,410,null,null,null,null,.24,9.6,null,null,22.8,96,140,82,null,.03,32.8,14.094,19.1,2.7,23,16,27.36,61.488,null,null,null
265,01/07/1999,02/07/1999,0.5,null,null,7.3,28.5,2,odour free,8.3,410,null,null,null,null,.24,9.6,null,null,22.8,96,140,82,null,.03,32.8,14.094,19.1,2.7,23,16,27.36,61.488,null,null,null
266,02/08/1999,04/08/1999,39.5,null,null,5.9,25,7,odour free,7.8,350,null,null,null,null,.31,8.7,null,null,0,90,90,52,null,.03,20.8,9.234,15,2.3,22,10,0,109.8,null,null,null
267,02/08/1999,04/08/1999,39.5,null,null,5.9,25,7,odour free,7.8,350,null,null,null,null,.31,8.7,null,null,0,90,90,52,null,.03,20.8,9.234,15,2.3,22,10,0,109.8,null,null,null
268,01/09/1999,06/09/1999,2.2200000286102295,null,null,6,28,7,odour free,7.6,300,null,null,null,null,.27,9.5,null,null,0,64,96,60,null,.03,24,8.748,11.5,1.6,28,14,0,78.08,null,null,null
269,01/09/1999,06/09/1999,2.2200000286102295,null,null,6,28,7,odour free,7.6,300,null,null,null,null,.27,9.5,null,null,0,64,96,60,null,.03,24,8.748,11.5,1.6,28,14,0,78.08,null,null,null
270,01/10/1999,04/10/1999,4.449999809265137,null,null,7,29,7,odour free,8.1,380,null,null,null,null,.31,9.1,null,null,0,120,130,74,null,.03,29.6,13.608,16,1.6,24,6,0,146.4,null,null,null
271,01/10/1999,04/10/1999,4.449999809265137,null,null,7,29,7,odour free,8.1,380,null,null,null,null,.31,9.1,null,null,0,120,130,74,null,.03,29.6,13.608,16,1.6,24,6,0,146.4,null,null,null
272,01/11/1999,01/11/1999,9.300000190734863,null,null,5.8,27,7,odour free,8.4,520,null,null,null,null,.38,10.3,null,null,21.6,120,160,112,null,.04,44.8,11.664,22.3,3.1,28,6,25.92,93.696,null,null,null
273,01/11/1999,01/11/1999,9.300000190734863,null,null,5.8,27,7,odour free,8.4,520,null,null,null,null,.38,10.3,null,null,21.6,120,160,112,null,.04,44.8,11.664,22.3,3.1,28,6,25.92,93.696,null,null,null
274,01/12/1999,03/12/1999,17.5,null,null,5.8,26,7,odour free,8.3,480,null,null,null,null,.31,8.7,null,null,9.6,120,150,40,null,3,16,26.73,21.7,3.1,28,18,11.52,122.976,null,null,null
275,01/12/1999,03/12/1999,17.5,null,null,5.8,26,7,odour free,8.3,480,null,null,null,null,.31,8.7,null,null,9.6,120,150,40,null,3,16,26.73,21.7,3.1,28,18,11.52,122.976,null,null,null
276,01/01/2000,03/01/2000,1,null,null,4.9,25.5,7,odour free,7.5,430,null,null,null,null,.28,9.7,null,null,0,96,110,56,null,.02,22.4,13.122,20.7,2.3,30,16,0,117.12,null,null,null
277,01/01/2000,03/01/2000,1,null,null,4.9,25.5,7,odour free,7.5,430,null,null,null,null,.28,9.7,null,null,0,96,110,56,null,.02,22.4,13.122,20.7,2.3,30,16,0,117.12,null,null,null
278,01/02/2000,03/02/2000,0.8500000238418579,null,null,7.5,26,7,odour free,8.3,330,null,null,null,null,.26,9.2,null,null,10.8,96,120,80,null,.03,32,9.72,20,1.6,28,9,12.96,90.768,null,null,null
279,01/02/2000,03/02/2000,0.8500000238418579,null,null,7.5,26,7,odour free,8.3,330,null,null,null,null,.26,9.2,null,null,10.8,96,120,80,null,.03,32,9.72,20,1.6,28,9,12.96,90.768,null,null,null
280,01/03/2000,02/03/2000,3.4000000953674316,null,null,6.7,25.5,7,odour free,8.4,480,null,null,null,null,.31,9.9,null,null,30,112,154,100,null,.03,40,13.122,22.1,2.7,30,4,36,63.44,null,null,null
281,01/03/2000,02/03/2000,3.4000000953674316,null,null,6.7,25.5,7,odour free,8.4,480,null,null,null,null,.31,9.9,null,null,30,112,154,100,null,.03,40,13.122,22.1,2.7,30,4,36,63.44,null,null,null
282,01/07/2000,06/07/2000,7.836999893188477,null,null,4.59,28,7,odour free,7.85,380,null,null,null,null,.125,12.8,null,null,0,118,136,82,null,.03,32.8,13.122,22.08,2.8,30.53,31.2,0,143.96,null,null,null
283,01/07/2000,06/07/2000,7.836999893188477,null,null,4.59,28,7,odour free,7.85,380,null,null,null,null,.125,12.8,null,null,0,118,136,82,null,.03,32.8,13.122,22.08,2.8,30.53,31.2,0,143.96,null,null,null
284,02/09/2000,04/09/2000,6.11899995803833,null,null,5.12,27,7,odour free,8.1,450,null,null,null,null,.145,13.2,null,null,30,136,172,102,null,.06,40.8,17.01,20.01,2,26.98,8.4,36,92.72,null,null,null
285,02/09/2000,04/09/2000,6.11899995803833,null,null,5.12,27,7,odour free,8.1,450,null,null,null,null,.145,13.2,null,null,30,136,172,102,null,.06,40.8,17.01,20.01,2,26.98,8.4,36,92.72,null,null,null
286,03/10/2000,05/10/2000,7.958000183105469,null,null,7.56,27,7,odour free,8.47,450,null,null,null,null,.198,13.19,null,null,40,136,174,102,null,.03,40.8,17.496,23.92,2.4,29.11,6,48,68.32,null,null,null
287,03/10/2000,05/10/2000,7.958000183105469,null,null,7.56,27,7,odour free,8.47,450,null,null,null,null,.198,13.19,null,null,40,136,174,102,null,.03,40.8,17.496,23.92,2.4,29.11,6,48,68.32,null,null,null
288,01/12/2000,04/12/2000,82.54000091552734,null,null,6.48,25,7,odour free,8.02,370,null,null,null,null,.178,13.1,null,null,0,128,138,90,null,.02,36,11.664,21.6,3.6,26.98,10,0,156.16,null,null,null
289,01/12/2000,04/12/2000,82.54000091552734,null,null,6.48,25,7,odour free,8.02,370,null,null,null,null,.178,13.1,null,null,0,128,138,90,null,.02,36,11.664,21.6,3.6,26.98,10,0,156.16,null,null,null
290,01/01/2001,03/01/2001,7.709000110626221,null,null,7.52,24.5,7,odour free,8.12,380,null,null,null,null,.119,11.97,null,null,29,110,142,94,null,.01,37.6,11.664,18.08,3.5,19.17,11,34.8,63.44,null,null,null
291,01/01/2001,03/01/2001,7.709000110626221,null,null,7.52,24.5,7,odour free,8.12,380,null,null,null,null,.119,11.97,null,null,29,110,142,94,null,.01,37.6,11.664,18.08,3.5,19.17,11,34.8,63.44,null,null,null
292,01/02/2001,03/02/2001,0.5239999890327454,null,null,7.02,25,7,odour free,8.55,410,null,null,null,null,.112,7.07,null,null,40,124,160,94,null,.03,37.6,16.038,26.4,2.2,27.69,12,48,53.68,null,null,null
293,01/02/2001,03/02/2001,0.5239999890327454,null,null,7.02,25,7,odour free,8.55,410,null,null,null,null,.112,7.07,null,null,40,124,160,94,null,.03,37.6,16.038,26.4,2.2,27.69,12,48,53.68,null,null,null
294,02/07/2001,04/07/2001,3.436000108718872,null,null,5.88,27.5,7,odour free,8.2,240,null,null,null,.168,.086,5.9,null,null,0,140,146.9,74,null,.04,29.6,17.496,22.8,2.7,25.9,14.7,0,170.8,null,null,null
295,02/07/2001,04/07/2001,3.436000108718872,null,null,5.88,27.5,7,odour free,8.2,240,null,null,null,.168,.086,5.9,null,null,0,140,146.9,74,null,.04,29.6,17.496,22.8,2.7,25.9,14.7,0,170.8,null,null,null
296,01/08/2001,03/08/2001,2.510999917984009,null,null,7.45,27.5,7,odour free,7.78,452,null,null,null,null,.092,8.78,null,null,0,160,177.1,88,null,.05,35.2,21.384,26.4,2.8,26.98,8.4,0,195.2,null,null,null
297,01/08/2001,03/08/2001,2.510999917984009,null,null,7.45,27.5,7,odour free,7.78,452,null,null,null,null,.092,8.78,null,null,0,160,177.1,88,null,.05,35.2,21.384,26.4,2.8,26.98,8.4,0,195.2,null,null,null
298,01/09/2001,04/09/2001,2.3380000591278076,null,null,6.44,28.5,7,odour free,8.18,329,null,null,null,null,.074,9.8,null,null,0,120,157,76,null,.02,30.4,19.44,20,1.9,21.3,2.1,0,146.4,null,null,null
299,01/09/2001,04/09/2001,2.3380000591278076,null,null,6.44,28.5,7,odour free,8.18,329,null,null,null,null,.074,9.8,null,null,0,120,157,76,null,.02,30.4,19.44,20,1.9,21.3,2.1,0,146.4,null,null,null
300,01/11/2001,03/11/2001,8.312999725341797,null,null,6.63,28,7,odour free,7.88,432,null,null,null,null,.052,9.53,null,null,1.892,150,152.8,88,null,.11,35.2,15.552,20.4,2.6,23.49,2.6,2.28,178.364,null,null,null
301,01/11/2001,03/11/2001,8.312999725341797,null,null,6.63,28,7,odour free,7.88,432,null,null,null,null,.052,9.53,null,null,1.892,150,152.8,88,null,.11,35.2,15.552,20.4,2.6,23.49,2.6,2.28,178.364,null,null,null
302,01/12/2001,01/12/2001,1.9639999866485596,null,null,5.37,26.5,7,odour free,8.5,496,null,null,null,null,.063,6.65,null,null,19.92,182,194.95,118,null,.09,47.2,18.468,27,2.5,28.4,2.5,24,173.24,null,null,null
303,01/12/2001,01/12/2001,1.9639999866485596,null,null,5.37,26.5,7,odour free,8.5,496,null,null,null,null,.063,6.65,null,null,19.92,182,194.95,118,null,.09,47.2,18.468,27,2.5,28.4,2.5,24,173.24,null,null,null
304,01/01/2002,03/01/2002,1.7549999952316284,null,null,6.67,25,7,odour free,8.5,376,null,null,null,null,.027,10.2,null,null,29.88,130,152.8,88,null,.03,35.2,15.552,28.1,2.2,26.98,3,36,85.4,null,null,null
305,01/01/2002,03/01/2002,1.7549999952316284,null,null,6.67,25,7,odour free,8.5,376,null,null,null,null,.027,10.2,null,null,29.88,130,152.8,88,null,.03,35.2,15.552,28.1,2.2,26.98,3,36,85.4,null,null,null
306,01/02/2002,04/02/2002,2.0969998836517334,null,null,5.32,26,7,odour free,8.1,405,null,null,null,.219,.045,10.5,null,null,0,136,160.775,98,null,.08,39.2,15.066,28.5,2.3,28.4,9.9,0,165.92,null,null,null
307,01/02/2002,04/02/2002,2.0969998836517334,null,null,5.32,26,7,odour free,8.1,405,null,null,null,.219,.045,10.5,null,null,0,136,160.775,98,null,.08,39.2,15.066,28.5,2.3,28.4,9.9,0,165.92,null,null,null
308,01/07/2002,02/07/2002,1.222000002861023,8.2,240,5.28,29,7,odour free,7.96,348,null,null,null,null,.132,28.8,null,null,0,108,130,86,null,.36,34.4,10.692,17,3.1,22,59,0,131.76,null,null,null
309,01/07/2002,02/07/2002,1.222000002861023,8.2,240,5.28,29,7,odour free,7.96,348,null,null,null,null,.132,28.8,null,null,0,108,130,86,null,.36,34.4,10.692,17,3.1,22,59,0,131.76,null,null,null
310,01/08/2002,03/08/2002,5.572999954223633,7.78,452,5.6,28,7,odour free,7.5,324,null,null,null,null,.235,31.86,null,null,0,82,122,62,null,.01,24.8,14.58,14.8,2.5,21,22,0,100.04,null,null,null
311,01/08/2002,03/08/2002,5.572999954223633,7.78,452,5.6,28,7,odour free,7.5,324,null,null,null,null,.235,31.86,null,null,0,82,122,62,null,.01,24.8,14.58,14.8,2.5,21,22,0,100.04,null,null,null
312,01/10/2002,03/10/2002,2.125,null,null,5.71,29,7,odour free,8.35,344,null,null,null,null,.22,27.65,null,null,8.4,112,146,58,null,.03,23.2,21.384,15,1.6,21,13.8,10.08,116.144,null,null,null
313,01/10/2002,03/10/2002,2.125,null,null,5.71,29,7,odour free,8.35,344,null,null,null,null,.22,27.65,null,null,8.4,112,146,58,null,.03,23.2,21.384,15,1.6,21,13.8,10.08,116.144,null,null,null
314,02/12/2002,02/12/2002,0.6959999799728394,8.5,469,4.96,27,7,odour free,7.9,414,290,null,null,null,.272,25,null,null,0,186,184,94,.342,.01,37.6,21.87,33,2.9,41,6.6,1.378,184.582,null,null,null
315,02/12/2002,02/12/2002,0.6959999799728394,8.5,469,4.96,27,7,odour free,7.9,414,290,null,null,null,.272,25,null,null,0,186,184,94,.342,.01,37.6,21.87,33,2.9,41,6.6,1.378,184.582,null,null,null
316,03/02/2003,04/02/2003,0.16699999570846558,8.1,405,7.39,26,7,odour free,7.63,407,311,null,null,.38,.195,22.8,null,null,0,210,164,88,.3,null,35.2,18.468,26,1.1,32,1,.839,209.14,null,null,null
317,03/02/2003,04/02/2003,0.16699999570846558,8.1,405,7.39,26,7,odour free,7.63,407,311,null,null,.38,.195,22.8,null,null,0,210,164,88,.3,null,35.2,18.468,26,1.1,32,1,.839,209.14,null,null,null
318,01/04/2003,04/04/2003,0.37299999594688416,null,null,6,30,7,odour free,7.66,391,348,null,null,.35,.15,21.4,null,null,0,252,182,50,.26,null,20,32.076,22.9,1.5,28,10.2,1.078,250.899,null,null,null
319,01/04/2003,04/04/2003,0.37299999594688416,null,null,6,30,7,odour free,7.66,391,348,null,null,.35,.15,21.4,null,null,0,252,182,50,.26,null,20,32.076,22.9,1.5,28,10.2,1.078,250.899,null,null,null
320,01/08/2003,05/08/2003,2.6470000743865967,null,null,null,29,7,odour free,7.3,321,236,null,null,null,.06,null,null,null,.204,107.577,130.65,78,.6,.1,31.2,12.636,null,null,23,15,.245,130.745,null,null,null
321,01/08/2003,05/08/2003,2.6470000743865967,null,null,null,29,7,odour free,7.3,321,236,null,null,null,.06,null,null,null,.204,107.577,130.65,78,.6,.1,31.2,12.636,null,null,23,15,.245,130.745,null,null,null
322,01/10/2003,01/10/2003,0.16099999845027924,null,null,null,28,7,odour free,7.33,425,350,null,null,null,.03,null,null,null,.298,147.016,170.975,92,.68,.1,36.8,18.954,37,4.2,35,1,.359,178.63,null,null,null
323,01/10/2003,01/10/2003,0.16099999845027924,null,null,null,28,7,odour free,7.33,425,350,null,null,null,.03,null,null,null,.298,147.016,170.975,92,.68,.1,36.8,18.954,37,4.2,35,1,.359,178.63,null,null,null
324,01/12/2003,02/12/2003,0.3889999985694885,null,null,null,28,7,odour free,7.55,473,183,null,null,.82,.06,null,null,null,12,217,198,98,.82,.1,39.2,24.3,29,3,30,1,.721,216.26,null,null,null
325,01/12/2003,02/12/2003,0.3889999985694885,null,null,null,28,7,odour free,7.55,473,183,null,null,.82,.06,null,null,null,12,217,198,98,.82,.1,39.2,24.3,29,3,30,1,.721,216.26,null,null,null
326,01/06/2004,02/06/2004,2.431999921798706,null,null,null,28.5,Clear,odour free,7.65,481,217,null,null,2.87,null,6.3,null,null,.534,126.757,201.025,118,.72,.1,47.2,19.926,27.2,3.6,34,72,.644,153.334,null,null,null
327,01/06/2004,02/06/2004,2.431999921798706,null,null,null,28.5,Clear,odour free,7.65,481,217,null,null,2.87,null,6.3,null,null,.534,126.757,201.025,118,.72,.1,47.2,19.926,27.2,3.6,34,72,.644,153.334,null,null,null
328,02/08/2004,03/08/2004,9.916000366210938,null,null,null,27,Clear,odour free,7.45,315,195,null,null,2.22,.05,7,null,null,.296,110.946,142.5,102,.56,.12,40.8,9.72,10,2.2,18,2.4,.357,134.629,null,null,null
329,02/08/2004,03/08/2004,9.916000366210938,null,null,null,27,Clear,odour free,7.45,315,195,null,null,2.22,.05,7,null,null,.296,110.946,142.5,102,.56,.12,40.8,9.72,10,2.2,18,2.4,.357,134.629,null,null,null
330,01/10/2004,01/10/2004,6.646999835968018,null,null,null,28,Clear,odour free,7.7,415,275,null,null,1.232,.04,6.9,null,null,.704,149.059,188.925,114,.52,.1,45.6,17.982,19.2,3.2,25,35.9,.849,180.126,null,null,null
331,01/10/2004,01/10/2004,6.646999835968018,null,null,null,28,Clear,odour free,7.7,415,275,null,null,1.232,.04,6.9,null,null,.704,149.059,188.925,114,.52,.1,45.6,17.982,19.2,3.2,25,35.9,.849,180.126,null,null,null
332,01/12/2004,02/12/2004,3.4059998989105225,null,null,null,25,Clear,odour free,7.42,414,320,null,null,null,.2,11.2,null,null,.289,115.857,164.9,92,1.06,null,36.8,17.496,19,4.7,26,28.8,.348,140.639,null,null,null
333,01/12/2004,02/12/2004,3.4059998989105225,null,null,null,25,Clear,odour free,7.42,414,320,null,null,null,.2,11.2,null,null,.289,115.857,164.9,92,1.06,null,36.8,17.496,19,4.7,26,28.8,.348,140.639,null,null,null
334,01/02/2005,02/02/2005,5.114999771118164,null,null,null,27,Clear,odour free,7.8,342,256,null,null,5.81,.332,9.2,null,null,.66,111.304,169.1,80,.62,.24,32,21.384,17.8,2.2,25.4,1,.796,134.173,null,null,null
335,01/02/2005,02/02/2005,5.114999771118164,null,null,null,27,Clear,odour free,7.8,342,256,null,null,5.81,.332,9.2,null,null,.66,111.304,169.1,80,.62,.24,32,21.384,17.8,2.2,25.4,1,.796,134.173,null,null,null
336,02/04/2005,02/04/2005,0,null,null,null,27.5,Clear,odour free,7.45,344,265,null,null,3.57,.214,8.3,null,null,.325,121.631,169.6,40,.62,.02,16,31.104,18,2.1,26,2.4,.391,147.595,null,null,null
337,02/04/2005,02/04/2005,0,null,null,null,27.5,Clear,odour free,7.45,344,265,null,null,3.57,.214,8.3,null,null,.325,121.631,169.6,40,.62,.02,16,31.104,18,2.1,26,2.4,.391,147.595,null,null,null
338,01/05/2005,01/05/2005,1.8839999437332153,null,null,null,null,null,null,null,null,null,null,null,null,null,null,null,null,null,null,null,null,null,null,null,null,null,null,null,null,null,null,null,null,null
339,01/05/2005,01/05/2005,1.8839999437332153,null,null,null,null,null,null,null,null,null,null,null,null,null,null,null,null,null,null,null,null,null,null,null,null,null,null,null,null,null,null,null,null,null
340,01/08/2005,02/08/2005,72.58799743652344,null,null,null,26,Light Brown,odour free,7.45,220,152,null,null,.149,.005,7.9,null,8.2,0,108.033,104.775,60.15,.356,.01,24.06,10.71,10.6,1.2,14.91,7.7,0,131.8,null,null,null
341,01/08/2005,02/08/2005,72.58799743652344,null,null,null,26,Light Brown,odour free,7.45,220,152,null,null,.149,.005,7.9,null,8.2,0,108.033,104.775,60.15,.356,.01,24.06,10.71,10.6,1.2,14.91,7.7,0,131.8,null,null,null
342,01/10/2005,01/10/2005,2.7809998989105225,null,null,null,28,Clear,odour free,7.85,316,237,null,null,.809,.16,11.4,null,6.4,0,146.967,120.542,78,.347,.04,31.2,10.21,12.3,2.8,16,6.7,0,179.3,null,null,null
343,01/10/2005,01/10/2005,2.7809998989105225,null,null,null,28,Clear,odour free,7.85,316,237,null,null,.809,.16,11.4,null,6.4,0,146.967,120.542,78,.347,.04,31.2,10.21,12.3,2.8,16,6.7,0,179.3,null,null,null
344,01/12/2005,01/12/2005,4.170000076293945,null,null,null,27,Clear,odour free,7.75,309,226,null,null,.861,.262,14.5,null,4.8,0,104.016,118,77.5,.486,.43,31,9.72,15,2.7,22,7,0,126.9,null,null,null
345,01/12/2005,01/12/2005,4.170000076293945,null,null,null,27,Clear,odour free,7.75,309,226,null,null,.861,.262,14.5,null,4.8,0,104.016,118,77.5,.486,.43,31,9.72,15,2.7,22,7,0,126.9,null,null,null
346,01/02/2006,01/02/2006,4.833000183105469,null,null,null,24,Clear,odour free,8.01,406,320,null,null,.632,.241,19.1,null,5.6,0,105.984,148.792,86,.4,.01,34.4,15.07,21.5,2.4,32.7,13.3,0,129.3,null,null,null
347,01/02/2006,01/02/2006,4.833000183105469,null,null,null,24,Clear,odour free,8.01,406,320,null,null,.632,.241,19.1,null,5.6,0,105.984,148.792,86,.4,.01,34.4,15.07,21.5,2.4,32.7,13.3,0,129.3,null,null,null
348,01/04/2006,01/04/2006,11.359000205993652,null,null,null,30,Clear,odour free,7.98,384,304,null,null,.674,.39,20.2,null,7.6,0,140.984,155.083,78,.564,.001,31.2,18.5,23.6,3,39.4,2.8,0,172,null,null,null
349,01/04/2006,01/04/2006,11.359000205993652,null,null,null,30,Clear,odour free,7.98,384,304,null,null,.674,.39,20.2,null,7.6,0,140.984,155.083,78,.564,.001,31.2,18.5,23.6,3,39.4,2.8,0,172,null,null,null
350,03/10/2008,03/10/2008,2.002000093460083,null,null,null,30,Light Brown,odour free,7.95,460,372,null,null,null,null,21.2,null,null,0,147.049,185.583,106,.629,.32,42.4,19.1,24,1.5,41,6.6,0,179.4,null,null,null
351,03/10/2008,03/10/2008,2.002000093460083,null,null,null,30,Light Brown,odour free,7.95,460,372,null,null,null,null,21.2,null,null,0,147.049,185.583,106,.629,.32,42.4,19.1,24,1.5,41,6.6,0,179.4,null,null,null
352,01/12/2008,01/12/2008,3.61899995803833,null,null,null,28,Clear,odour free,8.35,550,445,null,null,null,null,16.7,null,null,.664,158.301,182.958,106,.462,.058,42.4,18.47,32.5,4.3,58.2,24,.8,191.5,null,null,null
353,01/12/2008,01/12/2008,3.61899995803833,null,null,null,28,Clear,odour free,8.35,550,445,null,null,null,null,16.7,null,null,.664,158.301,182.958,106,.462,.058,42.4,18.47,32.5,4.3,58.2,24,.8,191.5,null,null,null
354,02/02/2009,02/02/2009,3.309000015258789,null,null,null,29,Clear,odour free,7.85,365,285,null,null,.545,null,20.3,null,null,0,124,132.667,66,.495,.054,26.4,16,18.2,2.6,24.85,6.3,0,151.28,null,null,null
355,02/02/2009,02/02/2009,3.309000015258789,null,null,null,29,Clear,odour free,7.85,365,285,null,null,.545,null,20.3,null,null,0,124,132.667,66,.495,.054,26.4,16,18.2,2.6,24.85,6.3,0,151.28,null,null,null
356,01/06/2009,01/06/2009,0,null,null,null,null,null,null,null,null,null,null,null,null,null,null,null,null,null,null,null,null,null,null,null,null,null,null,null,null,null,null,null,null,null
357,01/06/2009,01/06/2009,0,null,null,null,null,null,null,null,null,null,null,null,null,null,null,null,null,null,null,null,null,null,null,null,null,null,null,null,null,null,null,null,null,null
358,01/08/2009,01/08/2009,18.920000076293945,null,null,null,27.5,Clear,odour free,7.65,265,162,null,.408,null,null,28.57,null,8.8,0,98,102.583,78,.428,null,31.2,5.9,15.4,3.4,22,15,0,119.56,null,null,null
359,01/08/2009,01/08/2009,18.920000076293945,null,null,null,27.5,Clear,odour free,7.65,265,162,null,.408,null,null,28.57,null,8.8,0,98,102.583,78,.428,null,31.2,5.9,15.4,3.4,22,15,0,119.56,null,null,null
360,01/10/2009,01/10/2009,3.9800000190734863,null,null,null,29,Clear,odour free,8,320,214,null,null,null,null,null,null,2.8,0,134.918,137.5,80,.102,.09,32,13.8,17,2.7,22.01,12,0,164.6,null,null,null
361,01/10/2009,01/10/2009,3.9800000190734863,null,null,null,29,Clear,odour free,8,320,214,null,null,null,null,null,null,2.8,0,134.918,137.5,80,.102,.09,32,13.8,17,2.7,22.01,12,0,164.6,null,null,null
362,01/12/2009,01/12/2009,6.223999977111816,null,null,null,28,Clear,odour free,7.85,454,290,null,.169,null,null,40.9,null,10.8,0,161.967,159.417,84,.05,null,33.6,18.1,19,4.7,25.4,23.8,0,197.6,null,null,null
363,01/12/2009,01/12/2009,6.223999977111816,null,null,null,28,Clear,odour free,7.85,454,290,null,.169,null,null,40.9,null,10.8,0,161.967,159.417,84,.05,null,33.6,18.1,19,4.7,25.4,23.8,0,197.6,null,null,null
364,01/02/2010,01/02/2010,1.8830000162124634,null,null,null,27,Clear,odour free,7.59,307,175,null,.188,null,null,32.5,null,2.8,0,119.016,133.25,72,.19,.06,28.8,14.7,20.8,3,27,12,0,145.2,null,null,null
365,01/02/2010,01/02/2010,1.8830000162124634,null,null,null,27,Clear,odour free,7.59,307,175,null,.188,null,null,32.5,null,2.8,0,119.016,133.25,72,.19,.06,28.8,14.7,20.8,3,27,12,0,145.2,null,null,null
366,01/04/2010,,0,null,null,null,null,null,null,null,null,null,null,null,null,null,null,null,null,null,null,null,null,null,null,null,null,null,null,null,null,null,null,null,null,null
367,01/04/2010,,0,null,null,null,null,null,null,null,null,null,null,null,null,null,null,null,null,null,null,null,null,null,null,null,null,null,null,null,null,null,null,null,null,null
368,01/06/2010,,0,null,null,null,null,null,null,null,null,null,null,null,null,null,null,null,null,null,null,null,null,null,null,null,null,null,null,null,null,null,null,null,null,null
369,01/06/2010,,0,null,null,null,null,null,null,null,null,null,null,null,null,null,null,null,null,null,null,null,null,null,null,null,null,null,null,null,null,null,null,null,null,null
370,02/08/2010,02/08/2010,17.834999084472656,null,null,null,28,Clear,odour free,7.65,340,208,null,.123,.14,null,26.2,null,8.6,0,120,113.917,61,.127,null,24.4,12.7,17,3.8,22,12,0,146.4,null,null,null
371,02/08/2010,02/08/2010,17.834999084472656,null,null,null,28,Clear,odour free,7.65,340,208,null,.123,.14,null,26.2,null,8.6,0,120,113.917,61,.127,null,24.4,12.7,17,3.8,22,12,0,146.4,null,null,null
372,01/10/2010,01/10/2010,16.25200080871582,null,null,null,29.5,Clear,odour free,7.5,389,245,null,.058,.198,null,20.4,null,11.4,0,139.016,138.75,80,null,null,32,14.1,19,4.2,24.5,2,0,169.6,null,null,null
373,01/10/2010,01/10/2010,16.25200080871582,null,null,null,29.5,Clear,odour free,7.5,389,245,null,.058,.198,null,20.4,null,11.4,0,139.016,138.75,80,null,null,32,14.1,19,4.2,24.5,2,0,169.6,null,null,null
374,01/12/2010,01/12/2010,24.134000778198242,null,null,null,26,Clear,odour free,8,423,291,null,null,.536,null,21,null,12.8,0,173,181.167,102,.126,.225,40.8,19,28,5,38.5,1.2,0,211.06,null,null,null
375,01/12/2010,01/12/2010,24.134000778198242,null,null,null,26,Clear,odour free,8,423,291,null,null,.536,null,21,null,12.8,0,173,181.167,102,.126,.225,40.8,19,28,5,38.5,1.2,0,211.06,null,null,null
376,01/02/2011,01/02/2011,1.649999976158142,null,null,null,26,Clear,odour free,7.65,315,221,null,.13,.485,null,11.6,null,null,0,109.836,109,64,.59,.05,25.6,10.8,21,2.6,34.79,12.5,0,134,null,null,null
377,01/02/2011,01/02/2011,1.649999976158142,null,null,null,26,Clear,odour free,7.65,315,221,null,.13,.485,null,11.6,null,null,0,109.836,109,64,.59,.05,25.6,10.8,21,2.6,34.79,12.5,0,134,null,null,null
378,01/04/2011,01/04/2011,3.075000047683716,null,null,null,32,Clear,odour free,7.35,490,340,null,.07,.722,null,27.3,null,null,0,174.59,196.25,112.5,.927,.1,45,20.1,24,4.2,46.2,14,0,213,null,null,null
379,01/04/2011,01/04/2011,3.075000047683716,null,null,null,32,Clear,odour free,7.35,490,340,null,.07,.722,null,27.3,null,null,0,174.59,196.25,112.5,.927,.1,45,20.1,24,4.2,46.2,14,0,213,null,null,null
380,02/05/2011,02/05/2011,7.114999771118164,null,null,null,null,null,null,null,null,null,null,null,null,null,null,null,null,null,null,null,null,null,null,null,null,null,null,null,null,null,null,null,null,null
381,02/05/2011,02/05/2011,7.114999771118164,null,null,null,null,null,null,null,null,null,null,null,null,null,null,null,null,null,null,null,null,null,null,null,null,null,null,null,null,null,null,null,null,null
382,03/06/2011,03/06/2011,8.458000183105469,null,null,null,28,Light Brown,odour free,7.5,403,282,null,.112,.381,null,24.6,null,null,0,124.59,120,70,4.464,.045,28,12,26,5.2,34.8,25.3,0,152,null,null,null
383,03/06/2011,03/06/2011,8.458000183105469,null,null,null,28,Light Brown,odour free,7.5,403,282,null,.112,.381,null,24.6,null,null,0,124.59,120,70,4.464,.045,28,12,26,5.2,34.8,25.3,0,152,null,null,null
384,01/08/2011,01/08/2011,15.229999542236328,null,null,null,27.5,Brown,odour free,7.3,342,241,null,.278,.43,null,23,null,null,0,123.033,148.375,87.5,.258,.2,35,14.61,16.8,2.8,28.4,14.8,0,150.1,null,null,null
385,01/08/2011,01/08/2011,15.229999542236328,null,null,null,27.5,Brown,odour free,7.3,342,241,null,.278,.43,null,23,null,null,0,123.033,148.375,87.5,.258,.2,35,14.61,16.8,2.8,28.4,14.8,0,150.1,null,null,null
386,01/10/2011,01/10/2011,8.784000396728516,null,null,null,30,Clear,odour free,7.4,370,274,null,.351,.182,null,25,null,null,0,120,132.75,80,.226,.22,32,12.66,18,2.1,24,13.5,0,146.4,null,null,null
387,01/10/2011,01/10/2011,8.784000396728516,null,null,null,30,Clear,odour free,7.4,370,274,null,.351,.182,null,25,null,null,0,120,132.75,80,.226,.22,32,12.66,18,2.1,24,13.5,0,146.4,null,null,null
388,01/12/2011,01/12/2011,22.451000213623047,null,null,null,28,Clear,odour free,7.45,384,288,null,.013,null,null,22,null,null,0,136.967,142.583,88,3.03,.765,35.2,13.1,19,3.5,24.85,27.5,0,167.1,1600,1600,null
389,01/12/2011,01/12/2011,22.451000213623047,null,null,null,28,Clear,odour free,7.45,384,288,null,.013,null,null,22,null,null,0,136.967,142.583,88,3.03,.765,35.2,13.1,19,3.5,24.85,27.5,0,167.1,1600,1600,null
390,01/02/2012,01/02/2012,2.3459999561309814,null,null,null,26,Clear,odour free,8.1,350,269,null,.131,null,null,19.4,.2,null,0,130,132.917,80,3.35,.424,32,12.7,19.2,2.4,24.9,10.2,0,158.6,1600,1600,null
391,01/02/2012,01/02/2012,2.3459999561309814,null,null,null,26,Clear,odour free,8.1,350,269,null,.131,null,null,19.4,.2,null,0,130,132.917,80,3.35,.424,32,12.7,19.2,2.4,24.9,10.2,0,158.6,1600,1600,null
392,02/04/2012,02/04/2012,1.246999979019165,null,null,null,32,Clear,odour free,7.8,380,285,null,.128,5.582,null,17.8,null,null,0,165,153.5,76,.568,.782,30.4,18.6,25,3.8,34.1,.5,0,201.3,null,null,null
393,02/04/2012,02/04/2012,1.246999979019165,null,null,null,32,Clear,odour free,7.8,380,285,null,.128,5.582,null,17.8,null,null,0,165,153.5,76,.568,.782,30.4,18.6,25,3.8,34.1,.5,0,201.3,null,null,null
394,01/05/2012,01/05/2012,3.257999897003174,null,null,null,null,null,null,null,null,null,null,null,null,null,null,null,null,null,null,null,null,null,null,null,null,null,null,null,null,null,null,null,null,null
395,01/05/2012,01/05/2012,3.257999897003174,null,null,null,null,null,null,null,null,null,null,null,null,null,null,null,null,null,null,null,null,null,null,null,null,null,null,null,null,null,null,null,null,null
396,01/06/2012,01/06/2012,1.7599999904632568,null,null,null,32,Light Brown,odour free,7.65,340,281,null,.17,3.236,null,21.8,null,null,0,153.033,149.083,82,.455,.16,32.8,16.1,14,3.4,18.46,3.5,0,186.7,null,null,null
397,01/06/2012,01/06/2012,1.7599999904632568,null,null,null,32,Light Brown,odour free,7.65,340,281,null,.17,3.236,null,21.8,null,null,0,153.033,149.083,82,.455,.16,32.8,16.1,14,3.4,18.46,3.5,0,186.7,null,null,null
398,01/08/2012,01/08/2012,4.054999828338623,null,null,null,29,Light Brown,odour free,7.15,349,244,null,.012,.653,null,18.8,null,null,0,140.984,160.833,100,.501,.162,40,14.6,18.8,2.9,28.4,15,0,172,null,null,null
399,01/08/2012,01/08/2012,4.054999828338623,null,null,null,29,Light Brown,odour free,7.15,349,244,null,.012,.653,null,18.8,null,null,0,140.984,160.833,100,.501,.162,40,14.6,18.8,2.9,28.4,15,0,172,null,null,null
400,01/10/2012,01/10/2012,1.3220000267028809,null,null,null,29.5,Clear,odour free,7.5,530,371,null,.284,11.712,null,21.5,null,null,0,193.033,199,124,.51,.214,49.6,18,24,3.8,31.24,1.5,0,235.5,null,null,null
401,01/10/2012,01/10/2012,1.3220000267028809,null,null,null,29.5,Clear,odour free,7.5,530,371,null,.284,11.712,null,21.5,null,null,0,193.033,199,124,.51,.214,49.6,18,24,3.8,31.24,1.5,0,235.5,null,null,null
402,01/12/2012,01/12/2012,0.8309999704360962,null,null,null,28,Clear,odour free,7.3,462,323,null,.104,14.006,null,25,null,null,0,168.033,195.083,108,6.64,.17,43.2,20.9,26,4.8,36,6.65,0,205,null,null,null
403,01/12/2012,01/12/2012,0.8309999704360962,null,null,null,28,Clear,odour free,7.3,462,323,null,.104,14.006,null,25,null,null,0,168.033,195.083,108,6.64,.17,43.2,20.9,26,4.8,36,6.65,0,205,null,null,null
404,01/02/2013,01/02/2013,0.5809999704360962,null,null,null,27,Clear,odour free,7.18,365,201,null,.351,5.256,null,15.2,null,null,0,131.967,130.833,80,4.31,.2,32,12.2,24,4.4,31.4,9.8,0,161,null,null,null
405,01/02/2013,01/02/2013,0.5809999704360962,null,null,null,27,Clear,odour free,7.18,365,201,null,.351,5.256,null,15.2,null,null,0,131.967,130.833,80,4.31,.2,32,12.2,24,4.4,31.4,9.8,0,161,null,null,null
406,01/04/2013,01/04/2013,0,null,null,3.9,31.5,Clear,odour free,7.5,442,309,null,null,5.976,null,15.8,3.8,29.6,0,127.049,146.917,74,.72,.22,29.6,17.5,33.7,9.3,52,13,0,155,1600,1600,null
407,01/04/2013,01/04/2013,0,null,null,3.9,31.5,Clear,odour free,7.5,442,309,null,null,5.976,null,15.8,3.8,29.6,0,127.049,146.917,74,.72,.22,29.6,17.5,33.7,9.3,52,13,0,155,1600,1600,null
408,01/05/2013,01/05/2013,0,null,null,null,null,null,null,null,null,null,null,null,null,null,null,null,null,null,null,null,null,null,null,null,null,null,null,null,null,null,null,null,null,null
409,01/05/2013,01/05/2013,0,null,null,null,null,null,null,null,null,null,null,null,null,null,null,null,null,null,null,null,null,null,null,null,null,null,null,null,null,null,null,null,null,null
410,01/06/2013,03/06/2013,0,null,null,2.9,28.5,Clear,odour free,7.5,705,530,null,null,3.162,null,16,3.7,24.2,0,171.311,263.667,132,1.14,.128,52.8,31.6,37,18,54,72,0,209,1600,1600,null
411,01/06/2013,03/06/2013,0,null,null,2.9,28.5,Clear,odour free,7.5,705,530,null,null,3.162,null,16,3.7,24.2,0,171.311,263.667,132,1.14,.128,52.8,31.6,37,18,54,72,0,209,1600,1600,null
412,01/08/2013,01/08/2013,22.80299949645996,null,null,7,27.5,Clear,odour free,7.3,399,298,null,null,.772,null,11,1.4,10.8,0,123.771,170.5,108,1.8,.101,43.2,15,17.2,2.6,23.4,52,0,151,null,null,null
413,01/08/2013,01/08/2013,22.80299949645996,null,null,7,27.5,Clear,odour free,7.3,399,298,null,null,.772,null,11,1.4,10.8,0,123.771,170.5,108,1.8,.101,43.2,15,17.2,2.6,23.4,52,0,151,null,null,null
414,01/10/2013,01/10/2013,4.421999931335449,null,null,3.4,23.5,Clear,odour free,7.3,203,143,null,null,.557,null,20.3,.65,4.6,0,88.033,98.667,62,.838,.01,24.8,8.8,7,1.7,11.4,1,0,107.4,900,500,null
415,01/10/2013,01/10/2013,4.421999931335449,null,null,3.4,23.5,Clear,odour free,7.3,203,143,null,null,.557,null,20.3,.65,4.6,0,88.033,98.667,62,.838,.01,24.8,8.8,7,1.7,11.4,1,0,107.4,900,500,null
416,01/12/2013,01/12/2013,2.494999885559082,null,null,6,29,Clear,odour free,7.3,334,240,null,null,.757,null,23,.67,4.2,0,136.885,133.333,82.5,.116,.02,33,12.2,16,3.5,22,1.2,0,167,1600,1600,null
417,01/12/2013,01/12/2013,2.494999885559082,null,null,6,29,Clear,odour free,7.3,334,240,null,null,.757,null,23,.67,4.2,0,136.885,133.333,82.5,.116,.02,33,12.2,16,3.5,22,1.2,0,167,1600,1600,null
