Standard Parameter Analysis Data of : Rangeli (01 02 13 005)
Laboratory : CWC NTBO Ahmedabad 
Period : January-2005 To January-2014 
S.No.,Date_of_Collection,Date_of_Receipt,Discharge(cumecs),pH_FLD,EC_FLD(umho/cm),DO(mg/l),Water Temp(deg C),Colour,Odour,pH_GEN,EC_GEN(umho/cm),TDS(mg/l),SS(mg/l),NH3(mg N/l),NO2+NO3(mg N/l),Total_Nutrients(mg P/l),SiO2(mg/l),BOD(mg/l),COD(mg/l),Phen(mg CaCO3/l),Total_Alkallnity(mg CaCO3/l),Total_Hardness(mg CaCO3/l),Ca_Hardness(mg CaCO3/l),F(mg/l),B(mg/l),Ca_Major_Ions(mg/l),Mg(mg/l),Na(mg/l),K(mg/l),Cl(mg/l),SO4(mg/l),CO3(mg/l),HCO3(mg/l),Total_Coliforms(MPN/100ml),Faecal(MPN/100ml),Chlorophyll-A(ug/L)
1,01/06/2005,02/06/2005,0.26899999380111694,null,null,4.6,33,Clear,odour free,8.49,604,392,44,null,.168,.01,10.46,.4,null,1.66,211.62,116.5,84,.26,null,33.6,7.8,32,1,46,12.48,2,127,null,null,null
2,01/06/2005,02/06/2005,0.26899999380111694,null,null,4.6,33,Clear,odour free,8.49,604,392,44,null,.168,.01,10.46,.4,null,1.66,211.62,116.5,84,.26,null,33.6,7.8,32,1,46,12.48,2,127,null,null,null
3,01/07/2005,02/07/2005,0,null,null,6.6,32,Clear,odour free,8.5,638,400,56,null,.193,.01,10.46,1.6,null,2.49,221.49,116.5,84,.28,null,33.6,7.8,34,2,48,12.48,3,132,null,null,null
4,01/07/2005,02/07/2005,0,null,null,6.6,32,Clear,odour free,8.5,638,400,56,null,.193,.01,10.46,1.6,null,2.49,221.49,116.5,84,.28,null,33.6,7.8,34,2,48,12.48,3,132,null,null,null
5,01/08/2005,02/08/2005,92.58200073242188,null,null,4.2,29,Light Brown,odour free,7.8,380,248,32,null,.158,.01,10.46,.4,null,0,183.68,104.317,80.15,.26,null,32.06,5.8,20,1,28,8.6,0,112,null,null,null
6,01/08/2005,02/08/2005,92.58200073242188,null,null,4.2,29,Light Brown,odour free,7.8,380,248,32,null,.158,.01,10.46,.4,null,0,183.68,104.317,80.15,.26,null,32.06,5.8,20,1,28,8.6,0,112,null,null,null
7,01/09/2005,,4.052000045776367,null,null,null,null,null,null,null,null,null,null,null,null,null,null,null,null,null,null,null,null,null,null,null,null,null,null,null,null,null,null,null,null,null
8,01/09/2005,,4.052000045776367,null,null,null,null,null,null,null,null,null,null,null,null,null,null,null,null,null,null,null,null,null,null,null,null,null,null,null,null,null,null,null,null,null
9,01/10/2005,02/10/2005,59.625,null,null,6,29,Clear,odour free,8.1,410,298,40,null,.179,.01,12.46,.5,null,0,183.68,104.317,80.15,.28,null,32.06,5.8,22,1,30,8.6,0,112,null,null,null
10,01/10/2005,02/10/2005,59.625,null,null,6,29,Clear,odour free,8.1,410,298,40,null,.179,.01,12.46,.5,null,0,183.68,104.317,80.15,.28,null,32.06,5.8,22,1,30,8.6,0,112,null,null,null
11,02/11/2005,,7.754000186920166,null,null,null,null,null,null,null,null,null,null,null,null,null,null,null,null,null,null,null,null,null,null,null,null,null,null,null,null,null,null,null,null,null
12,02/11/2005,,7.754000186920166,null,null,null,null,null,null,null,null,null,null,null,null,null,null,null,null,null,null,null,null,null,null,null,null,null,null,null,null,null,null,null,null,null
13,01/12/2005,02/12/2005,1.5540000200271606,null,null,8.5,27,Clear,odour free,8.2,511,296,16,.06,.028,.03,18.9,.9,null,0,236.16,130.483,89.65,.7,null,35.86,9.8,30,2,42,16,0,144,null,null,null
14,01/12/2005,02/12/2005,1.5540000200271606,null,null,8.5,27,Clear,odour free,8.2,511,296,16,.06,.028,.03,18.9,.9,null,0,236.16,130.483,89.65,.7,null,35.86,9.8,30,2,42,16,0,144,null,null,null
15,02/01/2006,03/01/2006,1.3880000114440918,null,null,null,null,null,null,null,null,null,null,null,null,null,null,null,null,null,null,null,null,null,null,null,null,null,null,null,null,null,null,null,null,null
16,02/01/2006,03/01/2006,1.3880000114440918,null,null,null,null,null,null,null,null,null,null,null,null,null,null,null,null,null,null,null,null,null,null,null,null,null,null,null,null,null,null,null,null,null
17,01/02/2006,02/02/2006,1.5449999570846558,null,null,8.4,22,Clear,odour free,8.2,475,308,20,null,.028,.03,20,.6,null,0,213.2,120.9,84.65,.64,null,33.86,8.7,28,2,38,15.28,0,130,null,null,null
18,01/02/2006,02/02/2006,1.5449999570846558,null,null,8.4,22,Clear,odour free,8.2,475,308,20,null,.028,.03,20,.6,null,0,213.2,120.9,84.65,.64,null,33.86,8.7,28,2,38,15.28,0,130,null,null,null
19,01/03/2006,02/03/2006,1.6019999980926514,null,null,null,null,null,null,null,null,null,null,null,null,null,null,null,null,null,null,null,null,null,null,null,null,null,null,null,null,null,null,null,null,null
20,01/03/2006,02/03/2006,1.6019999980926514,null,null,null,null,null,null,null,null,null,null,null,null,null,null,null,null,null,null,null,null,null,null,null,null,null,null,null,null,null,null,null,null,null
21,01/04/2006,02/04/2006,1.562999963760376,null,null,6.5,23,Clear,odour free,8,493,338,20,null,.028,.04,22,.5,null,0,236.16,133.4,97.15,.66,null,38.86,8.7,30,1,42,15.86,0,144,null,null,null
22,01/04/2006,02/04/2006,1.562999963760376,null,null,6.5,23,Clear,odour free,8,493,338,20,null,.028,.04,22,.5,null,0,236.16,133.4,97.15,.66,null,38.86,8.7,30,1,42,15.86,0,144,null,null,null
23,01/05/2006,02/05/2006,1.222000002861023,null,null,null,null,null,null,null,null,null,null,null,null,null,null,null,null,null,null,null,null,null,null,null,null,null,null,null,null,null,null,null,null,null
24,01/05/2006,02/05/2006,1.222000002861023,null,null,null,null,null,null,null,null,null,null,null,null,null,null,null,null,null,null,null,null,null,null,null,null,null,null,null,null,null,null,null,null,null
25,01/06/2006,,null,null,null,null,null,null,null,null,null,null,null,null,null,null,null,null,null,null,null,null,null,null,null,null,null,null,null,null,null,null,null,null,null,null
26,01/07/2006,02/07/2006,11.286999702453613,null,null,5.6,29,Brown,odour free,7.91,240,164,62,null,.178,.01,21.94,.6,null,0,152.52,88.458,60.125,.18,null,24.05,6.8,11.12,3,18,12,0,93,null,null,null
27,01/07/2006,02/07/2006,11.286999702453613,null,null,5.6,29,Brown,odour free,7.91,240,164,62,null,.178,.01,21.94,.6,null,0,152.52,88.458,60.125,.18,null,24.05,6.8,11.12,3,18,12,0,93,null,null,null
28,01/08/2006,02/08/2006,1025,null,null,3.9,26,Brown,odour free,7.96,281,250,144,null,1.778,.05,21.55,2,null,0,164,104.483,76.15,.32,null,30.46,6.8,19,.87,26,18.5,0,100,null,null,null
29,01/08/2006,02/08/2006,1025,null,null,3.9,26,Brown,odour free,7.96,281,250,144,null,1.778,.05,21.55,2,null,0,164,104.483,76.15,.32,null,30.46,6.8,19,.87,26,18.5,0,100,null,null,null
30,01/09/2006,,463.01300048828125,null,null,null,null,null,null,null,null,null,null,null,null,null,null,null,null,null,null,null,null,null,null,null,null,null,null,null,null,null,null,null,null,null
31,01/09/2006,,463.01300048828125,null,null,null,null,null,null,null,null,null,null,null,null,null,null,null,null,null,null,null,null,null,null,null,null,null,null,null,null,null,null,null,null,null
32,01/10/2006,02/10/2006,101.5,null,null,8.3,28,null,null,null,null,null,null,null,null,null,null,null,null,null,null,null,null,null,null,null,null,null,null,null,null,null,null,null,null,null
33,01/10/2006,02/10/2006,101.5,null,null,8.3,28,null,null,null,null,null,null,null,null,null,null,null,null,null,null,null,null,null,null,null,null,null,null,null,null,null,null,null,null,null
34,01/11/2006,,18.034000396728516,null,null,null,null,null,null,null,null,null,null,null,null,null,null,null,null,null,null,null,null,null,null,null,null,null,null,null,null,null,null,null,null,null
35,01/11/2006,,18.034000396728516,null,null,null,null,null,null,null,null,null,null,null,null,null,null,null,null,null,null,null,null,null,null,null,null,null,null,null,null,null,null,null,null,null
36,01/12/2006,02/12/2006,2.7799999713897705,null,null,9.6,20,Clear,odour free,8.18,538,358,64,null,1.037,.04,26.86,1.4,null,0,272.24,142.842,88.175,.68,null,35.27,13.12,58,1.2,75,22.4,0,166,null,null,null
37,01/12/2006,02/12/2006,2.7799999713897705,null,null,9.6,20,Clear,odour free,8.18,538,358,64,null,1.037,.04,26.86,1.4,null,0,272.24,142.842,88.175,.68,null,35.27,13.12,58,1.2,75,22.4,0,166,null,null,null
38,02/01/2007,,2.828000068664551,null,null,null,null,null,null,null,null,null,null,null,null,null,null,null,null,null,null,null,null,null,null,null,null,null,null,null,null,null,null,null,null,null
39,02/01/2007,,2.828000068664551,null,null,null,null,null,null,null,null,null,null,null,null,null,null,null,null,null,null,null,null,null,null,null,null,null,null,null,null,null,null,null,null,null
40,01/02/2007,02/02/2007,4.4070000648498535,null,null,10.4,16,Clear,odour free,8.4,538,328,26,null,1.047,.03,21.55,1.8,null,3.32,267.44,140.842,86.175,.66,null,34.47,13.12,56,1,72,18.5,4,159,null,null,null
41,01/02/2007,02/02/2007,4.4070000648498535,null,null,10.4,16,Clear,odour free,8.4,538,328,26,null,1.047,.03,21.55,1.8,null,3.32,267.44,140.842,86.175,.66,null,34.47,13.12,56,1,72,18.5,4,159,null,null,null
42,01/03/2007,,3.881999969482422,null,null,null,null,null,null,null,null,null,null,null,null,null,null,null,null,null,null,null,null,null,null,null,null,null,null,null,null,null,null,null,null,null
43,01/03/2007,,3.881999969482422,null,null,null,null,null,null,null,null,null,null,null,null,null,null,null,null,null,null,null,null,null,null,null,null,null,null,null,null,null,null,null,null,null
44,02/04/2007,03/04/2007,1.1360000371932983,null,null,9.1,21,Clear,odour free,8.46,623,416,20,null,1.02,.04,28.36,2.6,null,4.98,310.14,162.908,106.2,.78,null,42.48,13.61,62,1.1,80,20.46,6,183,null,null,null
45,02/04/2007,03/04/2007,1.1360000371932983,null,null,9.1,21,Clear,odour free,8.46,623,416,20,null,1.02,.04,28.36,2.6,null,4.98,310.14,162.908,106.2,.78,null,42.48,13.61,62,1.1,80,20.46,6,183,null,null,null
46,01/05/2007,,0.5239999890327454,null,null,null,null,null,null,null,null,null,null,null,null,null,null,null,null,null,null,null,null,null,null,null,null,null,null,null,null,null,null,null,null,null
47,01/05/2007,,0.5239999890327454,null,null,null,null,null,null,null,null,null,null,null,null,null,null,null,null,null,null,null,null,null,null,null,null,null,null,null,null,null,null,null,null,null
48,01/06/2007,02/06/2007,0,null,null,7.8,30,Clear,odour free,8.28,811,526,16,.06,1.316,.02,20.78,2.9,null,0,328,189.283,100.2,.95,null,40.08,21.38,71.37,2.78,94,29.2,0,200,null,null,null
49,01/06/2007,02/06/2007,0,null,null,7.8,30,Clear,odour free,8.28,811,526,16,.06,1.316,.02,20.78,2.9,null,0,328,189.283,100.2,.95,null,40.08,21.38,71.37,2.78,94,29.2,0,200,null,null,null
50,02/07/2007,,0,null,null,null,null,null,null,null,null,null,null,null,null,null,null,null,null,null,null,null,null,null,null,null,null,null,null,null,null,null,null,null,null,null
51,02/07/2007,,0,null,null,null,null,null,null,null,null,null,null,null,null,null,null,null,null,null,null,null,null,null,null,null,null,null,null,null,null,null,null,null,null,null
52,01/08/2007,02/08/2007,5.172999858856201,null,null,7.5,28,Clear,odour free,8.2,537,320,68,.06,1.121,.01,32,1.4,null,0,280.44,152.967,88.175,.55,null,35.27,15.55,37.24,2.26,48,20,0,171,null,null,null
53,01/08/2007,02/08/2007,5.172999858856201,null,null,7.5,28,Clear,odour free,8.2,537,320,68,.06,1.121,.01,32,1.4,null,0,280.44,152.967,88.175,.55,null,35.27,15.55,37.24,2.26,48,20,0,171,null,null,null
54,01/09/2007,,124.68900299072266,null,null,null,null,null,null,null,null,null,null,null,null,null,null,null,null,null,null,null,null,null,null,null,null,null,null,null,null,null,null,null,null,null
55,01/09/2007,,124.68900299072266,null,null,null,null,null,null,null,null,null,null,null,null,null,null,null,null,null,null,null,null,null,null,null,null,null,null,null,null,null,null,null,null,null
56,01/10/2007,02/10/2007,5.9770002365112305,null,null,7.1,26,Clear,odour free,8.48,568,386,12,.05,.742,.02,28.84,2,null,5.81,244.57,148.725,108.225,.88,null,43.29,9.72,43.98,.17,58,28.3,7,142,null,null,null
57,01/10/2007,02/10/2007,5.9770002365112305,null,null,7.1,26,Clear,odour free,8.48,568,386,12,.05,.742,.02,28.84,2,null,5.81,244.57,148.725,108.225,.88,null,43.29,9.72,43.98,.17,58,28.3,7,142,null,null,null
58,01/11/2007,,2.687999963760376,null,null,null,null,null,null,null,null,null,null,null,null,null,null,null,null,null,null,null,null,null,null,null,null,null,null,null,null,null,null,null,null,null
59,01/11/2007,,2.687999963760376,null,null,null,null,null,null,null,null,null,null,null,null,null,null,null,null,null,null,null,null,null,null,null,null,null,null,null,null,null,null,null,null,null
60,01/12/2007,02/12/2007,2.4700000286102295,null,null,8.8,25,Clear,odour free,8.45,531,340,32,null,.953,.01,23.55,.1,null,8.3,241.38,152.667,120.25,.54,null,48.1,7.78,43.23,.78,56,27,10,137,null,null,null
61,01/12/2007,02/12/2007,2.4700000286102295,null,null,8.8,25,Clear,odour free,8.45,531,340,32,null,.953,.01,23.55,.1,null,8.3,241.38,152.667,120.25,.54,null,48.1,7.78,43.23,.78,56,27,10,137,null,null,null
62,01/01/2008,,2.48799991607666,null,null,null,null,null,null,null,null,null,null,null,null,null,null,null,null,null,null,null,null,null,null,null,null,null,null,null,null,null,null,null,null,null
63,01/01/2008,,2.48799991607666,null,null,null,null,null,null,null,null,null,null,null,null,null,null,null,null,null,null,null,null,null,null,null,null,null,null,null,null,null,null,null,null,null
64,01/02/2008,02/02/2008,5.422999858856201,null,null,14,18,Clear,odour free,8.58,494,326,36,.06,.868,.01,19.81,1.6,null,5.81,267.53,156.767,112.225,.42,null,44.89,10.69,41.73,.87,56,24,7,156,null,null,null
65,01/02/2008,02/02/2008,5.422999858856201,null,null,14,18,Clear,odour free,8.58,494,326,36,.06,.868,.01,19.81,1.6,null,5.81,267.53,156.767,112.225,.42,null,44.89,10.69,41.73,.87,56,24,7,156,null,null,null
66,01/03/2008,,3.680000066757202,null,null,null,null,null,null,null,null,null,null,null,null,null,null,null,null,null,null,null,null,null,null,null,null,null,null,null,null,null,null,null,null,null
67,01/03/2008,,3.680000066757202,null,null,null,null,null,null,null,null,null,null,null,null,null,null,null,null,null,null,null,null,null,null,null,null,null,null,null,null,null,null,null,null,null
68,01/04/2008,02/04/2008,2.183000087738037,null,null,9.6,26,Clear,odour free,8.5,593,360,10,.1,1.989,.01,20.84,3,null,4.15,280.59,165.092,92.175,.42,null,36.87,17.5,45.37,1.74,60,25,5,166,null,null,null
69,01/04/2008,02/04/2008,2.183000087738037,null,null,9.6,26,Clear,odour free,8.5,593,360,10,.1,1.989,.01,20.84,3,null,4.15,280.59,165.092,92.175,.42,null,36.87,17.5,45.37,1.74,60,25,5,166,null,null,null
70,01/05/2008,,1.5,null,null,null,null,null,null,null,null,null,null,null,null,null,null,null,null,null,null,null,null,null,null,null,null,null,null,null,null,null,null,null,null,null
71,01/05/2008,,1.5,null,null,null,null,null,null,null,null,null,null,null,null,null,null,null,null,null,null,null,null,null,null,null,null,null,null,null,null,null,null,null,null,null
72,02/06/2008,,0,null,null,null,null,null,null,null,null,null,null,null,null,null,null,null,null,null,null,null,null,null,null,null,null,null,null,null,null,null,null,null,null,null
73,02/06/2008,,0,null,null,null,null,null,null,null,null,null,null,null,null,null,null,null,null,null,null,null,null,null,null,null,null,null,null,null,null,null,null,null,null,null
74,01/07/2008,,0,null,null,null,null,null,null,null,null,null,null,null,null,null,null,null,null,null,null,null,null,null,null,null,null,null,null,null,null,null,null,null,null,null
75,01/07/2008,,0,null,null,null,null,null,null,null,null,null,null,null,null,null,null,null,null,null,null,null,null,null,null,null,null,null,null,null,null,null,null,null,null,null
76,01/08/2008,02/08/2008,15.34000015258789,null,null,6.5,25,Light Brown,odour free,7.7,366,248,18,.82,1.988,.1,25.42,2.7,null,0,175.48,104.583,68.125,.54,null,27.25,8.75,29,1.83,38,11.3,0,107,null,null,null
77,01/08/2008,02/08/2008,15.34000015258789,null,null,6.5,25,Light Brown,odour free,7.7,366,248,18,.82,1.988,.1,25.42,2.7,null,0,175.48,104.583,68.125,.54,null,27.25,8.75,29,1.83,38,11.3,0,107,null,null,null
78,01/09/2008,,20.01799964904785,null,null,null,null,null,null,null,null,null,null,null,null,null,null,null,null,null,null,null,null,null,null,null,null,null,null,null,null,null,null,null,null,null
79,01/09/2008,,20.01799964904785,null,null,null,null,null,null,null,null,null,null,null,null,null,null,null,null,null,null,null,null,null,null,null,null,null,null,null,null,null,null,null,null,null
80,01/10/2008,02/10/2008,11.666000366210938,null,null,9.9,27,Clear,odour free,8.52,545,356,22,.67,.476,.09,19.94,1.6,null,8.3,249.58,148.642,116.225,.97,null,46.49,7.78,36.59,1.74,48,14.2,10,142,null,null,null
81,01/10/2008,02/10/2008,11.666000366210938,null,null,9.9,27,Clear,odour free,8.52,545,356,22,.67,.476,.09,19.94,1.6,null,8.3,249.58,148.642,116.225,.97,null,46.49,7.78,36.59,1.74,48,14.2,10,142,null,null,null
82,01/11/2008,,7.992000102996826,null,null,null,null,null,null,null,null,null,null,null,null,null,null,null,null,null,null,null,null,null,null,null,null,null,null,null,null,null,null,null,null,null
83,01/11/2008,,7.992000102996826,null,null,null,null,null,null,null,null,null,null,null,null,null,null,null,null,null,null,null,null,null,null,null,null,null,null,null,null,null,null,null,null,null
84,01/12/2008,,0.2290000021457672,null,null,null,null,null,null,null,null,null,null,null,null,null,null,null,null,null,null,null,null,null,null,null,null,null,null,null,null,null,null,null,null,null
85,01/12/2008,,0.2290000021457672,null,null,null,null,null,null,null,null,null,null,null,null,null,null,null,null,null,null,null,null,null,null,null,null,null,null,null,null,null,null,null,null,null
86,01/01/2009,,1.2619999647140503,null,null,null,null,null,null,null,null,null,null,null,null,null,null,null,null,null,null,null,null,null,null,null,null,null,null,null,null,null,null,null,null,null
87,01/01/2009,,1.2619999647140503,null,null,null,null,null,null,null,null,null,null,null,null,null,null,null,null,null,null,null,null,null,null,null,null,null,null,null,null,null,null,null,null,null
88,02/02/2009,,0.2290000021457672,null,null,null,null,null,null,null,null,null,null,null,null,null,null,null,null,null,null,null,null,null,null,null,null,null,null,null,null,null,null,null,null,null
89,02/02/2009,,0.2290000021457672,null,null,null,null,null,null,null,null,null,null,null,null,null,null,null,null,null,null,null,null,null,null,null,null,null,null,null,null,null,null,null,null,null
90,02/03/2009,,0.18000000715255737,null,null,null,null,null,null,null,null,null,null,null,null,null,null,null,null,null,null,null,null,null,null,null,null,null,null,null,null,null,null,null,null,null
91,02/03/2009,,0.18000000715255737,null,null,null,null,null,null,null,null,null,null,null,null,null,null,null,null,null,null,null,null,null,null,null,null,null,null,null,null,null,null,null,null,null
92,01/04/2009,,0.3659999966621399,null,null,null,null,null,null,null,null,null,null,null,null,null,null,null,null,null,null,null,null,null,null,null,null,null,null,null,null,null,null,null,null,null
93,01/04/2009,,0.3659999966621399,null,null,null,null,null,null,null,null,null,null,null,null,null,null,null,null,null,null,null,null,null,null,null,null,null,null,null,null,null,null,null,null,null
94,01/05/2009,,0.1379999965429306,null,null,null,null,null,null,null,null,null,null,null,null,null,null,null,null,null,null,null,null,null,null,null,null,null,null,null,null,null,null,null,null,null
95,01/05/2009,,0.1379999965429306,null,null,null,null,null,null,null,null,null,null,null,null,null,null,null,null,null,null,null,null,null,null,null,null,null,null,null,null,null,null,null,null,null
96,01/06/2009,,0,null,null,null,null,null,null,null,null,null,null,null,null,null,null,null,null,null,null,null,null,null,null,null,null,null,null,null,null,null,null,null,null,null
97,01/06/2009,,0,null,null,null,null,null,null,null,null,null,null,null,null,null,null,null,null,null,null,null,null,null,null,null,null,null,null,null,null,null,null,null,null,null
98,01/07/2009,,0,null,null,null,null,null,null,null,null,null,null,null,null,null,null,null,null,null,null,null,null,null,null,null,null,null,null,null,null,null,null,null,null,null
99,01/07/2009,,0,null,null,null,null,null,null,null,null,null,null,null,null,null,null,null,null,null,null,null,null,null,null,null,null,null,null,null,null,null,null,null,null,null
100,01/08/2009,02/08/2009,19.624000549316406,null,null,5.8,26,Brown,odour free,8.26,458,298,38,.82,.39,.08,19.94,1.8,null,0,140.164,152.767,108.225,.91,null,43.29,10.69,44.94,1.74,60,13.4,0,171,null,null,null
101,01/08/2009,02/08/2009,19.624000549316406,null,null,5.8,26,Brown,odour free,8.26,458,298,38,.82,.39,.08,19.94,1.8,null,0,140.164,152.767,108.225,.91,null,43.29,10.69,44.94,1.74,60,13.4,0,171,null,null,null
102,01/09/2009,,73.95700073242188,null,null,null,null,null,null,null,null,null,null,null,null,null,null,null,null,null,null,null,null,null,null,null,null,null,null,null,null,null,null,null,null,null
103,01/09/2009,,73.95700073242188,null,null,null,null,null,null,null,null,null,null,null,null,null,null,null,null,null,null,null,null,null,null,null,null,null,null,null,null,null,null,null,null,null
104,01/10/2009,02/10/2009,15.218000411987305,null,null,11.1,28,Clear,odour free,8.2,537,356,40,.07,.7,.1,36.52,2.3,null,0,176.23,184.8,144.3,.67,null,57.72,9.72,50.3,1.04,70,15.8,0,215,null,null,null
105,01/10/2009,02/10/2009,15.218000411987305,null,null,11.1,28,Clear,odour free,8.2,537,356,40,.07,.7,.1,36.52,2.3,null,0,176.23,184.8,144.3,.67,null,57.72,9.72,50.3,1.04,70,15.8,0,215,null,null,null
106,03/11/2009,,10.720000267028809,null,null,null,null,null,null,null,null,null,null,null,null,null,null,null,null,null,null,null,null,null,null,null,null,null,null,null,null,null,null,null,null,null
107,03/11/2009,,10.720000267028809,null,null,null,null,null,null,null,null,null,null,null,null,null,null,null,null,null,null,null,null,null,null,null,null,null,null,null,null,null,null,null,null,null
108,01/12/2009,02/12/2009,6.9019999504089355,null,null,10.5,22,Clear,odour free,8.35,591,370,46,.06,.55,.1,28.78,.7,null,1.66,186.94,200.967,148.3,.66,null,59.32,12.64,51.36,.87,70,13.8,2,224,null,null,null
109,01/12/2009,02/12/2009,6.9019999504089355,null,null,10.5,22,Clear,odour free,8.35,591,370,46,.06,.55,.1,28.78,.7,null,1.66,186.94,200.967,148.3,.66,null,59.32,12.64,51.36,.87,70,13.8,2,224,null,null,null
110,01/01/2010,,0.8949999809265137,null,null,null,null,null,null,null,null,null,null,null,null,null,null,null,null,null,null,null,null,null,null,null,null,null,null,null,null,null,null,null,null,null
111,01/01/2010,,0.8949999809265137,null,null,null,null,null,null,null,null,null,null,null,null,null,null,null,null,null,null,null,null,null,null,null,null,null,null,null,null,null,null,null,null,null
112,01/02/2010,02/02/2010,0.8669999837875366,null,null,6.9,20,Clear,odour free,8.05,546,336,54,.1,.32,.09,17.74,.2,null,0,176.23,192.983,136.275,.55,null,54.51,13.61,50.29,.87,68,13.6,0,215,null,null,null
113,01/02/2010,02/02/2010,0.8669999837875366,null,null,6.9,20,Clear,odour free,8.05,546,336,54,.1,.32,.09,17.74,.2,null,0,176.23,192.983,136.275,.55,null,54.51,13.61,50.29,.87,68,13.6,0,215,null,null,null
114,02/03/2010,,1.6239999532699585,null,null,null,null,null,null,null,null,null,null,null,null,null,null,null,null,null,null,null,null,null,null,null,null,null,null,null,null,null,null,null,null,null
115,02/03/2010,,1.6239999532699585,null,null,null,null,null,null,null,null,null,null,null,null,null,null,null,null,null,null,null,null,null,null,null,null,null,null,null,null,null,null,null,null,null
116,01/04/2010,,0,null,null,null,null,null,null,null,null,null,null,null,null,null,null,null,null,null,null,null,null,null,null,null,null,null,null,null,null,null,null,null,null,null
117,01/04/2010,,0,null,null,null,null,null,null,null,null,null,null,null,null,null,null,null,null,null,null,null,null,null,null,null,null,null,null,null,null,null,null,null,null,null
118,01/05/2010,,0,null,null,null,null,null,null,null,null,null,null,null,null,null,null,null,null,null,null,null,null,null,null,null,null,null,null,null,null,null,null,null,null,null
119,01/05/2010,,0,null,null,null,null,null,null,null,null,null,null,null,null,null,null,null,null,null,null,null,null,null,null,null,null,null,null,null,null,null,null,null,null,null
120,01/06/2010,,null,null,null,null,null,null,null,null,null,null,null,null,null,null,null,null,null,null,null,null,null,null,null,null,null,null,null,null,null,null,null,null,null,null
121,01/07/2010,,null,null,null,null,null,null,null,null,null,null,null,null,null,null,null,null,null,null,null,null,null,null,null,null,null,null,null,null,null,null,null,null,null,null
122,02/08/2010,03/08/2010,5.586999893188477,null,null,6,27,Brown,odour free,7.9,334,214,22,.1,.53,.07,26.2,1.4,null,0,127.869,144.642,112.225,.44,null,44.89,7.78,13.7,.35,20,13.2,0,156,null,null,null
123,02/08/2010,03/08/2010,5.586999893188477,null,null,6,27,Brown,odour free,7.9,334,214,22,.1,.53,.07,26.2,1.4,null,0,127.869,144.642,112.225,.44,null,44.89,7.78,13.7,.35,20,13.2,0,156,null,null,null
124,01/09/2010,,11.567999839782715,null,null,null,null,null,null,null,null,null,null,null,null,null,null,null,null,null,null,null,null,null,null,null,null,null,null,null,null,null,null,null,null,null
125,01/09/2010,,11.567999839782715,null,null,null,null,null,null,null,null,null,null,null,null,null,null,null,null,null,null,null,null,null,null,null,null,null,null,null,null,null,null,null,null,null
126,01/10/2010,02/10/2010,8.980999946594238,null,null,6.4,29,Clear,odour free,7.85,544,348,48,.11,1.49,.07,29.03,2.6,null,0,159.836,176.833,128.25,.54,null,51.3,11.66,50.08,.87,66,23.4,0,195,null,null,null
127,01/10/2010,02/10/2010,8.980999946594238,null,null,6.4,29,Clear,odour free,7.85,544,348,48,.11,1.49,.07,29.03,2.6,null,0,159.836,176.833,128.25,.54,null,51.3,11.66,50.08,.87,66,23.4,0,195,null,null,null
128,01/11/2010,,4.543000221252441,null,null,null,null,null,null,null,null,null,null,null,null,null,null,null,null,null,null,null,null,null,null,null,null,null,null,null,null,null,null,null,null,null
129,01/11/2010,,4.543000221252441,null,null,null,null,null,null,null,null,null,null,null,null,null,null,null,null,null,null,null,null,null,null,null,null,null,null,null,null,null,null,null,null,null
130,01/12/2010,02/12/2010,4.508999824523926,null,null,8.5,26,Clear,odour free,8.33,527,330,48,.13,.16,.06,33.68,1.2,null,1.66,175.464,188.842,144.3,.42,null,57.72,10.69,45.8,2.26,62,23.9,2,210,null,null,null
131,01/12/2010,02/12/2010,4.508999824523926,null,null,8.5,26,Clear,odour free,8.33,527,330,48,.13,.16,.06,33.68,1.2,null,1.66,175.464,188.842,144.3,.42,null,57.72,10.69,45.8,2.26,62,23.9,2,210,null,null,null
132,01/01/2011,,8.473999977111816,null,null,null,null,null,null,null,null,null,null,null,null,null,null,null,null,null,null,null,null,null,null,null,null,null,null,null,null,null,null,null,null,null
133,01/01/2011,,8.473999977111816,null,null,null,null,null,null,null,null,null,null,null,null,null,null,null,null,null,null,null,null,null,null,null,null,null,null,null,null,null,null,null,null,null
134,01/02/2011,02/02/2011,4.681000232696533,null,null,8.6,21,Clear,odour free,8.1,652,418,54,.17,.4,.08,22,2,null,0,195.902,216.908,168.325,.8,null,67.33,11.66,57.57,2.09,82,25.2,0,239,null,null,null
135,01/02/2011,02/02/2011,4.681000232696533,null,null,8.6,21,Clear,odour free,8.1,652,418,54,.17,.4,.08,22,2,null,0,195.902,216.908,168.325,.8,null,67.33,11.66,57.57,2.09,82,25.2,0,239,null,null,null
136,01/03/2011,,4.764999866485596,null,null,null,null,null,null,null,null,null,null,null,null,null,null,null,null,null,null,null,null,null,null,null,null,null,null,null,null,null,null,null,null,null
137,01/03/2011,,4.764999866485596,null,null,null,null,null,null,null,null,null,null,null,null,null,null,null,null,null,null,null,null,null,null,null,null,null,null,null,null,null,null,null,null,null
138,01/04/2011,02/04/2011,1.2580000162124634,null,null,6.1,28,Clear,odour free,7.3,755,482,50,.38,1.06,.07,16.97,1.6,null,0,208.197,240.958,192.375,.86,null,76.95,11.66,60.78,1.74,92,25.8,0,254,null,null,null
139,01/04/2011,02/04/2011,1.2580000162124634,null,null,6.1,28,Clear,odour free,7.3,755,482,50,.38,1.06,.07,16.97,1.6,null,0,208.197,240.958,192.375,.86,null,76.95,11.66,60.78,1.74,92,25.8,0,254,null,null,null
140,02/05/2011,,0.3400000035762787,null,null,null,null,null,null,null,null,null,null,null,null,null,null,null,null,null,null,null,null,null,null,null,null,null,null,null,null,null,null,null,null,null
141,02/05/2011,,0.3400000035762787,null,null,null,null,null,null,null,null,null,null,null,null,null,null,null,null,null,null,null,null,null,null,null,null,null,null,null,null,null,null,null,null,null
142,01/06/2011,,null,null,null,null,null,null,null,null,null,null,null,null,null,null,null,null,null,null,null,null,null,null,null,null,null,null,null,null,null,null,null,null,null,null
143,01/07/2011,,null,null,null,null,null,null,null,null,null,null,null,null,null,null,null,null,null,null,null,null,null,null,null,null,null,null,null,null,null,null,null,null,null,null
144,01/08/2011,02/08/2011,17.698999404907227,null,null,8.9,27,Light Brown,odour free,7.4,368,244,46,.153,.37,.08,20,3.2,null,0,127.869,152.667,120.25,.55,null,48.1,7.78,17.98,.52,28,13.8,0,156,null,null,null
145,01/08/2011,02/08/2011,17.698999404907227,null,null,8.9,27,Light Brown,odour free,7.4,368,244,46,.153,.37,.08,20,3.2,null,0,127.869,152.667,120.25,.55,null,48.1,7.78,17.98,.52,28,13.8,0,156,null,null,null
146,01/09/2011,02/09/2011,234.77499389648438,null,null,5.6,28,Light Brown,odour free,7.5,460,290,44,.16,1.08,.09,19.81,3.1,null,0,140.164,156.767,112.225,.57,null,44.89,10.69,27.87,.61,40,14.65,0,171,null,null,null
147,01/09/2011,02/09/2011,234.77499389648438,null,null,5.6,28,Light Brown,odour free,7.5,460,290,44,.16,1.08,.09,19.81,3.1,null,0,140.164,156.767,112.225,.57,null,44.89,10.69,27.87,.61,40,14.65,0,171,null,null,null
148,01/10/2011,02/10/2011,52.52199935913086,null,null,7.8,25,Clear,odour free,7.48,532,338,42,.19,2.32,.09,28.84,2.9,null,0,163.934,188.8,148.3,.54,null,59.32,9.72,30.82,.7,40,15.3,0,200,null,null,null
149,01/10/2011,02/10/2011,52.52199935913086,null,null,7.8,25,Clear,odour free,7.48,532,338,42,.19,2.32,.09,28.84,2.9,null,0,163.934,188.8,148.3,.54,null,59.32,9.72,30.82,.7,40,15.3,0,200,null,null,null
150,01/11/2011,,17.388999938964844,null,null,null,null,null,null,null,null,null,null,null,null,null,null,null,null,null,null,null,null,null,null,null,null,null,null,null,null,null,null,null,null,null
151,01/11/2011,,17.388999938964844,null,null,null,null,null,null,null,null,null,null,null,null,null,null,null,null,null,null,null,null,null,null,null,null,null,null,null,null,null,null,null,null,null
152,01/12/2011,02/12/2011,12.432999610900879,null,null,10,24,Clear,odour free,7.8,523,328,38,.05,1.73,.09,33.25,2,null,0,155.738,180.858,132.275,.58,null,52.91,11.66,27.87,.72,40,15.64,0,190,null,null,null
153,01/12/2011,02/12/2011,12.432999610900879,null,null,10,24,Clear,odour free,7.8,523,328,38,.05,1.73,.09,33.25,2,null,0,155.738,180.858,132.275,.58,null,52.91,11.66,27.87,.72,40,15.64,0,190,null,null,null
154,02/01/2012,,14.687999725341797,null,null,null,null,null,null,null,null,null,null,null,null,null,null,null,null,null,null,null,null,null,null,null,null,null,null,null,null,null,null,null,null,null
155,02/01/2012,,14.687999725341797,null,null,null,null,null,null,null,null,null,null,null,null,null,null,null,null,null,null,null,null,null,null,null,null,null,null,null,null,null,null,null,null,null
156,01/02/2012,02/02/2012,10.473999977111816,null,null,8.3,16,Clear,odour free,8.26,546,340,40,.42,2.05,.1,9.3,.3,null,0,168.033,208.908,160.325,.67,null,64.13,11.66,28.91,.81,42,16.04,0,205,null,null,null
157,01/02/2012,02/02/2012,10.473999977111816,null,null,8.3,16,Clear,odour free,8.26,546,340,40,.42,2.05,.1,9.3,.3,null,0,168.033,208.908,160.325,.67,null,64.13,11.66,28.91,.81,42,16.04,0,205,null,null,null
158,01/03/2012,,8.737000465393066,null,null,null,null,null,null,null,null,null,null,null,null,null,null,null,null,null,null,null,null,null,null,null,null,null,null,null,null,null,null,null,null,null
159,01/03/2012,,8.737000465393066,null,null,null,null,null,null,null,null,null,null,null,null,null,null,null,null,null,null,null,null,null,null,null,null,null,null,null,null,null,null,null,null,null
160,02/04/2012,03/04/2012,1.8990000486373901,null,null,7.8,26,Clear,odour free,8.1,486,304,48,.38,1.8,.09,8.92,3.6,null,0,159.836,184.858,136.275,.65,null,54.51,11.66,26.83,.76,40,16.44,0,195,null,null,null
161,02/04/2012,03/04/2012,1.8990000486373901,null,null,7.8,26,Clear,odour free,8.1,486,304,48,.38,1.8,.09,8.92,3.6,null,0,159.836,184.858,136.275,.65,null,54.51,11.66,26.83,.76,40,16.44,0,195,null,null,null
162,01/05/2012,,0.5550000071525574,null,null,null,null,null,null,null,null,null,null,null,null,null,null,null,null,null,null,null,null,null,null,null,null,null,null,null,null,null,null,null,null,null
163,01/05/2012,,0.5550000071525574,null,null,null,null,null,null,null,null,null,null,null,null,null,null,null,null,null,null,null,null,null,null,null,null,null,null,null,null,null,null,null,null,null
164,01/06/2012,,0,null,null,null,null,null,null,null,null,null,null,null,null,null,null,null,null,null,null,null,null,null,null,null,null,null,null,null,null,null,null,null,null,null
165,01/06/2012,,0,null,null,null,null,null,null,null,null,null,null,null,null,null,null,null,null,null,null,null,null,null,null,null,null,null,null,null,null,null,null,null,null,null
166,02/07/2012,,0,null,null,null,null,null,null,null,null,null,null,null,null,null,null,null,null,null,null,null,null,null,null,null,null,null,null,null,null,null,null,null,null,null
167,02/07/2012,,0,null,null,null,null,null,null,null,null,null,null,null,null,null,null,null,null,null,null,null,null,null,null,null,null,null,null,null,null,null,null,null,null,null
168,01/08/2012,02/08/2012,2.7200000286102295,null,null,6.6,26,Clear,odour free,8.14,493,324,48,.68,.94,.08,28.47,.6,null,0,144.262,172.733,136.275,.92,null,54.51,8.75,27.87,.63,46,13.86,0,176,null,null,null
169,01/08/2012,02/08/2012,2.7200000286102295,null,null,6.6,26,Clear,odour free,8.14,493,324,48,.68,.94,.08,28.47,.6,null,0,144.262,172.733,136.275,.92,null,54.51,8.75,27.87,.63,46,13.86,0,176,null,null,null
170,01/09/2012,,246.97500610351563,null,null,null,null,null,null,null,null,null,null,null,null,null,null,null,null,null,null,null,null,null,null,null,null,null,null,null,null,null,null,null,null,null
171,01/09/2012,,246.97500610351563,null,null,null,null,null,null,null,null,null,null,null,null,null,null,null,null,null,null,null,null,null,null,null,null,null,null,null,null,null,null,null,null,null
172,01/10/2012,02/10/2012,56.55699920654297,null,null,8,27,Clear,odour free,8.21,547,360,36,.21,2.31,.1,24.2,1.2,null,0,172.131,192.883,144.3,.6,null,57.72,11.66,32.03,.81,44,15.64,0,210,null,null,null
173,01/10/2012,02/10/2012,56.55699920654297,null,null,8,27,Clear,odour free,8.21,547,360,36,.21,2.31,.1,24.2,1.2,null,0,172.131,192.883,144.3,.6,null,57.72,11.66,32.03,.81,44,15.64,0,210,null,null,null
174,01/11/2012,,4.921000003814697,null,null,null,null,null,null,null,null,null,null,null,null,null,null,null,null,null,null,null,null,null,null,null,null,null,null,null,null,null,null,null,null,null
175,01/11/2012,,4.921000003814697,null,null,null,null,null,null,null,null,null,null,null,null,null,null,null,null,null,null,null,null,null,null,null,null,null,null,null,null,null,null,null,null,null
176,01/12/2012,02/12/2012,4.6479997634887695,null,null,9,19,Clear,odour free,8.2,540,346,42,.09,2.44,.09,34.39,1.1,null,0,168.033,196.8,156.3,.81,null,62.52,9.72,30.99,.81,42,8.71,0,205,null,null,null
177,01/12/2012,02/12/2012,4.6479997634887695,null,null,9,19,Clear,odour free,8.2,540,346,42,.09,2.44,.09,34.39,1.1,null,0,168.033,196.8,156.3,.81,null,62.52,9.72,30.99,.81,42,8.71,0,205,null,null,null
178,01/01/2013,,4.906000137329102,null,null,null,null,null,null,null,null,null,null,null,null,null,null,null,null,null,null,null,null,null,null,null,null,null,null,null,null,null,null,null,null,null
179,01/01/2013,,4.906000137329102,null,null,null,null,null,null,null,null,null,null,null,null,null,null,null,null,null,null,null,null,null,null,null,null,null,null,null,null,null,null,null,null,null
180,01/02/2013,02/02/2013,4.913000106811523,7.4,575,9.6,16,Clear,odour free,8.27,604,386,44,.36,1.09,.1,17.64,1.3,null,0,219.672,240.958,192.375,.98,null,76.95,11.66,38.27,.9,58,8.91,0,268,null,null,null
181,01/02/2013,02/02/2013,4.913000106811523,7.4,575,9.6,16,Clear,odour free,8.27,604,386,44,.36,1.09,.1,17.64,1.3,null,0,219.672,240.958,192.375,.98,null,76.95,11.66,38.27,.9,58,8.91,0,268,null,null,null
182,01/03/2013,02/03/2013,3.0139999389648438,null,null,null,null,null,null,null,null,null,null,null,null,null,null,null,null,null,null,null,null,null,null,null,null,null,null,null,null,null,null,null,null,null
183,01/03/2013,02/03/2013,3.0139999389648438,null,null,null,null,null,null,null,null,null,null,null,null,null,null,null,null,null,null,null,null,null,null,null,null,null,null,null,null,null,null,null,null,null
184,01/04/2013,02/04/2013,2.757999897003174,7.8,585,8.1,20.8,Clear,odour free,8.49,563,360,34,.38,1.1,.1,18.6,2,null,1.66,235.301,252.967,208.425,.91,null,83.37,10.69,40.35,.99,60,10.5,2,283,null,null,null
185,01/04/2013,02/04/2013,2.757999897003174,7.8,585,8.1,20.8,Clear,odour free,8.49,563,360,34,.38,1.1,.1,18.6,2,null,1.66,235.301,252.967,208.425,.91,null,83.37,10.69,40.35,.99,60,10.5,2,283,null,null,null
186,01/05/2013,,2.046999931335449,null,null,null,null,null,null,null,null,null,null,null,null,null,null,null,null,null,null,null,null,null,null,null,null,null,null,null,null,null,null,null,null,null
187,01/05/2013,,2.046999931335449,null,null,null,null,null,null,null,null,null,null,null,null,null,null,null,null,null,null,null,null,null,null,null,null,null,null,null,null,null,null,null,null,null
188,01/06/2013,02/06/2013,null,7.9,575,11.3,21.5,Clear,odour free,8.45,982,668,36,.66,3.3,.12,24.46,4.2,null,4.15,268.169,274.183,116.225,.77,null,46.49,37.91,105.7,1.8,145,10.69,5,317,null,null,null
189,01/07/2013,,null,null,null,null,null,null,null,null,null,null,null,null,null,null,null,null,null,null,null,null,null,null,null,null,null,null,null,null,null,null,null,null,null,null
190,01/08/2013,02/08/2013,null,7.5,440,6.7,26,Light Brown,odour free,8,391,270,46,.65,3.31,.08,28.6,2.8,null,0,127.869,156.725,116.225,.57,null,46.49,9.72,17.47,.63,26,14.26,0,156,null,null,null
191,02/09/2013,,null,null,null,null,null,null,null,null,null,null,null,null,null,null,null,null,null,null,null,null,null,null,null,null,null,null,null,null,null,null,null,null,null,null
192,01/10/2013,02/10/2013,null,9.1,620,7.3,27,Light Brown,odour free,8.12,570,354,48,.61,.29,.09,21.02,2.8,null,0,144.262,168.792,124.25,.57,null,49.7,10.69,46.59,1.08,64,16.83,0,176,null,null,null
193,01/11/2013,,null,null,null,null,null,null,null,null,null,null,null,null,null,null,null,null,null,null,null,null,null,null,null,null,null,null,null,null,null,null,null,null,null,null
194,02/12/2013,03/12/2013,null,8.5,610,9.4,24,Clear,odour free,8.55,500,316,38,.07,2.56,.08,19.81,1.8,189.1,11.62,174.973,196.842,152.3,.92,null,60.92,10.69,30.99,.63,40,15.35,14,185,278000,100,null
195,01/01/2014,,null,null,null,null,null,null,null,null,null,null,null,null,null,null,null,null,null,null,null,null,null,null,null,null,null,null,null,null,null,null,null,null,null,null
