Standard Parameter Analysis Data of : Salebhata (EMG00E5)
Laboratory : CWC MERO Raipur 
Period : January-1989 To January-2016 
S.No.,Date_of_Collection,Date_of_Receipt,Discharge(cumecs),pH_FLD,EC_FLD(umho/cm),DO(mg/l),Water Temp(deg C),Colour,Odour,pH_GEN,EC_GEN(umho/cm),TDS(mg/l),SS(mg/l),NH3(mg N/l),NO2+NO3(mg N/l),Total_Nutrients(mg P/l),SiO2(mg/l),BOD(mg/l),COD(mg/l),Phen(mg CaCO3/l),Total_Alkallnity(mg CaCO3/l),Total_Hardness(mg CaCO3/l),Ca_Hardness(mg CaCO3/l),F(mg/l),B(mg/l),Ca_Major_Ions(mg/l),Mg(mg/l),Na(mg/l),K(mg/l),Cl(mg/l),SO4(mg/l),CO3(mg/l),HCO3(mg/l),Total_Coliforms(MPN/100ml),Faecal(MPN/100ml),Chlorophyll-A(ug/L)
1,01/06/1989,,0.10999999940395355,null,null,null,null,null,null,null,null,null,null,null,null,null,null,null,null,null,null,null,null,null,null,null,null,null,null,null,null,null,null,null,null,null
2,01/06/1989,,0.10999999940395355,null,null,null,null,null,null,null,null,null,null,null,null,null,null,null,null,null,null,null,null,null,null,null,null,null,null,null,null,null,null,null,null,null
3,01/07/1989,01/07/1989,41.2400016784668,7.47,193,null,24,Light Brown,odour free,7.5,193,null,null,null,.88,.02,8,null,null,0,144,106.76,46.68,null,null,18.672,14.599,11,2.58,7,54,0,87.8,null,null,null
4,01/07/1989,01/07/1989,41.2400016784668,7.47,193,null,24,Light Brown,odour free,7.5,193,null,null,null,.88,.02,8,null,null,0,144,106.76,46.68,null,null,18.672,14.599,11,2.58,7,54,0,87.8,null,null,null
5,01/08/1989,01/08/1989,81,7.39,167,null,29.5,Brown,odour free,7.4,167,null,null,null,.21,.03,2,null,null,0,144,79,41.93,null,null,16.772,9.008,9,1.44,17,8,0,87.8,null,null,null
6,01/08/1989,01/08/1989,81,7.39,167,null,29.5,Brown,odour free,7.4,167,null,null,null,.21,.03,2,null,null,0,144,79,41.93,null,null,16.772,9.008,9,1.44,17,8,0,87.8,null,null,null
7,01/09/1989,01/09/1989,235.8000030517578,7.77,234,null,28.5,Brown,odour free,7.8,234,null,null,null,.56,.03,5.5,null,null,0,152,63.75,54.69,null,null,21.876,2.202,12.5,1.29,12,1,0,92.7,null,null,null
8,01/09/1989,01/09/1989,235.8000030517578,7.77,234,null,28.5,Brown,odour free,7.8,234,null,null,null,.56,.03,5.5,null,null,0,152,63.75,54.69,null,null,21.876,2.202,12.5,1.29,12,1,0,92.7,null,null,null
9,01/10/1989,01/10/1989,90,7.86,259,null,30,Light Brown,odour free,7.9,259,null,null,null,.08,.03,4.5,null,null,0,179,82.15,36.48,null,null,14.592,11.098,16,1.64,10,13,0,109.2,null,null,null
10,01/10/1989,01/10/1989,90,7.86,259,null,30,Light Brown,odour free,7.9,259,null,null,null,.08,.03,4.5,null,null,0,179,82.15,36.48,null,null,14.592,11.098,16,1.64,10,13,0,109.2,null,null,null
11,01/11/1989,01/11/1989,5,8.16,359,null,24,Clear,odour free,8.2,359,null,null,null,.05,null,2,null,null,0,244,104.6,27.22,null,null,10.888,18.803,18,1.48,13,7,0,148.8,null,null,null
12,01/11/1989,01/11/1989,5,8.16,359,null,24,Clear,odour free,8.2,359,null,null,null,.05,null,2,null,null,0,244,104.6,27.22,null,null,10.888,18.803,18,1.48,13,7,0,148.8,null,null,null
13,01/12/1989,01/12/1989,2.9800000190734863,8.13,333,null,21,Clear,odour free,8.1,333,null,null,.08,.06,.03,3.5,null,null,0,264,91.01,73,null,null,29.2,4.376,19.5,1.48,11,7,0,161,null,null,null
14,01/12/1989,01/12/1989,2.9800000190734863,8.13,333,null,21,Clear,odour free,8.1,333,null,null,.08,.06,.03,3.5,null,null,0,264,91.01,73,null,null,29.2,4.376,19.5,1.48,11,7,0,161,null,null,null
15,01/01/1990,01/01/1990,2.619999885559082,7.93,339,null,24,Clear,odour free,7.9,339,null,null,null,.31,.03,3.5,null,null,0,264,109.57,68.4,null,null,27.36,10.004,19,2.3,11,10,0,161,null,null,null
16,01/01/1990,01/01/1990,2.619999885559082,7.93,339,null,24,Clear,odour free,7.9,339,null,null,null,.31,.03,3.5,null,null,0,264,109.57,68.4,null,null,27.36,10.004,19,2.3,11,10,0,161,null,null,null
17,01/02/1990,01/02/1990,1.059999942779541,7.48,435,null,20.8,Clear,odour free,7.5,435,null,null,null,.39,.03,4.5,null,null,0,333,120.43,88,null,null,35.2,7.88,27,2.58,15,4,0,203.1,null,null,null
18,01/02/1990,01/02/1990,1.059999942779541,7.48,435,null,20.8,Clear,odour free,7.5,435,null,null,null,.39,.03,4.5,null,null,0,333,120.43,88,null,null,35.2,7.88,27,2.58,15,4,0,203.1,null,null,null
19,01/03/1990,01/03/1990,2.5299999713897705,7.74,430,null,20.5,Clear,odour free,7.7,430,null,null,null,.64,.04,7,null,null,0,309,97,60,null,null,24,8.991,27,2.6,13,8.5,0,188.5,null,null,null
20,01/03/1990,01/03/1990,2.5299999713897705,7.74,430,null,20.5,Clear,odour free,7.7,430,null,null,null,.64,.04,7,null,null,0,309,97,60,null,null,24,8.991,27,2.6,13,8.5,0,188.5,null,null,null
21,01/04/1990,01/04/1990,1.0099999904632568,7.72,478,null,33,Clear,odour free,7.7,478,null,null,null,.64,null,11.5,null,null,0,359,123,67,null,null,26.8,13.608,null,null,24,null,0,219,null,null,null
22,01/04/1990,01/04/1990,1.0099999904632568,7.72,478,null,33,Clear,odour free,7.7,478,null,null,null,.64,null,11.5,null,null,0,359,123,67,null,null,26.8,13.608,null,null,24,null,0,219,null,null,null
23,01/05/1990,,5,null,null,null,null,null,null,null,null,null,null,null,null,null,null,null,null,null,null,null,null,null,null,null,null,null,null,null,null,null,null,null,null,null
24,01/05/1990,,5,null,null,null,null,null,null,null,null,null,null,null,null,null,null,null,null,null,null,null,null,null,null,null,null,null,null,null,null,null,null,null,null,null
25,01/06/1990,02/06/1990,0.7480000257492065,7.83,307,null,30,Clear,odour free,7.8,307,null,null,null,null,null,17,null,null,0,249,69.46,55,null,null,22,3.514,null,null,15,4.5,0,151.9,null,null,null
26,01/06/1990,02/06/1990,0.7480000257492065,7.83,307,null,30,Clear,odour free,7.8,307,null,null,null,null,null,17,null,null,0,249,69.46,55,null,null,22,3.514,null,null,15,4.5,0,151.9,null,null,null
27,01/07/1990,02/07/1990,33.25,7.8,264,null,30.5,Brown,odour free,7.8,264,null,null,.6,.05,null,13,null,null,0,218,83,60,null,null,24,5.589,24,4.42,12,8.5,0,133,null,null,null
28,01/07/1990,02/07/1990,33.25,7.8,264,null,30.5,Brown,odour free,7.8,264,null,null,.6,.05,null,13,null,null,0,218,83,60,null,null,24,5.589,24,4.42,12,8.5,0,133,null,null,null
29,01/08/1990,01/08/1990,59.79999923706055,7.83,203,null,27,Brown,odour free,7.8,203,null,null,null,.24,.03,13,null,null,0,169,77,55,null,null,22,5.346,16,1.8,9,20,0,103.1,null,null,null
30,01/08/1990,01/08/1990,59.79999923706055,7.83,203,null,27,Brown,odour free,7.8,203,null,null,null,.24,.03,13,null,null,0,169,77,55,null,null,22,5.346,16,1.8,9,20,0,103.1,null,null,null
31,01/09/1990,02/09/1990,158.3000030517578,6.51,88,null,29.5,Brown,odour free,6.5,88,null,null,null,.07,.03,7.5,null,null,0,82,38,27,null,null,10.8,2.673,4.9,1.8,8,null,0,50,null,null,null
32,01/09/1990,02/09/1990,158.3000030517578,6.51,88,null,29.5,Brown,odour free,6.5,88,null,null,null,.07,.03,7.5,null,null,0,82,38,27,null,null,10.8,2.673,4.9,1.8,8,null,0,50,null,null,null
33,01/10/1990,02/10/1990,200.1999969482422,7.7,197,null,28.5,Light Brown,odour free,7.7,197,null,null,null,.07,null,8,null,null,0,204,81,71,null,null,28.4,2.43,11,1.6,10.6,null,0,124.4,null,null,null
34,01/10/1990,02/10/1990,200.1999969482422,7.7,197,null,28.5,Light Brown,odour free,7.7,197,null,null,null,.07,null,8,null,null,0,204,81,71,null,null,28.4,2.43,11,1.6,10.6,null,0,124.4,null,null,null
35,01/11/1990,,23.989999771118164,null,null,null,null,null,null,null,null,null,null,null,null,null,null,null,null,null,null,null,null,null,null,null,null,null,null,null,null,null,null,null,null,null
36,01/11/1990,,23.989999771118164,null,null,null,null,null,null,null,null,null,null,null,null,null,null,null,null,null,null,null,null,null,null,null,null,null,null,null,null,null,null,null,null,null
37,01/12/1990,,8.225000381469727,null,null,null,null,null,null,null,null,null,null,null,null,null,null,null,null,null,null,null,null,null,null,null,null,null,null,null,null,null,null,null,null,null
38,01/12/1990,,8.225000381469727,null,null,null,null,null,null,null,null,null,null,null,null,null,null,null,null,null,null,null,null,null,null,null,null,null,null,null,null,null,null,null,null,null
39,01/01/1991,02/01/1991,4.001999855041504,8.04,340,null,25,Clear,odour free,8,340,null,null,null,.05,null,10.5,null,null,0,323,111,69,null,null,27.6,10.206,32,2.11,11.7,6.2,0,197,null,null,null
40,01/01/1991,02/01/1991,4.001999855041504,8.04,340,null,25,Clear,odour free,8,340,null,null,null,.05,null,10.5,null,null,0,323,111,69,null,null,27.6,10.206,32,2.11,11.7,6.2,0,197,null,null,null
41,01/02/1991,01/02/1991,2.571000099182129,8.17,340,null,30,Clear,odour free,8.2,340,null,null,.29,.11,null,4.5,null,null,0,333,86,65,null,null,26,5.103,37,2.11,15.2,3.8,0,203.1,null,null,null
42,01/02/1991,01/02/1991,2.571000099182129,8.17,340,null,30,Clear,odour free,8.2,340,null,null,.29,.11,null,4.5,null,null,0,333,86,65,null,null,26,5.103,37,2.11,15.2,3.8,0,203.1,null,null,null
43,01/03/1991,01/03/1991,2.799999952316284,7.64,314,null,32,Clear,odour free,7.6,314,null,null,null,.15,null,10.5,null,null,0,328,126,84,null,null,33.6,10.206,23,1.49,15.2,1.9,0,200.1,null,null,null
44,01/03/1991,01/03/1991,2.799999952316284,7.64,314,null,32,Clear,odour free,7.6,314,null,null,null,.15,null,10.5,null,null,0,328,126,84,null,null,33.6,10.206,23,1.49,15.2,1.9,0,200.1,null,null,null
45,01/04/1991,01/04/1991,1.6610000133514404,7.7,332,null,32,Clear,odour free,7.7,332,null,null,null,.05,null,12,null,null,0,349,132,100,null,null,40,7.776,26,1.99,17,1.9,0,212.9,null,null,null
46,01/04/1991,01/04/1991,1.6610000133514404,7.7,332,null,32,Clear,odour free,7.7,332,null,null,null,.05,null,12,null,null,0,349,132,100,null,null,40,7.776,26,1.99,17,1.9,0,212.9,null,null,null
47,01/05/1991,01/05/1991,2.385999917984009,7.89,348,null,35,Clear,odour free,7.9,348,null,null,null,.2,null,21,null,null,0,318,114,79,null,null,31.6,8.505,26.6,2.5,19.5,43.2,0,194,null,null,null
48,01/05/1991,01/05/1991,2.385999917984009,7.89,348,null,35,Clear,odour free,7.9,348,null,null,null,.2,null,21,null,null,0,318,114,79,null,null,31.6,8.505,26.6,2.5,19.5,43.2,0,194,null,null,null
49,01/06/1991,,0.20000000298023224,null,null,null,null,null,null,null,null,null,null,null,null,null,null,null,null,null,null,null,null,null,null,null,null,null,null,null,null,null,null,null,null,null
50,01/06/1991,,0.20000000298023224,null,null,null,null,null,null,null,null,null,null,null,null,null,null,null,null,null,null,null,null,null,null,null,null,null,null,null,null,null,null,null,null,null
51,01/07/1991,01/07/1991,1.5329999923706055,8,288,null,28,Light Brown,odour free,8,288,null,null,null,.11,null,19,null,null,0,188,70.56,70.5,null,null,28.2,.015,28,3.2,11.69,4.8,0,114.7,null,null,null
52,01/07/1991,01/07/1991,1.5329999923706055,8,288,null,28,Light Brown,odour free,8,288,null,null,null,.11,null,19,null,null,0,188,70.56,70.5,null,null,28.2,.015,28,3.2,11.69,4.8,0,114.7,null,null,null
53,01/08/1991,01/08/1991,161.89999389648438,7.3,185,null,29,Light Brown,odour free,7.3,185,null,null,null,.098,null,25,null,null,0,103,58.55,48,null,null,19.2,2.564,16,1.99,8.86,16.32,0,62.8,null,null,null
54,01/08/1991,01/08/1991,161.89999389648438,7.3,185,null,29,Light Brown,odour free,7.3,185,null,null,null,.098,null,25,null,null,0,103,58.55,48,null,null,19.2,2.564,16,1.99,8.86,16.32,0,62.8,null,null,null
55,01/09/1991,,170,null,null,null,null,null,null,null,null,null,null,null,null,null,null,null,null,null,null,null,null,null,null,null,null,null,null,null,null,null,null,null,null,null
56,01/09/1991,,170,null,null,null,null,null,null,null,null,null,null,null,null,null,null,null,null,null,null,null,null,null,null,null,null,null,null,null,null,null,null,null,null,null
57,01/10/1991,01/10/1991,9.368000030517578,8.1,336,null,30,Light Brown,odour free,8.1,336,null,null,null,.36,null,14.49,null,null,0,292,107.59,80.5,null,null,32.2,6.583,30,1.75,17.7,1,0,178.1,null,null,null
58,01/10/1991,01/10/1991,9.368000030517578,8.1,336,null,30,Light Brown,odour free,8.1,336,null,null,null,.36,null,14.49,null,null,0,292,107.59,80.5,null,null,32.2,6.583,30,1.75,17.7,1,0,178.1,null,null,null
59,01/11/1991,01/11/1991,6.464000225067139,8.17,280,null,25,Brown,odour free,8.2,280,null,null,null,.1,null,9,null,null,0,257,97,75,null,null,30,5.346,28,3.47,11.69,1.9,0,156.8,null,null,null
60,01/11/1991,01/11/1991,6.464000225067139,8.17,280,null,25,Brown,odour free,8.2,280,null,null,null,.1,null,9,null,null,0,257,97,75,null,null,30,5.346,28,3.47,11.69,1.9,0,156.8,null,null,null
61,01/12/1991,01/12/1991,3.183000087738037,8.19,297,null,20.8,Clear,odour free,8.2,297,null,null,.42,null,.01,14,null,null,0,330,113,69.5,null,null,27.8,10.571,30,2.11,10.6,null,0,201.3,null,null,null
62,01/12/1991,01/12/1991,3.183000087738037,8.19,297,null,20.8,Clear,odour free,8.2,297,null,null,.42,null,.01,14,null,null,0,330,113,69.5,null,null,27.8,10.571,30,2.11,10.6,null,0,201.3,null,null,null
63,01/01/1992,,5.796000003814697,null,null,null,null,null,null,null,null,null,null,null,null,null,null,null,null,null,null,null,null,null,null,null,null,null,null,null,null,null,null,null,null,null
64,01/01/1992,,5.796000003814697,null,null,null,null,null,null,null,null,null,null,null,null,null,null,null,null,null,null,null,null,null,null,null,null,null,null,null,null,null,null,null,null,null
65,01/02/1992,01/02/1992,2.0799999237060547,7.87,292,null,21,Clear,odour free,7.9,292,null,null,.54,.28,null,9,null,null,0,325,99,84,null,null,33.6,3.645,32,2.89,11.34,null,0,198.3,null,null,null
66,01/02/1992,01/02/1992,2.0799999237060547,7.87,292,null,21,Clear,odour free,7.9,292,null,null,.54,.28,null,9,null,null,0,325,99,84,null,null,33.6,3.645,32,2.89,11.34,null,0,198.3,null,null,null
67,01/03/1992,01/03/1992,1.2999999523162842,8.16,324,null,21.5,Clear,odour free,8.2,324,null,null,null,.1,null,10,null,null,0,367,134,104,null,null,41.6,7.29,40,1.99,17.37,7,0,223.9,null,null,null
68,01/03/1992,01/03/1992,1.2999999523162842,8.16,324,null,21.5,Clear,odour free,8.2,324,null,null,null,.1,null,10,null,null,0,367,134,104,null,null,41.6,7.29,40,1.99,17.37,7,0,223.9,null,null,null
69,01/04/1992,,1.753999948501587,null,null,null,null,null,null,null,null,null,null,null,null,null,null,null,null,null,null,null,null,null,null,null,null,null,null,null,null,null,null,null,null,null
70,01/04/1992,,1.753999948501587,null,null,null,null,null,null,null,null,null,null,null,null,null,null,null,null,null,null,null,null,null,null,null,null,null,null,null,null,null,null,null,null,null
71,01/05/1992,01/05/1992,2.50600004196167,8.19,354,null,null,Clear,odour free,8.2,354,null,null,.42,.308,.01,8,null,null,0,372,135,99.5,null,null,39.8,8.627,42,1.955,22.68,7,0,226.9,null,null,null
72,01/05/1992,01/05/1992,2.50600004196167,8.19,354,null,null,Clear,odour free,8.2,354,null,null,.42,.308,.01,8,null,null,0,372,135,99.5,null,null,39.8,8.627,42,1.955,22.68,7,0,226.9,null,null,null
73,01/06/1992,,0.15000000596046448,null,null,null,null,null,null,null,null,null,null,null,null,null,null,null,null,null,null,null,null,null,null,null,null,null,null,null,null,null,null,null,null,null
74,01/06/1992,,0.15000000596046448,null,null,null,null,null,null,null,null,null,null,null,null,null,null,null,null,null,null,null,null,null,null,null,null,null,null,null,null,null,null,null,null,null
75,01/07/1992,04/07/1992,2.1649999618530273,8,329,null,30,Light Brown,odour free,8,329,null,null,null,.3,.19,14.4,null,null,0,280,95,70,.28,null,28,6.075,34.9,2.7,8.5,11.9,0,170.8,null,null,null
76,01/07/1992,04/07/1992,2.1649999618530273,8,329,null,30,Light Brown,odour free,8,329,null,null,null,.3,.19,14.4,null,null,0,280,95,70,.28,null,28,6.075,34.9,2.7,8.5,11.9,0,170.8,null,null,null
77,01/08/1992,05/08/1992,314.79998779296875,7.4,158,null,31.2,Brown,odour free,7.4,158,null,null,null,.26,.01,13,null,null,0,130,60,40,.22,null,16,4.86,10.1,1.5,5.6,3.2,0,79.3,null,null,null
78,01/08/1992,05/08/1992,314.79998779296875,7.4,158,null,31.2,Brown,odour free,7.4,158,null,null,null,.26,.01,13,null,null,0,130,60,40,.22,null,16,4.86,10.1,1.5,5.6,3.2,0,79.3,null,null,null
79,01/09/1992,05/09/1992,70.63999938964844,7.9,185,null,31,Light Brown,odour free,7.9,185,null,null,.5,.35,.02,13.5,null,null,0,200,75,55,null,null,22,4.86,14,1.5,4.6,null,0,122,null,null,null
80,01/09/1992,05/09/1992,70.63999938964844,7.9,185,null,31,Light Brown,odour free,7.9,185,null,null,.5,.35,.02,13.5,null,null,0,200,75,55,null,null,22,4.86,14,1.5,4.6,null,0,122,null,null,null
81,01/10/1992,05/10/1992,5.900000095367432,7.92,302,null,29,Light Brown,odour free,7.9,302,null,null,.09,.23,null,7.9,null,null,0,300,100,65,.32,null,26,8.505,25,1.5,6,null,0,183,null,null,null
82,01/10/1992,05/10/1992,5.900000095367432,7.92,302,null,29,Light Brown,odour free,7.9,302,null,null,.09,.23,null,7.9,null,null,0,300,100,65,.32,null,26,8.505,25,1.5,6,null,0,183,null,null,null
83,01/11/1992,04/11/1992,6.5,8,333,null,26.5,Clear,odour free,8,333,null,null,.16,.09,null,14,null,null,0,365,145,95,.68,null,38,12.15,23.9,1.5,8.1,null,0,222.7,null,null,null
84,01/11/1992,04/11/1992,6.5,8,333,null,26.5,Clear,odour free,8,333,null,null,.16,.09,null,14,null,null,0,365,145,95,.68,null,38,12.15,23.9,1.5,8.1,null,0,222.7,null,null,null
85,01/12/1992,05/12/1992,1.2269999980926514,8.2,306,null,22,Clear,odour free,8.2,306,null,null,.23,.08,null,20.9,null,null,0,290,106,66,.32,null,26.4,9.72,28,1.5,9.5,null,0,176.9,null,null,null
86,01/12/1992,05/12/1992,1.2269999980926514,8.2,306,null,22,Clear,odour free,8.2,306,null,null,.23,.08,null,20.9,null,null,0,290,106,66,.32,null,26.4,9.72,28,1.5,9.5,null,0,176.9,null,null,null
87,01/01/1993,05/01/1993,0.4269999861717224,7.1,274,null,19,Clear,odour free,7.1,274,null,null,null,.5,null,20,null,null,0,270,98,60,.62,null,24,9.234,26,1.9,12.4,null,0,164.7,null,null,null
88,01/01/1993,05/01/1993,0.4269999861717224,7.1,274,null,19,Clear,odour free,7.1,274,null,null,null,.5,null,20,null,null,0,270,98,60,.62,null,24,9.234,26,1.9,12.4,null,0,164.7,null,null,null
89,01/02/1993,05/02/1993,1.6690000295639038,8.3,339,null,20.5,Clear,odour free,8.3,339,null,null,.46,.32,.02,13,null,null,0,300,110,68,.66,null,27.2,10.206,28,6.6,14.1,null,0,183,null,null,null
90,01/02/1993,05/02/1993,1.6690000295639038,8.3,339,null,20.5,Clear,odour free,8.3,339,null,null,.46,.32,.02,13,null,null,0,300,110,68,.66,null,27.2,10.206,28,6.6,14.1,null,0,183,null,null,null
91,01/03/1993,05/03/1993,1.1929999589920044,7.8,317,null,22.2,Clear,odour free,7.8,317,null,null,.32,.47,.02,12,null,null,0,310,110,60,null,null,24,12.15,26,1.9,10.6,null,0,189.1,null,null,null
92,01/03/1993,05/03/1993,1.1929999589920044,7.8,317,null,22.2,Clear,odour free,7.8,317,null,null,.32,.47,.02,12,null,null,0,310,110,60,null,null,24,12.15,26,1.9,10.6,null,0,189.1,null,null,null
93,01/04/1993,01/04/1993,0.8019999861717224,7.9,314,null,28.2,Clear,odour free,7.9,314,null,null,.4,.36,.02,10.8,null,null,0,310,101,60,null,null,24,9.963,31,1.5,8.1,null,0,189.1,null,null,null
94,01/04/1993,01/04/1993,0.8019999861717224,7.9,314,null,28.2,Clear,odour free,7.9,314,null,null,.4,.36,.02,10.8,null,null,0,310,101,60,null,null,24,9.963,31,1.5,8.1,null,0,189.1,null,null,null
95,01/05/1993,01/05/1993,0.8569999933242798,8,318,null,28.8,Clear,odour free,8,318,null,null,null,.16,.02,9,null,null,0,315,97,65,.77,null,26,7.776,33.1,1.5,10.9,null,0,192.2,null,null,null
96,01/05/1993,01/05/1993,0.8569999933242798,8,318,null,28.8,Clear,odour free,8,318,null,null,null,.16,.02,9,null,null,0,315,97,65,.77,null,26,7.776,33.1,1.5,10.9,null,0,192.2,null,null,null
97,01/06/1993,,0,null,null,null,null,null,null,null,null,null,null,null,null,null,null,null,null,null,null,null,null,null,null,null,null,null,null,null,null,null,null,null,null,null
98,01/06/1993,,0,null,null,null,null,null,null,null,null,null,null,null,null,null,null,null,null,null,null,null,null,null,null,null,null,null,null,null,null,null,null,null,null,null
99,01/07/1993,05/07/1993,5,7.93,202,null,33.2,Light Brown,odour free,7.9,202,null,null,.084,.25,.02,4.38,null,null,0,207,85,65,.7,null,26,4.86,15.6,1.9,8.86,2.11,0,126.3,null,null,null
100,01/07/1993,05/07/1993,5,7.93,202,null,33.2,Light Brown,odour free,7.9,202,null,null,.084,.25,.02,4.38,null,null,0,207,85,65,.7,null,26,4.86,15.6,1.9,8.86,2.11,0,126.3,null,null,null
101,01/08/1993,05/08/1993,85,7.31,181,null,30.5,Brown,odour free,7.3,181,null,null,null,.3,null,7,null,null,0,189,78,60,1.14,null,24,4.374,14.7,1.9,6.02,null,0,115.3,null,null,null
102,01/08/1993,05/08/1993,85,7.31,181,null,30.5,Brown,odour free,7.3,181,null,null,null,.3,null,7,null,null,0,189,78,60,1.14,null,24,4.374,14.7,1.9,6.02,null,0,115.3,null,null,null
103,01/09/1993,05/09/1993,107.0999984741211,7.23,214,null,null,Light Brown,odour free,7.2,214,null,null,.05,.47,null,9.15,null,null,0,219,83,62.5,.43,null,25,4.982,15.4,1.9,10,1.44,0,133.6,null,null,null
104,01/09/1993,05/09/1993,107.0999984741211,7.23,214,null,null,Light Brown,odour free,7.2,214,null,null,.05,.47,null,9.15,null,null,0,219,83,62.5,.43,null,25,4.982,15.4,1.9,10,1.44,0,133.6,null,null,null
105,01/10/1993,,261,null,null,null,null,null,null,null,null,null,null,null,null,null,null,null,null,null,null,null,null,null,null,null,null,null,null,null,null,null,null,null,null,null
106,01/10/1993,,261,null,null,null,null,null,null,null,null,null,null,null,null,null,null,null,null,null,null,null,null,null,null,null,null,null,null,null,null,null,null,null,null,null
107,01/11/1993,,5.400000095367432,null,null,null,null,null,null,null,null,null,null,null,null,null,null,null,null,null,null,null,null,null,null,null,null,null,null,null,null,null,null,null,null,null
108,01/11/1993,,5.400000095367432,null,null,null,null,null,null,null,null,null,null,null,null,null,null,null,null,null,null,null,null,null,null,null,null,null,null,null,null,null,null,null,null,null
109,01/12/1993,05/12/1993,1.4769999980926514,8.2,306,null,23.2,Clear,odour free,8.2,306,null,null,.08,1.26,null,15.93,null,null,0,296,128,95,.722,null,38,8.019,19.5,1.9,8.8,null,0,180.6,null,null,null
110,01/12/1993,05/12/1993,1.4769999980926514,8.2,306,null,23.2,Clear,odour free,8.2,306,null,null,.08,1.26,null,15.93,null,null,0,296,128,95,.722,null,38,8.019,19.5,1.9,8.8,null,0,180.6,null,null,null
111,01/01/1994,,1.8170000314712524,null,null,null,null,null,null,null,null,null,null,null,null,null,null,null,null,null,null,null,null,null,null,null,null,null,null,null,null,null,null,null,null,null
112,01/01/1994,,1.8170000314712524,null,null,null,null,null,null,null,null,null,null,null,null,null,null,null,null,null,null,null,null,null,null,null,null,null,null,null,null,null,null,null,null,null
113,01/02/1994,,1.1699999570846558,null,null,null,null,null,null,null,null,null,null,null,null,null,null,null,null,null,null,null,null,null,null,null,null,null,null,null,null,null,null,null,null,null
114,01/02/1994,,1.1699999570846558,null,null,null,null,null,null,null,null,null,null,null,null,null,null,null,null,null,null,null,null,null,null,null,null,null,null,null,null,null,null,null,null,null
115,01/03/1994,,1.7079999446868896,null,null,null,null,null,null,null,null,null,null,null,null,null,null,null,null,null,null,null,null,null,null,null,null,null,null,null,null,null,null,null,null,null
116,01/03/1994,,1.7079999446868896,null,null,null,null,null,null,null,null,null,null,null,null,null,null,null,null,null,null,null,null,null,null,null,null,null,null,null,null,null,null,null,null,null
117,01/04/1994,,1.649999976158142,null,null,null,null,null,null,null,null,null,null,null,null,null,null,null,null,null,null,null,null,null,null,null,null,null,null,null,null,null,null,null,null,null
118,01/04/1994,,1.649999976158142,null,null,null,null,null,null,null,null,null,null,null,null,null,null,null,null,null,null,null,null,null,null,null,null,null,null,null,null,null,null,null,null,null
119,01/05/1994,,0.8999999761581421,null,null,null,null,null,null,null,null,null,null,null,null,null,null,null,null,null,null,null,null,null,null,null,null,null,null,null,null,null,null,null,null,null
120,01/05/1994,,0.8999999761581421,null,null,null,null,null,null,null,null,null,null,null,null,null,null,null,null,null,null,null,null,null,null,null,null,null,null,null,null,null,null,null,null,null
121,01/06/1994,,0,null,null,null,null,null,null,null,null,null,null,null,null,null,null,null,null,null,null,null,null,null,null,null,null,null,null,null,null,null,null,null,null,null
122,01/06/1994,,0,null,null,null,null,null,null,null,null,null,null,null,null,null,null,null,null,null,null,null,null,null,null,null,null,null,null,null,null,null,null,null,null,null
123,01/07/1994,,104.80000305175781,null,null,null,null,null,null,null,null,null,null,null,null,null,null,null,null,null,null,null,null,null,null,null,null,null,null,null,null,null,null,null,null,null
124,01/07/1994,,104.80000305175781,null,null,null,null,null,null,null,null,null,null,null,null,null,null,null,null,null,null,null,null,null,null,null,null,null,null,null,null,null,null,null,null,null
125,01/08/1994,,292.70001220703125,null,null,null,null,null,null,null,null,null,null,null,null,null,null,null,null,null,null,null,null,null,null,null,null,null,null,null,null,null,null,null,null,null
126,01/08/1994,,292.70001220703125,null,null,null,null,null,null,null,null,null,null,null,null,null,null,null,null,null,null,null,null,null,null,null,null,null,null,null,null,null,null,null,null,null
127,01/09/1994,,481.70001220703125,null,null,null,null,null,null,null,null,null,null,null,null,null,null,null,null,null,null,null,null,null,null,null,null,null,null,null,null,null,null,null,null,null
128,01/09/1994,,481.70001220703125,null,null,null,null,null,null,null,null,null,null,null,null,null,null,null,null,null,null,null,null,null,null,null,null,null,null,null,null,null,null,null,null,null
129,01/10/1994,,17.709999084472656,null,null,null,null,null,null,null,null,null,null,null,null,null,null,null,null,null,null,null,null,null,null,null,null,null,null,null,null,null,null,null,null,null
130,01/10/1994,,17.709999084472656,null,null,null,null,null,null,null,null,null,null,null,null,null,null,null,null,null,null,null,null,null,null,null,null,null,null,null,null,null,null,null,null,null
131,01/11/1994,,8.843000411987305,null,null,null,null,null,null,null,null,null,null,null,null,null,null,null,null,null,null,null,null,null,null,null,null,null,null,null,null,null,null,null,null,null
132,01/11/1994,,8.843000411987305,null,null,null,null,null,null,null,null,null,null,null,null,null,null,null,null,null,null,null,null,null,null,null,null,null,null,null,null,null,null,null,null,null
133,01/12/1994,,3.556999921798706,null,null,null,null,null,null,null,null,null,null,null,null,null,null,null,null,null,null,null,null,null,null,null,null,null,null,null,null,null,null,null,null,null
134,01/12/1994,,3.556999921798706,null,null,null,null,null,null,null,null,null,null,null,null,null,null,null,null,null,null,null,null,null,null,null,null,null,null,null,null,null,null,null,null,null
135,01/01/1995,,3.5,null,null,null,null,null,null,null,null,null,null,null,null,null,null,null,null,null,null,null,null,null,null,null,null,null,null,null,null,null,null,null,null,null
136,01/01/1995,,3.5,null,null,null,null,null,null,null,null,null,null,null,null,null,null,null,null,null,null,null,null,null,null,null,null,null,null,null,null,null,null,null,null,null
137,01/02/1995,,3.5169999599456787,null,null,null,null,null,null,null,null,null,null,null,null,null,null,null,null,null,null,null,null,null,null,null,null,null,null,null,null,null,null,null,null,null
138,01/02/1995,,3.5169999599456787,null,null,null,null,null,null,null,null,null,null,null,null,null,null,null,null,null,null,null,null,null,null,null,null,null,null,null,null,null,null,null,null,null
139,01/03/1995,,3.559999942779541,null,null,null,null,null,null,null,null,null,null,null,null,null,null,null,null,null,null,null,null,null,null,null,null,null,null,null,null,null,null,null,null,null
140,01/03/1995,,3.559999942779541,null,null,null,null,null,null,null,null,null,null,null,null,null,null,null,null,null,null,null,null,null,null,null,null,null,null,null,null,null,null,null,null,null
141,01/04/1995,02/04/1995,0.8320000171661377,8.11,373,null,25.5,Clear,odour free,8.1,373,null,null,null,.308,null,28.59,null,null,0,326,125,93,.627,null,37.2,7.776,28.75,2.34,15.59,1,0,198.9,null,null,null
142,01/04/1995,02/04/1995,0.8320000171661377,8.11,373,null,25.5,Clear,odour free,8.1,373,null,null,null,.308,null,28.59,null,null,0,326,125,93,.627,null,37.2,7.776,28.75,2.34,15.59,1,0,198.9,null,null,null
143,01/05/1995,,0.7519999742507935,null,null,null,null,null,null,null,null,null,null,null,null,null,null,null,null,null,null,null,null,null,null,null,null,null,null,null,null,null,null,null,null,null
144,01/05/1995,,0.7519999742507935,null,null,null,null,null,null,null,null,null,null,null,null,null,null,null,null,null,null,null,null,null,null,null,null,null,null,null,null,null,null,null,null,null
145,01/06/1995,,0.796999990940094,null,null,null,null,null,null,null,null,null,null,null,null,null,null,null,null,null,null,null,null,null,null,null,null,null,null,null,null,null,null,null,null,null
146,01/06/1995,,0.796999990940094,null,null,null,null,null,null,null,null,null,null,null,null,null,null,null,null,null,null,null,null,null,null,null,null,null,null,null,null,null,null,null,null,null
147,01/07/1995,,3.4539999961853027,null,null,null,null,null,null,null,null,null,null,null,null,null,null,null,null,null,null,null,null,null,null,null,null,null,null,null,null,null,null,null,null,null
148,01/07/1995,,3.4539999961853027,null,null,null,null,null,null,null,null,null,null,null,null,null,null,null,null,null,null,null,null,null,null,null,null,null,null,null,null,null,null,null,null,null
149,01/08/1995,02/08/1995,73.4800033569336,7.61,200,null,27.5,Brown,odour free,7.6,200,null,null,null,null,.01,11.85,null,null,0,201,70,62.5,null,null,25,1.822,16,1.95,8.5,1.58,0,122.6,null,null,null
150,01/08/1995,02/08/1995,73.4800033569336,7.61,200,null,27.5,Brown,odour free,7.6,200,null,null,null,null,.01,11.85,null,null,0,201,70,62.5,null,null,25,1.822,16,1.95,8.5,1.58,0,122.6,null,null,null
151,01/09/1995,02/09/1995,85.97000122070313,7.7,235,null,26.5,Light Brown,odour free,7.7,235,null,null,null,.08,null,8.85,null,null,0,237,95,70,null,.02,28,6.075,13.34,1.17,9.57,null,0,144.6,null,null,null
152,01/09/1995,02/09/1995,85.97000122070313,7.7,235,null,26.5,Light Brown,odour free,7.7,235,null,null,null,.08,null,8.85,null,null,0,237,95,70,null,.02,28,6.075,13.34,1.17,9.57,null,0,144.6,null,null,null
153,01/10/1995,02/10/1995,15,7.95,316,null,28,Light Brown,odour free,7.9,316,null,null,null,.05,null,12.24,null,null,0,309,115,80,null,null,32,8.505,17,1.7,7.44,null,0,188.5,null,null,null
154,01/10/1995,02/10/1995,15,7.95,316,null,28,Light Brown,odour free,7.9,316,null,null,null,.05,null,12.24,null,null,0,309,115,80,null,null,32,8.505,17,1.7,7.44,null,0,188.5,null,null,null
155,01/11/1995,02/11/1995,8.336999893188477,7.85,326,null,22.5,Clear,odour free,7.8,326,null,null,.266,.07,.01,15,null,null,0,320,125,110,null,.04,44,3.645,20,1.56,9.57,null,0,195.2,null,null,null
156,01/11/1995,02/11/1995,8.336999893188477,7.85,326,null,22.5,Clear,odour free,7.8,326,null,null,.266,.07,.01,15,null,null,0,320,125,110,null,.04,44,3.645,20,1.56,9.57,null,0,195.2,null,null,null
157,01/12/1995,02/12/1995,3.4000000953674316,7.94,309,null,18,Clear,odour free,7.9,309,null,null,null,.07,null,17.19,null,null,0,320,120,85,null,null,34,8.505,23,1.6,10.63,3.69,0,195.2,null,null,null
158,01/12/1995,02/12/1995,3.4000000953674316,7.94,309,null,18,Clear,odour free,7.9,309,null,null,null,.07,null,17.19,null,null,0,320,120,85,null,null,34,8.505,23,1.6,10.63,3.69,0,195.2,null,null,null
159,01/01/1996,02/01/1996,3.0239999294281006,7.7,309,null,19.5,Clear,odour free,7.7,309,null,null,.65,null,null,20.82,null,null,0,300,123,85,null,.05,34,9.234,20,2.34,13.11,6.48,0,183,null,null,null
160,01/01/1996,02/01/1996,3.0239999294281006,7.7,309,null,19.5,Clear,odour free,7.7,309,null,null,.65,null,null,20.82,null,null,0,300,123,85,null,.05,34,9.234,20,2.34,13.11,6.48,0,183,null,null,null
161,01/02/1996,02/02/1996,2.6730000972747803,7.71,323,null,18,Clear,odour free,7.7,323,null,null,null,.05,.01,34.86,null,null,0,310,130,76,null,null,30.4,13.122,25.07,2.3,13.47,3.2,0,189.1,null,null,null
162,01/02/1996,02/02/1996,2.6730000972747803,7.71,323,null,18,Clear,odour free,7.7,323,null,null,null,.05,.01,34.86,null,null,0,310,130,76,null,null,30.4,13.122,25.07,2.3,13.47,3.2,0,189.1,null,null,null
163,01/03/1996,02/03/1996,2.819999933242798,7.56,355,null,23.5,Clear,odour free,7.6,355,null,null,.42,.12,.02,44.55,null,null,0,350,145,100,null,null,40,10.935,28,2.3,13.5,null,0,213.5,null,null,null
164,01/03/1996,02/03/1996,2.819999933242798,7.56,355,null,23.5,Clear,odour free,7.6,355,null,null,.42,.12,.02,44.55,null,null,0,350,145,100,null,null,40,10.935,28,2.3,13.5,null,0,213.5,null,null,null
165,01/04/1996,02/04/1996,1.7489999532699585,8.04,427,null,22,Clear,odour free,8,427,null,null,null,.12,null,43.38,null,null,0,420,175,118,null,.22,47.2,13.851,43,1.6,16,3.2,0,256.2,null,null,null
166,01/04/1996,02/04/1996,1.7489999532699585,8.04,427,null,22,Clear,odour free,8,427,null,null,null,.12,null,43.38,null,null,0,420,175,118,null,.22,47.2,13.851,43,1.6,16,3.2,0,256.2,null,null,null
167,01/05/1996,02/05/1996,1.4550000429153442,7.96,423,null,27,Clear,odour free,8,423,null,null,null,.14,null,6.87,null,null,0,356,158,95,null,.22,38,15.309,32,2.3,18,2.97,0,217.2,null,null,null
168,01/05/1996,02/05/1996,1.4550000429153442,7.96,423,null,27,Clear,odour free,8,423,null,null,null,.14,null,6.87,null,null,0,356,158,95,null,.22,38,15.309,32,2.3,18,2.97,0,217.2,null,null,null
169,01/06/1996,,0.1599999964237213,null,null,null,null,null,null,null,null,null,null,null,null,null,null,null,null,null,null,null,null,null,null,null,null,null,null,null,null,null,null,null,null,null
170,01/06/1996,,0.1599999964237213,null,null,null,null,null,null,null,null,null,null,null,null,null,null,null,null,null,null,null,null,null,null,null,null,null,null,null,null,null,null,null,null,null
171,01/07/1996,02/07/1996,1.496000051498413,8.2,339,null,27,Light Brown,odour free,8.2,339,null,null,null,.39,.03,13.89,null,null,0,287,120,85,.07,.4,34,8.505,24,1.56,14.88,14.49,0,175.1,null,null,null
172,01/07/1996,02/07/1996,1.496000051498413,8.2,339,null,27,Light Brown,odour free,8.2,339,null,null,null,.39,.03,13.89,null,null,0,287,120,85,.07,.4,34,8.505,24,1.56,14.88,14.49,0,175.1,null,null,null
173,01/08/1996,02/08/1996,9.071000099182129,8,289,null,25.5,Brown,odour free,8,289,null,null,null,.28,.06,12,null,null,0,272,125,80,.09,.05,32,10.935,22,1.95,9.92,1.2,0,165.9,null,null,null
174,01/08/1996,02/08/1996,9.071000099182129,8,289,null,25.5,Brown,odour free,8,289,null,null,null,.28,.06,12,null,null,0,272,125,80,.09,.05,32,10.935,22,1.95,9.92,1.2,0,165.9,null,null,null
175,01/09/1996,02/09/1996,117.80000305175781,7.6,182,null,28,Light Brown,odour free,7.6,182,null,null,null,.19,.09,10.68,null,null,0,228,95,75,.05,null,30,4.86,15,2,7.44,null,0,139.1,null,null,null
176,01/09/1996,02/09/1996,117.80000305175781,7.6,182,null,28,Light Brown,odour free,7.6,182,null,null,null,.19,.09,10.68,null,null,0,228,95,75,.05,null,30,4.86,15,2,7.44,null,0,139.1,null,null,null
177,01/10/1996,02/10/1996,10.300000190734863,8.1,250,null,28,Light Brown,odour free,8.1,250,null,null,null,null,.05,10.74,null,null,0,317,135,95,null,.01,38,9.72,14,.78,8.86,null,0,193.4,null,null,null
178,01/10/1996,02/10/1996,10.300000190734863,8.1,250,null,28,Light Brown,odour free,8.1,250,null,null,null,null,.05,10.74,null,null,0,317,135,95,null,.01,38,9.72,14,.78,8.86,null,0,193.4,null,null,null
179,01/11/1996,02/11/1996,4.625,7.7,319,null,23.8,Clear,odour free,7.7,319,null,null,null,.07,.05,11.34,null,null,0,337,155,115,.05,.02,46,9.72,17.48,.8,9.96,null,0,205.6,null,null,null
180,01/11/1996,02/11/1996,4.625,7.7,319,null,23.8,Clear,odour free,7.7,319,null,null,null,.07,.05,11.34,null,null,0,337,155,115,.05,.02,46,9.72,17.48,.8,9.96,null,0,205.6,null,null,null
181,01/12/1996,02/12/1996,0.21299999952316284,7.7,339,null,17.5,Clear,odour free,7.7,339,null,null,null,.28,.09,15.9,null,null,0,317,null,50,null,null,20,null,23,1.6,10,null,0,193.4,null,null,null
182,01/12/1996,02/12/1996,0.21299999952316284,7.7,339,null,17.5,Clear,odour free,7.7,339,null,null,null,.28,.09,15.9,null,null,0,317,null,50,null,null,20,null,23,1.6,10,null,0,193.4,null,null,null
183,01/01/1997,02/01/1997,0.8140000104904175,7.6,327,null,15,Clear,odour free,7.6,327,null,null,.19,.14,.01,11.4,null,null,0,272,null,100,.11,null,40,null,20,2.36,11.4,12,0,165.9,null,null,null
184,01/01/1997,02/01/1997,0.8140000104904175,7.6,327,null,15,Clear,odour free,7.6,327,null,null,.19,.14,.01,11.4,null,null,0,272,null,100,.11,null,40,null,20,2.36,11.4,12,0,165.9,null,null,null
185,01/02/1997,02/02/1997,0.25999999046325684,7.4,326,null,19,Clear,odour free,7.4,326,null,null,null,.14,null,11.1,null,null,0,287,null,100,null,null,40,null,25,1.95,12,null,0,175.1,null,null,null
186,01/02/1997,02/02/1997,0.25999999046325684,7.4,326,null,19,Clear,odour free,7.4,326,null,null,null,.14,null,11.1,null,null,0,287,null,100,null,null,40,null,25,1.95,12,null,0,175.1,null,null,null
187,01/03/1997,02/03/1997,0.8090000152587891,7.9,382,null,21,Dark Green,odour free,7.9,382,null,null,null,null,null,5.1,null,null,0,372,null,118,.24,null,47.2,null,51,2.73,15.56,9.6,0,226.9,null,null,null
188,01/03/1997,02/03/1997,0.8090000152587891,7.9,382,null,21,Dark Green,odour free,7.9,382,null,null,null,null,null,5.1,null,null,0,372,null,118,.24,null,47.2,null,51,2.73,15.56,9.6,0,226.9,null,null,null
189,01/04/1997,02/04/1997,0.9769999980926514,8,345,null,24,Clear,odour free,8,345,null,null,.05,null,null,9.6,null,null,0,372,null,110,null,null,44,null,34,1.17,8.15,null,0,226.9,null,null,null
190,01/04/1997,02/04/1997,0.9769999980926514,8,345,null,24,Clear,odour free,8,345,null,null,.05,null,null,9.6,null,null,0,372,null,110,null,null,44,null,34,1.17,8.15,null,0,226.9,null,null,null
191,01/05/1997,02/05/1997,0.36800000071525574,8,390,null,28,Clear,odour free,8,390,null,null,null,null,null,11.4,null,null,0,351,null,65,null,null,26,null,37.45,1.56,10.63,4.8,0,214.1,null,null,null
192,01/05/1997,02/05/1997,0.36800000071525574,8,390,null,28,Clear,odour free,8,390,null,null,null,null,null,11.4,null,null,0,351,null,65,null,null,26,null,37.45,1.56,10.63,4.8,0,214.1,null,null,null
193,01/06/2001,,0,null,null,null,null,null,null,null,null,null,null,null,null,null,null,null,null,null,null,null,null,null,null,null,null,null,null,null,null,null,null,null,null,null
194,01/06/2001,,0,null,null,null,null,null,null,null,null,null,null,null,null,null,null,null,null,null,null,null,null,null,null,null,null,null,null,null,null,null,null,null,null,null
195,01/07/2001,02/07/2001,500,7.5,174,null,27.5,Light Brown,odour free,7.5,174,null,null,null,.68,null,null,null,null,0,145,56,35,null,null,14,5.103,2.8,3.28,6.38,5.61,0,88.5,null,null,null
196,01/07/2001,02/07/2001,500,7.5,174,null,27.5,Light Brown,odour free,7.5,174,null,null,null,.68,null,null,null,null,0,145,56,35,null,null,14,5.103,2.8,3.28,6.38,5.61,0,88.5,null,null,null
197,01/08/2001,02/08/2001,98.19499969482422,7.55,200,8.27,26,Brown,odour free,7.6,200,null,null,null,.5,null,null,1.2,null,0,190,70,42,null,null,16.8,6.804,2.18,2.5,6.55,5.13,0,115.9,null,null,null
198,01/08/2001,02/08/2001,98.19499969482422,7.55,200,8.27,26,Brown,odour free,7.6,200,null,null,null,.5,null,null,1.2,null,0,190,70,42,null,null,16.8,6.804,2.18,2.5,6.55,5.13,0,115.9,null,null,null
199,01/09/2001,02/09/2001,109.65899658203125,7.4,105,8.1,26.5,Light Brown,odour free,7.4,105,null,null,null,null,null,null,1.45,null,0,137,47,35,null,null,14,2.916,null,null,3.82,null,0,83.6,null,null,null
200,01/09/2001,02/09/2001,109.65899658203125,7.4,105,8.1,26.5,Light Brown,odour free,7.4,105,null,null,null,null,null,null,1.45,null,0,137,47,35,null,null,14,2.916,null,null,3.82,null,0,83.6,null,null,null
201,01/10/2001,02/10/2001,13.45300006866455,8,310,8.1,27,Light Brown,odour free,8,310,null,null,null,.42,null,null,1.9,null,0,227,94,65,null,null,26,7.047,null,null,5.45,3.21,0,138.5,null,null,null
202,01/10/2001,02/10/2001,13.45300006866455,8,310,8.1,27,Light Brown,odour free,8,310,null,null,null,.42,null,null,1.9,null,0,227,94,65,null,null,26,7.047,null,null,5.45,3.21,0,138.5,null,null,null
203,01/11/2001,02/11/2001,3.5,7.2,162,null,26,Clear,odour free,7.2,162,null,null,null,null,null,null,null,null,0,148,55,43,null,null,17.2,2.916,null,null,8.89,null,0,90.3,null,null,null
204,01/11/2001,02/11/2001,3.5,7.2,162,null,26,Clear,odour free,7.2,162,null,null,null,null,null,null,null,null,0,148,55,43,null,null,17.2,2.916,null,null,8.89,null,0,90.3,null,null,null
205,01/12/2001,02/12/2001,0.23000000417232513,8.1,260,10.25,19.5,Clear,odour free,8.1,260,null,null,null,null,null,null,1.5,null,0,187,66,49,null,null,19.6,4.131,5,1.29,8,3.2,0,114.1,null,null,null
206,01/12/2001,02/12/2001,0.23000000417232513,8.1,260,10.25,19.5,Clear,odour free,8.1,260,null,null,null,null,null,null,1.5,null,0,187,66,49,null,null,19.6,4.131,5,1.29,8,3.2,0,114.1,null,null,null
207,01/01/2002,02/01/2002,0.1850000023841858,7.5,270,9.48,17.5,Clear,odour free,7.5,270,null,null,null,.05,null,null,1,null,0,204,77,57,null,null,22.8,4.86,4.89,null,15,2,0,124.4,null,null,null
208,01/01/2002,02/01/2002,0.1850000023841858,7.5,270,9.48,17.5,Clear,odour free,7.5,270,null,null,null,.05,null,null,1,null,0,204,77,57,null,null,22.8,4.86,4.89,null,15,2,0,124.4,null,null,null
209,01/02/2002,02/02/2002,0.26499998569488525,7.8,340,9.7,22.5,Clear,odour free,7.8,340,null,null,null,.06,null,null,.78,null,0,213,82,57,null,null,22.8,6.075,2.59,1.1,18,6.39,0,129.9,null,null,null
210,01/02/2002,02/02/2002,0.26499998569488525,7.8,340,9.7,22.5,Clear,odour free,7.8,340,null,null,null,.06,null,null,.78,null,0,213,82,57,null,null,22.8,6.075,2.59,1.1,18,6.39,0,129.9,null,null,null
211,01/03/2002,02/03/2002,0.25,7.9,360,8.9,23.5,Clear,odour free,7.9,360,null,null,null,.1,null,null,.88,null,0,225,91,63,null,null,25.2,6.804,5.59,1,20,2.78,0,137.3,null,null,null
212,01/03/2002,02/03/2002,0.25,7.9,360,8.9,23.5,Clear,odour free,7.9,360,null,null,null,.1,null,null,.88,null,0,225,91,63,null,null,25.2,6.804,5.59,1,20,2.78,0,137.3,null,null,null
213,01/04/2002,02/04/2002,0.26499998569488525,7.8,290,8.4,26,Clear,odour free,7.8,290,null,null,null,null,null,null,.38,null,0,131,45,28,null,null,11.2,4.131,4.2,3,20,2.25,0,79.9,null,null,null
214,01/04/2002,02/04/2002,0.26499998569488525,7.8,290,8.4,26,Clear,odour free,7.8,290,null,null,null,null,null,null,.38,null,0,131,45,28,null,null,11.2,4.131,4.2,3,20,2.25,0,79.9,null,null,null
215,01/05/2002,02/05/2002,0.3840000033378601,7.7,230,null,26.5,Clear,odour free,7.7,230,null,null,null,null,null,null,null,null,0,132,36,23,null,null,9.2,3.159,null,null,16,null,0,80.5,null,null,null
216,01/05/2002,02/05/2002,0.3840000033378601,7.7,230,null,26.5,Clear,odour free,7.7,230,null,null,null,null,null,null,null,null,0,132,36,23,null,null,9.2,3.159,null,null,16,null,0,80.5,null,null,null
217,01/06/2002,,0,null,null,null,null,null,null,null,null,null,null,null,null,null,null,null,null,null,null,null,null,null,null,null,null,null,null,null,null,null,null,null,null,null
218,01/06/2002,,0,null,null,null,null,null,null,null,null,null,null,null,null,null,null,null,null,null,null,null,null,null,null,null,null,null,null,null,null,null,null,null,null,null
219,01/07/2002,02/07/2002,4.136000156402588,7.8,169,7.9,27.5,Light Brown,odour free,7.8,169,null,null,null,null,null,null,null,null,0,83,null,null,null,null,null,null,null,null,null,null,0,50.6,null,null,null
220,01/07/2002,02/07/2002,4.136000156402588,7.8,169,7.9,27.5,Light Brown,odour free,7.8,169,null,null,null,null,null,null,null,null,0,83,null,null,null,null,null,null,null,null,null,null,0,50.6,null,null,null
221,01/08/2002,02/08/2002,7.434999942779541,8.3,240,8.19,28.5,Brown,odour free,8.3,240,null,null,null,null,null,null,1.16,null,5.6,81,null,null,null,null,null,null,null,null,7.1,null,6.7,42.58,null,null,null
222,01/08/2002,02/08/2002,7.434999942779541,8.3,240,8.19,28.5,Brown,odour free,8.3,240,null,null,null,null,null,null,1.16,null,5.6,81,null,null,null,null,null,null,null,null,7.1,null,6.7,42.58,null,null,null
223,01/09/2002,02/09/2002,400.3039855957031,7.9,273,7.66,26.5,Light Brown,odour free,7.9,273,null,null,null,null,null,null,1.3,null,0,191,83,62,null,null,24.8,5.103,4.1,4.18,9.99,14.78,0,116.5,null,null,null
224,01/09/2002,02/09/2002,400.3039855957031,7.9,273,7.66,26.5,Light Brown,odour free,7.9,273,null,null,null,null,null,null,1.3,null,0,191,83,62,null,null,24.8,5.103,4.1,4.18,9.99,14.78,0,116.5,null,null,null
225,01/10/2002,02/10/2002,8.437999725341797,8.3,270,7.45,28.5,Light Brown,odour free,8.3,270,null,null,null,null,null,null,null,null,5.6,136,75,50,null,null,20,6.075,14,3.4,13,null,6.7,76.13,null,null,null
226,01/10/2002,02/10/2002,8.437999725341797,8.3,270,7.45,28.5,Light Brown,odour free,8.3,270,null,null,null,null,null,null,null,null,5.6,136,75,50,null,null,20,6.075,14,3.4,13,null,6.7,76.13,null,null,null
227,01/11/2002,02/11/2002,2.5,8.2,320,6.2,26,Clear,odour free,8.2,320,null,null,null,null,null,null,.56,null,2.9,252,112,74,null,null,29.6,9.234,null,null,4.99,null,3.5,150.18,null,null,null
228,01/11/2002,02/11/2002,2.5,8.2,320,6.2,26,Clear,odour free,8.2,320,null,null,null,null,null,null,.56,null,2.9,252,112,74,null,null,29.6,9.234,null,null,4.99,null,3.5,150.18,null,null,null
229,01/12/2002,02/12/2002,0.9599999785423279,8.2,350,8.38,19,Clear,odour free,8.2,350,null,null,null,null,null,null,1.1,null,1.2,291,130,95,null,null,38,8.505,8.1,.58,null,1.58,1.4,176.05,null,null,null
230,01/12/2002,02/12/2002,0.9599999785423279,8.2,350,8.38,19,Clear,odour free,8.2,350,null,null,null,null,null,null,1.1,null,1.2,291,130,95,null,null,38,8.505,8.1,.58,null,1.58,1.4,176.05,null,null,null
231,01/01/2003,02/01/2003,0.75,8.3,280,7.9,18.5,Clear,odour free,8.3,280,null,null,null,null,null,null,.4,null,4.2,231,102,80,null,null,32,5.346,17.1,.78,11.27,1,5,135.79,null,null,null
232,01/01/2003,02/01/2003,0.75,8.3,280,7.9,18.5,Clear,odour free,8.3,280,null,null,null,null,null,null,.4,null,4.2,231,102,80,null,null,32,5.346,17.1,.78,11.27,1,5,135.79,null,null,null
233,01/02/2003,02/02/2003,0.7799999713897705,8,350,7.9,23.5,Clear,odour free,8,350,null,null,null,null,null,null,null,null,0,172,null,null,null,null,null,null,35.35,5.59,null,null,0,104.9,null,null,null
234,01/02/2003,02/02/2003,0.7799999713897705,8,350,7.9,23.5,Clear,odour free,8,350,null,null,null,null,null,null,null,null,0,172,null,null,null,null,null,null,35.35,5.59,null,null,0,104.9,null,null,null
235,01/03/2003,02/03/2003,0.7900000214576721,7.9,330,8.9,25.5,Clear,odour free,7.9,330,null,null,null,null,null,null,1.4,null,0,201,90,58,null,null,23.2,7.776,null,null,null,null,0,122.6,null,null,null
236,01/03/2003,02/03/2003,0.7900000214576721,7.9,330,8.9,25.5,Clear,odour free,7.9,330,null,null,null,null,null,null,1.4,null,0,201,90,58,null,null,23.2,7.776,null,null,null,null,0,122.6,null,null,null
237,01/04/2003,02/04/2003,0.7799999713897705,8.5,430,7.9,27.5,Clear,odour free,8.5,430,null,null,null,null,null,null,null,null,4.2,244,109,70,null,null,28,9.477,null,null,4.99,null,5,143.72,null,null,null
238,01/04/2003,02/04/2003,0.7799999713897705,8.5,430,7.9,27.5,Clear,odour free,8.5,430,null,null,null,null,null,null,null,null,4.2,244,109,70,null,null,28,9.477,null,null,4.99,null,5,143.72,null,null,null
239,01/05/2003,02/05/2003,0.7450000047683716,null,320,null,28.5,Clear,odour free,null,320,null,null,null,null,null,null,null,null,null,null,null,null,null,null,null,null,39,5,null,null,null,null,null,null,null
240,01/05/2003,02/05/2003,0.7450000047683716,null,320,null,28.5,Clear,odour free,null,320,null,null,null,null,null,null,null,null,null,null,null,null,null,null,null,null,39,5,null,null,null,null,null,null,null
241,02/06/2003,02/06/2003,0.6700000166893005,8.09,115,7.3,30.5,Clear,odour free,8.1,115,null,null,null,null,null,null,.48,null,0,131,140,95,.152,null,38,10.935,18.69,1.48,25,2.5,0,79.9,null,null,null
242,02/06/2003,02/06/2003,0.6700000166893005,8.09,115,7.3,30.5,Clear,odour free,8.1,115,null,null,null,null,null,null,.48,null,0,131,140,95,.152,null,38,10.935,18.69,1.48,25,2.5,0,79.9,null,null,null
243,01/07/2003,01/07/2003,0.800000011920929,8.1,123,null,24,Light Brown,odour free,8.1,123,null,null,null,null,null,null,null,null,0,161,null,null,null,null,null,null,null,null,17,null,0,98.2,null,null,null
244,01/07/2003,01/07/2003,0.800000011920929,8.1,123,null,24,Light Brown,odour free,8.1,123,null,null,null,null,null,null,null,null,0,161,null,null,null,null,null,null,null,null,17,null,0,98.2,null,null,null
245,01/08/2003,01/08/2003,270.8999938964844,7.96,186,5.63,28,Brown,odour free,8,186,null,null,null,null,null,null,.38,null,0,187,77,52.4,null,null,20.96,5.978,null,null,12,null,0,114.1,null,null,null
246,01/08/2003,01/08/2003,270.8999938964844,7.96,186,5.63,28,Brown,odour free,8,186,null,null,null,null,null,null,.38,null,0,187,77,52.4,null,null,20.96,5.978,null,null,12,null,0,114.1,null,null,null
247,02/09/2003,,792,null,null,null,null,null,null,null,null,null,null,null,null,null,null,null,null,null,null,null,null,null,null,null,null,null,null,null,null,null,null,null,null,null
248,02/09/2003,,792,null,null,null,null,null,null,null,null,null,null,null,null,null,null,null,null,null,null,null,null,null,null,null,null,null,null,null,null,null,null,null,null,null
249,02/10/2003,02/10/2003,242,7.8,182,5.05,null,Light Brown,odour free,7.8,182,null,null,null,null,.05,null,.39,null,0,179,80,47.4,.817,null,18.96,7.922,null,null,46,9.5,0,109.2,null,null,null
250,02/10/2003,02/10/2003,242,7.8,182,5.05,null,Light Brown,odour free,7.8,182,null,null,null,null,.05,null,.39,null,0,179,80,47.4,.817,null,18.96,7.922,null,null,46,9.5,0,109.2,null,null,null
251,01/11/2003,02/11/2003,45.63999938964844,8.2,250,6.51,null,Clear,odour free,8.2,250,null,null,null,null,null,null,.37,null,0,234,104,75,3.34,null,30,7.047,null,null,12,2,0,142.7,null,null,null
252,01/11/2003,02/11/2003,45.63999938964844,8.2,250,6.51,null,Clear,odour free,8.2,250,null,null,null,null,null,null,.37,null,0,234,104,75,3.34,null,30,7.047,null,null,12,2,0,142.7,null,null,null
253,01/12/2003,01/12/2003,6.960999965667725,null,270,5.8,null,Clear,odour free,null,270,null,null,null,null,null,null,.58,null,0,267,123,69.85,3.17,null,27.94,12.915,null,null,11,8.4,null,null,null,null,null
254,01/12/2003,01/12/2003,6.960999965667725,null,270,5.8,null,Clear,odour free,null,270,null,null,null,null,null,null,.58,null,0,267,123,69.85,3.17,null,27.94,12.915,null,null,11,8.4,null,null,null,null,null
255,02/01/2004,02/01/2004,8.631999969482422,null,null,5.87,null,Clear,odour free,null,null,null,null,null,null,null,null,.74,null,0,null,46,29.95,.3,null,11.98,3.9,null,null,21,8.79,null,null,null,null,null
256,02/01/2004,02/01/2004,8.631999969482422,null,null,5.87,null,Clear,odour free,null,null,null,null,null,null,null,null,.74,null,0,null,46,29.95,.3,null,11.98,3.9,null,null,21,8.79,null,null,null,null,null
257,02/02/2004,,7.400000095367432,null,null,null,null,null,null,null,null,null,null,null,null,null,null,null,null,null,null,null,null,null,null,null,null,null,null,null,null,null,null,null,null,null
258,02/02/2004,,7.400000095367432,null,null,null,null,null,null,null,null,null,null,null,null,null,null,null,null,null,null,null,null,null,null,null,null,null,null,null,null,null,null,null,null,null
259,02/03/2004,02/03/2004,2.069999933242798,8.2,227,7.3,null,Clear,odour free,8.2,227,null,null,null,null,null,null,1.6,null,0,341,134,85,null,null,34,11.907,null,null,18,3.98,0,208,null,null,null
260,02/03/2004,02/03/2004,2.069999933242798,8.2,227,7.3,null,Clear,odour free,8.2,227,null,null,null,null,null,null,1.6,null,0,341,134,85,null,null,34,11.907,null,null,18,3.98,0,208,null,null,null
261,02/04/2004,02/04/2004,4.951000213623047,8.2,393,7.44,null,Clear,odour free,8.2,393,null,null,null,null,null,null,.54,null,0,385,60,49,null,null,19.6,2.673,null,null,null,null,0,234.9,null,null,null
262,02/04/2004,02/04/2004,4.951000213623047,8.2,393,7.44,null,Clear,odour free,8.2,393,null,null,null,null,null,null,.54,null,0,385,60,49,null,null,19.6,2.673,null,null,null,null,0,234.9,null,null,null
263,02/05/2004,,2.927999973297119,null,null,null,null,null,null,null,null,null,null,null,null,null,null,null,null,null,null,null,null,null,null,null,null,null,null,null,null,null,null,null,null,null
264,02/05/2004,,2.927999973297119,null,null,null,null,null,null,null,null,null,null,null,null,null,null,null,null,null,null,null,null,null,null,null,null,null,null,null,null,null,null,null,null,null
265,02/06/2004,,0,null,null,null,null,null,null,null,null,null,null,null,null,null,null,null,null,null,null,null,null,null,null,null,null,null,null,null,null,null,null,null,null,null
266,02/06/2004,,0,null,null,null,null,null,null,null,null,null,null,null,null,null,null,null,null,null,null,null,null,null,null,null,null,null,null,null,null,null,null,null,null,null
267,02/07/2004,,2.390000104904175,null,null,null,null,null,null,null,null,null,null,null,null,null,null,null,null,null,null,null,null,null,null,null,null,null,null,null,null,null,null,null,null,null
268,02/07/2004,,2.390000104904175,null,null,null,null,null,null,null,null,null,null,null,null,null,null,null,null,null,null,null,null,null,null,null,null,null,null,null,null,null,null,null,null,null
269,02/08/2004,02/08/2004,85.802001953125,null,1050,5.93,30,Brown,odour free,null,1050,null,null,null,null,null,null,1.26,null,0,568,94,321,null,null,128.4,-55.161,null,null,150,null,null,null,null,null,null
270,02/08/2004,02/08/2004,85.802001953125,null,1050,5.93,30,Brown,odour free,null,1050,null,null,null,null,null,null,1.26,null,0,568,94,321,null,null,128.4,-55.161,null,null,150,null,null,null,null,null,null
271,02/09/2004,02/09/2004,21.540000915527344,null,274,5.03,30,Light Brown,odour free,null,274,null,null,null,null,null,null,.36,null,0,265,60,95,null,null,38,-8.505,null,null,null,null,null,null,null,null,null
272,02/09/2004,02/09/2004,21.540000915527344,null,274,5.03,30,Light Brown,odour free,null,274,null,null,null,null,null,null,.36,null,0,265,60,95,null,null,38,-8.505,null,null,null,null,null,null,null,null,null
273,02/10/2004,,22.229999542236328,null,null,null,null,null,null,null,null,null,null,null,null,null,null,null,null,null,null,null,null,null,null,null,null,null,null,null,null,null,null,null,null,null
274,02/10/2004,,22.229999542236328,null,null,null,null,null,null,null,null,null,null,null,null,null,null,null,null,null,null,null,null,null,null,null,null,null,null,null,null,null,null,null,null,null
275,02/11/2004,,7.823999881744385,null,null,null,null,null,null,null,null,null,null,null,null,null,null,null,null,null,null,null,null,null,null,null,null,null,null,null,null,null,null,null,null,null
276,02/11/2004,,7.823999881744385,null,null,null,null,null,null,null,null,null,null,null,null,null,null,null,null,null,null,null,null,null,null,null,null,null,null,null,null,null,null,null,null,null
277,02/12/2004,,2.3450000286102295,null,null,null,null,null,null,null,null,null,null,null,null,null,null,null,null,null,null,null,null,null,null,null,null,null,null,null,null,null,null,null,null,null
278,02/12/2004,,2.3450000286102295,null,null,null,null,null,null,null,null,null,null,null,null,null,null,null,null,null,null,null,null,null,null,null,null,null,null,null,null,null,null,null,null,null
279,02/01/2005,,0.5659999847412109,null,null,null,null,null,null,null,null,null,null,null,null,null,null,null,null,null,null,null,null,null,null,null,null,null,null,null,null,null,null,null,null,null
280,02/01/2005,,0.5659999847412109,null,null,null,null,null,null,null,null,null,null,null,null,null,null,null,null,null,null,null,null,null,null,null,null,null,null,null,null,null,null,null,null,null
281,02/02/2005,02/02/2005,9.324000358581543,7.7,326,7,21,Clear,odour free,7.7,326,null,null,null,null,null,null,1.1,null,0,208,100,50,.45,null,20,12.15,24.28,1.68,9.92,8.59,0,126.9,null,null,null
282,02/02/2005,02/02/2005,9.324000358581543,7.7,326,7,21,Clear,odour free,7.7,326,null,null,null,null,null,null,1.1,null,0,208,100,50,.45,null,20,12.15,24.28,1.68,9.92,8.59,0,126.9,null,null,null
283,02/03/2005,02/03/2005,1.7940000295639038,7.87,358,6.6,28,Clear,rotten egg,7.9,358,null,null,null,null,null,null,1.2,null,0,321,124,82,.38,null,32.8,10.206,8.99,3.18,9.92,14.59,0,195.8,null,null,null
284,02/03/2005,02/03/2005,1.7940000295639038,7.87,358,6.6,28,Clear,rotten egg,7.9,358,null,null,null,null,null,null,1.2,null,0,321,124,82,.38,null,32.8,10.206,8.99,3.18,9.92,14.59,0,195.8,null,null,null
285,02/04/2005,02/04/2005,1.281999945640564,7.82,328,null,33,Clear,odour free,7.8,328,null,null,null,null,null,null,null,null,0,150,82,36,.3,null,14.4,11.178,21.39,11.37,9.46,16.41,0,91.5,null,null,null
286,02/04/2005,02/04/2005,1.281999945640564,7.82,328,null,33,Clear,odour free,7.8,328,null,null,null,null,null,null,null,null,0,150,82,36,.3,null,14.4,11.178,21.39,11.37,9.46,16.41,0,91.5,null,null,null
287,02/05/2005,,1.4320000410079956,null,null,null,null,null,null,null,null,null,null,null,null,null,null,null,null,null,null,null,null,null,null,null,null,null,null,null,null,null,null,null,null,null
288,02/05/2005,,1.4320000410079956,null,null,null,null,null,null,null,null,null,null,null,null,null,null,null,null,null,null,null,null,null,null,null,null,null,null,null,null,null,null,null,null,null
289,01/06/2005,,null,null,null,null,null,null,null,null,null,null,null,null,null,null,null,null,null,null,null,null,null,null,null,null,null,null,null,null,null,null,null,null,null,null
290,01/07/2005,01/07/2005,3.1389999389648438,8.2,377,7.1,27.8,Light Brown,odour free,8.2,377,null,null,null,.09,.046,11.6,1.1,null,0,177.12,60,50,17,.1,20,2.4,6,3.5,11.5,10,0,108,null,null,null
291,01/07/2005,01/07/2005,3.1389999389648438,8.2,377,7.1,27.8,Light Brown,odour free,8.2,377,null,null,null,.09,.046,11.6,1.1,null,0,177.12,60,50,17,.1,20,2.4,6,3.5,11.5,10,0,108,null,null,null
292,01/08/2005,,960,null,null,null,null,null,null,null,null,null,null,null,null,null,null,null,null,null,null,null,null,null,null,null,null,null,null,null,null,null,null,null,null,null
293,01/08/2005,,960,null,null,null,null,null,null,null,null,null,null,null,null,null,null,null,null,null,null,null,null,null,null,null,null,null,null,null,null,null,null,null,null,null
294,01/09/2005,01/09/2005,11.755999565124512,7.92,298,6.5,32,Light Brown,odour free,7.9,298,null,null,null,.113,null,9.2,1.9,null,0,185.32,90.417,50,.57,.03,20,9.7,18,1,30.51,5.2,0,113,null,null,null
295,01/09/2005,01/09/2005,11.755999565124512,7.92,298,6.5,32,Light Brown,odour free,7.9,298,null,null,null,.113,null,9.2,1.9,null,0,185.32,90.417,50,.57,.03,20,9.7,18,1,30.51,5.2,0,113,null,null,null
296,01/10/2005,,7.671999931335449,null,null,null,null,null,null,null,null,null,null,null,null,null,null,null,null,null,null,null,null,null,null,null,null,null,null,null,null,null,null,null,null,null
297,01/10/2005,,7.671999931335449,null,null,null,null,null,null,null,null,null,null,null,null,null,null,null,null,null,null,null,null,null,null,null,null,null,null,null,null,null,null,null,null,null
298,02/11/2005,02/11/2005,17.746000289916992,7.9,298,7.1,27,Dark Brown,odour free,7.9,298,null,null,null,.056,.02,16,.5,null,0,200.08,110.75,52,.1,.08,20.8,14.1,19.8,1.5,29.15,5.6,0,122,null,null,null
299,02/11/2005,02/11/2005,17.746000289916992,7.9,298,7.1,27,Dark Brown,odour free,7.9,298,null,null,null,.056,.02,16,.5,null,0,200.08,110.75,52,.1,.08,20.8,14.1,19.8,1.5,29.15,5.6,0,122,null,null,null
300,01/12/2005,,2.8380000591278076,null,null,null,null,null,null,null,null,null,null,null,null,null,null,null,null,null,null,null,null,null,null,null,null,null,null,null,null,null,null,null,null,null
301,01/12/2005,,2.8380000591278076,null,null,null,null,null,null,null,null,null,null,null,null,null,null,null,null,null,null,null,null,null,null,null,null,null,null,null,null,null,null,null,null,null
302,01/01/2006,,3.799999952316284,null,null,null,null,null,null,null,null,null,null,null,null,null,null,null,null,null,null,null,null,null,null,null,null,null,null,null,null,null,null,null,null,null
303,01/01/2006,,3.799999952316284,null,null,null,null,null,null,null,null,null,null,null,null,null,null,null,null,null,null,null,null,null,null,null,null,null,null,null,null,null,null,null,null,null
304,01/02/2006,,1.75,null,null,null,null,null,null,null,null,null,null,null,null,null,null,null,null,null,null,null,null,null,null,null,null,null,null,null,null,null,null,null,null,null
305,01/02/2006,,1.75,null,null,null,null,null,null,null,null,null,null,null,null,null,null,null,null,null,null,null,null,null,null,null,null,null,null,null,null,null,null,null,null,null
306,01/03/2006,,1.1399999856948853,null,null,null,null,null,null,null,null,null,null,null,null,null,null,null,null,null,null,null,null,null,null,null,null,null,null,null,null,null,null,null,null,null
307,01/03/2006,,1.1399999856948853,null,null,null,null,null,null,null,null,null,null,null,null,null,null,null,null,null,null,null,null,null,null,null,null,null,null,null,null,null,null,null,null,null
308,01/04/2006,,1.1410000324249268,null,null,null,null,null,null,null,null,null,null,null,null,null,null,null,null,null,null,null,null,null,null,null,null,null,null,null,null,null,null,null,null,null
309,01/04/2006,,1.1410000324249268,null,null,null,null,null,null,null,null,null,null,null,null,null,null,null,null,null,null,null,null,null,null,null,null,null,null,null,null,null,null,null,null,null
310,01/05/2006,,0.800000011920929,null,null,null,null,null,null,null,null,null,null,null,null,null,null,null,null,null,null,null,null,null,null,null,null,null,null,null,null,null,null,null,null,null
311,01/05/2006,,0.800000011920929,null,null,null,null,null,null,null,null,null,null,null,null,null,null,null,null,null,null,null,null,null,null,null,null,null,null,null,null,null,null,null,null,null
312,01/06/2006,,1.128000020980835,null,null,null,null,null,null,null,null,null,null,null,null,null,null,null,null,null,null,null,null,null,null,null,null,null,null,null,null,null,null,null,null,null
313,01/06/2006,,1.128000020980835,null,null,null,null,null,null,null,null,null,null,null,null,null,null,null,null,null,null,null,null,null,null,null,null,null,null,null,null,null,null,null,null,null
314,01/07/2006,,1.0149999856948853,null,null,null,null,null,null,null,null,null,null,null,null,null,null,null,null,null,null,null,null,null,null,null,null,null,null,null,null,null,null,null,null,null
315,01/07/2006,,1.0149999856948853,null,null,null,null,null,null,null,null,null,null,null,null,null,null,null,null,null,null,null,null,null,null,null,null,null,null,null,null,null,null,null,null,null
316,01/08/2006,01/08/2006,384.0270080566406,7.28,217,6.4,25,Brown,odour free,7.3,217,null,null,null,.041,null,null,1,null,null,null,null,null,null,null,null,null,null,null,null,null,null,null,null,null,null
317,01/08/2006,01/08/2006,384.0270080566406,7.28,217,6.4,25,Brown,odour free,7.3,217,null,null,null,.041,null,null,1,null,null,null,null,null,null,null,null,null,null,null,null,null,null,null,null,null,null
318,01/09/2006,01/09/2006,849.35400390625,7.54,107,6.4,27,Light Brown,odour free,7.5,107,null,null,null,.062,null,null,.5,null,null,null,null,null,null,null,null,null,null,null,null,null,null,null,null,null,null
319,01/09/2006,01/09/2006,849.35400390625,7.54,107,6.4,27,Light Brown,odour free,7.5,107,null,null,null,.062,null,null,.5,null,null,null,null,null,null,null,null,null,null,null,null,null,null,null,null,null,null
320,01/10/2006,03/10/2006,23.530000686645508,8.3,297,7.1,28.5,Light Brown,odour free,8.3,297,null,null,null,.054,null,null,.2,null,null,null,null,null,null,null,null,null,null,null,null,null,null,null,null,null,null
321,01/10/2006,03/10/2006,23.530000686645508,8.3,297,7.1,28.5,Light Brown,odour free,8.3,297,null,null,null,.054,null,null,.2,null,null,null,null,null,null,null,null,null,null,null,null,null,null,null,null,null,null
322,01/11/2006,,12.553000450134277,null,null,null,null,null,null,null,null,null,null,null,null,null,null,null,null,null,null,null,null,null,null,null,null,null,null,null,null,null,null,null,null,null
323,01/11/2006,,12.553000450134277,null,null,null,null,null,null,null,null,null,null,null,null,null,null,null,null,null,null,null,null,null,null,null,null,null,null,null,null,null,null,null,null,null
324,01/12/2006,,2.005000114440918,null,null,null,null,null,null,null,null,null,null,null,null,null,null,null,null,null,null,null,null,null,null,null,null,null,null,null,null,null,null,null,null,null
325,01/12/2006,,2.005000114440918,null,null,null,null,null,null,null,null,null,null,null,null,null,null,null,null,null,null,null,null,null,null,null,null,null,null,null,null,null,null,null,null,null
326,01/01/2007,,1.440999984741211,null,null,null,null,null,null,null,null,null,null,null,null,null,null,null,null,null,null,null,null,null,null,null,null,null,null,null,null,null,null,null,null,null
327,01/01/2007,,1.440999984741211,null,null,null,null,null,null,null,null,null,null,null,null,null,null,null,null,null,null,null,null,null,null,null,null,null,null,null,null,null,null,null,null,null
328,01/02/2007,,2.2090001106262207,null,null,null,null,null,null,null,null,null,null,null,null,null,null,null,null,null,null,null,null,null,null,null,null,null,null,null,null,null,null,null,null,null
329,01/02/2007,,2.2090001106262207,null,null,null,null,null,null,null,null,null,null,null,null,null,null,null,null,null,null,null,null,null,null,null,null,null,null,null,null,null,null,null,null,null
330,01/03/2007,,1.7619999647140503,null,null,null,null,null,null,null,null,null,null,null,null,null,null,null,null,null,null,null,null,null,null,null,null,null,null,null,null,null,null,null,null,null
331,01/03/2007,,1.7619999647140503,null,null,null,null,null,null,null,null,null,null,null,null,null,null,null,null,null,null,null,null,null,null,null,null,null,null,null,null,null,null,null,null,null
332,01/04/2007,02/04/2007,1.2209999561309814,8,342,5.2,29,Clear,odour free,8,342,null,null,null,.123,null,null,null,null,null,null,null,null,null,null,null,null,null,null,null,null,null,null,null,null,null
333,01/04/2007,02/04/2007,1.2209999561309814,8,342,5.2,29,Clear,odour free,8,342,null,null,null,.123,null,null,null,null,null,null,null,null,null,null,null,null,null,null,null,null,null,null,null,null,null
334,01/05/2007,,null,null,null,null,null,null,null,null,null,null,null,null,null,null,null,null,null,null,null,null,null,null,null,null,null,null,null,null,null,null,null,null,null,null
335,01/06/2007,02/06/2007,0,7.76,520,4.9,30,Clear,odour free,7.8,464,null,null,null,.087,.01,28,.6,28.8,0,34.768,149.5,78.25,.18,.02,31.3,17.1,33.4,6.8,293.16,16.8,0,21.2,null,null,null
336,01/06/2007,02/06/2007,0,7.76,520,4.9,30,Clear,odour free,7.8,464,null,null,null,.087,.01,28,.6,28.8,0,34.768,149.5,78.25,.18,.02,31.3,17.1,33.4,6.8,293.16,16.8,0,21.2,null,null,null
337,02/07/2007,03/07/2007,335.07000732421875,7.69,128,9.7,27,Light Brown,odour free,7.7,121,null,null,null,.054,.01,13.8,3.9,12.8,0,92.332,44.292,22,.05,.01,8.8,5.35,14.4,1.4,12.35,4,0,56.3,null,null,null
338,02/07/2007,03/07/2007,335.07000732421875,7.69,128,9.7,27,Light Brown,odour free,7.7,121,null,null,null,.054,.01,13.8,3.9,12.8,0,92.332,44.292,22,.05,.01,8.8,5.35,14.4,1.4,12.35,4,0,56.3,null,null,null
339,01/08/2007,02/08/2007,61.07099914550781,8.1,210,8.2,28,Brown,odour free,8.1,191,null,null,null,.055,.01,4.4,.7,12.8,0,140.22,82.542,40,.08,.02,16,10.21,13.2,1,5,2,0,85.5,null,null,null
340,01/08/2007,02/08/2007,61.07099914550781,8.1,210,8.2,28,Brown,odour free,8.1,191,null,null,null,.055,.01,4.4,.7,12.8,0,140.22,82.542,40,.08,.02,16,10.21,13.2,1,5,2,0,85.5,null,null,null
341,01/09/2007,02/09/2007,78.69300079345703,null,null,7.4,29,Light Brown,odour free,8.01,227,null,null,null,.057,.01,15.6,1.4,22.4,0,154.98,89.25,48,.29,.01,19.2,9.9,10,.9,12.2,9.6,0,94.5,null,null,null
342,01/09/2007,02/09/2007,78.69300079345703,null,null,7.4,29,Light Brown,odour free,8.01,227,null,null,null,.057,.01,15.6,1.4,22.4,0,154.98,89.25,48,.29,.01,19.2,9.9,10,.9,12.2,9.6,0,94.5,null,null,null
343,01/10/2007,02/10/2007,259.29400634765625,7.8,329,8.5,26,Light Brown,odour free,7.69,222,null,null,null,.053,.02,8,.5,22.4,0,162.36,82.25,46,.08,.01,18.4,8.7,13.5,1.1,7.13,15,0,99,null,null,null
344,01/10/2007,02/10/2007,259.29400634765625,7.8,329,8.5,26,Light Brown,odour free,7.69,222,null,null,null,.053,.02,8,.5,22.4,0,162.36,82.25,46,.08,.01,18.4,8.7,13.5,1.1,7.13,15,0,99,null,null,null
345,01/11/2007,01/11/2007,9.449000358581543,7.55,404,7.9,25.4,Clear,odour free,7.86,352,null,null,null,.054,.02,25,.9,32,0,254.2,98.75,40,.18,.01,16,14.1,14.9,1.7,27,22.4,0,155,null,null,null
346,01/11/2007,01/11/2007,9.449000358581543,7.55,404,7.9,25.4,Clear,odour free,7.86,352,null,null,null,.054,.02,25,.9,32,0,254.2,98.75,40,.18,.01,16,14.1,14.9,1.7,27,22.4,0,155,null,null,null
347,01/12/2007,02/12/2007,5.065999984741211,7.68,329,8.2,20.8,Clear,odour free,8.08,320,null,null,null,.06,.03,17,.4,16,0,236.16,120.958,64.25,.25,.01,25.7,13.61,22.9,1.7,34.8,17.5,0,144,null,null,null
348,01/12/2007,02/12/2007,5.065999984741211,7.68,329,8.2,20.8,Clear,odour free,8.08,320,null,null,null,.06,.03,17,.4,16,0,236.16,120.958,64.25,.25,.01,25.7,13.61,22.9,1.7,34.8,17.5,0,144,null,null,null
349,01/01/2008,02/01/2008,1.6430000066757202,7.68,229,9,20.8,Clear,odour free,8.11,155,null,null,null,.08,.03,12,8.5,20,0,247.312,126.917,74.25,.09,.01,29.7,12.64,21.5,1.5,30.45,14,0,150.8,null,null,null
350,01/01/2008,02/01/2008,1.6430000066757202,7.68,229,9,20.8,Clear,odour free,8.11,155,null,null,null,.08,.03,12,8.5,20,0,247.312,126.917,74.25,.09,.01,29.7,12.64,21.5,1.5,30.45,14,0,150.8,null,null,null
351,01/02/2008,02/02/2008,1.8589999675750732,7.9,325,11.3,19.2,Clear,odour free,8.3,337,null,null,null,.14,.02,21,.8,24,0,247.64,114.75,56,.12,.01,22.4,14.1,13.2,2.2,26.53,3,0,151,null,null,null
352,01/02/2008,02/02/2008,1.8589999675750732,7.9,325,11.3,19.2,Clear,odour free,8.3,337,null,null,null,.14,.02,21,.8,24,0,247.64,114.75,56,.12,.01,22.4,14.1,13.2,2.2,26.53,3,0,151,null,null,null
353,01/03/2008,02/03/2008,3.006999969482422,8.3,461,7.9,21.6,Clear,odour free,8.1,375,null,null,null,.07,.01,16,.9,20,0,213.2,130.75,68.25,.06,.02,27.3,15,33.8,1.8,48.53,7,0,130,null,null,null
354,01/03/2008,02/03/2008,3.006999969482422,8.3,461,7.9,21.6,Clear,odour free,8.1,375,null,null,null,.07,.01,16,.9,20,0,213.2,130.75,68.25,.06,.02,27.3,15,33.8,1.8,48.53,7,0,130,null,null,null
355,01/04/2008,02/04/2008,1.7230000495910645,null,null,8.4,null,Clear,odour free,8.2,333,null,null,null,.46,.05,10.4,1.3,24,0,354.24,121.917,70.25,.18,.02,28.1,12.4,25.3,1,30.99,21,0,216,null,null,null
356,01/04/2008,02/04/2008,1.7230000495910645,null,null,8.4,null,Clear,odour free,8.2,333,null,null,null,.46,.05,10.4,1.3,24,0,354.24,121.917,70.25,.18,.02,28.1,12.4,25.3,1,30.99,21,0,216,null,null,null
357,01/05/2008,02/05/2008,1.8300000429153442,8.2,298,7.3,32.4,Clear,odour free,8.2,310,null,null,null,.66,.03,15,.3,16,0,203.032,94.958,48.375,.19,.01,19.35,11.18,22.1,1.1,42,4.2,0,123.8,null,null,null
358,01/05/2008,02/05/2008,1.8300000429153442,8.2,298,7.3,32.4,Clear,odour free,8.2,310,null,null,null,.66,.03,15,.3,16,0,203.032,94.958,48.375,.19,.01,19.35,11.18,22.1,1.1,42,4.2,0,123.8,null,null,null
359,01/06/2008,,0,null,null,null,null,null,null,null,null,null,null,null,null,null,null,null,null,null,null,null,null,null,null,null,null,null,null,null,null,null,null,null,null,null
360,01/06/2008,,0,null,null,null,null,null,null,null,null,null,null,null,null,null,null,null,null,null,null,null,null,null,null,null,null,null,null,null,null,null,null,null,null,null
361,01/07/2008,02/07/2008,34,7.8,384,6.5,27,Light Brown,odour free,7.6,296,null,null,null,.36,.09,17.8,.5,8,0,210.576,84.833,48.375,.1,.001,19.35,8.75,10.5,.8,18.6,8.6,0,128.4,null,null,null
362,01/07/2008,02/07/2008,34,7.8,384,6.5,27,Light Brown,odour free,7.6,296,null,null,null,.36,.09,17.8,.5,8,0,210.576,84.833,48.375,.1,.001,19.35,8.75,10.5,.8,18.6,8.6,0,128.4,null,null,null
363,01/08/2008,02/08/2008,87.5469970703125,7.88,302,7.2,25.5,Light Brown,odour free,7.66,264,null,null,null,.37,.08,32.2,.6,24,0,192.356,90.9,52.4,.07,.001,20.96,9.24,8.6,1.5,11.23,7.4,0,117.29,null,null,null
364,01/08/2008,02/08/2008,87.5469970703125,7.88,302,7.2,25.5,Light Brown,odour free,7.66,264,null,null,null,.37,.08,32.2,.6,24,0,192.356,90.9,52.4,.07,.001,20.96,9.24,8.6,1.5,11.23,7.4,0,117.29,null,null,null
365,01/09/2008,02/09/2008,114.7979965209961,null,null,6,27.5,Light Brown,odour free,7.6,434,null,null,null,.33,.03,32,.7,20,0,304.86,163.542,80.5,.11,.001,32.2,19.93,8.3,.5,10.92,7.5,0,185.89,null,null,null
366,01/09/2008,02/09/2008,114.7979965209961,null,null,6,27.5,Light Brown,odour free,7.6,434,null,null,null,.33,.03,32,.7,20,0,304.86,163.542,80.5,.11,.001,32.2,19.93,8.3,.5,10.92,7.5,0,185.89,null,null,null
367,01/10/2008,02/10/2008,24.138999938964844,null,null,7,27.5,Clear,odour free,7.55,280,null,null,null,.16,.01,25,.2,20,0,199.621,104.667,62.125,.15,.001,24.85,10.21,12.4,1.2,16.3,17.8,0,121.72,null,null,null
368,01/10/2008,02/10/2008,24.138999938964844,null,null,7,27.5,Clear,odour free,7.55,280,null,null,null,.16,.01,25,.2,20,0,199.621,104.667,62.125,.15,.001,24.85,10.21,12.4,1.2,16.3,17.8,0,121.72,null,null,null
369,01/11/2008,02/11/2008,6.848999977111816,8.33,366,7.9,22.5,Clear,odour free,8.4,356,null,null,null,.52,.03,36,.4,24,9.213,243.709,128.9,70.15,.28,.001,28.06,14.1,21.4,1.4,28.22,27,11.1,137.3,null,null,null
370,01/11/2008,02/11/2008,6.848999977111816,8.33,366,7.9,22.5,Clear,odour free,8.4,356,null,null,null,.52,.03,36,.4,24,9.213,243.709,128.9,70.15,.28,.001,28.06,14.1,21.4,1.4,28.22,27,11.1,137.3,null,null,null
371,01/12/2008,02/12/2008,0.9440000057220459,7.3,366,6.3,21.5,Clear,odour free,7.8,310,null,null,null,.21,.07,20,.6,20,0,217.89,106.767,54.1,.15,.001,21.64,12.64,25.9,1.3,32.3,24.4,0,132.86,null,null,null
372,01/12/2008,02/12/2008,0.9440000057220459,7.3,366,6.3,21.5,Clear,odour free,7.8,310,null,null,null,.21,.07,20,.6,20,0,217.89,106.767,54.1,.15,.001,21.64,12.64,25.9,1.3,32.3,24.4,0,132.86,null,null,null
373,01/01/2009,02/01/2009,0.3499999940395355,8.2,368,8.9,20,Clear,odour free,8.2,294,null,null,null,.33,.05,14.6,.5,24,0,210.412,96.642,52.1,.13,.001,20.84,10.69,21.7,1.2,7.23,21.6,0,128.3,null,null,null
374,01/01/2009,02/01/2009,0.3499999940395355,8.2,368,8.9,20,Clear,odour free,8.2,294,null,null,null,.33,.05,14.6,.5,24,0,210.412,96.642,52.1,.13,.001,20.84,10.69,21.7,1.2,7.23,21.6,0,128.3,null,null,null
375,02/02/2009,03/02/2009,1.8489999771118164,7.32,381,6.5,21,Clear,odour free,7.97,333,null,null,null,.53,.03,28,.9,20,0,236.16,119.1,54.1,.27,.001,21.64,15.6,21.3,1.9,29.4,31.2,0,144,null,null,null
376,02/02/2009,03/02/2009,1.8489999771118164,7.32,381,6.5,21,Clear,odour free,7.97,333,null,null,null,.53,.03,28,.9,20,0,236.16,119.1,54.1,.27,.001,21.64,15.6,21.3,1.9,29.4,31.2,0,144,null,null,null
377,02/03/2009,03/03/2009,1.4429999589920044,null,null,5.8,22,Clear,odour free,7.93,336,null,null,null,.27,.02,20,1.5,28,0,247.312,118.917,56,.23,.001,22.4,15.1,19.9,1.6,12.3,27.8,0,150.8,null,null,null
378,02/03/2009,03/03/2009,1.4429999589920044,null,null,5.8,22,Clear,odour free,7.93,336,null,null,null,.27,.02,20,1.5,28,0,247.312,118.917,56,.23,.001,22.4,15.1,19.9,1.6,12.3,27.8,0,150.8,null,null,null
379,01/04/2009,02/04/2009,1.593000054359436,null,null,4.7,24,Clear,odour free,7.85,325,null,null,null,1.82,.07,33,.5,28,0,239.932,125.167,62.25,.27,.001,24.9,15.1,13.8,1.7,14.9,30.8,0,146.3,null,null,null
380,01/04/2009,02/04/2009,1.593000054359436,null,null,4.7,24,Clear,odour free,7.85,325,null,null,null,1.82,.07,33,.5,28,0,239.932,125.167,62.25,.27,.001,24.9,15.1,13.8,1.7,14.9,30.8,0,146.3,null,null,null
381,01/05/2009,,0,null,null,null,null,null,null,null,null,null,null,null,null,null,null,null,null,null,null,null,null,null,null,null,null,null,null,null,null,null,null,null,null,null
382,01/05/2009,,0,null,null,null,null,null,null,null,null,null,null,null,null,null,null,null,null,null,null,null,null,null,null,null,null,null,null,null,null,null,null,null,null,null
383,01/06/2009,,0,null,null,null,null,null,null,null,null,null,null,null,null,null,null,null,null,null,null,null,null,null,null,null,null,null,null,null,null,null,null,null,null,null
384,01/06/2009,,0,null,null,null,null,null,null,null,null,null,null,null,null,null,null,null,null,null,null,null,null,null,null,null,null,null,null,null,null,null,null,null,null,null
385,01/07/2009,,1,null,null,null,null,null,null,null,null,null,null,null,null,null,null,null,null,null,null,null,null,null,null,null,null,null,null,null,null,null,null,null,null,null
386,01/07/2009,,1,null,null,null,null,null,null,null,null,null,null,null,null,null,null,null,null,null,null,null,null,null,null,null,null,null,null,null,null,null,null,null,null,null
387,01/08/2009,02/08/2009,36.571998596191406,null,null,8,24,Light Brown,odour free,8.03,182,null,null,null,null,.02,14.8,2.3,20,0,129.232,72.667,36,.11,.001,14.4,8.8,3.9,1.1,7.1,7,0,78.8,null,null,null
388,01/08/2009,02/08/2009,36.571998596191406,null,null,8,24,Light Brown,odour free,8.03,182,null,null,null,null,.02,14.8,2.3,20,0,129.232,72.667,36,.11,.001,14.4,8.8,3.9,1.1,7.1,7,0,78.8,null,null,null
389,01/09/2009,02/09/2009,76.4469985961914,null,null,6.7,27,Light Brown,odour free,7.82,205,null,null,null,null,.02,18,.9,16,0,147.6,68.583,34,.15,.001,13.6,8.3,8.9,.9,14.7,13,0,90,null,null,null
390,01/09/2009,02/09/2009,76.4469985961914,null,null,6.7,27,Light Brown,odour free,7.82,205,null,null,null,null,.02,18,.9,16,0,147.6,68.583,34,.15,.001,13.6,8.3,8.9,.9,14.7,13,0,90,null,null,null
391,01/10/2009,02/10/2009,51.867000579833984,null,null,6.2,27.5,Clear,odour free,8.31,264,null,null,null,null,.1,30.4,.8,16,11.039,162.431,80.583,46,.17,.001,18.4,8.3,7.9,.9,5.3,22,13.3,85.5,null,null,null
392,01/10/2009,02/10/2009,51.867000579833984,null,null,6.2,27.5,Clear,odour free,8.31,264,null,null,null,null,.1,30.4,.8,16,11.039,162.431,80.583,46,.17,.001,18.4,8.3,7.9,.9,5.3,22,13.3,85.5,null,null,null
393,03/11/2009,04/11/2009,9.166999816894531,null,null,7.6,20.5,Clear,odour free,7.95,365,null,null,null,null,.07,2,.8,28,0,243.54,128.833,64.25,.07,.001,25.7,15.5,13.5,.8,11.4,17,0,148.5,null,null,null
394,03/11/2009,04/11/2009,9.166999816894531,null,null,7.6,20.5,Clear,odour free,7.95,365,null,null,null,null,.07,2,.8,28,0,243.54,128.833,64.25,.07,.001,25.7,15.5,13.5,.8,11.4,17,0,148.5,null,null,null
395,01/12/2009,02/12/2009,4.8470001220703125,null,null,8.3,18,Clear,odour free,7.93,316,null,null,null,null,.03,7,.9,28,0,228.78,112.583,58,.22,.001,23.2,13.1,14,1.5,14.3,20,0,139.5,null,null,null
396,01/12/2009,02/12/2009,4.8470001220703125,null,null,8.3,18,Clear,odour free,7.93,316,null,null,null,null,.03,7,.9,28,0,228.78,112.583,58,.22,.001,23.2,13.1,14,1.5,14.3,20,0,139.5,null,null,null
397,01/01/2010,,0,null,null,null,null,null,null,null,null,null,null,null,null,null,null,null,null,null,null,null,null,null,null,null,null,null,null,null,null,null,null,null,null,null
398,01/01/2010,,0,null,null,null,null,null,null,null,null,null,null,null,null,null,null,null,null,null,null,null,null,null,null,null,null,null,null,null,null,null,null,null,null,null
399,01/02/2010,02/02/2010,3.2660000324249268,null,null,7.5,16,Clear,odour free,7.8,375,null,null,null,null,.04,9.8,.5,32,0,265.68,138.917,72.25,.17,.001,28.9,16,19.4,1.7,20.8,18,0,162,null,null,null
400,01/02/2010,02/02/2010,3.2660000324249268,null,null,7.5,16,Clear,odour free,7.8,375,null,null,null,null,.04,9.8,.5,32,0,265.68,138.917,72.25,.17,.001,28.9,16,19.4,1.7,20.8,18,0,162,null,null,null
401,02/03/2010,03/03/2010,3.0899999141693115,null,null,7.4,21,Clear,odour free,8.2,373,null,null,null,null,.04,22.8,1.3,28,0,269.452,143.333,72.5,.18,.001,29,17,48.6,3.3,41.3,36.2,0,164.3,null,null,null
402,02/03/2010,03/03/2010,3.0899999141693115,null,null,7.4,21,Clear,odour free,8.2,373,null,null,null,null,.04,22.8,1.3,28,0,269.452,143.333,72.5,.18,.001,29,17,48.6,3.3,41.3,36.2,0,164.3,null,null,null
403,01/04/2010,02/04/2010,2.6600000858306885,null,null,6.3,24,Clear,odour free,8.2,345,null,null,null,null,.03,25,.9,28,0,168.92,130.833,66.25,.2,.001,26.5,15.5,22.9,1.5,11.7,25,0,103,null,null,null
404,01/04/2010,02/04/2010,2.6600000858306885,null,null,6.3,24,Clear,odour free,8.2,345,null,null,null,null,.03,25,.9,28,0,168.92,130.833,66.25,.2,.001,26.5,15.5,22.9,1.5,11.7,25,0,103,null,null,null
405,01/05/2010,02/05/2010,2.8589999675750732,null,null,null,27,Clear,odour free,7.8,356,null,null,null,null,.07,16.4,1.1,20,0,262.072,139,70.25,.4,.001,28.1,16.5,13,3.9,7.8,28,0,159.8,null,null,null
406,01/05/2010,02/05/2010,2.8589999675750732,null,null,null,27,Clear,odour free,7.8,356,null,null,null,null,.07,16.4,1.1,20,0,262.072,139,70.25,.4,.001,28.1,16.5,13,3.9,7.8,28,0,159.8,null,null,null
407,01/06/2010,,0,null,null,null,null,null,null,null,null,null,null,null,null,null,null,null,null,null,null,null,null,null,null,null,null,null,null,null,null,null,null,null,null,null
408,01/06/2010,,0,null,null,null,null,null,null,null,null,null,null,null,null,null,null,null,null,null,null,null,null,null,null,null,null,null,null,null,null,null,null,null,null,null
409,01/07/2010,02/07/2010,4.048999786376953,null,null,6.4,26,Brown,odour free,7.5,330,null,null,null,null,.04,14.6,1,20,0,247.148,121.083,60.25,.21,.001,24.1,14.6,7.7,3.4,6,25,0,150.7,null,null,null
410,01/07/2010,02/07/2010,4.048999786376953,null,null,6.4,26,Brown,odour free,7.5,330,null,null,null,null,.04,14.6,1,20,0,247.148,121.083,60.25,.21,.001,24.1,14.6,7.7,3.4,6,25,0,150.7,null,null,null
411,02/08/2010,03/08/2010,72.00199890136719,null,null,6.4,26,Brown,odour free,7.37,298,null,null,null,null,.03,13.6,.8,28,0,196.8,120.917,64.25,.21,.001,25.7,13.6,15.1,1.9,20,22.4,0,120,null,null,null
412,02/08/2010,03/08/2010,72.00199890136719,null,null,6.4,26,Brown,odour free,7.37,298,null,null,null,null,.03,13.6,.8,28,0,196.8,120.917,64.25,.21,.001,25.7,13.6,15.1,1.9,20,22.4,0,120,null,null,null
413,01/09/2010,02/09/2010,49.66699981689453,null,null,6.4,26.5,Light Brown,odour free,7.52,215,null,null,null,null,.01,9.25,.6,24,0,152.356,80.292,41.75,.12,.001,16.7,9.25,13.3,1.6,6,14.4,0,92.9,null,null,null
414,01/09/2010,02/09/2010,49.66699981689453,null,null,6.4,26.5,Light Brown,odour free,7.52,215,null,null,null,null,.01,9.25,.6,24,0,152.356,80.292,41.75,.12,.001,16.7,9.25,13.3,1.6,6,14.4,0,92.9,null,null,null
415,01/10/2010,02/10/2010,16.402999877929688,7.64,null,6.7,30.4,Brown,odour free,7.7,259,null,null,null,null,.03,11.67,.5,28,0,182.86,82.675,34.05,.25,.001,13.62,11.67,9.7,1.1,6.85,23.4,0,111.5,null,null,null
416,01/10/2010,02/10/2010,16.402999877929688,7.64,null,6.7,30.4,Brown,odour free,7.7,259,null,null,null,null,.03,11.67,.5,28,0,182.86,82.675,34.05,.25,.001,13.62,11.67,9.7,1.1,6.85,23.4,0,111.5,null,null,null
417,01/11/2010,02/11/2010,12.779999732971191,7.7,null,7.5,25,Light Brown,odour free,7.68,350,null,null,null,null,.06,16.04,.4,24,0,247.148,128.958,62.125,.1,.001,24.85,16.04,37.8,1.9,43.22,19,0,150.7,null,null,null
418,01/11/2010,02/11/2010,12.779999732971191,7.7,null,7.5,25,Light Brown,odour free,7.68,350,null,null,null,null,.06,16.04,.4,24,0,247.148,128.958,62.125,.1,.001,24.85,16.04,37.8,1.9,43.22,19,0,150.7,null,null,null
419,01/12/2010,02/12/2010,4.4629998207092285,7.91,null,9,25,Clear,odour free,8.02,320,null,null,null,null,.03,15.1,.6,20,0,256.168,122.917,60,.22,.001,24,15.1,25.4,3.1,30.3,30,0,156.2,null,null,null
420,01/12/2010,02/12/2010,4.4629998207092285,7.91,null,9,25,Clear,odour free,8.02,320,null,null,null,null,.03,15.1,.6,20,0,256.168,122.917,60,.22,.001,24,15.1,25.4,3.1,30.3,30,0,156.2,null,null,null
421,01/01/2011,02/01/2011,0,7.33,null,8.2,20.4,Clear,odour free,8.1,127,null,null,null,null,.02,4.9,.4,16,0,88.068,46.417,26,.06,.001,10.4,4.9,15.5,3.1,3.54,11.6,0,53.7,null,null,null
422,01/01/2011,02/01/2011,0,7.33,null,8.2,20.4,Clear,odour free,8.1,127,null,null,null,null,.02,4.9,.4,16,0,88.068,46.417,26,.06,.001,10.4,4.9,15.5,3.1,3.54,11.6,0,53.7,null,null,null
423,01/02/2011,02/02/2011,null,null,null,7.1,21,Clear,odour free,7.8,370,null,null,null,null,.1,16,.6,32,0,253.872,136.917,70.25,.21,.001,28.1,16,21.8,1,26.5,41.8,0,154.8,null,null,null
424,01/03/2011,02/03/2011,null,7.49,null,6,23,Clear,odour free,7.68,462,null,null,null,null,.07,32,.8,32,0,275.52,169,90.25,.16,.001,36.1,18.9,40,4,44,19.6,0,168,null,null,null
425,01/04/2011,02/04/2011,null,7.75,null,5.5,30.3,Clear,odour free,6.9,368,null,null,null,null,.08,21.39,.8,16,0,307.828,167.375,78.25,.09,.001,31.3,21.39,15.9,1.8,17.38,49.6,0,187.7,null,null,null
426,02/05/2011,03/05/2011,null,7.75,null,6.1,30,Clear,odour free,7.4,398,null,null,null,null,.11,15.56,.5,28,0,257.316,138.983,74.15,.1,.001,29.66,15.56,46.5,1.8,52.45,93.4,0,156.9,null,null,null
427,01/06/2011,,null,null,null,null,null,null,null,null,null,null,null,null,null,null,null,null,null,null,null,null,null,null,null,null,null,null,null,null,null,null,null,null,null,null
428,01/07/2011,,0,null,null,null,null,null,null,null,null,null,null,null,null,null,null,null,null,null,null,null,null,null,null,null,null,null,null,null,null,null,null,null,null,null
429,01/07/2011,,0,null,null,null,null,null,null,null,null,null,null,null,null,null,null,null,null,null,null,null,null,null,null,null,null,null,null,null,null,null,null,null,null,null
430,01/08/2011,02/08/2011,null,7.94,null,8.4,31.8,Brown,odour free,7.7,373,null,null,null,null,.01,28,1.4,28,0,257.316,157.333,80.25,.3,.001,32.1,18.5,40,4.7,11.69,30,0,156.9,null,null,null
431,01/09/2011,02/09/2011,260.3789978027344,7.26,null,6.2,27.8,Light Brown,odour free,7.51,245,null,null,null,null,.03,12.6,.4,20,0,172.692,96.583,52,.15,.001,20.8,10.7,7.6,1.9,6.38,18,0,105.3,null,null,null
432,01/09/2011,02/09/2011,260.3789978027344,7.26,null,6.2,27.8,Light Brown,odour free,7.51,245,null,null,null,null,.03,12.6,.4,20,0,172.692,96.583,52,.15,.001,20.8,10.7,7.6,1.9,6.38,18,0,105.3,null,null,null
433,01/10/2011,02/10/2011,26.576000213623047,7.84,null,6.8,30.1,Clear,odour free,8,226,null,null,null,null,.02,16.4,.5,24,0,160.228,88.5,46,.22,.001,18.4,10.2,9.7,1.1,9.23,6.4,0,97.7,null,null,null
434,01/10/2011,02/10/2011,26.576000213623047,7.84,null,6.8,30.1,Clear,odour free,8,226,null,null,null,null,.02,16.4,.5,24,0,160.228,88.5,46,.22,.001,18.4,10.2,9.7,1.1,9.23,6.4,0,97.7,null,null,null
435,01/11/2011,02/11/2011,6.409999847412109,7.7,null,7.7,24,Clear,odour free,8.1,304,null,null,null,null,.06,9.2,.7,20,0,213.2,94.75,36,.24,.001,14.4,14.1,19.5,1.2,32.45,16.8,0,130,null,null,null
436,01/11/2011,02/11/2011,6.409999847412109,7.7,null,7.7,24,Clear,odour free,8.1,304,null,null,null,null,.06,9.2,.7,20,0,213.2,94.75,36,.24,.001,14.4,14.1,19.5,1.2,32.45,16.8,0,130,null,null,null
437,01/12/2011,02/12/2011,0.6850000023841858,7.76,null,6.6,22.7,Clear,odour free,7.9,316,null,null,null,null,.09,9.2,.4,24,0,220.088,120.833,60,.26,.001,24,14.6,16.7,1.4,29.22,32.4,0,134.2,null,null,null
438,01/12/2011,02/12/2011,0.6850000023841858,7.76,null,6.6,22.7,Clear,odour free,7.9,316,null,null,null,null,.09,9.2,.4,24,0,220.088,120.833,60,.26,.001,24,14.6,16.7,1.4,29.22,32.4,0,134.2,null,null,null
439,02/01/2012,03/01/2012,0.3140000104904175,7.64,null,7.4,21.6,Clear,odour free,7.7,292,null,null,null,null,.03,15,.9,20,0,192.864,106.667,60,.1,.001,24,11.2,40,1.4,21.53,26.2,0,117.6,null,null,null
440,02/01/2012,03/01/2012,0.3140000104904175,7.64,null,7.4,21.6,Clear,odour free,7.7,292,null,null,null,null,.03,15,.9,20,0,192.864,106.667,60,.1,.001,24,11.2,40,1.4,21.53,26.2,0,117.6,null,null,null
441,01/02/2012,02/02/2012,3.305999994277954,7.75,null,8.4,22.5,Clear,odour free,8.1,315,null,null,null,null,.08,15.8,1.2,24,0,223.368,125.083,64.25,.22,.001,25.7,14.6,16.7,2.6,24.6,28.6,0,136.2,null,null,null
442,01/02/2012,02/02/2012,3.305999994277954,7.75,null,8.4,22.5,Clear,odour free,8.1,315,null,null,null,null,.08,15.8,1.2,24,0,223.368,125.083,64.25,.22,.001,25.7,14.6,16.7,2.6,24.6,28.6,0,136.2,null,null,null
443,01/03/2012,02/03/2012,2.869999885559082,7.6,null,6.7,22,Clear,odour free,7.5,373,null,null,null,null,.08,18.8,1.2,16,0,233.536,135.167,72.25,.18,.001,28.9,15.1,27.2,2,35.4,22.8,0,142.4,null,null,null
444,01/03/2012,02/03/2012,2.869999885559082,7.6,null,6.7,22,Clear,odour free,7.5,373,null,null,null,null,.08,18.8,1.2,16,0,233.536,135.167,72.25,.18,.001,28.9,15.1,27.2,2,35.4,22.8,0,142.4,null,null,null
445,02/04/2012,03/04/2012,2.242000102996826,7.7,null,7,28.9,Clear,odour free,7.6,357,null,null,null,null,.09,19.4,1.2,20,0,250.428,157.083,76.25,.19,.001,30.5,19.4,21.3,1,14.2,22,0,152.7,null,null,null
446,02/04/2012,03/04/2012,2.242000102996826,7.7,null,7,28.9,Clear,odour free,7.6,357,null,null,null,null,.09,19.4,1.2,20,0,250.428,157.083,76.25,.19,.001,30.5,19.4,21.3,1,14.2,22,0,152.7,null,null,null
447,01/05/2012,02/05/2012,1.3220000267028809,7.79,null,5.4,31.9,Clear,odour free,8,345,null,null,null,null,.08,18,.4,24,0,250.428,151.167,78.25,.2,.01,31.3,17.5,23.6,1,50.8,21.8,0,152.7,null,null,null
448,01/05/2012,02/05/2012,1.3220000267028809,7.79,null,5.4,31.9,Clear,odour free,8,345,null,null,null,null,.08,18,.4,24,0,250.428,151.167,78.25,.2,.01,31.3,17.5,23.6,1,50.8,21.8,0,152.7,null,null,null
449,01/06/2012,,null,null,null,null,null,null,null,null,null,null,null,null,null,null,null,null,null,null,null,null,null,null,null,null,null,null,null,null,null,null,null,null,null,null
450,02/07/2012,03/07/2012,null,7.9,null,6.4,30.9,Clear,odour free,8.2,241,null,null,null,null,.08,12,1.3,20,0,175.972,114.667,58,.2,.001,23.2,13.6,8,1.2,12.3,19,0,107.3,null,null,null
451,01/08/2012,02/08/2012,null,7.4,null,7.1,26.5,Brown,odour free,8.2,206,null,null,null,null,.06,16,.9,24,0,142.68,64.083,42,.18,.001,16.8,5.3,7.6,1.3,6.5,24.6,0,87,null,null,null
452,01/09/2012,02/09/2012,null,7.95,null,6.8,30.7,Light Brown,odour free,7.8,232,null,null,null,null,.06,13,.8,24,0,159.08,80.333,42,.16,.001,16.8,9.2,11.7,.8,9.7,16.6,0,97,null,null,null
453,01/10/2012,02/10/2012,null,7.97,null,8.8,30.2,Light Brown,odour free,8,177,null,null,null,null,.04,12.4,1.7,20,0,138.744,84.417,44,.14,.001,17.6,9.7,19.8,1,7.4,7.2,0,84.6,null,null,null
454,01/11/2012,02/11/2012,null,8.08,null,8.2,25.7,Brown,odour free,7.5,363,null,null,null,null,.04,12.2,.8,24,0,288.476,116.583,62,.28,.001,24.8,13.1,24.1,1.4,16.9,18.4,0,175.9,null,null,null
455,01/12/2012,02/12/2012,null,8.14,null,8,22.3,Clear,odour free,7.9,356,null,null,null,null,.08,12,.3,20,0,264.04,131.167,68.25,.3,.001,27.3,15.1,23.4,1.8,16.2,20,0,161,null,null,null
456,01/01/2013,02/01/2013,null,8.24,null,8.6,22.1,Clear,odour free,8.2,337,null,null,null,null,.06,14,.9,24,0,232.06,116.833,72.25,.2,.001,28.9,10.7,46.7,.5,14,25,0,141.5,null,null,null
457,01/02/2013,02/02/2013,null,8.08,null,9,19.8,Clear,odour free,8,408,null,null,null,null,.1,15,1.5,28,11.952,316.788,136.917,100.25,.18,.001,40.1,8.8,5.6,1,25,30,14.4,178.5,null,null,null
458,01/03/2013,02/03/2013,null,8.13,null,7.8,24.3,Clear,odour free,8.5,412,null,null,null,null,.08,17.5,.4,20,0,324.064,100.333,88.25,.24,.001,35.3,2.9,52.4,6.3,77,24,0,197.6,null,null,null
459,01/04/2013,02/04/2013,null,8,null,6.2,29.8,Clear,odour free,8.6,353,null,null,null,null,.06,20,.4,20,13.944,368.192,84.167,60,.2,.001,24,5.8,46.3,4.6,17,27,16.8,207.4,null,null,null
460,01/05/2013,02/05/2013,null,8.15,null,4.2,32.5,Clear,odour free,8.25,341,null,null,null,null,.08,17.5,.9,24,5.976,288.2,121,72.25,.22,.001,28.9,11.7,51.3,6.4,14,20,7.2,168.4,null,null,null
461,01/06/2013,,null,null,null,null,null,null,null,null,null,null,null,null,null,null,null,null,null,null,null,null,null,null,null,null,null,null,null,null,null,null,null,null,null,null
462,01/07/2013,02/07/2013,null,8.04,null,7.6,29.2,Light Brown,odour free,8.79,274,null,null,null,null,null,null,.3,null,7.968,260.064,116.75,68,null,null,27.2,11.7,22.43,3.9,26,null,9.6,148.8,null,null,null
463,01/08/2013,02/08/2013,null,7.36,null,6.2,26.5,Brown,odour free,8.25,186,null,null,null,null,null,null,.9,null,0,176.07,72.392,48.1,null,null,19.24,5.83,8.66,5.23,20,null,0,107.36,null,null,null
464,02/09/2013,03/09/2013,null,7.51,null,6.9,30.2,Light Brown,odour free,7.72,220,null,null,null,null,null,null,.9,null,0,232.093,104.583,68.125,null,null,27.25,8.75,9.04,1.73,19,null,0,141.52,null,null,null
465,01/10/2013,02/10/2013,null,7.27,null,7.3,27.9,Light Brown,odour free,8.1,217,null,null,null,null,null,null,.6,null,0,244.098,92.417,68.125,null,null,27.25,5.83,8.17,2.23,13,null,0,148.84,null,null,null
466,01/11/2013,02/11/2013,null,7.66,null,8.5,26.6,Light Brown,odour free,8.2,299,null,null,null,null,null,null,.1,null,0,312.125,144.417,132.25,null,null,52.9,2.92,21.51,21.73,18,null,0,190.32,null,null,null
467,02/12/2013,03/12/2013,null,7.61,null,8.2,23.5,Clear,odour free,8.13,317,null,null,null,null,null,null,.5,null,0,336.134,140.758,92.175,null,null,36.87,11.66,21.92,1.26,17,null,0,204.96,null,null,null
468,01/01/2014,02/01/2014,null,7.59,null,8.4,20,Clear,odour free,8.3,301,null,null,null,null,null,null,1.1,null,0,328.131,128.533,100.2,null,null,40.08,6.8,57.85,8.35,20,null,0,200.08,null,null,null
469,01/02/2014,02/02/2014,null,7.77,null,9.7,20,Clear,odour free,8.6,123,null,null,null,null,null,null,2.1,null,0,388.155,128.492,104.2,null,null,41.68,5.83,34.9,3.18,27,null,0,236.68,null,null,null
470,01/03/2014,02/03/2014,null,8.13,null,7.5,24.8,Clear,odour free,7.84,443,null,null,null,null,null,null,1.4,null,0,368.147,233.033,176.325,null,null,70.53,13.61,34.97,3.7,25,null,0,224.48,null,null,null
471,01/04/2014,02/04/2014,null,8.24,null,7.8,29.7,Clear,odour free,8.08,344,null,null,null,null,null,null,1.3,null,.747,341.639,172.892,120.225,null,null,48.09,12.64,30.16,2.86,27,null,.9,207.4,null,null,null
472,01/05/2014,02/05/2014,null,8.85,null,6.8,31.9,Clear,odour free,8.23,325,null,null,null,null,null,null,1,null,.166,264.44,120.692,76.15,null,null,30.46,10.69,13.84,3.47,25,null,.2,161.04,null,null,null
473,02/06/2014,03/06/2014,null,8.15,null,8.5,32.6,Clear,odour free,8.59,253,null,null,null,null,null,null,.2,null,5.976,272.128,108.625,68.125,null,null,27.25,9.72,25.81,2.32,12,null,7.2,158.6,null,null,null
474,01/07/2014,02/07/2014,null,null,null,7.3,32.6,Light Brown,odour free,8.25,492,null,null,null,null,null,null,.4,null,0,71.438,120.65,80.15,null,null,32.06,9.72,29.14,5.36,22,null,0,43.56,null,null,null
475,01/08/2014,02/08/2014,null,null,null,5.3,29,Brown,odour free,7.62,167,null,null,null,null,null,null,1.2,null,0,200.08,76.408,44.075,null,null,17.63,7.76,12.33,5.38,17,null,0,122,null,null,null
476,01/09/2014,02/09/2014,null,7.22,null,7.2,28.6,Brown,odour free,7.92,208,null,null,null,null,null,null,.3,null,0,216.086,92.417,68.125,null,null,27.25,5.83,14.86,2.28,14,null,0,131.76,null,null,null
477,01/10/2014,02/10/2014,null,7.17,null,8.4,33.1,Light Brown,odour free,8.15,232,null,null,null,null,null,null,1.2,null,0,272.109,116.708,68.125,null,null,27.25,11.66,20.37,1.6,14,null,0,165.92,null,null,null
478,01/11/2014,02/11/2014,null,7.16,null,9.3,26.4,Light Brown,odour free,8.55,299,null,null,null,null,null,null,1.5,null,0,336.2,148.742,104.2,null,null,41.68,10.69,16.15,2.7,25,null,0,205,null,null,null
479,01/12/2014,02/12/2014,null,7.06,null,8.7,19.6,Clear,odour free,8.39,310,null,null,null,null,null,null,1.3,null,0,360.144,108.342,96.175,null,null,38.47,2.92,21.43,2.17,18,null,0,219.6,null,null,null
480,01/01/2015,02/01/2015,null,7.8,null,7.8,17.5,Clear,odour free,8.49,284,null,null,null,null,null,null,1.2,null,0,312.092,157.15,76.15,null,null,30.46,19.44,31.44,2.45,21,null,0,190.3,null,null,null
481,02/02/2015,03/02/2015,null,7.12,null,8.4,18,Clear,odour free,8.3,336,null,null,null,.14,.04,10.2,.5,null,0,340.136,177.158,100.2,null,null,40.08,18.47,17.82,5.67,26,24.4,0,207.4,null,null,null
482,02/03/2015,03/03/2015,null,7.16,null,6.8,24.5,Clear,odour free,8.65,371,null,null,null,.16,.04,12.5,1.4,null,21.912,396.196,168.892,116.225,null,null,46.49,12.64,17.1,.65,26,24,26.4,214.7,null,null,null
483,01/04/2015,02/04/2015,null,7.08,null,6.6,26,Clear,odour free,8.12,321,null,null,null,.29,.03,17.5,2.3,null,23.904,244.24,120.792,68.125,null,null,27.25,12.64,51.15,7.33,16,28.5,28.8,119.6,null,null,null
484,01/05/2015,02/05/2015,null,8.22,null,6.7,31,Clear,odour free,8.12,323,null,null,null,.29,.07,16,.1,null,23.904,332.144,180.917,128.25,null,null,51.3,12.64,25.44,2.44,18,21.5,28.8,173.2,null,null,null
485,01/06/2015,,null,null,null,null,null,null,null,null,null,null,null,null,null,null,null,null,null,null,null,null,null,null,null,null,null,null,null,null,null,null,null,null,null,null
486,01/07/2015,02/07/2015,null,7.1,null,6.3,28,Light Brown,odour free,8.05,219,null,null,null,null,null,null,.1,null,7.968,228.084,124.833,68.125,null,null,27.25,13.61,9.48,3.29,14,null,9.6,129.3,null,null,null
487,01/08/2015,02/08/2015,null,7.96,null,6.3,30,Light Brown,odour free,8.12,261.4,null,null,null,null,null,null,.1,null,0,172.036,40.317,16.025,null,null,6.41,5.83,16.67,3.14,14,null,0,104.9,null,null,null
488,01/09/2015,02/09/2015,null,7.48,267.4,5.8,27.5,Light Brown,odour free,7.5,163,null,null,null,null,null,null,.2,null,0,200.736,108.567,76.15,null,null,30.46,7.78,12.23,2.82,15,null,0,122.4,null,null,null
489,01/10/2015,02/10/2015,null,8.15,276.4,6.5,30.8,Clear,odour free,8.12,234,null,null,null,null,null,null,.1,null,0,244.032,149.067,76.15,null,null,30.46,17.5,24.24,8.24,13,null,0,148.8,null,null,null
490,02/11/2015,02/11/2015,null,7.51,313.8,8,27.3,Clear,odour free,8.2,294,null,null,null,null,null,null,.2,null,5.976,164.052,140.842,88.175,null,null,35.27,12.64,26.23,7.36,9,null,7.2,92.7,null,null,null
491,01/12/2015,02/12/2015,null,7.38,280.5,7.6,24.5,Clear,odour free,8.2,276,null,null,null,null,null,null,.6,null,0,360.144,137.733,89.15,null,null,35.66,11.66,23.63,5.87,24,null,0,219.6,null,null,null
492,01/01/2016,02/01/2016,null,7.49,249.1,8.5,21.5,Clear,odour free,8.15,260,null,null,null,null,null,null,1,null,0,304.056,112.483,84.15,null,null,33.66,6.8,31.3,6.23,18,null,0,185.4,null,null,null
