Standard Parameter Analysis Data of : Sankosh (BH000G7)
Laboratory : lbd jalpaiguri 
Period : January-2005 To January-2015 
S.No.,Date_of_Collection,Date_of_Receipt,Discharge(cumecs),pH_FLD,EC_FLD(umho/cm),DO(mg/l),Water Temp(deg C),Colour,Odour,pH_GEN,EC_GEN(umho/cm),TDS(mg/l),SS(mg/l),NH3(mg N/l),NO2+NO3(mg N/l),Total_Nutrients(mg P/l),SiO2(mg/l),BOD(mg/l),COD(mg/l),Phen(mg CaCO3/l),Total_Alkallnity(mg CaCO3/l),Total_Hardness(mg CaCO3/l),Ca_Hardness(mg CaCO3/l),F(mg/l),B(mg/l),Ca_Major_Ions(mg/l),Mg(mg/l),Na(mg/l),K(mg/l),Cl(mg/l),SO4(mg/l),CO3(mg/l),HCO3(mg/l),Total_Coliforms(MPN/100ml),Faecal(MPN/100ml),Chlorophyll-A(ug/L)
1,01/06/2005,01/06/2005,null,null,null,null,21,Clear,odour free,7.5,98,61,null,0,0,null,null,null,null,0,50,78.037,34.5,0,0,13.8,10.449,0,1.486,8.165,.384,0,61,null,null,null
2,01/07/2005,01/07/2005,null,null,null,null,null,null,null,null,null,null,null,null,null,null,null,null,null,null,null,null,null,null,null,null,null,null,null,null,null,null,null,null,null,null
3,01/08/2005,01/08/2005,null,null,null,null,20,Clear,odour free,7.5,87,65,null,0,0,null,null,null,null,0,46,65.038,21.5,0,0,8.6,10.449,2.093,.899,7.1,.288,0,56.12,null,null,null
4,01/09/2005,01/09/2005,null,null,null,null,21,Clear,odour free,7.6,100,73,null,0,0,null,null,null,null,0,44,77.644,25.5,0,0,10.2,12.514,2.507,1.017,6.035,.336,0,53.68,null,null,null
5,03/10/2005,03/10/2005,null,null,null,null,19,Clear,odour free,8.1,99,64,null,0,0,null,null,null,null,0,46,82.25,21.5,0,0,8.6,14.58,2.806,1.095,4.97,.336,0,56.12,null,null,null
6,02/11/2005,02/11/2005,null,null,null,null,20,Clear,odour free,7.9,96,62,null,0,0,null,null,null,null,0,44,65.038,21.5,0,0,8.6,10.449,2.99,.782,8.875,.336,0,53.68,null,null,null
7,01/12/2005,01/12/2005,null,null,null,null,16,Clear,odour free,7.6,103,61,null,0,0,null,null,null,null,0,48,95.412,21.5,0,0,8.6,17.739,3.496,.899,7.1,.24,0,58.56,null,null,null
8,02/01/2006,02/01/2006,null,null,null,null,13,Clear,odour free,7.4,118,67,null,0,0,null,null,null,null,0,46,155.95,38.5,0,0,15.4,28.188,2.99,1.017,6.035,.24,0,56.12,null,null,null
9,01/02/2006,01/02/2006,null,null,null,null,18,Clear,odour free,7.5,117,61,null,0,0,null,null,null,null,0,68,95.863,26,0,0,10.4,16.767,2.53,1.095,3.905,.384,0,82.96,null,null,null
10,01/03/2006,01/03/2006,null,null,null,null,19,Clear,odour free,7.5,116,74,null,0,0,null,null,null,null,0,68,73.537,30,0,0,12,10.449,1.794,.782,4.97,.24,0,82.96,null,null,null
11,03/04/2006,03/04/2006,null,null,null,null,20,Clear,odour free,7.4,112,77,null,0,0,null,null,null,null,0,52,86.7,30,0,0,12,13.608,2.001,1.095,6.035,.48,0,63.44,null,null,null
12,01/05/2006,01/05/2006,null,null,null,null,23,Clear,odour free,7.6,103,70,null,0,0,null,null,null,null,2.988,58,56.162,43,0,0,17.2,3.159,2.99,1.212,4.97,.336,3.6,63.44,null,null,null
13,01/06/2006,02/06/2006,null,null,null,null,21,Clear,odour free,7.5,81,54,null,null,null,null,null,null,null,0,44,51.769,30,null,null,12,5.225,1.61,1.212,4.97,.48,0,53.68,null,null,null
14,03/07/2006,04/07/2006,null,null,null,null,22,Clear,odour free,7.6,91,63,null,null,null,null,null,null,null,0,30,60.269,38.5,null,null,15.4,5.225,null,null,7.1,.336,0,36.6,null,null,null
15,01/08/2006,02/08/2006,null,null,null,null,20,Clear,odour free,7.5,90,60,null,null,null,null,null,null,null,0,46,78.037,34.5,null,null,13.8,10.449,null,null,4.97,.288,0,56.12,null,null,null
16,01/09/2006,02/09/2006,null,null,null,null,21,Clear,odour free,7.7,81,60,null,null,null,null,null,null,null,0,52,78.037,34.5,null,null,13.8,10.449,null,null,3.905,.432,0,63.44,null,null,null
17,03/10/2006,04/10/2006,null,null,null,null,21,Clear,odour free,7.8,78,50,null,null,null,null,null,null,null,3.984,54,51.875,21.5,null,null,8.6,7.29,null,null,6.035,.336,4.8,56.12,null,null,null
18,01/11/2006,02/11/2006,null,null,null,null,16,Clear,odour free,7.5,87,54,null,null,null,null,null,null,null,0,60,86.325,60,null,null,24,6.318,1.15,1.095,4.97,.384,0,73.2,null,null,null
19,04/12/2006,06/12/2006,null,null,null,null,15,Clear,odour free,7.2,113,62,null,null,null,null,null,null,null,0,62,95.2,38.5,null,null,15.4,13.608,1.15,1.095,4.97,.336,0,75.64,null,null,null
20,02/01/2007,03/01/2007,null,null,null,null,13,Clear,odour free,7.3,106.4,51.3,null,null,null,null,null,null,null,0,64,117.238,17,null,null,6.8,24.057,2.76,1.017,6.035,.384,0,78.08,null,null,null
21,01/02/2007,02/02/2007,null,null,null,null,13,Clear,odour free,7.7,111.6,66,null,null,null,null,null,null,null,0,52,121.306,56,null,null,22.4,15.674,2.691,.899,6.035,.384,0,63.44,null,null,null
22,01/03/2007,02/03/2007,null,null,null,null,13,Clear,odour free,7.1,122.9,77,null,null,null,null,null,null,null,0,62,108.2,51.5,0,null,20.6,13.608,2.208,1.095,7.1,.48,0,75.64,null,null,null
23,02/04/2007,02/04/2007,null,null,null,null,20,Clear,odour free,7,87,57,null,null,null,null,null,null,null,0,72,117.631,26,null,null,10.4,21.992,2.3,.821,8.875,.48,0,87.84,null,null,null
24,03/05/2007,04/05/2007,null,null,null,null,20,Clear,odour free,6.9,99.1,69.9,null,null,null,null,null,null,null,0,80,95.469,17,null,null,6.8,18.833,2.208,1.017,8.875,.48,0,97.6,null,null,null
25,01/06/2007,02/06/2007,null,null,null,null,20,Clear,odour free,7.2,103.4,71.6,null,null,null,null,null,null,null,0,84,116.731,17,null,null,6.8,23.935,2.208,1.095,11.005,.48,0,102.48,null,null,null
26,02/07/2007,03/07/2007,null,null,null,null,22,Brown,odour free,8.2,101.9,74.7,null,null,null,null,null,null,null,2.988,42,68.713,51.5,null,null,20.6,4.131,2.599,1.017,9.94,.48,3.6,43.92,null,null,null
27,01/08/2007,03/08/2007,null,null,null,null,20,Brown,odour free,7.5,105.2,75.7,null,null,null,null,null,null,null,.996,40,47.875,17.5,null,null,7,7.29,2.599,.899,9.94,.48,1.2,46.36,null,null,null
28,03/09/2007,04/09/2007,null,null,null,null,22,Light Brown,odour free,7.5,90.5,62.7,null,null,null,null,null,null,null,0,32,47.931,13,null,null,5.2,8.384,2.3,1.017,19.88,.432,0,39.04,null,null,null
29,03/10/2007,04/10/2007,null,null,null,null,21,Clear,odour free,7.5,111.5,78.5,null,null,null,null,null,null,null,0,58,47.931,13,null,null,5.2,8.384,2.208,.899,9.94,.48,0,70.76,null,null,null
30,01/11/2007,02/11/2007,null,null,null,null,20,Clear,odour free,7.4,77.3,41,null,null,null,null,null,null,null,0,66,91.412,17.5,null,null,7,17.739,2.599,1.212,12.07,null,0,80.52,null,null,null
31,03/12/2007,04/12/2007,null,null,null,null,16,Light Brown,odour free,7.3,120,78,null,null,null,null,null,null,null,2.988,60,103.644,51.5,null,null,20.6,12.514,2.208,1.72,3.905,null,3.6,65.88,null,null,null
32,01/01/2008,02/01/2008,null,null,null,null,13,Clear,odour free,7.2,98,62,null,null,null,null,null,null,null,0,196,68.713,51.5,null,null,20.6,4.131,2.691,1.095,2.84,null,0,239.12,null,null,null
33,01/02/2008,02/02/2008,null,null,null,null,11,Clear,odour free,7.6,117,62,null,null,null,null,null,null,null,0,60,94.875,64.5,null,null,25.8,7.29,2.208,1.095,3.905,null,0,73.2,null,null,null
34,03/03/2008,04/03/2008,null,null,null,null,13,Clear,odour free,7.2,114,72,null,null,null,null,null,null,null,0,46,82.306,17,null,null,6.8,15.674,2.3,.899,13.135,.528,0,56.12,null,null,null
35,01/04/2008,02/04/2008,null,null,null,null,16,Clear,odour free,7.3,111,66,null,null,null,null,null,null,null,2.988,62,64.875,34.5,null,null,13.8,7.29,2.001,.899,3.905,.48,3.6,68.32,null,null,null
36,05/05/2008,06/05/2008,null,null,null,null,17,Clear,odour free,7.2,108,73,null,null,null,null,null,null,null,3.984,56,56.106,47.5,null,null,19,2.066,2.208,1.212,4.97,.48,4.8,58.56,null,null,null
37,02/06/2008,03/06/2008,null,null,null,null,22,Clear,odour free,7.2,99,72,null,null,null,null,null,null,null,4.98,54,73.269,51.5,null,null,20.6,5.225,2.9,1.4,6.035,null,6,53.68,null,null,null
38,01/07/2008,02/07/2008,null,null,null,null,21,Light Brown,odour free,7.8,93,68,null,null,null,null,null,null,null,4.98,46,47.556,43,null,null,17.2,1.094,2.9,1.8,3.905,null,6,43.92,null,null,null
39,01/08/2008,02/08/2008,null,null,null,null,22,Light Brown,odour free,7.3,80,59,null,null,null,null,null,null,null,0,48,77.481,38.5,null,null,15.4,9.356,3,1.4,4.97,null,0,58.56,null,null,null
40,01/09/2008,02/09/2008,null,null,null,null,21,Brown,odour free,7.3,88,64,null,null,null,null,null,null,null,0,46,86.537,43,null,null,17.2,10.449,5,1,4.97,null,0,56.12,null,null,null
41,03/10/2008,04/10/2008,null,null,null,null,21,Clear,odour free,7.2,99,71,null,null,null,null,null,null,null,0,52,77.213,60,null,null,24,4.131,3,2,6.035,null,0,63.44,null,null,null
42,03/11/2008,04/11/2008,null,null,null,null,20,Clear,odour free,7.95,110,72,null,null,null,null,null,null,null,null,null,null,null,null,null,null,null,5,2,6.035,null,null,null,null,null,null
43,01/12/2008,03/12/2008,null,null,null,null,18,Clear,odour free,6.9,103,69,null,null,null,null,null,null,null,null,null,null,null,null,null,null,null,4,2,6.035,null,null,null,null,null,null
44,01/01/2009,02/01/2009,null,null,null,null,15,Clear,odour free,6.71,109,106,null,null,null,null,null,null,null,null,null,null,null,null,null,null,null,4,2,5,null,null,null,null,null,null
45,02/02/2009,03/02/2009,null,null,null,null,11,Clear,odour free,6.79,114,67,null,null,null,null,null,null,null,null,null,null,null,null,null,null,null,5,4,4,null,null,null,null,null,null
46,02/03/2009,03/03/2009,null,null,null,null,12,Clear,odour free,7.26,110,65,null,null,null,null,null,null,null,null,null,null,null,null,null,null,null,3,2,6,null,null,null,null,null,null
47,01/04/2009,03/04/2009,null,null,null,null,null,Clear,odour free,8.4,113.3,52,null,null,null,null,null,null,null,1.228,50.106,56.267,44.1,null,null,17.64,2.92,2.25,1.6,11.91,null,1.48,58.12,null,null,null
48,04/05/2009,05/05/2009,null,null,null,null,null,Light Brown,odour free,8.4,97.4,57,null,null,null,null,null,null,null,3.66,45.842,64.267,50.1,null,null,20.04,3.4,2.3,1.18,11.39,null,4.41,46.96,null,null,null
49,01/06/2009,02/06/2009,null,null,null,null,null,Light Brown,odour free,8.12,150.2,99,null,null,null,null,null,null,null,null,null,null,null,null,null,null,null,2.549,1.97,13.49,null,null,null,null,null,null
50,01/07/2009,02/07/2009,null,null,null,null,17,Clear,odour free,8.31,122.4,57.37,null,null,null,null,null,null,null,null,null,null,null,null,null,null,null,1.7,1.82,5.99,null,null,null,null,null,null
51,03/08/2009,04/08/2009,null,null,null,null,22,Brown,odour free,7.26,128.6,55.9,null,null,null,null,null,null,null,null,null,null,null,null,null,null,null,1.19,1.657,4.99,null,null,null,null,null,null
52,01/09/2009,02/09/2009,null,null,null,null,22,Brown,odour free,7.4,189,85,null,null,null,null,null,null,null,null,null,null,null,null,null,null,null,6.43,1.9,3.998,null,null,null,null,null,null
53,05/10/2009,06/10/2009,null,null,null,null,20,Light Brown,odour free,7.45,122,55.4,null,null,null,null,null,null,null,null,null,null,null,null,null,null,null,3.15,1.06,1.99,null,null,null,null,null,null
54,03/11/2009,04/11/2009,null,null,null,null,18,Clear,odour free,7.41,160.9,59.7,null,null,null,null,null,null,null,null,null,null,null,null,null,null,null,1.747,1.01,3.99,null,null,null,null,null,null
55,01/12/2009,02/12/2009,null,null,null,null,14,Clear,odour free,7.46,115.3,67.2,null,null,null,null,null,null,null,null,null,null,null,null,null,null,null,2.18,1.14,1.5,null,null,null,null,null,null
56,01/01/2010,02/01/2010,null,null,null,null,10,Clear,odour free,7.1,112.2,67,null,null,null,null,null,null,null,null,null,null,null,null,null,null,null,2.83,1.03,1.01,null,null,null,null,null,null
57,01/02/2010,02/02/2010,null,null,null,null,null,Clear,odour free,7.8,196,108,null,null,null,null,null,null,null,null,null,null,null,null,null,null,null,3.9,1.1,1.9,null,null,null,null,null,null
58,01/03/2010,02/03/2010,null,null,null,null,null,Clear,odour free,6.8,201,117,null,null,null,null,null,null,null,null,null,null,null,null,null,null,null,4.5,1.5,1.8,null,null,null,null,null,null
59,05/04/2010,06/04/2010,null,null,null,null,null,Clear,odour free,7.1,168,89,null,null,null,null,null,null,null,0,62.295,126.667,107.5,null,null,43,4.6,3.1,1.5,1.8,null,0,76,null,null,null
60,02/06/2010,03/06/2010,null,null,null,null,null,Clear,odour free,null,null,null,null,null,null,null,null,null,null,null,null,null,null,null,null,null,null,null,null,null,null,null,null,null,null,null
61,01/07/2010,02/07/2010,null,null,null,null,null,Clear,odour free,null,null,null,null,null,null,null,null,null,null,null,null,null,null,null,null,null,null,null,null,null,null,null,null,null,null,null
62,02/08/2010,03/08/2010,null,null,null,null,null,Clear,odour free,null,null,null,null,null,null,null,null,null,null,null,null,null,null,null,null,null,null,null,null,null,null,null,null,null,null,null
63,01/09/2010,02/09/2010,null,null,null,null,null,Clear,odour free,null,null,null,null,null,null,null,null,null,null,null,null,null,null,null,null,null,null,null,null,null,null,null,null,null,null,null
64,04/10/2010,05/10/2010,null,null,null,null,null,Clear,odour free,null,null,null,null,null,null,null,null,null,null,null,null,null,null,null,null,null,null,null,null,null,null,null,null,null,null,null
65,01/11/2010,02/11/2010,null,null,null,null,null,Clear,odour free,null,null,null,null,null,null,null,null,null,null,null,null,null,null,null,null,null,null,null,null,null,null,null,null,null,null,null
66,01/12/2010,02/12/2010,null,null,null,null,null,Clear,odour free,null,null,null,null,null,null,null,null,null,null,null,null,null,null,null,null,null,null,null,null,null,null,null,null,null,null,null
67,03/01/2011,04/01/2011,null,null,null,null,null,Clear,odour free,7,120,71,null,null,null,null,null,.8,null,null,null,null,null,null,null,null,null,6,6,2.01,null,null,null,null,null,null
68,01/02/2011,02/02/2011,null,null,null,null,null,Clear,odour free,7.2,119,63,null,null,null,null,null,.8,null,null,null,null,null,null,null,null,null,7.1,5.9,2.01,null,null,null,null,null,null
69,01/03/2011,02/03/2011,null,null,null,null,null,Clear,odour free,8.3,130.2,62.2,null,null,null,null,null,.9,null,null,null,null,null,null,null,null,null,5.27,3.81,2.01,null,null,null,null,null,null
70,01/04/2011,02/04/2011,null,null,null,null,null,Clear,odour free,7.1,139.7,62.2,null,null,null,null,null,.8,null,0,48.033,74.833,59,null,null,23.6,3.8,5.1,4,2.52,1,0,58.6,null,null,null
71,02/05/2011,03/05/2011,null,null,null,null,null,Other,odour free,6.9,121.7,56,null,null,null,null,null,.9,null,null,null,null,null,null,null,null,null,3.86,4.18,2.88,null,null,null,null,null,null
72,01/06/2011,02/06/2011,null,null,null,null,null,Other,odour free,7.1,100,46,null,null,null,null,null,null,null,null,null,null,null,null,null,null,null,4.8,6,2.88,null,null,null,null,null,null
73,01/07/2011,02/07/2011,null,null,null,null,null,Other,odour free,6.9,114,55,null,null,null,null,null,null,null,null,null,null,null,null,null,null,null,5.6,4.7,2.88,null,null,null,null,null,null
74,01/08/2011,02/08/2011,null,null,null,null,null,Clear,odour free,7.5,108,48.6,null,null,null,null,null,null,null,null,null,null,null,null,null,null,null,5,5.3,2.88,null,null,null,null,null,null
75,01/09/2011,02/09/2011,null,null,null,null,null,Clear,odour free,7.6,134,75,null,null,null,null,null,null,null,null,null,null,null,null,null,null,null,4.9,5.1,2.01,null,null,null,null,null,null
76,11/10/2011,12/10/2011,null,null,null,null,null,Clear,odour free,7.6,122,72,null,null,null,null,null,null,null,null,null,null,null,null,null,null,null,4.54,4.08,2.01,null,null,null,null,null,null
77,01/11/2011,02/11/2011,null,null,null,null,null,Clear,odour free,7.3,110,56,null,null,null,null,null,null,null,null,null,null,null,null,null,null,null,5.1,4.2,4.5,null,null,null,null,null,null
78,01/12/2011,01/12/2011,null,null,null,null,null,Clear,odour free,7.15,102,54,null,null,null,null,null,null,null,null,null,null,null,null,null,null,null,5.3,4,4.99,null,null,null,null,null,null
79,03/01/2012,03/01/2012,null,null,null,null,null,Clear,odour free,7.4,122,72,null,null,null,null,null,null,null,null,null,null,null,null,null,null,null,7,5.8,2,null,null,null,null,null,null
80,02/02/2012,02/02/2012,null,null,null,null,null,Clear,odour free,6.8,112,62,null,null,null,null,null,null,null,null,null,null,null,null,null,null,null,5.1,3.7,2,null,null,null,null,null,null
81,01/03/2012,01/03/2012,null,null,null,null,null,Clear,odour free,7.8,119,63,null,null,null,null,null,null,null,null,null,null,null,null,null,null,null,6.3,4.1,4.99,null,null,null,null,null,null
82,02/04/2012,03/04/2012,null,null,null,null,null,Clear,odour free,7.2,111.4,56.4,null,null,null,null,null,null,null,0,91.803,124.3,112.175,null,null,44.87,2.91,2.6,3.6,14,null,0,112,null,null,null
83,02/05/2012,02/05/2012,null,null,null,null,null,Clear,odour free,8.2,118,105,null,null,null,null,null,null,null,null,null,null,null,null,null,null,null,4.2,3.6,14,null,null,null,null,null,null
84,02/06/2012,02/06/2012,null,null,null,6.1,25,Other,odour free,7.82,102,48.6,null,null,null,null,null,.7,null,null,null,null,null,null,null,null,null,5.6,4.7,2.88,null,null,null,null,null,null
85,02/07/2012,04/07/2013,null,null,null,6.5,null,Clear,odour free,7.1,126.4,60.4,null,null,null,null,null,null,16.32,null,null,null,null,null,null,null,null,3.6,3,6,null,null,null,null,null,null
86,02/08/2012,02/08/2013,null,null,null,6.1,null,Clear,odour free,7.15,125.4,55.4,null,null,null,null,null,1.1,24.48,null,null,null,null,null,null,null,null,1.9,3.9,5.49,null,null,null,null,null,null
87,04/09/2012,04/09/2013,null,null,null,6.3,null,Clear,odour free,7.4,107.4,49.4,null,null,null,null,null,.9,14.28,null,null,null,null,null,null,null,null,1.8,3.9,5.48,null,null,null,null,null,null
88,01/10/2012,01/10/2013,null,null,null,6.6,null,Clear,odour free,7.1,141.4,65.7,null,null,null,null,null,1,16.32,null,null,null,null,null,null,null,null,2.3,4.2,5.98,null,null,null,null,null,null
89,02/11/2012,02/11/2013,null,null,null,5.8,null,Clear,odour free,7.9,119.9,44.2,null,null,null,null,null,1.2,20.4,null,null,null,null,null,null,null,null,4.3,4.7,8.48,null,null,null,null,null,null
90,03/12/2012,03/12/2013,null,null,null,5.4,null,Clear,odour free,8.41,89.3,63.7,null,null,null,null,null,1.4,16.32,null,null,null,null,null,null,null,null,2.43,3.17,6.36,null,null,null,null,null,null
91,02/01/2013,02/01/2013,null,null,null,5.8,null,Clear,odour free,8.86,65.45,42.8,null,null,null,null,null,1,14.28,null,null,null,null,null,null,null,null,2.8,3.3,7.56,null,null,null,null,null,null
92,02/02/2013,02/02/2013,null,null,null,6.5,null,Clear,odour free,7.19,119.93,63.6,null,null,null,null,null,1.4,24.48,null,null,null,null,null,null,null,null,4.15,2.4,10.25,null,null,null,null,null,null
93,02/03/2013,02/03/2013,null,null,null,6.1,null,Clear,odour free,8.35,130.73,66.27,null,null,null,null,null,1.3,14,null,null,null,null,null,null,null,null,2.97,3.75,3.6,null,null,null,null,null,null
94,02/04/2013,02/04/2013,null,null,null,4.8,25,Clear,odour free,7.86,144.1,70.11,null,null,null,null,null,.5,6,0,55.738,52.142,40.1,null,null,16.04,2.89,5.4,5.59,10.6,25.4,0,68,null,null,null
95,02/05/2013,02/05/2013,null,null,null,5.6,23,Clear,odour free,7.68,163.29,92.9,null,null,null,null,null,1,18,null,null,null,null,null,null,null,null,6.5,5.7,8,null,null,null,null,null,null
96,01/06/2013,01/06/2013,null,null,null,null,null,null,null,null,null,null,null,null,null,null,null,null,null,null,null,null,null,null,null,null,null,null,null,null,null,null,null,null,null,null
97,01/07/2013,01/07/2013,null,null,null,null,null,null,null,null,null,null,null,null,null,null,null,null,null,null,null,null,null,null,null,null,null,null,null,null,null,null,null,null,null,null
98,01/08/2013,01/08/2013,null,null,null,null,null,null,null,null,null,null,null,null,null,null,null,null,null,null,null,null,null,null,null,null,null,null,null,null,null,null,null,null,null,null
99,02/09/2013,02/09/2013,null,null,null,null,24,Other,odour free,8,118.8,84.3,null,null,null,null,null,1.3,8.16,null,null,null,null,null,null,null,null,1.1,1.82,1,null,null,null,null,null,null
100,03/10/2013,03/10/2013,null,null,null,null,20,Clear,odour free,8.16,104.26,67.8,null,null,null,null,null,1.3,6.12,null,null,null,null,null,null,null,null,1.6,1.9,2.57,null,null,null,null,null,null
101,02/11/2013,02/11/2013,null,null,null,null,20,Clear,odour free,8.22,102.2,66.4,null,null,null,null,null,1,12.24,null,null,null,null,null,null,null,null,1.6,1.3,2,null,null,null,null,null,null
102,02/12/2013,02/12/2013,null,null,null,null,12.6,Clear,odour free,8.3,114.5,77.9,null,null,null,null,null,.9,16.32,null,null,null,null,null,null,null,null,4.6,1.6,4.29,null,null,null,null,null,null
103,01/01/2014,01/01/2014,null,null,null,null,10,Clear,odour free,8.6,103.9,71.7,null,null,null,null,null,1,8.16,null,null,null,null,null,null,null,null,2.03,1.04,2.29,null,null,null,null,null,null
104,01/02/2014,01/02/2014,null,null,null,null,16,Clear,odour free,7.32,111.9,81.7,null,null,null,null,null,.9,4.08,null,null,null,null,null,null,null,null,1.97,1.01,2.29,null,null,null,null,null,null
105,01/03/2014,01/03/2014,null,null,null,null,21,Clear,odour free,6.97,148.7,113,null,null,null,null,null,1,6.12,null,null,null,null,null,null,null,null,3.6,.8,4,null,null,null,null,null,null
106,01/04/2014,01/04/2014,null,null,null,null,13,Clear,odour free,6.85,162.2,134.6,null,null,null,null,null,1.1,10.2,0,85.246,96.1,88.225,null,null,35.29,1.89,6.4,1.2,5.43,20.5,0,104,null,null,null
107,01/05/2014,01/05/2014,null,null,null,null,25,Clear,odour free,7.52,156.28,100,null,null,null,null,null,1.3,12.24,null,null,null,null,null,null,null,null,2.3,.8,2.57,null,null,null,null,null,null
108,02/06/2014,02/06/2014,null,null,null,null,24,Clear,odour free,7,136.28,96.8,null,null,null,null,null,.9,10.2,null,null,null,null,null,null,null,null,2.8,1.2,3.15,null,null,null,null,null,null
109,01/07/2014,01/07/2014,null,null,null,null,25,Clear,odour free,7.72,123.8,96.6,null,null,null,null,null,1,4.1,null,null,null,null,null,null,null,null,1.9,.7,2.86,null,null,null,null,null,null
110,01/08/2014,01/08/2014,null,null,null,null,26,Clear,odour free,7.46,96.1,63.4,null,null,null,null,null,1,6.12,null,null,null,null,null,null,null,null,5.5,1.6,5.72,null,null,null,null,null,null
111,01/09/2014,01/09/2014,null,null,null,null,24,Clear,odour free,7.1,78.1,59.4,null,null,null,null,null,1,6.1,null,null,null,null,null,null,null,null,3,2,3.72,null,null,null,null,null,null
112,07/10/2014,07/10/2014,null,null,null,null,27,Clear,odour free,7.16,100.6,65.4,null,null,null,null,null,.9,4,null,null,null,null,null,null,null,null,2.4,2,3.72,null,null,null,null,null,null
113,01/11/2014,01/11/2014,null,null,null,null,16,Clear,odour free,7.9,121.8,85.3,null,null,null,null,null,.9,6.1,null,null,null,null,null,null,null,null,5,3.4,6.29,null,null,null,null,null,null
114,01/12/2014,01/12/2014,null,null,null,null,17,Clear,odour free,7.55,97.8,82.2,null,null,null,null,null,1.1,10.2,null,null,null,null,null,null,null,null,2.5,1,4,null,null,null,null,null,null
115,01/01/2015,01/01/2015,null,null,null,null,16,Clear,odour free,7.85,86.7,61.6,null,null,null,null,null,1,6.1,null,null,null,null,null,null,null,null,1.6,1.9,2.6,null,null,null,null,null,null
