Standard Parameter Analysis Data of : Santeguli (WA000K9)
Laboratory : CWC CSRO Bangalore 
Period : January-1991 To January-2014 
S.No.,Date_of_Collection,Date_of_Receipt,Discharge(cumecs),pH_FLD,EC_FLD(umho/cm),DO(mg/l),Water Temp(deg C),Colour,Odour,pH_GEN,EC_GEN(umho/cm),TDS(mg/l),SS(mg/l),NH3(mg N/l),NO2+NO3(mg N/l),Total_Nutrients(mg P/l),SiO2(mg/l),BOD(mg/l),COD(mg/l),Phen(mg CaCO3/l),Total_Alkallnity(mg CaCO3/l),Total_Hardness(mg CaCO3/l),Ca_Hardness(mg CaCO3/l),F(mg/l),B(mg/l),Ca_Major_Ions(mg/l),Mg(mg/l),Na(mg/l),K(mg/l),Cl(mg/l),SO4(mg/l),CO3(mg/l),HCO3(mg/l),Total_Coliforms(MPN/100ml),Faecal(MPN/100ml),Chlorophyll-A(ug/L)
1,01/06/1991,02/06/1991,5.567999839782715,null,null,null,null,null,null,null,null,null,null,null,null,null,null,null,null,null,null,null,null,null,null,null,null,null,null,null,null,null,null,null,null,null
2,01/06/1991,02/06/1991,5.567999839782715,null,null,null,null,null,null,null,null,null,null,null,null,null,null,null,null,null,null,null,null,null,null,null,null,null,null,null,null,null,null,null,null,null
3,01/09/1993,02/09/1993,195.10000610351563,null,null,8.07,20.5,Light Brown,odour free,7.3,49,null,null,0,null,null,17.7,null,null,null,null,18.075,12,null,.06,4.8,1.458,4.14,.391,11.344,.48,0,19.52,null,null,null
4,01/09/1993,02/09/1993,195.10000610351563,null,null,8.07,20.5,Light Brown,odour free,7.3,49,null,null,0,null,null,17.7,null,null,null,null,18.075,12,null,.06,4.8,1.458,4.14,.391,11.344,.48,0,19.52,null,null,null
5,01/10/1993,02/10/1993,108.5,null,null,7.29,21,Light Brown,odour free,8.1,53,null,null,0,null,null,23.7,null,null,null,null,22.375,12,null,0,4.8,2.49,4.37,.391,12.762,.48,0,19.52,null,null,null
6,01/10/1993,02/10/1993,108.5,null,null,7.29,21,Light Brown,odour free,8.1,53,null,null,0,null,null,23.7,null,null,null,null,22.375,12,null,0,4.8,2.49,4.37,.391,12.762,.48,0,19.52,null,null,null
7,01/11/1993,02/11/1993,93.72000122070313,null,null,8.56,21.5,Light Brown,odour free,7.17,34,null,null,0,null,null,27,null,null,null,null,22.1,14,null,.06,5.6,1.944,4.83,.391,13.471,.96,0,17.08,null,null,null
8,01/11/1993,02/11/1993,93.72000122070313,null,null,8.56,21.5,Light Brown,odour free,7.17,34,null,null,0,null,null,27,null,null,null,null,22.1,14,null,.06,5.6,1.944,4.83,.391,13.471,.96,0,17.08,null,null,null
9,01/12/1993,02/12/1993,25.190000534057617,null,null,7.39,18,Clear,odour free,6.9,65,null,null,0,null,null,22.8,null,null,null,null,66.625,16,null,.01,6.4,12.15,5.29,.782,11.344,.48,0,26.84,null,null,null
10,01/12/1993,02/12/1993,25.190000534057617,null,null,7.39,18,Clear,odour free,6.9,65,null,null,0,null,null,22.8,null,null,null,null,66.625,16,null,.01,6.4,12.15,5.29,.782,11.344,.48,0,26.84,null,null,null
11,01/01/1994,02/01/1994,13.010000228881836,null,null,8.39,18,Clear,odour free,7.45,57,null,null,0,null,null,21,null,null,null,null,18.05,14,null,.1,5.6,.972,5.52,.391,12.053,.48,0,17.08,null,null,null
12,01/01/1994,02/01/1994,13.010000228881836,null,null,8.39,18,Clear,odour free,7.45,57,null,null,0,null,null,21,null,null,null,null,18.05,14,null,.1,5.6,.972,5.52,.391,12.053,.48,0,17.08,null,null,null
13,01/02/1994,02/02/1994,6.755000114440918,null,null,6.22,19,Clear,odour free,7.58,72,null,null,0,null,null,24,null,null,null,null,32.225,14,null,.03,5.6,4.374,5.06,.782,11.344,.48,0,21.96,null,null,null
14,01/02/1994,02/02/1994,6.755000114440918,null,null,6.22,19,Clear,odour free,7.58,72,null,null,0,null,null,24,null,null,null,null,32.225,14,null,.03,5.6,4.374,5.06,.782,11.344,.48,0,21.96,null,null,null
15,01/03/1994,02/03/1994,4.579999923706055,null,null,7.78,19,Clear,odour free,7.65,72,null,null,0,null,null,15.6,null,null,null,null,36.25,16,null,0,6.4,4.86,5.29,.782,10.635,.96,0,24.4,null,null,null
16,01/03/1994,02/03/1994,4.579999923706055,null,null,7.78,19,Clear,odour free,7.65,72,null,null,0,null,null,15.6,null,null,null,null,36.25,16,null,0,6.4,4.86,5.29,.782,10.635,.96,0,24.4,null,null,null
17,01/04/1994,02/04/1994,3.755000114440918,null,null,6.61,20,Clear,odour free,7.75,79,null,null,0,null,null,20.4,null,null,null,null,44.275,22,null,.02,8.8,5.346,7.59,.782,12.053,.48,0,31.72,null,null,null
18,01/04/1994,02/04/1994,3.755000114440918,null,null,6.61,20,Clear,odour free,7.75,79,null,null,0,null,null,20.4,null,null,null,null,44.275,22,null,.02,8.8,5.346,7.59,.782,12.053,.48,0,31.72,null,null,null
19,01/05/1994,02/05/1994,2.4570000171661377,null,null,7.36,18.5,Clear,odour free,7.7,87,null,null,0,null,null,21,null,null,null,null,36.15,24,null,.03,9.6,2.916,6.67,1.173,10.635,.48,0,12.2,null,null,null
20,01/05/1994,02/05/1994,2.4570000171661377,null,null,7.36,18.5,Clear,odour free,7.7,87,null,null,0,null,null,21,null,null,null,null,36.15,24,null,.03,9.6,2.916,6.67,1.173,10.635,.48,0,12.2,null,null,null
21,01/06/1994,01/06/1994,2.8350000381469727,null,null,6.55,20.5,Clear,odour free,8.12,155,null,null,0,null,null,7.19,null,null,null,null,30.167,16,null,.02,6.4,3.4,7.13,1.17,12.72,1,0,68.32,null,null,null
22,01/06/1994,01/06/1994,2.8350000381469727,null,null,6.55,20.5,Clear,odour free,8.12,155,null,null,0,null,null,7.19,null,null,null,null,30.167,16,null,.02,6.4,3.4,7.13,1.17,12.72,1,0,68.32,null,null,null
23,01/07/1994,01/07/1994,1931,null,null,6.74,15.5,Dark Brown,odour free,6.42,31,null,null,0,null,null,3.76,null,null,null,null,18.042,14,null,0,5.6,.97,1.38,.39,9.93,7.68,0,7.32,null,null,null
24,01/07/1994,01/07/1994,1931,null,null,6.74,15.5,Dark Brown,odour free,6.42,31,null,null,0,null,null,3.76,null,null,null,null,18.042,14,null,0,5.6,.97,1.38,.39,9.93,7.68,0,7.32,null,null,null
25,01/08/1994,01/08/1994,855.7000122070313,null,null,5.99,17.5,Brown,odour free,4.86,64,null,null,0,null,null,4.31,null,null,0,null,40.25,20,null,.03,8,4.86,5.52,.39,9.93,1,0,17.08,null,null,null
26,01/08/1994,01/08/1994,855.7000122070313,null,null,5.99,17.5,Brown,odour free,4.86,64,null,null,0,null,null,4.31,null,null,0,null,40.25,20,null,.03,8,4.86,5.52,.39,9.93,1,0,17.08,null,null,null
27,01/09/1994,01/09/1994,411.79998779296875,null,null,5.8,17,Dark Brown,odour free,6.44,45,null,null,0,null,null,2.74,null,null,null,null,20.125,10,null,.01,4,2.43,3.22,.39,11.34,1.92,null,14.64,null,null,null
28,01/09/1994,01/09/1994,411.79998779296875,null,null,5.8,17,Dark Brown,odour free,6.44,45,null,null,0,null,null,2.74,null,null,null,null,20.125,10,null,.01,4,2.43,3.22,.39,11.34,1.92,null,14.64,null,null,null
29,01/10/1994,01/10/1994,84.81999969482422,null,null,6.04,17.5,Light Brown,odour free,6.9,63,null,null,0,null,null,4.59,null,null,0,null,36.208,18,null,.01,7.2,4.37,4.83,.78,12.76,1,0,19.52,null,null,null
30,01/10/1994,01/10/1994,84.81999969482422,null,null,6.04,17.5,Light Brown,odour free,6.9,63,null,null,0,null,null,4.59,null,null,0,null,36.208,18,null,.01,7.2,4.37,4.83,.78,12.76,1,0,19.52,null,null,null
31,01/11/1994,01/11/1994,66.29000091552734,null,null,6.04,17,Light Brown,odour free,7.02,59,null,null,0,null,null,3.97,null,null,0,null,32.125,22,null,0,8.8,2.43,2.3,.39,11.34,1,0,19.52,null,null,null
32,01/11/1994,01/11/1994,66.29000091552734,null,null,6.04,17,Light Brown,odour free,7.02,59,null,null,0,null,null,3.97,null,null,0,null,32.125,22,null,0,8.8,2.43,2.3,.39,11.34,1,0,19.52,null,null,null
33,01/12/1994,01/12/1994,21.40999984741211,null,null,7.17,17,Clear,odour free,7.05,62,null,null,null,null,null,4.04,null,null,null,null,32.208,20,null,.01,8,2.93,8.74,.39,12.76,1.44,null,19.52,null,null,null
34,01/12/1994,01/12/1994,21.40999984741211,null,null,7.17,17,Clear,odour free,7.05,62,null,null,null,null,null,4.04,null,null,null,null,32.208,20,null,.01,8,2.93,8.74,.39,12.76,1.44,null,19.52,null,null,null
35,01/01/1995,01/01/1995,11.880000114440918,null,null,7.3,17,Clear,odour free,7.04,71,null,null,0,null,null,5.34,null,null,0,null,28.125,18,null,.05,7.2,2.43,2.53,.78,12.76,1.44,0,21.96,null,null,null
36,01/01/1995,01/01/1995,11.880000114440918,null,null,7.3,17,Clear,odour free,7.04,71,null,null,0,null,null,5.34,null,null,0,null,28.125,18,null,.05,7.2,2.43,2.53,.78,12.76,1.44,0,21.96,null,null,null
37,01/02/1995,01/02/1995,6.5370001792907715,null,null,7,18,Clear,odour free,7.2,78,null,null,0,null,null,6.16,null,null,0,null,28.167,16,null,.01,6.4,2.92,6.21,1.17,10.64,1.44,0,26.84,null,null,null
38,01/02/1995,01/02/1995,6.5370001792907715,null,null,7,18,Clear,odour free,7.2,78,null,null,0,null,null,6.16,null,null,0,null,28.167,16,null,.01,6.4,2.92,6.21,1.17,10.64,1.44,0,26.84,null,null,null
39,01/03/1995,01/03/1995,3.8429999351501465,null,null,6.8,18.5,Clear,odour free,7.32,64,null,null,0,null,null,2.74,null,null,0,null,30.167,16,null,.02,6.4,3.4,7.13,1.17,11.34,1,0,21.96,null,null,null
40,01/03/1995,01/03/1995,3.8429999351501465,null,null,6.8,18.5,Clear,odour free,7.32,64,null,null,0,null,null,2.74,null,null,0,null,30.167,16,null,.02,6.4,3.4,7.13,1.17,11.34,1,0,21.96,null,null,null
41,01/04/1995,01/04/1995,2.0980000495910645,null,null,8.04,18,Clear,odour free,7.4,74,null,null,0,null,null,5.06,null,null,0,null,28.083,20,null,.06,8,1.94,6.9,1.56,14.89,1,0,29.28,null,null,null
42,01/04/1995,01/04/1995,2.0980000495910645,null,null,8.04,18,Clear,odour free,7.4,74,null,null,0,null,null,5.06,null,null,0,null,28.083,20,null,.06,8,1.94,6.9,1.56,14.89,1,0,29.28,null,null,null
43,01/05/1995,01/05/1995,4.479000091552734,null,null,7.66,19,Clear,odour free,7.32,91,null,null,0,null,null,4.66,null,null,0,null,60.375,30,null,.04,12,7.29,7.59,1.17,10.64,1.92,0,14.64,null,null,null
44,01/05/1995,01/05/1995,4.479000091552734,null,null,7.66,19,Clear,odour free,7.32,91,null,null,0,null,null,4.66,null,null,0,null,60.375,30,null,.04,12,7.29,7.59,1.17,10.64,1.92,0,14.64,null,null,null
45,01/06/1995,02/06/1995,2.944000005722046,null,null,7.09,21,Clear,odour free,7.5,98,null,null,0,null,null,10.17,null,null,0,null,32.15,20,null,.02,8,2.916,6.9,1.173,12.762,.384,0,24.4,null,null,null
46,01/06/1995,02/06/1995,2.944000005722046,null,null,7.09,21,Clear,odour free,7.5,98,null,null,0,null,null,10.17,null,null,0,null,32.15,20,null,.02,8,2.916,6.9,1.173,12.762,.384,0,24.4,null,null,null
47,01/07/1995,02/07/1995,72.63999938964844,null,null,7.59,19,Light Brown,odour free,7.4,64,null,null,0,null,null,13.38,null,null,null,null,30.2,14,null,.06,5.6,3.888,5.29,.782,10.635,.816,0,21.96,null,null,null
48,01/07/1995,02/07/1995,72.63999938964844,null,null,7.59,19,Light Brown,odour free,7.4,64,null,null,0,null,null,13.38,null,null,null,null,30.2,14,null,.06,5.6,3.888,5.29,.782,10.635,.816,0,21.96,null,null,null
49,01/08/1995,02/08/1995,456,null,null,6.81,18.5,Brown,odour free,7.4,53,null,null,0,null,null,14.16,null,null,0,null,22.1,14,null,.01,5.6,1.944,3.45,.782,9.217,2.016,0,14.64,null,null,null
50,01/08/1995,02/08/1995,456,null,null,6.81,18.5,Brown,odour free,7.4,53,null,null,0,null,null,14.16,null,null,0,null,22.1,14,null,.01,5.6,1.944,3.45,.782,9.217,2.016,0,14.64,null,null,null
51,01/09/1995,02/09/1995,1193,null,null,7.2,17.5,Dark Brown,odour free,6.98,38,null,null,0,null,null,11.82,null,null,0,null,14.05,10,null,.01,4,.972,2.07,.391,8.508,1.584,0,12.2,null,null,null
52,01/09/1995,02/09/1995,1193,null,null,7.2,17.5,Dark Brown,odour free,6.98,38,null,null,0,null,null,11.82,null,null,0,null,14.05,10,null,.01,4,.972,2.07,.391,8.508,1.584,0,12.2,null,null,null
53,01/10/1995,02/10/1995,60,null,null,5.89,17,Light Brown,odour free,7.3,62,null,null,0,null,null,10.95,null,null,null,null,24.1,16,null,0,6.4,1.944,4.83,.782,9.926,.624,0,14.64,null,null,null
54,01/10/1995,02/10/1995,60,null,null,5.89,17,Light Brown,odour free,7.3,62,null,null,0,null,null,10.95,null,null,null,null,24.1,16,null,0,6.4,1.944,4.83,.782,9.926,.624,0,14.64,null,null,null
55,01/11/1995,02/11/1995,45.36000061035156,null,null,6.46,17.5,Light Brown,odour free,7.37,85,null,null,0,null,null,12.87,null,null,null,null,30.175,16,null,.02,6.4,3.402,5.06,1.173,16.307,.816,0,19.52,null,null,null
56,01/11/1995,02/11/1995,45.36000061035156,null,null,6.46,17.5,Light Brown,odour free,7.37,85,null,null,0,null,null,12.87,null,null,null,null,30.175,16,null,.02,6.4,3.402,5.06,1.173,16.307,.816,0,19.52,null,null,null
57,01/12/1995,02/12/1995,21.610000610351563,null,null,7.03,16.5,Light Brown,odour free,7.26,60,null,null,0,null,null,16.08,null,null,0,null,26.15,14,null,.01,5.6,2.916,5.52,.782,12.053,2.4,0,19.52,null,null,null
58,01/12/1995,02/12/1995,21.610000610351563,null,null,7.03,16.5,Light Brown,odour free,7.26,60,null,null,0,null,null,16.08,null,null,0,null,26.15,14,null,.01,5.6,2.916,5.52,.782,12.053,2.4,0,19.52,null,null,null
59,01/01/1996,02/01/1996,9,null,null,7.59,17,Clear,odour free,7.43,59,null,null,0,null,null,11.94,null,null,0,null,22.15,10,null,.02,4,2.916,5.29,.391,11.344,2.208,0,17.08,null,null,null
60,01/01/1996,02/01/1996,9,null,null,7.59,17,Clear,odour free,7.43,59,null,null,0,null,null,11.94,null,null,0,null,22.15,10,null,.02,4,2.916,5.29,.391,11.344,2.208,0,17.08,null,null,null
61,01/02/1996,02/02/1996,5.895999908447266,null,null,7.53,16.2,Clear,odour free,7.28,50,null,null,0,null,null,11.13,null,null,0,null,24.15,12,null,.02,4.8,2.916,3.68,.782,12.053,1.392,0,12.2,null,null,null
62,01/02/1996,02/02/1996,5.895999908447266,null,null,7.53,16.2,Clear,odour free,7.28,50,null,null,0,null,null,11.13,null,null,0,null,24.15,12,null,.02,4.8,2.916,3.68,.782,12.053,1.392,0,12.2,null,null,null
63,01/03/1996,02/03/1996,3.8489999771118164,null,null,7.41,20,Clear,odour free,7.3,63,null,null,0,null,null,12.51,null,null,0,null,26.15,14,null,.05,5.6,2.916,6.67,.782,13.471,.816,0,17.08,null,null,null
64,01/03/1996,02/03/1996,3.8489999771118164,null,null,7.41,20,Clear,odour free,7.3,63,null,null,0,null,null,12.51,null,null,0,null,26.15,14,null,.05,5.6,2.916,6.67,.782,13.471,.816,0,17.08,null,null,null
65,01/04/1996,02/04/1996,1.7000000476837158,null,null,7.52,22,Clear,odour free,7.75,80,null,null,0,null,null,15.63,null,null,0,null,28.125,18,null,.05,7.2,2.43,6.44,1.564,11.344,.624,0,24.4,null,null,null
66,01/04/1996,02/04/1996,1.7000000476837158,null,null,7.52,22,Clear,odour free,7.75,80,null,null,0,null,null,15.63,null,null,0,null,28.125,18,null,.05,7.2,2.43,6.44,1.564,11.344,.624,0,24.4,null,null,null
67,01/05/1996,02/05/1996,0.9789999723434448,null,null,6.48,26,Clear,odour free,7.25,92,null,null,0,null,null,15.39,null,null,0,null,32.175,18,null,.04,7.2,3.402,6.9,1.173,12.053,.624,0,29.28,null,null,null
68,01/05/1996,02/05/1996,0.9789999723434448,null,null,6.48,26,Clear,odour free,7.25,92,null,null,0,null,null,15.39,null,null,0,null,32.175,18,null,.04,7.2,3.402,6.9,1.173,12.053,.624,0,29.28,null,null,null
69,01/07/1996,02/07/1996,167.39999389648438,null,null,6.7,17,Light Brown,odour free,7.28,53,null,null,0,null,null,1.272,null,null,0,null,28.175,14,null,.02,5.6,3.402,4.83,.782,11.344,.816,0,14.64,null,null,null
70,01/07/1996,02/07/1996,167.39999389648438,null,null,6.7,17,Light Brown,odour free,7.28,53,null,null,0,null,null,1.272,null,null,0,null,28.175,14,null,.02,5.6,3.402,4.83,.782,11.344,.816,0,14.64,null,null,null
71,01/08/1996,02/08/1996,735,null,null,7.73,16,Brown,odour free,7.06,40,null,null,0,null,null,12.12,null,null,0,null,28.2,12,null,.01,4.8,3.888,3.45,.782,9.217,1.008,0,9.76,null,null,null
72,01/08/1996,02/08/1996,735,null,null,7.73,16,Brown,odour free,7.06,40,null,null,0,null,null,12.12,null,null,0,null,28.2,12,null,.01,4.8,3.888,3.45,.782,9.217,1.008,0,9.76,null,null,null
73,01/09/1996,02/09/1996,180,null,null,7.9,17,Light Brown,odour free,7.02,48,null,null,0,null,null,8.94,null,null,0,null,26.15,14,null,null,5.6,2.916,2.76,.391,9.926,.624,0,17.08,null,null,null
74,01/09/1996,02/09/1996,180,null,null,7.9,17,Light Brown,odour free,7.02,48,null,null,0,null,null,8.94,null,null,0,null,26.15,14,null,null,5.6,2.916,2.76,.391,9.926,.624,0,17.08,null,null,null
75,01/10/1996,02/10/1996,77.30999755859375,null,null,7.54,19,Light Brown,odour free,7.2,45,null,null,0,null,null,9.15,null,null,0,null,22.075,16,null,.01,6.4,1.458,3.91,.782,8.508,2.4,0,12.2,null,null,null
76,01/10/1996,02/10/1996,77.30999755859375,null,null,7.54,19,Light Brown,odour free,7.2,45,null,null,0,null,null,9.15,null,null,0,null,22.075,16,null,.01,6.4,1.458,3.91,.782,8.508,2.4,0,12.2,null,null,null
77,01/11/1996,02/11/1996,56.11000061035156,null,null,7.53,19,Light Brown,odour free,7.4,46,null,null,0,null,null,8.67,null,null,0,null,24.1,16,null,.02,6.4,1.944,4.83,.391,9.926,.816,0,17.08,null,null,null
78,01/11/1996,02/11/1996,56.11000061035156,null,null,7.53,19,Light Brown,odour free,7.4,46,null,null,0,null,null,8.67,null,null,0,null,24.1,16,null,.02,6.4,1.944,4.83,.391,9.926,.816,0,17.08,null,null,null
79,01/12/1996,02/12/1996,18.75,null,null,8.47,18,Clear,odour free,7.13,64,null,null,0,null,null,9.48,null,null,0,null,28.15,16,null,0,6.4,2.916,5.29,.782,12.053,1.008,0,14.64,null,null,null
80,01/12/1996,02/12/1996,18.75,null,null,8.47,18,Clear,odour free,7.13,64,null,null,0,null,null,9.48,null,null,0,null,28.15,16,null,0,6.4,2.916,5.29,.782,12.053,1.008,0,14.64,null,null,null
81,01/01/1997,02/01/1997,13.289999961853027,null,null,7.72,16,Clear,odour free,7.6,60,null,null,0,null,null,8.52,null,null,0,null,20.1,12,null,.01,4.8,1.944,4.83,.782,10.635,.816,0,14.64,null,null,null
82,01/01/1997,02/01/1997,13.289999961853027,null,null,7.72,16,Clear,odour free,7.6,60,null,null,0,null,null,8.52,null,null,0,null,20.1,12,null,.01,4.8,1.944,4.83,.782,10.635,.816,0,14.64,null,null,null
83,01/02/1997,02/02/1997,7.519999980926514,null,null,8.09,18,Clear,odour free,7.42,72,null,null,0,null,null,11.55,null,null,0,null,32.125,22,null,.02,8.8,2.43,3.91,.782,12.053,1.2,0,21.96,null,null,null
84,01/02/1997,02/02/1997,7.519999980926514,null,null,8.09,18,Clear,odour free,7.42,72,null,null,0,null,null,11.55,null,null,0,null,32.125,22,null,.02,8.8,2.43,3.91,.782,12.053,1.2,0,21.96,null,null,null
85,01/03/1997,02/03/1997,4.035999774932861,null,null,7.74,18,Clear,odour free,7.4,68,null,null,0,null,null,12.33,null,null,0,null,26.1,18,null,.02,7.2,1.944,4.83,.391,10.635,1.008,0,28.06,null,null,null
86,01/03/1997,02/03/1997,4.035999774932861,null,null,7.74,18,Clear,odour free,7.4,68,null,null,0,null,null,12.33,null,null,0,null,26.1,18,null,.02,7.2,1.944,4.83,.391,10.635,1.008,0,28.06,null,null,null
87,01/04/1997,02/04/1997,1.100000023841858,null,null,7.47,18,Clear,odour free,7.25,81,null,null,0,null,null,9.63,null,null,0,null,38.275,16,null,.02,6.4,5.346,4.83,.782,14.18,null,0,21.96,null,null,null
88,01/04/1997,02/04/1997,1.100000023841858,null,null,7.47,18,Clear,odour free,7.25,81,null,null,0,null,null,9.63,null,null,0,null,38.275,16,null,.02,6.4,5.346,4.83,.782,14.18,null,0,21.96,null,null,null
89,01/05/1997,02/05/1997,1.4869999885559082,null,null,6.18,21,Clear,odour free,7.25,85,null,null,0,null,null,10.59,null,null,0,null,34.175,20,null,.01,8,3.402,5.98,1.564,12.053,1.2,0,9.76,null,null,null
90,01/05/1997,02/05/1997,1.4869999885559082,null,null,6.18,21,Clear,odour free,7.25,85,null,null,0,null,null,10.59,null,null,0,null,34.175,20,null,.01,8,3.402,5.98,1.564,12.053,1.2,0,9.76,null,null,null
91,01/06/1997,02/06/1997,0.5,null,null,6.49,23,Clear,odour free,7.45,94,null,null,0,null,null,10.71,null,null,0,null,24.075,18,null,0,7.2,1.458,6.67,.782,14.18,.816,0,21.96,null,null,null
92,01/06/1997,02/06/1997,0.5,null,null,6.49,23,Clear,odour free,7.45,94,null,null,0,null,null,10.71,null,null,0,null,24.075,18,null,0,7.2,1.458,6.67,.782,14.18,.816,0,21.96,null,null,null
93,01/07/1997,02/07/1997,1075,null,null,8.36,16,Dark Brown,odour free,6.85,39,null,null,0,null,null,7.35,null,null,0,null,18.05,14,null,.01,5.6,.972,2.3,.391,9.926,.816,0,9.76,null,null,null
94,01/07/1997,02/07/1997,1075,null,null,8.36,16,Dark Brown,odour free,6.85,39,null,null,0,null,null,7.35,null,null,0,null,18.05,14,null,.01,5.6,.972,2.3,.391,9.926,.816,0,9.76,null,null,null
95,01/08/1997,02/08/1997,1605,null,null,7.03,20,Dark Brown,odour free,6.95,35,null,null,0,null,null,7.14,null,null,0,null,20.075,14,null,.02,5.6,1.458,2.3,.391,9.926,1.584,0,12.2,null,null,null
96,01/08/1997,02/08/1997,1605,null,null,7.03,20,Dark Brown,odour free,6.95,35,null,null,0,null,null,7.14,null,null,0,null,20.075,14,null,.02,5.6,1.458,2.3,.391,9.926,1.584,0,12.2,null,null,null
97,01/09/1997,02/09/1997,290,null,null,7.41,16,Brown,odour free,7.15,47,null,null,0,null,null,6.3,null,null,0,null,20.1,12,null,.01,4.8,1.944,3.22,.391,9.926,1.44,0,12.2,null,null,null
98,01/09/1997,02/09/1997,290,null,null,7.41,16,Brown,odour free,7.15,47,null,null,0,null,null,6.3,null,null,0,null,20.1,12,null,.01,4.8,1.944,3.22,.391,9.926,1.44,0,12.2,null,null,null
99,01/10/1997,02/10/1997,96.9000015258789,null,null,8.06,19,Light Brown,odour free,7.11,54,null,null,0,null,null,6.78,null,null,0,null,16.05,12,null,.01,4.8,.972,4.14,.391,10.635,.384,0,14.64,null,null,null
100,01/10/1997,02/10/1997,96.9000015258789,null,null,8.06,19,Light Brown,odour free,7.11,54,null,null,0,null,null,6.78,null,null,0,null,16.05,12,null,.01,4.8,.972,4.14,.391,10.635,.384,0,14.64,null,null,null
101,01/11/1997,02/11/1997,70.58999633789063,null,null,7.84,18,Light Brown,odour free,7.35,57,null,null,0,null,null,6.63,null,null,0,null,22.075,16,null,0,6.4,1.458,3.91,.782,10.635,2.016,0,19.52,null,null,null
102,01/11/1997,02/11/1997,70.58999633789063,null,null,7.84,18,Light Brown,odour free,7.35,57,null,null,0,null,null,6.63,null,null,0,null,22.075,16,null,0,6.4,1.458,3.91,.782,10.635,2.016,0,19.52,null,null,null
103,01/12/1997,02/12/1997,45.11000061035156,null,null,7.92,17,Light Brown,odour free,7.25,55,null,null,0,null,null,6.78,null,null,0,null,24.1,16,null,.01,6.4,1.944,3.68,.782,9.926,3.6,0,17.08,null,null,null
104,01/12/1997,02/12/1997,45.11000061035156,null,null,7.92,17,Light Brown,odour free,7.25,55,null,null,0,null,null,6.78,null,null,0,null,24.1,16,null,.01,6.4,1.944,3.68,.782,9.926,3.6,0,17.08,null,null,null
105,01/01/1998,02/01/1998,14.300000190734863,null,null,7.33,17,Clear,odour free,7.14,62,null,null,0,null,null,7.35,null,null,0,null,24.075,18,null,.01,7.2,1.458,5.98,.391,12.762,2.208,0,19.52,null,null,null
106,01/01/1998,02/01/1998,14.300000190734863,null,null,7.33,17,Clear,odour free,7.14,62,null,null,0,null,null,7.35,null,null,0,null,24.075,18,null,.01,7.2,1.458,5.98,.391,12.762,2.208,0,19.52,null,null,null
107,01/02/1998,02/02/1998,5.800000190734863,null,null,7.33,18,Clear,odour free,7.45,72,null,null,0,null,null,6.75,null,null,0,null,24.15,12,null,.01,4.8,2.916,5.75,.782,14.18,.816,0,19.52,null,null,null
108,01/02/1998,02/02/1998,5.800000190734863,null,null,7.33,18,Clear,odour free,7.45,72,null,null,0,null,null,6.75,null,null,0,null,24.15,12,null,.01,4.8,2.916,5.75,.782,14.18,.816,0,19.52,null,null,null
109,01/03/1998,02/03/1998,2.5999999046325684,null,null,6.15,18,Clear,odour free,6.89,69,null,null,0,null,null,8.37,null,null,0,null,22.125,12,null,.01,4.8,2.43,5.29,1.173,9.926,2.4,0,19.52,null,null,null
110,01/03/1998,02/03/1998,2.5999999046325684,null,null,6.15,18,Clear,odour free,6.89,69,null,null,0,null,null,8.37,null,null,0,null,22.125,12,null,.01,4.8,2.43,5.29,1.173,9.926,2.4,0,19.52,null,null,null
111,01/04/1998,02/04/1998,1.4270000457763672,null,null,7.16,18,Clear,odour free,7.13,78,null,null,0,null,null,7.71,null,null,0,null,24.075,18,null,.02,7.2,1.458,6.44,.782,11.344,96.48,0,19.52,null,null,null
112,01/04/1998,02/04/1998,1.4270000457763672,null,null,7.16,18,Clear,odour free,7.13,78,null,null,0,null,null,7.71,null,null,0,null,24.075,18,null,.02,7.2,1.458,6.44,.782,11.344,96.48,0,19.52,null,null,null
113,01/05/1998,02/05/1998,0.7400000095367432,null,null,7.56,24,Clear,odour free,7.15,98,null,null,0,null,null,7.17,null,null,0,null,26.1,18,null,.02,7.2,1.944,6.44,1.564,12.762,2.016,0,21.96,null,null,null
114,01/05/1998,02/05/1998,0.7400000095367432,null,null,7.56,24,Clear,odour free,7.15,98,null,null,0,null,null,7.17,null,null,0,null,26.1,18,null,.02,7.2,1.944,6.44,1.564,12.762,2.016,0,21.96,null,null,null
115,01/06/1998,02/06/1998,0.6819999814033508,null,null,null,22,Clear,odour free,7.92,260,null,null,.042,.07,null,6,null,null,null,null,114.688,59,.152,null,23.6,13.365,4.14,2.346,69.482,1.584,0,21.96,null,null,null
116,01/06/1998,02/06/1998,0.6819999814033508,null,null,null,22,Clear,odour free,7.92,260,null,null,.042,.07,null,6,null,null,null,null,114.688,59,.152,null,23.6,13.365,4.14,2.346,69.482,1.584,0,21.96,null,null,null
117,01/07/1998,02/07/1998,1665,null,null,null,17,Clear,odour free,7.15,78,null,null,.014,.028,null,8.49,null,null,0,10,35.194,19.5,.095,null,7.8,3.766,2.07,.117,18.788,1.008,0,12.2,null,null,null
118,01/07/1998,02/07/1998,1665,null,null,null,17,Clear,odour free,7.15,78,null,null,.014,.028,null,8.49,null,null,0,10,35.194,19.5,.095,null,7.8,3.766,2.07,.117,18.788,1.008,0,12.2,null,null,null
119,01/08/1998,02/08/1998,709,null,null,null,17.5,Clear,odour free,6.5,96,null,null,.014,.042,null,7.98,null,null,0,10,50.294,26.5,.114,null,10.6,5.71,1.15,.391,26.587,1.2,0,12.2,null,null,null
120,01/08/1998,02/08/1998,709,null,null,null,17.5,Clear,odour free,6.5,96,null,null,.014,.042,null,7.98,null,null,0,10,50.294,26.5,.114,null,10.6,5.71,1.15,.391,26.587,1.2,0,12.2,null,null,null
121,01/09/1998,02/09/1998,368.1000061035156,null,null,null,18,Light Brown,odour free,7.07,67,null,null,.014,.042,null,9.78,null,null,0,12,35.194,19.5,.057,null,7.8,3.766,1.61,.117,16.307,1.2,0,14.64,null,null,null
122,01/09/1998,02/09/1998,368.1000061035156,null,null,null,18,Light Brown,odour free,7.07,67,null,null,.014,.042,null,9.78,null,null,0,12,35.194,19.5,.057,null,7.8,3.766,1.61,.117,16.307,1.2,0,14.64,null,null,null
123,01/10/1998,02/10/1998,113,null,null,null,17,Brown,odour free,7.12,86,null,null,.028,.028,null,8.28,null,null,0,13,51.294,27.5,.114,null,11,5.71,1.61,.117,26.587,1.008,0,15.86,null,null,null
124,01/10/1998,02/10/1998,113,null,null,null,17,Brown,odour free,7.12,86,null,null,.028,.028,null,8.28,null,null,0,13,51.294,27.5,.114,null,11,5.71,1.61,.117,26.587,1.008,0,15.86,null,null,null
125,01/11/1998,01/11/1998,68,null,null,null,17.5,Light Brown,odour free,6.9,106,null,null,.028,.028,null,11.19,null,null,0,12.5,47.244,27.5,.76,null,11,4.739,3.45,.117,26.942,1.008,0,15.25,null,null,null
126,01/11/1998,01/11/1998,68,null,null,null,17.5,Light Brown,odour free,6.9,106,null,null,.028,.028,null,11.19,null,null,0,12.5,47.244,27.5,.76,null,11,4.739,3.45,.117,26.942,1.008,0,15.25,null,null,null
127,01/01/1999,02/01/1999,11.699999809265137,null,null,null,16.5,Clear,odour free,7.34,107,null,null,.028,.014,null,7.5,null,null,null,null,51.237,32,.342,null,12.8,4.617,1.84,.391,25.878,1.008,0,14.64,null,null,null
128,01/01/1999,02/01/1999,11.699999809265137,null,null,null,16.5,Clear,odour free,7.34,107,null,null,.028,.014,null,7.5,null,null,null,null,51.237,32,.342,null,12.8,4.617,1.84,.391,25.878,1.008,0,14.64,null,null,null
129,01/02/1999,02/02/1999,6.900000095367432,null,null,null,8.3,Clear,odour free,7.28,236,null,null,.042,.014,null,12.99,null,null,0,17,108.675,54,.342,null,21.6,13.122,4.14,1.564,61.683,1.776,0,20.74,null,null,null
130,01/02/1999,02/02/1999,6.900000095367432,null,null,null,8.3,Clear,odour free,7.28,236,null,null,.042,.014,null,12.99,null,null,0,17,108.675,54,.342,null,21.6,13.122,4.14,1.564,61.683,1.776,0,20.74,null,null,null
131,01/03/1999,02/03/1999,5.691999912261963,null,null,null,16,Clear,odour free,7.32,120,null,null,.028,.028,null,12.69,null,null,0,12.5,62.237,43,.399,null,17.2,4.617,3.22,.782,34.387,1.296,0,15.25,null,null,null
132,01/03/1999,02/03/1999,5.691999912261963,null,null,null,16,Clear,odour free,7.32,120,null,null,.028,.028,null,12.69,null,null,0,12.5,62.237,43,.399,null,17.2,4.617,3.22,.782,34.387,1.296,0,15.25,null,null,null
133,01/04/1999,02/04/1999,3.9019999504089355,null,null,null,18,Clear,odour free,7.26,102,null,null,.014,.014,null,13.47,null,null,0,16,49.237,30,.494,null,12,4.617,3.68,1.173,24.106,1.584,0,19.52,null,null,null
134,01/04/1999,02/04/1999,3.9019999504089355,null,null,null,18,Clear,odour free,7.26,102,null,null,.014,.014,null,13.47,null,null,0,16,49.237,30,.494,null,12,4.617,3.68,1.173,24.106,1.584,0,19.52,null,null,null
135,01/06/1999,02/06/1999,43.900001525878906,null,null,null,18,1,odour free,7.9,93,null,null,.014,null,null,11.49,null,null,null,null,48.833,23,.038,null,9.2,6.2,2.53,.391,15.953,5.328,0,17.08,null,null,null
136,01/06/1999,02/06/1999,43.900001525878906,null,null,null,18,1,odour free,7.9,93,null,null,.014,null,null,11.49,null,null,null,null,48.833,23,.038,null,9.2,6.2,2.53,.391,15.953,5.328,0,17.08,null,null,null
137,01/07/1999,02/07/1999,348,null,null,null,17,1,odour free,6.9,68,null,null,.014,null,null,9.48,null,null,null,null,38,18,.171,null,7.2,4.8,1.61,.391,12.762,6.48,0,6.1,null,null,null
138,01/07/1999,02/07/1999,348,null,null,null,17,1,odour free,6.9,68,null,null,.014,null,null,9.48,null,null,null,null,38,18,.171,null,7.2,4.8,1.61,.391,12.762,6.48,0,6.1,null,null,null
139,02/08/1999,03/08/1999,450.4259948730469,null,null,null,16,1,odour free,8.24,68,null,null,.014,null,null,9.39,null,null,null,null,39.833,19,.152,null,7.6,5,1.38,.391,12.408,7.584,0,8.54,null,null,null
140,02/08/1999,03/08/1999,450.4259948730469,null,null,null,16,1,odour free,8.24,68,null,null,.014,null,null,9.39,null,null,null,null,39.833,19,.152,null,7.6,5,1.38,.391,12.408,7.584,0,8.54,null,null,null
141,01/09/1999,02/09/1999,98.69999694824219,null,null,null,16.5,1,odour free,8.1,78,null,null,.014,null,null,9.99,null,null,null,null,42.167,20.5,.171,null,8.2,5.2,2.99,.391,13.116,7.68,0,12.2,null,null,null
142,01/09/1999,02/09/1999,98.69999694824219,null,null,null,16.5,1,odour free,8.1,78,null,null,.014,null,null,9.99,null,null,null,null,42.167,20.5,.171,null,8.2,5.2,2.99,.391,13.116,7.68,0,12.2,null,null,null
143,04/10/1999,05/10/1999,76.30999755859375,null,null,null,16,1,odour free,7.6,110,null,null,0,null,null,10.5,null,null,null,null,59.333,28.5,.095,null,11.4,7.4,3.68,.782,22.333,7.008,0,15.86,null,null,null
144,04/10/1999,05/10/1999,76.30999755859375,null,null,null,16,1,odour free,7.6,110,null,null,0,null,null,10.5,null,null,null,null,59.333,28.5,.095,null,11.4,7.4,3.68,.782,22.333,7.008,0,15.86,null,null,null
145,01/11/1999,02/11/1999,53.0099983215332,null,null,null,17,1,odour free,6.8,84,null,null,.028,null,null,19.77,null,null,null,null,42.5,22.5,.133,null,9,4.8,2.99,.391,17.371,7.488,0,7.32,null,null,null
146,01/11/1999,02/11/1999,53.0099983215332,null,null,null,17,1,odour free,6.8,84,null,null,.028,null,null,19.77,null,null,null,null,42.5,22.5,.133,null,9,4.8,2.99,.391,17.371,7.488,0,7.32,null,null,null
147,01/12/1999,02/12/1999,26.96299934387207,null,null,null,19,1,odour free,6.88,75,null,null,.028,null,null,20.46,null,null,0,10,43.167,21.5,.114,null,8.6,5.2,2.53,.391,13.471,7.296,0,12.2,null,null,null
148,01/12/1999,02/12/1999,26.96299934387207,null,null,null,19,1,odour free,6.88,75,null,null,.028,null,null,20.46,null,null,0,10,43.167,21.5,.114,null,8.6,5.2,2.53,.391,13.471,7.296,0,12.2,null,null,null
149,03/01/2000,04/01/2000,4,null,null,null,18,7,odour free,6.95,126,null,null,.028,null,null,15,null,null,null,null,59.167,30,.456,null,12,7,4.6,.782,19.852,6,0,19.52,null,null,null
150,03/01/2000,04/01/2000,4,null,null,null,18,7,odour free,6.95,126,null,null,.028,null,null,15,null,null,null,null,59.167,30,.456,null,12,7,4.6,.782,19.852,6,0,19.52,null,null,null
151,01/02/2000,02/02/2000,4.699999809265137,null,null,null,17,7,odour free,8.2,173,null,null,.014,null,null,20.97,null,null,null,null,83.167,39,.494,null,15.6,10.6,5.75,1.564,29.778,6.72,0,24.4,null,null,null
152,01/02/2000,02/02/2000,4.699999809265137,null,null,null,17,7,odour free,8.2,173,null,null,.014,null,null,20.97,null,null,null,null,83.167,39,.494,null,15.6,10.6,5.75,1.564,29.778,6.72,0,24.4,null,null,null
153,01/03/2000,02/03/2000,10.350000381469727,null,null,null,19,7,odour free,8.1,193,null,null,.014,null,null,20.25,null,null,null,null,92.5,42.5,.798,null,17,12,8.05,1.564,34.741,7.008,0,32.94,null,null,null
154,01/03/2000,02/03/2000,10.350000381469727,null,null,null,19,7,odour free,8.1,193,null,null,.014,null,null,20.25,null,null,null,null,92.5,42.5,.798,null,17,12,8.05,1.564,34.741,7.008,0,32.94,null,null,null
155,01/04/2000,02/04/2000,1.6239999532699585,null,null,null,23,7,odour free,8.2,204,null,null,.014,null,null,15.99,null,null,null,null,105.167,46,.513,null,18.4,14.2,10.35,1.955,38.64,8.448,0,40.26,null,null,null
156,01/04/2000,02/04/2000,1.6239999532699585,null,null,null,23,7,odour free,8.2,204,null,null,.014,null,null,15.99,null,null,null,null,105.167,46,.513,null,18.4,14.2,10.35,1.955,38.64,8.448,0,40.26,null,null,null
157,01/05/2000,02/05/2000,1.4500000476837158,null,null,null,26,7,odour free,7.53,144,null,null,.014,null,null,15.57,null,null,0,18,67.167,33,.551,null,13.2,8.2,5.06,1.173,23.397,6.048,0,21.96,null,null,null
158,01/05/2000,02/05/2000,1.4500000476837158,null,null,null,26,7,odour free,7.53,144,null,null,.014,null,null,15.57,null,null,0,18,67.167,33,.551,null,13.2,8.2,5.06,1.173,23.397,6.048,0,21.96,null,null,null
159,01/06/2000,02/06/2000,0.0010000000474974513,null,null,null,24,Light Brown,odour free,8.2,77,null,null,0,0,null,.6,null,null,0,8,16.581,10,.494,null,4,1.579,7.82,.782,13.49,4.512,0,9.76,null,null,null
160,01/06/2000,02/06/2000,0.0010000000474974513,null,null,null,24,Light Brown,odour free,8.2,77,null,null,0,0,null,.6,null,null,0,8,16.581,10,.494,null,4,1.579,7.82,.782,13.49,4.512,0,9.76,null,null,null
161,01/07/2000,02/07/2000,491.2510070800781,null,null,null,17.5,Brown,odour free,7,43,null,null,0,.07,null,3,null,null,0,6,16.05,12,.019,null,4.8,.972,2.3,1.173,11.005,0,0,7.32,null,null,null
162,01/07/2000,02/07/2000,491.2510070800781,null,null,null,17.5,Brown,odour free,7,43,null,null,0,.07,null,3,null,null,0,6,16.05,12,.019,null,4.8,.972,2.3,1.173,11.005,0,0,7.32,null,null,null
163,01/08/2000,02/08/2000,206.64300537109375,null,null,null,17,Light Brown,odour free,7.01,48,null,null,0,.07,null,.3,null,null,0,8,17.6,9.5,.019,null,3.8,1.944,2.76,1.173,7.455,5.808,0,9.76,null,null,null
164,01/08/2000,02/08/2000,206.64300537109375,null,null,null,17,Light Brown,odour free,7.01,48,null,null,0,.07,null,.3,null,null,0,8,17.6,9.5,.019,null,3.8,1.944,2.76,1.173,7.455,5.808,0,9.76,null,null,null
165,04/09/2000,05/09/2000,1367,null,null,null,16,Dark Brown,odour free,7.18,50,null,null,0,.014,null,3,null,null,0,8,14.081,7.5,.399,null,3,1.579,2.99,1.564,4.615,6,0,9.76,null,null,null
166,04/09/2000,05/09/2000,1367,null,null,null,16,Dark Brown,odour free,7.18,50,null,null,0,.014,null,3,null,null,0,8,14.081,7.5,.399,null,3,1.579,2.99,1.564,4.615,6,0,9.76,null,null,null
167,03/10/2000,04/10/2000,240.1999969482422,null,null,null,17,Clear,odour free,6.6,49,null,null,0,.028,null,3,null,null,0,4,15.587,8.5,.798,null,3.4,1.701,4.37,1.173,9.23,6,0,4.88,null,null,null
168,03/10/2000,04/10/2000,240.1999969482422,null,null,null,17,Clear,odour free,6.6,49,null,null,0,.028,null,3,null,null,0,4,15.587,8.5,.798,null,3.4,1.701,4.37,1.173,9.23,6,0,4.88,null,null,null
169,01/11/2000,02/11/2000,59.30699920654297,null,null,null,17.5,Clear,odour free,7.14,55,null,null,0,.084,null,1.2,null,null,0,8,19.6,11.5,0,null,4.6,1.944,2.3,.391,7.81,6,0,9.76,null,null,null
170,01/11/2000,02/11/2000,59.30699920654297,null,null,null,17.5,Clear,odour free,7.14,55,null,null,0,.084,null,1.2,null,null,0,8,19.6,11.5,0,null,4.6,1.944,2.3,.391,7.81,6,0,9.76,null,null,null
171,01/12/2000,02/12/2000,20.791000366210938,null,null,null,19,Clear,odour free,7.37,53,null,null,0,0,null,.3,null,null,0,5.5,19.6,11.5,.304,null,4.6,1.944,5.06,1.173,9.585,10.56,0,6.71,null,null,null
172,01/12/2000,02/12/2000,20.791000366210938,null,null,null,19,Clear,odour free,7.37,53,null,null,0,0,null,.3,null,null,0,5.5,19.6,11.5,.304,null,4.6,1.944,5.06,1.173,9.585,10.56,0,6.71,null,null,null
173,01/01/2001,02/01/2001,8.961000442504883,null,null,null,17,Clear,odour free,7.39,57,null,null,0,0,null,.3,null,null,0,6,21.081,14.5,.304,null,5.8,1.579,3.45,.782,4.615,15.504,0,7.32,null,null,null
174,01/01/2001,02/01/2001,8.961000442504883,null,null,null,17,Clear,odour free,7.39,57,null,null,0,0,null,.3,null,null,0,6,21.081,14.5,.304,null,5.8,1.579,3.45,.782,4.615,15.504,0,7.32,null,null,null
175,01/02/2001,02/02/2001,6.426000118255615,null,null,null,17,Clear,odour free,7.28,111,null,null,0,0,null,5.7,null,null,0,8,31.65,19.5,.133,.5,7.8,2.916,8.74,.391,25.56,4.992,0,9.76,null,null,null
176,01/02/2001,02/02/2001,6.426000118255615,null,null,null,17,Clear,odour free,7.28,111,null,null,0,0,null,5.7,null,null,0,8,31.65,19.5,.133,.5,7.8,2.916,8.74,.391,25.56,4.992,0,9.76,null,null,null
177,01/03/2001,02/03/2001,3.6700000762939453,null,null,null,18,Clear,odour free,7.8,68,null,null,0,.112,null,4.8,null,null,0,6,24.625,14.5,.38,.32,5.8,2.43,4.14,.782,13.49,6.048,0,7.32,null,null,null
178,01/03/2001,02/03/2001,3.6700000762939453,null,null,null,18,Clear,odour free,7.8,68,null,null,0,.112,null,4.8,null,null,0,6,24.625,14.5,.38,.32,5.8,2.43,4.14,.782,13.49,6.048,0,7.32,null,null,null
179,02/04/2001,03/04/2001,1.097000002861023,null,null,null,19,Clear,odour free,6.56,169,null,null,0,0,null,14.1,null,null,0,28,47.194,31.5,1.026,.08,12.6,3.766,13.11,1.173,23.785,7.008,0,34.16,null,null,null
180,02/04/2001,03/04/2001,1.097000002861023,null,null,null,19,Clear,odour free,6.56,169,null,null,0,0,null,14.1,null,null,0,28,47.194,31.5,1.026,.08,12.6,3.766,13.11,1.173,23.785,7.008,0,34.16,null,null,null
181,01/05/2001,02/05/2001,2.062000036239624,null,null,null,20,Clear,odour free,7.48,74,null,null,0,.112,null,17.1,null,null,0,6,33.169,19.5,.057,.08,7.8,3.28,4.37,.391,17.75,8.304,0,7.32,null,null,null
182,01/06/2001,02/06/2001,0,null,null,null,18,Clear,odour free,8.1,38,null,null,null,.112,null,16.8,null,null,0,8.5,12.05,8,.057,null,3.2,.972,1.61,1.173,2.84,2.88,0,10.37,null,null,null
183,02/07/2001,03/07/2001,474.1000061035156,null,null,null,20,Clear,odour free,8,55,null,null,null,.126,null,16.2,null,null,0,18.5,20.15,8,.399,0,3.2,2.916,2.3,1.173,3.55,.96,0,22.57,null,null,null
184,01/08/2001,02/08/2001,407.5,null,null,null,17,Clear,odour free,8,60,null,null,null,.014,null,16.2,null,null,0,25,26.15,14,0,0,5.6,2.916,.92,1.173,1.42,.96,0,30.5,null,null,null
185,03/09/2001,04/09/2001,139.89999389648438,null,null,null,18,Clear,odour free,8.1,88,null,null,null,.154,null,9.3,null,null,0,25,26.65,14.5,.038,0,5.8,2.916,5.75,.391,8.52,.96,0,30.5,null,null,null
186,03/10/2001,04/10/2001,73.16799926757813,null,null,null,18,Clear,odour free,8.1,50,null,null,null,.154,null,21.6,null,null,0,12,16.05,12,.342,.08,4.8,.972,2.99,.391,4.615,1.92,0,14.64,null,null,null
187,01/11/2001,02/11/2001,20.988000869750977,null,null,null,18.5,Clear,odour free,8,62,null,null,null,.098,null,11.4,null,null,0,15,19.138,8,.019,.01,3.2,2.673,4.37,.782,7.81,1.92,0,18.3,null,null,null
188,01/12/2001,02/12/2001,11.20199966430664,null,null,null,18,Clear,odour free,8.1,66,null,null,null,.154,null,7.8,null,null,0,11,14.075,8,.836,0,3.2,1.458,6.9,.782,9.23,1.92,0,13.42,null,null,null
189,01/01/2002,02/01/2002,8.57800006866455,null,null,null,18,Clear,odour free,8.2,68,null,null,null,.084,null,12,null,null,0,19,20.1,12,0,null,4.8,1.944,3.91,.782,5.325,1.92,0,23.18,null,null,null
190,01/01/2002,02/01/2002,8.57800006866455,null,null,null,18,Clear,odour free,8.2,68,null,null,null,.084,null,12,null,null,0,19,20.1,12,0,null,4.8,1.944,3.91,.782,5.325,1.92,0,23.18,null,null,null
191,01/02/2002,02/02/2002,4.590000152587891,null,null,null,21,Clear,odour free,8,67,null,null,null,.112,null,7.8,null,null,0,14.5,18.094,10.5,.247,null,4.2,1.822,4.14,1.955,6.035,4.8,0,17.69,null,null,null
192,01/03/2002,02/03/2002,3.3340001106262207,null,null,null,21,Clear,odour free,8.1,72,null,null,null,1.345,null,7.8,null,null,0,14,25.1,17,0,null,6.8,1.944,3.91,0,5.68,6.24,0,17.08,null,null,null
193,01/04/2002,02/04/2002,2.061000108718872,null,null,null,22,Clear,odour free,7.8,75,null,null,null,.014,null,8.4,null,null,0,8.5,21.144,9.5,.057,null,3.8,2.795,6.9,0,10.295,10.08,0,10.37,null,null,null
194,01/05/2002,02/05/2002,2.796999931335449,null,null,null,22,Clear,odour free,7.5,70,null,null,null,.014,null,12,null,null,0,5.5,18.1,10,.057,null,4,1.944,7.13,2.737,10.295,13.44,0,6.71,null,null,null
195,03/06/2002,04/06/2002,1.2999999523162842,null,null,null,21,Clear,odour free,7.7,99,null,null,null,.14,null,34.8,null,null,0,34.5,35.744,16,.152,.12,6.4,4.739,8.05,1.564,11.715,1.44,0,42.09,null,null,null
196,01/07/2002,02/07/2002,318.1809997558594,null,null,null,21,Clear,odour free,7.8,83,null,null,null,0,null,.9,null,null,0,27,25.694,10,.114,null,4,3.766,8.97,.391,11.715,.96,0,32.94,null,null,null
197,01/07/2002,02/07/2002,318.1809997558594,null,null,null,21,Clear,odour free,7.8,83,null,null,null,0,null,.9,null,null,0,27,25.694,10,.114,null,4,3.766,8.97,.391,11.715,.96,0,32.94,null,null,null
198,01/08/2002,02/08/2002,162.39999389648438,null,null,null,20,Brown,odour free,7.8,56,null,null,null,0,null,51.9,null,null,0,15,17.6,9.5,.095,null,3.8,1.944,5.98,.782,9.585,.96,0,18.3,null,null,null
199,02/09/2002,03/09/2002,147.81700134277344,null,null,null,20,Brown,odour free,7.9,59,null,null,null,0,null,null,null,null,0,20,22.15,10,.057,null,4,2.916,4.6,.782,6.39,1.92,0,24.4,null,null,null
200,01/11/2002,02/11/2002,97.072998046875,null,null,null,19,Clear,odour free,8.2,70,null,null,null,0,null,null,null,null,0,15,23.156,10.5,.152,null,4.2,3.037,6.9,.782,12.07,5.76,0,18.3,null,null,null
201,01/11/2002,02/11/2002,97.072998046875,null,null,null,19,Clear,odour free,8.2,70,null,null,null,0,null,null,null,null,0,15,23.156,10.5,.152,null,4.2,3.037,6.9,.782,12.07,5.76,0,18.3,null,null,null
202,01/01/2003,02/01/2003,9.611000061035156,null,null,null,20,Clear,odour free,8.2,98,null,null,null,.14,null,null,null,null,0,25.5,29.194,13.5,.171,null,5.4,3.766,11.04,1.173,15.975,1.92,0,31.11,null,null,null
203,01/03/2003,02/03/2003,2.4040000438690186,null,null,null,21,Clear,odour free,7.5,94,null,null,0,0,null,69.9,null,null,0,21.5,24.15,12,.038,null,4.8,2.916,11.96,1.955,18.105,.96,0,26.23,null,null,null
204,01/05/2003,02/05/2003,4.2129998207092285,null,null,null,22,Clear,odour free,8.1,79,null,null,null,0,null,6,null,null,0,23,24.656,12,.038,null,4.8,3.037,8.05,1.955,12.07,.96,0,28.06,null,null,null
205,01/09/2003,02/09/2003,247.10000610351563,null,null,null,17,Clear,odour free,7.8,78,null,null,null,.16,null,.3,null,null,0,25.5,27.633,19.675,.4,null,7.87,1.91,6,1.4,9.99,1,0,31.11,null,null,null
206,02/11/2003,03/11/2003,38.27000045776367,null,null,null,18,Clear,odour free,7.69,212,null,null,null,0,null,null,null,null,0,45.59,43.475,23.6,.32,null,9.44,4.77,33.3,2,43.5,3.5,0,55.62,null,null,null
207,02/01/2004,03/01/2004,11.074000358581543,null,null,null,18.5,Clear,odour free,7.2,72,null,null,null,.353,null,11.8,null,null,0,15.746,19.883,11.8,.081,null,4.72,1.94,8.2,.7,11.99,2,0,19.21,null,null,null
208,03/03/2004,04/03/2004,3.9609999656677246,null,null,null,22.5,Clear,odour free,7.58,118,null,null,null,.472,null,9.6,null,null,0,29.869,35.592,19.675,.19,.07,7.87,3.82,5.3,1,7.71,3,0,36.44,null,null,null
209,05/05/2004,06/05/2004,0.7049999833106995,null,null,null,24,Clear,odour free,7.49,117,null,null,null,.25,null,null,null,null,0,13.934,23.683,15.725,.081,null,6.29,1.91,12,1.1,18,6,0,17,null,null,null
210,02/07/2004,03/07/2004,144.31300354003906,null,null,null,18.5,Clear,odour free,6.8,234,null,null,null,0,null,9,null,null,0,36.5,23.1,15,.513,null,6,1.944,43.93,9.384,59.995,1.44,0,44.53,null,null,null
211,01/11/2004,03/11/2004,41.72999954223633,null,null,null,20,Clear,odour free,7.09,246,null,null,null,0,null,5.4,null,null,0,46.5,38.1,30,.608,null,12,1.944,40.02,8.993,57.865,.96,0,56.73,null,null,null
212,01/03/2005,02/03/2005,2.7860000133514404,null,null,null,18.5,Clear,odour free,7.4,290,null,null,null,.854,null,8.4,null,null,0,19.672,65.017,49.1,.038,null,19.64,3.82,53.3,17,19.93,1.008,0,24,null,null,null
213,01/05/2005,02/05/2005,3.869999885559082,null,null,null,21,Clear,odour free,6.77,318,null,null,null,.238,null,null,null,null,0,9.836,57.608,49.65,.798,null,19.86,1.91,6.1,32.2,20,1.44,0,12,null,null,null
214,04/07/2005,05/07/2005,349.70001220703125,null,null,null,16.5,Brown,odour free,6.6,184,null,null,null,0,null,.3,null,null,0,33.852,16,7.875,.494,null,3.15,1.95,33.8,9.4,41.8,1.92,0,41.3,null,null,null
215,01/09/2005,02/09/2005,95.97899627685547,null,null,null,17.5,Light Brown,odour free,6.88,144,null,null,null,0,null,26.1,null,null,0,29.59,24.1,10.35,.32,null,4.14,3.3,18.3,1.9,22.4,2.1,0,36.1,null,null,null
216,02/11/2005,03/11/2005,34.31100082397461,null,null,null,25.5,Clear,odour free,6.85,218,null,null,null,0,null,null,null,null,0,50,27.642,15.725,.44,null,6.29,2.86,42.6,.8,51.9,2.1,0,61,null,null,null
217,02/01/2006,03/01/2006,9.227999687194824,null,null,null,21,Clear,odour free,7.82,234,null,null,null,0,null,9.6,null,null,0,47.623,31.567,19.65,.36,null,7.86,2.86,42.9,3.3,52.1,2.3,0,58.1,null,null,null
218,01/03/2006,02/03/2006,2.7739999294281006,null,null,null,24,Clear,odour free,6.92,239,null,null,null,null,null,null,null,null,0,43.689,19.758,11.8,.66,null,4.72,1.91,48.1,6.4,56.3,3.1,0,53.3,null,null,null
219,01/04/2006,02/04/2006,1.7999999523162842,null,null,null,null,Clear,odour free,null,null,null,null,null,null,null,null,null,null,null,null,null,null,null,null,null,null,null,null,null,null,null,null,null,null,null
220,01/05/2006,02/05/2006,0.4749999940395355,null,null,null,26.5,Clear,odour free,7.28,220,null,null,null,null,null,9.6,null,null,0,34.754,23.683,15.725,.34,null,6.29,1.91,31.2,9.4,38.9,4.5,0,42.4,null,null,null
221,03/07/2006,04/07/2006,672.6179809570313,null,null,null,22.5,Brow,Odourfree,6.95,188,null,null,null,0,null,8.4,null,null,0,59.262,23.1,15,.475,0,6,1.944,20.7,28.152,25.32,1.344,0,72.3,null,null,null
222,01/09/2006,02/09/2006,153.35299682617188,null,null,null,23.5,L/Brow,Odourfree,6.93,135,null,null,null,0,null,7.2,null,null,0,29.918,19.6,11.5,.475,0,4.6,1.944,18.01,3.284,22.01,1.728,0,36.5,null,null,null
223,01/11/2006,02/11/2006,29.242000579833984,null,null,null,23.5,clear,odourless,7.2,115,null,null,null,0,null,5.4,null,null,0,32.377,27.65,15.5,.684,0,6.2,2.916,10.5,3.284,12.07,1.152,0,39.5,null,null,null
224,02/01/2007,03/01/2007,10.420000076293945,null,null,null,23,clear,odourless,7.5,370,null,null,null,0,null,6.6,null,null,0,154.098,133.788,70,.247,0,28,15.309,16.79,26.588,20.2,1.632,0,188,null,null,null
225,01/03/2007,02/03/2007,3.9670000076293945,null,null,null,21,clear,odourless,7.47,140,null,null,null,0,null,7.8,null,null,0,35.082,31.65,19.5,.551,0,7.8,2.916,13.2,3.284,15.975,1.248,0,42.8,null,null,null
226,02/07/2007,03/07/2007,530.6290283203125,null,null,null,22,Brown,odour free,7.1,60,null,null,null,.35,null,10.2,null,null,0,19,22.163,9,0,.013,3.6,3.159,3.22,.391,6.035,1.728,0,23.18,null,null,null
227,05/09/2007,06/09/2007,269.031005859375,null,null,null,21.5,Brown,odour free,7,44,null,null,null,.28,null,9.8,null,null,0,11.05,13.581,7,0,0,2.8,1.579,3.68,.469,5.041,1.248,0,13.481,null,null,null
228,01/11/2007,02/11/2007,27.9689998626709,null,null,null,22.5,Clear,odour free,7.2,52,null,null,null,.28,null,11.2,null,null,0,15.5,13.075,7,.057,.062,2.8,1.458,4.37,1.173,5.82,.576,0,18.91,null,null,null
229,01/01/2008,02/01/2008,6.718999862670898,null,null,null,24.5,Clear,odour free,7.4,68,null,null,null,.224,null,13.2,null,null,0,21,22.112,13,.038,.041,5.2,2.187,5.06,1.564,7.1,.672,0,25.62,null,null,null
230,03/03/2008,04/03/2008,2.9649999141693115,null,null,null,26.5,Clear,odour free,7.8,72,null,null,null,.196,null,9.82,null,null,0,23,21.631,11,.038,.032,4.4,2.552,4.83,1.564,7.81,1.152,0,28.06,null,null,null
231,01/05/2008,02/05/2008,2.0269999504089355,null,null,null,30,Clear,odour free,7.06,92,null,null,null,.28,null,10.6,null,null,0,34.639,32.167,16,.095,.028,6.4,3.88,5.06,1.173,6.7,1.152,0,42.26,null,null,null
232,01/07/2008,02/07/2008,332.87799072265625,null,null,null,25.5,Clear,odour free,7.4,62,null,null,null,.42,null,null,null,null,null,null,20.1,12,0,null,4.8,1.944,4.37,1.955,3.905,2.688,0,23.79,null,null,null
233,01/09/2008,02/09/2008,68.31600189208984,null,null,null,25,Light Brown,odour free,7,46,null,null,null,.28,null,null,null,null,0,15.4,16.05,12,0,null,4.8,.972,2.85,.43,3.869,1.056,0,18.788,null,null,null
234,03/11/2008,04/11/2008,21.902000427246094,null,null,null,28.5,Clear,odour free,6.96,55,null,null,null,.266,null,10.254,null,null,0,14.5,16.1,8,.038,.054,3.2,1.944,3.91,.782,7.81,.672,0,17.69,null,null,null
235,01/01/2009,02/01/2009,5.888000011444092,null,null,null,23.5,Clear,odour free,7.24,60,null,null,null,.21,null,12.217,null,null,0,19,20.1,12,.019,.039,4.8,1.944,4.6,.782,7.81,.768,0,23.18,null,null,null
236,02/03/2009,03/03/2009,2.121999979019165,null,null,null,28,Clear,odour free,7.75,69,null,null,null,.224,null,9.678,null,null,0,23.5,24.15,12,.019,.03,4.8,2.916,4.37,.782,7.455,1.056,0,28.67,null,null,null
237,01/05/2009,02/05/2009,0.7599999904632568,null,null,null,31.5,Clear,odour free,7.02,83,null,null,null,.252,null,9.088,null,null,0,31,28.15,16,.057,.032,6.4,2.916,5.52,1.564,5.68,1.056,0,37.82,null,null,null
238,01/07/2009,02/07/2009,16.58799934387207,null,null,null,23,Clear,odour free,7.31,58,null,null,null,.35,null,9.859,null,null,0,19,20.15,8,0,.011,3.2,2.916,3.68,1.173,6.035,1.728,0,23.18,null,null,null
239,01/09/2009,02/09/2009,150.0780029296875,null,null,null,23,Brown,odour free,6.81,42,null,null,null,.308,null,8.945,null,null,0,11.55,16.1,8,0,0,3.2,1.944,3.197,.391,5.786,1.968,0,14.091,null,null,null
240,03/11/2009,04/11/2009,29.788999557495117,null,null,null,25,Clear,odour free,6.99,50,null,null,null,.252,null,10.858,null,null,0,11.75,16.05,12,.019,.064,4.8,.972,3.703,.508,7.774,1.008,0,14.335,null,null,null
241,01/01/2010,02/01/2010,13.720000267028809,null,null,null,25,Clear,odour free,7.23,54,null,null,null,.252,null,6.472,null,null,0,15.55,20.15,8,.019,.011,3.2,2.916,3.611,.782,7.774,1.296,0,18.971,null,null,null
242,01/03/2010,02/03/2010,3.746999979019165,null,null,null,28,Clear,odour free,7.25,62,null,null,0,.28,null,10.182,null,null,0,19.6,20.1,12,.038,.027,4.8,1.944,4.807,1.017,7.703,.912,0,23.912,null,null,null
243,01/05/2010,02/05/2010,2.2300000190734863,null,null,null,26.5,Clear,odour free,7.31,70,null,null,null,.266,null,8.491,null,null,0,23.3,24.15,12,.038,.024,4.8,2.916,4.6,1.095,7.703,1.152,0,28.426,null,null,null
244,01/07/2010,01/07/2010,71.6050033569336,null,null,null,24,Light Brown,odour free,7.09,46,null,null,0,.392,null,null,null,null,0,11.65,16.1,8,.019,null,3.2,1.944,3.312,.508,7.703,1.248,0,14.213,null,null,null
245,01/09/2010,01/09/2010,703.5800170898438,null,null,null,24,Light Brown,odour free,6.84,36,null,null,null,.308,null,8.624,null,null,0,7.8,12.1,4,.038,null,1.6,1.944,2.898,.586,5.715,1.152,0,9.516,null,null,null
246,01/09/2010,01/09/2010,703.5800170898438,null,null,null,24,Light Brown,odour free,6.84,36,null,null,null,.308,null,8.624,null,null,0,7.8,12.1,4,.038,null,1.6,1.944,2.898,.586,5.715,1.152,0,9.516,null,null,null
247,01/11/2010,01/11/2010,31.6299991607666,null,null,null,24,Clear,odour free,7.09,50,null,null,null,.28,null,9.811,null,null,null,null,18.1,10,.019,null,4,1.458,3.91,.508,7.81,1.392,0,14.091,null,null,null
248,01/11/2010,01/11/2010,31.6299991607666,null,null,null,24,Clear,odour free,7.09,50,null,null,null,.28,null,9.811,null,null,null,null,18.1,10,.019,null,4,1.458,3.91,.508,7.81,1.392,0,14.091,null,null,null
249,03/01/2011,03/01/2011,11.418999671936035,null,null,null,24,Clear,odour free,7.06,54,null,null,null,.308,null,10.386,null,null,0,15.15,20.15,8,.019,.029,3.2,2.916,3.795,.586,7.81,2.16,0,18.483,null,null,null
250,03/01/2011,03/01/2011,11.418999671936035,null,null,null,24,Clear,odour free,7.06,54,null,null,null,.308,null,10.386,null,null,0,15.15,20.15,8,.019,.029,3.2,2.916,3.795,.586,7.81,2.16,0,18.483,null,null,null
251,01/03/2011,01/03/2011,3.734999895095825,null,null,null,24,Clear,odour free,7.52,65,null,null,null,.308,null,12.924,null,null,0,15.5,20.1,12,.019,.027,4.8,1.944,4.393,.899,7.81,3.216,0,18.91,null,null,null
252,01/03/2011,01/03/2011,3.734999895095825,null,null,null,24,Clear,odour free,7.52,65,null,null,null,.308,null,12.924,null,null,0,15.5,20.1,12,.019,.027,4.8,1.944,4.393,.899,7.81,3.216,0,18.91,null,null,null
253,02/05/2011,03/05/2011,2.24399995803833,null,null,null,24,Clear,odour free,6.52,78,null,null,0,.448,null,11.857,null,null,0,22.55,24.15,12,.171,.046,4.8,2.916,4.6,1.603,7.81,2.496,0,27.511,null,null,null
254,02/05/2011,03/05/2011,2.24399995803833,null,null,null,24,Clear,odour free,6.52,78,null,null,0,.448,null,11.857,null,null,0,22.55,24.15,12,.171,.046,4.8,2.916,4.6,1.603,7.81,2.496,0,27.511,null,null,null
255,01/07/2011,02/07/2011,139.06399536132813,null,null,null,24,Dark Brown,odour free,7.17,41,null,null,null,.378,null,7.753,null,null,null,null,12.05,8,0,null,3.2,.972,3.404,.391,6.035,2.928,0,9.516,null,null,null
256,01/07/2011,02/07/2011,139.06399536132813,null,null,null,24,Dark Brown,odour free,7.17,41,null,null,null,.378,null,7.753,null,null,null,null,12.05,8,0,null,3.2,.972,3.404,.391,6.035,2.928,0,9.516,null,null,null
257,02/09/2011,03/09/2011,933.9110107421875,null,null,null,23,Light Brown,odour free,6.6,32,null,null,null,.28,null,5.576,null,null,0,8.25,12.1,4,.057,null,1.6,1.944,2.599,.508,3.905,1.968,0,10.065,null,null,null
258,02/09/2011,03/09/2011,933.9110107421875,null,null,null,23,Light Brown,odour free,6.6,32,null,null,null,.28,null,5.576,null,null,0,8.25,12.1,4,.057,null,1.6,1.944,2.599,.508,3.905,1.968,0,10.065,null,null,null
259,01/11/2011,02/11/2011,28.51300048828125,null,null,null,25,Brown,odour free,6.3,50,null,null,null,.392,null,9.544,null,null,0,13.15,16.05,12,null,null,4.8,.972,3.404,.704,6.035,2.496,0,16.043,null,null,null
260,01/11/2011,02/11/2011,28.51300048828125,null,null,null,25,Brown,odour free,6.3,50,null,null,null,.392,null,9.544,null,null,0,13.15,16.05,12,null,null,4.8,.972,3.404,.704,6.035,2.496,0,16.043,null,null,null
261,02/01/2012,03/01/2012,8.484000205993652,null,null,null,25,Clear,odour free,6.94,58,null,null,null,.308,null,null,null,null,0,16.3,20.15,8,null,null,3.2,2.916,4.094,.586,8.52,2.256,0,19.886,null,null,null
262,02/01/2012,03/01/2012,8.484000205993652,null,null,null,25,Clear,odour free,6.94,58,null,null,null,.308,null,null,null,null,0,16.3,20.15,8,null,null,3.2,2.916,4.094,.586,8.52,2.256,0,19.886,null,null,null
263,01/02/2012,02/02/2012,6.052000045776367,null,null,null,null,null,null,null,null,null,null,null,null,null,null,null,null,null,null,null,null,null,null,null,null,null,null,null,null,null,null,null,null,null
264,01/02/2012,02/02/2012,6.052000045776367,null,null,null,null,null,null,null,null,null,null,null,null,null,null,null,null,null,null,null,null,null,null,null,null,null,null,null,null,null,null,null,null,null
265,01/03/2012,02/03/2012,2.7039999961853027,null,null,null,23.5,Clear,odour free,6.95,67,null,null,null,.406,null,null,null,null,0,17.3,20.1,12,.038,null,4.8,1.944,4.807,1.017,8.52,1.584,0,21.106,null,null,null
266,01/03/2012,02/03/2012,2.7039999961853027,null,null,null,23.5,Clear,odour free,6.95,67,null,null,null,.406,null,null,null,null,0,17.3,20.1,12,.038,null,4.8,1.944,4.807,1.017,8.52,1.584,0,21.106,null,null,null
267,01/05/2012,02/05/2012,3.0350000858306885,null,null,null,25,Clear,odour free,6.4,71,null,null,null,.645,null,null,null,null,0,21,24.175,10,.057,null,4,3.402,4.094,1.916,7.81,2.592,0,25.62,null,null,null
268,01/05/2012,02/05/2012,3.0350000858306885,null,null,null,25,Clear,odour free,6.4,71,null,null,null,.645,null,null,null,null,0,21,24.175,10,.057,null,4,3.402,4.094,1.916,7.81,2.592,0,25.62,null,null,null
269,28/05/2012,29/05/2012,1.805999994277954,null,null,null,null,null,null,null,null,null,null,null,null,null,null,null,null,null,null,null,null,null,null,null,null,null,null,null,null,null,null,null,null,null
270,28/05/2012,29/05/2012,1.805999994277954,null,null,null,null,null,null,null,null,null,null,null,null,null,null,null,null,null,null,null,null,null,null,null,null,null,null,null,null,null,null,null,null,null
271,01/07/2013,02/07/2013,null,null,null,null,22.5,Brown,odour free,6.65,44,null,null,null,.504,null,8.9,null,null,null,null,16.1,8,.019,null,3.2,1.944,2.898,.586,4.97,4.32,0,12.81,null,null,null
272,02/08/2013,02/08/2013,null,null,null,null,null,null,null,null,null,null,null,null,null,null,null,null,null,null,null,null,null,null,null,null,null,null,null,null,null,null,null,null,null,null
273,02/09/2013,03/09/2013,null,null,null,null,22,Light Brown,odour free,6.55,48,null,null,null,.336,null,6,null,null,0,11.9,16.1,8,.038,.001,3.2,1.944,3.611,.704,7.81,1.776,0,14.518,null,null,null
274,04/11/2013,04/11/2013,null,null,null,null,23,Clear,odour free,6.75,52,null,null,null,.42,null,10,null,null,0,16.15,16.1,8,.038,.001,3.2,1.944,4.209,.586,6.035,1.056,0,19.703,null,null,null
275,01/01/2014,02/01/2014,null,null,null,null,22.5,Clear,odour free,6.92,56,null,null,null,.392,null,10.7,null,null,0,17.8,18.1,10,.095,.001,4,1.944,4.807,.704,6.035,2.352,0,21.716,null,null,null
