Standard Parameter Analysis Data of : Sarangkheda (01 02 17 015)
Laboratory : CWC NTBO Surat 
Period : January-2003 To January-2016 
S.No.,Date_of_Collection,Date_of_Receipt,Discharge(cumecs),pH_FLD,EC_FLD(umho/cm),DO(mg/l),Water Temp(deg C),Colour,Odour,pH_GEN,EC_GEN(umho/cm),TDS(mg/l),SS(mg/l),NH3(mg N/l),NO2+NO3(mg N/l),Total_Nutrients(mg P/l),SiO2(mg/l),BOD(mg/l),COD(mg/l),Phen(mg CaCO3/l),Total_Alkallnity(mg CaCO3/l),Total_Hardness(mg CaCO3/l),Ca_Hardness(mg CaCO3/l),F(mg/l),B(mg/l),Ca_Major_Ions(mg/l),Mg(mg/l),Na(mg/l),K(mg/l),Cl(mg/l),SO4(mg/l),CO3(mg/l),HCO3(mg/l),Total_Coliforms(MPN/100ml),Faecal(MPN/100ml),Chlorophyll-A(ug/L)
1,01/07/2003,02/07/2003,216,null,null,null,24,Light Brown,odour free,7.62,323,180,1166,null,0,null,13.37,1.2,null,0,341.235,92.15,72.15,.08,null,28.86,4.8,null,null,24.13,3.145,0,208.07,null,null,null
2,01/07/2003,02/07/2003,216,null,null,null,24,Light Brown,odour free,7.62,323,180,1166,null,0,null,13.37,1.2,null,0,341.235,92.15,72.15,.08,null,28.86,4.8,null,null,24.13,3.145,0,208.07,null,null,null
3,15/07/2003,16/07/2003,91.06999969482422,null,null,null,26,Light Brown,odour free,7.96,266,164,1008,null,0,null,14.62,.8,null,0,292.478,92.15,72.15,.05,null,28.86,4.8,null,null,14.591,2.695,0,178.34,null,null,null
4,15/07/2003,16/07/2003,91.06999969482422,null,null,null,26,Light Brown,odour free,7.96,266,164,1008,null,0,null,14.62,.8,null,0,292.478,92.15,72.15,.05,null,28.86,4.8,null,null,14.591,2.695,0,178.34,null,null,null
5,01/08/2003,02/08/2003,667.7000122070313,null,null,null,25,Light Brown,odour free,7.88,238,169,1403,null,0,null,24.48,.2,null,0,316.864,76.25,60,.05,null,24,3.9,null,null,9.252,2.695,0,193.21,null,null,null
6,01/08/2003,02/08/2003,667.7000122070313,null,null,null,25,Light Brown,odour free,7.88,238,169,1403,null,0,null,24.48,.2,null,0,316.864,76.25,60,.05,null,24,3.9,null,null,9.252,2.695,0,193.21,null,null,null
7,16/08/2003,17/08/2003,195.1999969482422,null,null,null,26,Light Brown,odour free,8.28,228,148,604,null,0,null,20.19,.5,null,0,243.737,84,64,.06,null,25.6,4.8,null,null,8.224,4.717,0,148.62,null,null,null
8,16/08/2003,17/08/2003,195.1999969482422,null,null,null,26,Light Brown,odour free,8.28,228,148,604,null,0,null,20.19,.5,null,0,243.737,84,64,.06,null,25.6,4.8,null,null,8.224,4.717,0,148.62,null,null,null
9,01/09/2003,02/09/2003,1523,null,null,null,24,Light Brown,odour free,8.2,333,246,50,null,.056,null,14.38,1.2,null,0,167.952,78.25,62,.32,null,24.8,3.9,null,null,36,13.145,0,102.41,null,null,null
10,01/09/2003,02/09/2003,1523,null,null,null,24,Light Brown,odour free,8.2,333,246,50,null,.056,null,14.38,1.2,null,0,167.952,78.25,62,.32,null,24.8,3.9,null,null,36,13.145,0,102.41,null,null,null
11,15/09/2003,16/09/2003,293.6000061035156,null,null,null,26,Clear,odour free,8.21,418,270,56,null,.056,null,16.38,.8,null,0,159.966,104.425,84.175,.3,null,33.67,4.86,null,null,30,13.77,0,97.54,null,null,null
12,15/09/2003,16/09/2003,293.6000061035156,null,null,null,26,Clear,odour free,8.21,418,270,56,null,.056,null,16.38,.8,null,0,159.966,104.425,84.175,.3,null,33.67,4.86,null,null,30,13.77,0,97.54,null,null,null
13,01/10/2003,02/10/2003,1539,null,null,null,25,Brown,odour free,8.39,323,246,62,.05,.07,null,16.38,.5,null,4.15,178.303,92.15,72.15,.38,null,28.86,4.8,null,null,32,12.096,5,103.63,null,null,null
14,01/10/2003,02/10/2003,1539,null,null,null,25,Brown,odour free,8.39,323,246,62,.05,.07,null,16.38,.5,null,4.15,178.303,92.15,72.15,.38,null,28.86,4.8,null,null,32,12.096,5,103.63,null,null,null
15,15/10/2003,16/10/2003,175.10000610351563,null,null,null,24,Clear,odour free,8.36,418,273,46,.05,.042,null,10.62,.8,null,3.984,187.973,104.317,80.15,.3,null,32.06,5.8,null,null,32,10.289,4.8,109.73,null,null,null
16,15/10/2003,16/10/2003,175.10000610351563,null,null,null,24,Clear,odour free,8.36,418,273,46,.05,.042,null,10.62,.8,null,3.984,187.973,104.317,80.15,.3,null,32.06,5.8,null,null,32,10.289,4.8,109.73,null,null,null
17,01/11/2003,02/11/2003,17.139999389648438,null,null,null,25,Clear,odour free,8.28,407,248,42,.05,.056,null,16.46,1.3,null,0,169.953,104.442,80.15,.36,null,32.06,5.83,null,null,32,12.289,0,103.63,null,null,null
18,01/11/2003,02/11/2003,17.139999389648438,null,null,null,25,Clear,odour free,8.28,407,248,42,.05,.056,null,16.46,1.3,null,0,169.953,104.442,80.15,.36,null,32.06,5.83,null,null,32,12.289,0,103.63,null,null,null
19,15/11/2003,16/11/2003,2.746000051498413,null,null,null,24,Clear,odour free,8.1,371,240,52,.05,.056,null,13.37,.8,null,0,175.956,100.4,80.15,.36,null,32.06,4.86,null,null,30,10.774,0,107.29,null,null,null
20,15/11/2003,16/11/2003,2.746000051498413,null,null,null,24,Clear,odour free,8.1,371,240,52,.05,.056,null,13.37,.8,null,0,175.956,100.4,80.15,.36,null,32.06,4.86,null,null,30,10.774,0,107.29,null,null,null
21,01/12/2003,02/12/2003,0.5519999861717224,null,null,null,23,Clear,odour free,7.92,394,244,56,.05,.056,null,11.84,1.2,null,0,179.957,100.417,76.25,.34,null,30.5,5.8,null,null,34,10.82,0,109.73,null,null,null
22,01/12/2003,02/12/2003,0.5519999861717224,null,null,null,23,Clear,odour free,7.92,394,244,56,.05,.056,null,11.84,1.2,null,0,179.957,100.417,76.25,.34,null,30.5,5.8,null,null,34,10.82,0,109.73,null,null,null
23,02/08/2004,03/08/2004,229.10000610351563,null,null,null,23,Light Brown,septic,8.13,230,183,59,.05,.028,.08,26.34,.7,null,0,130,92.15,72.15,.08,null,28.86,4.8,null,null,5.211,6.2,0,158.5,null,null,null
24,02/08/2004,03/08/2004,229.10000610351563,null,null,null,23,Light Brown,septic,8.13,230,183,59,.05,.028,.08,26.34,.7,null,0,130,92.15,72.15,.08,null,28.86,4.8,null,null,5.211,6.2,0,158.5,null,null,null
25,01/10/2004,02/10/2004,118.5999984741211,null,null,null,26,Light Brown,odour free,8.41,315,226,59,.05,.014,.08,19.38,1.2,null,10,170,104.317,80.15,.18,null,32.06,5.8,null,null,23.65,13.77,6,207.26,null,null,null
26,01/10/2004,02/10/2004,118.5999984741211,null,null,null,26,Light Brown,odour free,8.41,315,226,59,.05,.014,.08,19.38,1.2,null,10,170,104.317,80.15,.18,null,32.06,5.8,null,null,23.65,13.77,6,207.26,null,null,null
27,01/06/2005,,0,null,null,null,null,null,null,null,null,null,null,null,null,null,null,null,null,null,null,null,null,null,null,null,null,null,null,null,null,null,null,null,null,null
28,01/06/2005,,0,null,null,null,null,null,null,null,null,null,null,null,null,null,null,null,null,null,null,null,null,null,null,null,null,null,null,null,null,null,null,null,null,null
29,01/07/2005,,0,null,null,null,null,null,null,null,null,null,null,null,null,null,null,null,null,null,null,null,null,null,null,null,null,null,null,null,null,null,null,null,null,null
30,01/07/2005,,0,null,null,null,null,null,null,null,null,null,null,null,null,null,null,null,null,null,null,null,null,null,null,null,null,null,null,null,null,null,null,null,null,null
31,01/08/2005,02/08/2005,574.5,null,null,null,26,Light Brown,rotten egg,8.58,260,183,67,.06,.17,.883,26.34,.7,null,2.49,104.934,116.4,80.15,1.08,null,32.06,8.7,null,null,17.016,12.59,3,121.92,null,null,null
32,01/08/2005,02/08/2005,574.5,null,null,null,26,Light Brown,rotten egg,8.58,260,183,67,.06,.17,.883,26.34,.7,null,2.49,104.934,116.4,80.15,1.08,null,32.06,8.7,null,null,17.016,12.59,3,121.92,null,null,null
33,01/09/2005,,37.09000015258789,null,null,null,null,null,null,null,null,null,null,null,null,null,null,null,null,null,null,null,null,null,null,null,null,null,null,null,null,null,null,null,null,null
34,01/09/2005,,37.09000015258789,null,null,null,null,null,null,null,null,null,null,null,null,null,null,null,null,null,null,null,null,null,null,null,null,null,null,null,null,null,null,null,null,null
35,01/10/2005,02/10/2005,282.95599365234375,null,null,null,26,Clear,odour free,8.12,302,189,64,.06,.05,.08,20.19,1.1,null,0,140.074,108.483,80.15,.05,null,32.06,6.8,null,null,13.65,11.49,0,170.89,null,null,null
36,01/10/2005,02/10/2005,282.95599365234375,null,null,null,26,Clear,odour free,8.12,302,189,64,.06,.05,.08,20.19,1.1,null,0,140.074,108.483,80.15,.05,null,32.06,6.8,null,null,13.65,11.49,0,170.89,null,null,null
37,02/11/2005,,6.738999843597412,null,null,null,null,null,null,null,null,null,null,null,null,null,null,null,null,null,null,null,null,null,null,null,null,null,null,null,null,null,null,null,null,null
38,02/11/2005,,6.738999843597412,null,null,null,null,null,null,null,null,null,null,null,null,null,null,null,null,null,null,null,null,null,null,null,null,null,null,null,null,null,null,null,null,null
39,01/12/2005,,0,null,null,null,null,null,null,null,null,null,null,null,null,null,null,null,null,null,null,null,null,null,null,null,null,null,null,null,null,null,null,null,null,null
40,01/12/2005,,0,null,null,null,null,null,null,null,null,null,null,null,null,null,null,null,null,null,null,null,null,null,null,null,null,null,null,null,null,null,null,null,null,null
41,02/01/2006,,null,null,null,null,null,null,null,null,null,null,null,null,null,null,null,null,null,null,null,null,null,null,null,null,null,null,null,null,null,null,null,null,null,null
42,01/02/2006,,null,null,null,null,null,null,null,null,null,null,null,null,null,null,null,null,null,null,null,null,null,null,null,null,null,null,null,null,null,null,null,null,null,null
43,01/03/2006,,null,null,null,null,null,null,null,null,null,null,null,null,null,null,null,null,null,null,null,null,null,null,null,null,null,null,null,null,null,null,null,null,null,null
44,01/04/2006,,null,null,null,null,null,null,null,null,null,null,null,null,null,null,null,null,null,null,null,null,null,null,null,null,null,null,null,null,null,null,null,null,null,null
45,01/05/2006,,null,null,null,null,null,null,null,null,null,null,null,null,null,null,null,null,null,null,null,null,null,null,null,null,null,null,null,null,null,null,null,null,null,null
46,01/06/2006,,null,null,null,null,null,null,null,null,null,null,null,null,null,null,null,null,null,null,null,null,null,null,null,null,null,null,null,null,null,null,null,null,null,null
47,01/07/2006,,null,null,null,null,null,null,null,null,null,null,null,null,null,null,null,null,null,null,null,null,null,null,null,null,null,null,null,null,null,null,null,null,null,null
48,01/08/2006,02/08/2006,683.0809936523438,null,null,null,24,Light Brown,odour free,8.14,262,174,97,.39,.042,.16,22.36,.3,null,0,89.943,103.333,75,.12,null,30,6.8,7.3,.3,10.998,15.418,0,109.73,null,null,null
49,01/08/2006,02/08/2006,683.0809936523438,null,null,null,24,Light Brown,odour free,8.14,262,174,97,.39,.042,.16,22.36,.3,null,0,89.943,103.333,75,.12,null,30,6.8,7.3,.3,10.998,15.418,0,109.73,null,null,null
50,01/09/2006,,391.7560119628906,null,null,null,null,null,null,null,null,null,null,null,null,null,null,null,null,null,null,null,null,null,null,null,null,null,null,null,null,null,null,null,null,null
51,01/09/2006,,391.7560119628906,null,null,null,null,null,null,null,null,null,null,null,null,null,null,null,null,null,null,null,null,null,null,null,null,null,null,null,null,null,null,null,null,null
52,03/10/2006,04/10/2006,3582.126953125,null,null,null,25,Other,odour free,8.08,312,209,74,.435,.084,.09,24.32,.8,null,0,96.721,108.483,80.15,.178,null,32.06,6.8,12.3,.9,17.72,13.2,0,118,null,null,null
53,03/10/2006,04/10/2006,3582.126953125,null,null,null,25,Other,odour free,8.08,312,209,74,.435,.084,.09,24.32,.8,null,0,96.721,108.483,80.15,.178,null,32.06,6.8,12.3,.9,17.72,13.2,0,118,null,null,null
54,01/11/2006,,61.698001861572266,null,null,null,null,null,null,null,null,null,null,null,null,null,null,null,null,null,null,null,null,null,null,null,null,null,null,null,null,null,null,null,null,null
55,01/11/2006,,61.698001861572266,null,null,null,null,null,null,null,null,null,null,null,null,null,null,null,null,null,null,null,null,null,null,null,null,null,null,null,null,null,null,null,null,null
56,01/12/2006,02/12/2006,8.199999809265137,null,null,null,22,Clear,odour free,8.57,391,265,144,.068,.042,.08,24.48,3,null,4.98,114.918,117.233,80.15,.079,null,32.06,8.9,15.3,3.2,22.3,16.34,6,128,null,null,null
57,01/12/2006,02/12/2006,8.199999809265137,null,null,null,22,Clear,odour free,8.57,391,265,144,.068,.042,.08,24.48,3,null,4.98,114.918,117.233,80.15,.079,null,32.06,8.9,15.3,3.2,22.3,16.34,6,128,null,null,null
58,01/01/2007,,1.2000000476837158,null,null,null,null,null,null,null,null,null,null,null,null,null,null,null,null,null,null,null,null,null,null,null,null,null,null,null,null,null,null,null,null,null
59,01/01/2007,,1.2000000476837158,null,null,null,null,null,null,null,null,null,null,null,null,null,null,null,null,null,null,null,null,null,null,null,null,null,null,null,null,null,null,null,null,null
60,01/02/2007,,null,null,null,null,null,null,null,null,null,null,null,null,null,null,null,null,null,null,null,null,null,null,null,null,null,null,null,null,null,null,null,null,null,null
61,01/03/2007,,null,null,null,null,null,null,null,null,null,null,null,null,null,null,null,null,null,null,null,null,null,null,null,null,null,null,null,null,null,null,null,null,null,null
62,02/04/2007,,null,null,null,null,null,null,null,null,null,null,null,null,null,null,null,null,null,null,null,null,null,null,null,null,null,null,null,null,null,null,null,null,null,null
63,02/04/2007,03/04/2007,null,null,null,null,25,Clear,odour free,8.72,326,229,98,.072,.042,.06,14.38,1.4,null,4.98,189.977,108.483,80.15,.082,null,32.06,6.8,4,3.5,6.913,6.1,6,109.73,null,null,null
64,01/05/2007,,null,null,null,null,null,null,null,null,null,null,null,null,null,null,null,null,null,null,null,null,null,null,null,null,null,null,null,null,null,null,null,null,null,null
65,01/06/2007,,null,null,null,null,null,null,null,null,null,null,null,null,null,null,null,null,null,null,null,null,null,null,null,null,null,null,null,null,null,null,null,null,null,null
66,02/07/2007,,8556.275390625,null,null,null,null,null,null,null,null,null,null,null,null,null,null,null,null,null,null,null,null,null,null,null,null,null,null,null,null,null,null,null,null,null
67,02/07/2007,,8556.275390625,null,null,null,null,null,null,null,null,null,null,null,null,null,null,null,null,null,null,null,null,null,null,null,null,null,null,null,null,null,null,null,null,null
68,01/08/2007,02/08/2007,833.989990234375,null,null,null,26,Brown,fishy,8.4,332,214,97,.077,.16,.106,24.38,.3,null,2.49,114.926,104.317,80.15,.134,null,32.06,5.8,44,3.3,70.41,7.2,3,134.11,null,null,null
69,01/08/2007,02/08/2007,833.989990234375,null,null,null,26,Brown,fishy,8.4,332,214,97,.077,.16,.106,24.38,.3,null,2.49,114.926,104.317,80.15,.134,null,32.06,5.8,44,3.3,70.41,7.2,3,134.11,null,null,null
70,01/09/2007,,907.52099609375,null,null,null,null,null,null,null,null,null,null,null,null,null,null,null,null,null,null,null,null,null,null,null,null,null,null,null,null,null,null,null,null,null
71,01/09/2007,,907.52099609375,null,null,null,null,null,null,null,null,null,null,null,null,null,null,null,null,null,null,null,null,null,null,null,null,null,null,null,null,null,null,null,null,null
72,01/10/2007,02/10/2007,407.6719970703125,8.5,380,5.5,27,Light Brown,odour free,8.14,401,234,122,.066,.17,.12,24.38,1.2,null,0,109.928,108.483,80.15,.096,null,32.06,6.8,29.1,7.9,43.642,1,0,134.112,null,null,null
73,01/10/2007,02/10/2007,407.6719970703125,8.5,380,5.5,27,Light Brown,odour free,8.14,401,234,122,.066,.17,.12,24.38,1.2,null,0,109.928,108.483,80.15,.096,null,32.06,6.8,29.1,7.9,43.642,1,0,134.112,null,null,null
74,01/11/2007,,30.23699951171875,null,null,null,null,null,null,null,null,null,null,null,null,null,null,null,null,null,null,null,null,null,null,null,null,null,null,null,null,null,null,null,null,null
75,01/11/2007,,30.23699951171875,null,null,null,null,null,null,null,null,null,null,null,null,null,null,null,null,null,null,null,null,null,null,null,null,null,null,null,null,null,null,null,null,null
76,01/12/2007,02/12/2007,2.630000114440918,7,333.7,1.6,17,Clear,odour free,8.6,359,222,109,.066,.16,.139,24.26,1.6,null,4.98,109.934,112.65,80.15,.081,null,32.06,7.8,40.7,5.6,56.087,2.93,6,121.92,null,null,null
77,01/12/2007,02/12/2007,2.630000114440918,7,333.7,1.6,17,Clear,odour free,8.6,359,222,109,.066,.16,.139,24.26,1.6,null,4.98,109.934,112.65,80.15,.081,null,32.06,7.8,40.7,5.6,56.087,2.93,6,121.92,null,null,null
78,01/01/2008,,0,null,null,null,null,null,null,null,null,null,null,null,null,null,null,null,null,null,null,null,null,null,null,null,null,null,null,null,null,null,null,null,null,null
79,01/01/2008,,0,null,null,null,null,null,null,null,null,null,null,null,null,null,null,null,null,null,null,null,null,null,null,null,null,null,null,null,null,null,null,null,null,null
80,01/02/2008,,null,null,null,null,null,null,null,null,null,null,null,null,null,null,null,null,null,null,null,null,null,null,null,null,null,null,null,null,null,null,null,null,null,null
81,01/03/2008,,null,null,null,null,null,null,null,null,null,null,null,null,null,null,null,null,null,null,null,null,null,null,null,null,null,null,null,null,null,null,null,null,null,null
82,01/04/2008,,null,null,null,null,null,null,null,null,null,null,null,null,null,null,null,null,null,null,null,null,null,null,null,null,null,null,null,null,null,null,null,null,null,null
83,01/05/2008,,null,null,null,null,null,null,null,null,null,null,null,null,null,null,null,null,null,null,null,null,null,null,null,null,null,null,null,null,null,null,null,null,null,null
84,02/06/2008,,null,null,null,null,null,null,null,null,null,null,null,null,null,null,null,null,null,null,null,null,null,null,null,null,null,null,null,null,null,null,null,null,null,null
85,01/07/2008,,null,null,null,null,null,null,null,null,null,null,null,null,null,null,null,null,null,null,null,null,null,null,null,null,null,null,null,null,null,null,null,null,null,null
86,01/08/2008,02/08/2008,488.3330078125,10.5,375,6.25,27,Other,septic,8.41,441,289,136,.067,.15,.48,18.24,1.4,null,4.98,79.951,104.317,80.15,.067,null,32.06,5.8,42.5,.8,73.35,8.65,6,85.34,null,null,null
87,01/08/2008,02/08/2008,488.3330078125,10.5,375,6.25,27,Other,septic,8.41,441,289,136,.067,.15,.48,18.24,1.4,null,4.98,79.951,104.317,80.15,.067,null,32.06,5.8,42.5,.8,73.35,8.65,6,85.34,null,null,null
88,01/09/2008,02/09/2008,292.6080017089844,10.5,375,7,26,Light Brown,odour free,7.86,284,182,138,.1,.22,.18,24.48,1.7,null,0,89.943,112.65,80.15,.16,null,32.06,7.8,17.6,.6,30.53,8.46,0,109.73,null,null,null
89,01/09/2008,02/09/2008,292.6080017089844,10.5,375,7,26,Light Brown,odour free,7.86,284,182,138,.1,.22,.18,24.48,1.7,null,0,89.943,112.65,80.15,.16,null,32.06,7.8,17.6,.6,30.53,8.46,0,109.73,null,null,null
90,01/10/2008,02/10/2008,229.75599670410156,10.5,360,7,25,Clear,odour free,7.56,360,240,164,.08,.042,.42,22.46,.7,null,0,90.164,108.483,80.15,.08,null,32.06,6.8,23.1,.7,35.52,16.92,0,110,null,null,null
91,01/10/2008,02/10/2008,229.75599670410156,10.5,360,7,25,Clear,odour free,7.56,360,240,164,.08,.042,.42,22.46,.7,null,0,90.164,108.483,80.15,.08,null,32.06,6.8,23.1,.7,35.52,16.92,0,110,null,null,null
92,01/11/2008,,null,null,null,null,null,null,null,null,null,null,null,null,null,null,null,null,null,null,null,null,null,null,null,null,null,null,null,null,null,null,null,null,null,null
93,01/12/2008,,null,null,null,null,null,null,null,null,null,null,null,null,null,null,null,null,null,null,null,null,null,null,null,null,null,null,null,null,null,null,null,null,null,null
94,01/01/2009,,null,null,null,null,null,null,null,null,null,null,null,null,null,null,null,null,null,null,null,null,null,null,null,null,null,null,null,null,null,null,null,null,null,null
95,02/02/2009,,null,null,null,null,null,null,null,null,null,null,null,null,null,null,null,null,null,null,null,null,null,null,null,null,null,null,null,null,null,null,null,null,null,null
96,02/03/2009,,null,null,null,null,null,null,null,null,null,null,null,null,null,null,null,null,null,null,null,null,null,null,null,null,null,null,null,null,null,null,null,null,null,null
97,01/04/2009,,null,null,null,null,null,null,null,null,null,null,null,null,null,null,null,null,null,null,null,null,null,null,null,null,null,null,null,null,null,null,null,null,null,null
98,01/05/2009,,null,null,null,null,null,null,null,null,null,null,null,null,null,null,null,null,null,null,null,null,null,null,null,null,null,null,null,null,null,null,null,null,null,null
99,01/06/2009,,0,null,null,null,null,null,null,null,null,null,null,null,null,null,null,null,null,null,null,null,null,null,null,null,null,null,null,null,null,null,null,null,null,null
100,01/07/2009,,0,null,null,null,null,null,null,null,null,null,null,null,null,null,null,null,null,null,null,null,null,null,null,null,null,null,null,null,null,null,null,null,null,null
101,01/07/2009,,0,null,null,null,null,null,null,null,null,null,null,null,null,null,null,null,null,null,null,null,null,null,null,null,null,null,null,null,null,null,null,null,null,null
102,01/08/2009,02/08/2009,186.85499572753906,9.91,190,null,25,Dark Brown,aromatic,7.59,269,167,98,.08,.16,.1,24.38,.3,null,0,109.928,120.567,80.15,.12,null,32.06,9.7,45.7,2.7,63.14,13.42,0,134.112,null,null,null
103,01/08/2009,02/08/2009,186.85499572753906,9.91,190,null,25,Dark Brown,aromatic,7.59,269,167,98,.08,.16,.1,24.38,.3,null,0,109.928,120.567,80.15,.12,null,32.06,9.7,45.7,2.7,63.14,13.42,0,134.112,null,null,null
104,01/09/2009,02/09/2009,1163.31298828125,9.66,186.46,null,26,Light Brown,odour free,7.66,295,200,105,.08,.12,.14,19.38,4.5,null,0,79.951,108.333,80,.18,null,32,6.8,31.9,4.7,55.06,13.42,0,97.54,null,null,null
105,01/09/2009,02/09/2009,1163.31298828125,9.66,186.46,null,26,Light Brown,odour free,7.66,295,200,105,.08,.12,.14,19.38,4.5,null,0,79.951,108.333,80,.18,null,32,6.8,31.9,4.7,55.06,13.42,0,97.54,null,null,null
106,01/10/2009,,0,null,null,null,null,null,null,null,null,null,null,null,null,null,null,null,null,null,null,null,null,null,null,null,null,null,null,null,null,null,null,null,null,null
107,01/10/2009,,0,null,null,null,null,null,null,null,null,null,null,null,null,null,null,null,null,null,null,null,null,null,null,null,null,null,null,null,null,null,null,null,null,null
108,03/11/2009,,0,null,null,null,null,null,null,null,null,null,null,null,null,null,null,null,null,null,null,null,null,null,null,null,null,null,null,null,null,null,null,null,null,null
109,03/11/2009,,0,null,null,null,null,null,null,null,null,null,null,null,null,null,null,null,null,null,null,null,null,null,null,null,null,null,null,null,null,null,null,null,null,null
110,01/12/2009,,0,null,null,null,null,null,null,null,null,null,null,null,null,null,null,null,null,null,null,null,null,null,null,null,null,null,null,null,null,null,null,null,null,null
111,01/12/2009,,0,null,null,null,null,null,null,null,null,null,null,null,null,null,null,null,null,null,null,null,null,null,null,null,null,null,null,null,null,null,null,null,null,null
112,01/01/2010,,0,null,null,null,null,null,null,null,null,null,null,null,null,null,null,null,null,null,null,null,null,null,null,null,null,null,null,null,null,null,null,null,null,null
113,01/01/2010,,0,null,null,null,null,null,null,null,null,null,null,null,null,null,null,null,null,null,null,null,null,null,null,null,null,null,null,null,null,null,null,null,null,null
114,01/02/2010,02/02/2010,0,null,null,null,null,null,null,null,null,null,null,null,null,null,null,null,null,null,null,null,null,null,null,null,null,null,null,null,null,null,null,null,null,null
115,01/02/2010,02/02/2010,0,null,null,null,null,null,null,null,null,null,null,null,null,null,null,null,null,null,null,null,null,null,null,null,null,null,null,null,null,null,null,null,null,null
116,02/03/2010,,0,null,null,null,null,null,null,null,null,null,null,null,null,null,null,null,null,null,null,null,null,null,null,null,null,null,null,null,null,null,null,null,null,null
117,02/03/2010,,0,null,null,null,null,null,null,null,null,null,null,null,null,null,null,null,null,null,null,null,null,null,null,null,null,null,null,null,null,null,null,null,null,null
118,01/04/2010,,0,null,null,null,null,null,null,null,null,null,null,null,null,null,null,null,null,null,null,null,null,null,null,null,null,null,null,null,null,null,null,null,null,null
119,01/04/2010,,0,null,null,null,null,null,null,null,null,null,null,null,null,null,null,null,null,null,null,null,null,null,null,null,null,null,null,null,null,null,null,null,null,null
120,01/05/2010,,0,null,null,null,null,null,null,null,null,null,null,null,null,null,null,null,null,null,null,null,null,null,null,null,null,null,null,null,null,null,null,null,null,null
121,01/05/2010,,0,null,null,null,null,null,null,null,null,null,null,null,null,null,null,null,null,null,null,null,null,null,null,null,null,null,null,null,null,null,null,null,null,null
122,01/06/2010,02/06/2010,0,null,null,null,null,null,null,null,null,null,null,null,null,null,null,null,null,null,null,null,null,null,null,null,null,null,null,null,null,null,null,null,null,null
123,01/06/2010,02/06/2010,0,null,null,null,null,null,null,null,null,null,null,null,null,null,null,null,null,null,null,null,null,null,null,null,null,null,null,null,null,null,null,null,null,null
124,01/07/2010,,0,null,null,null,null,null,null,null,null,null,null,null,null,null,null,null,null,null,null,null,null,null,null,null,null,null,null,null,null,null,null,null,null,null
125,01/07/2010,,0,null,null,null,null,null,null,null,null,null,null,null,null,null,null,null,null,null,null,null,null,null,null,null,null,null,null,null,null,null,null,null,null,null
126,02/08/2010,03/08/2010,2658,null,null,null,24,Brown,odour free,8,253.2,190,120,.05,.3,.09,9.5,.5,null,0,135,116.667,80,.09,null,32,8.8,4.506,24.2,6.3,1.44,0,164.7,null,null,null
127,02/08/2010,03/08/2010,2658,null,null,null,24,Brown,odour free,8,253.2,190,120,.05,.3,.09,9.5,.5,null,0,135,116.667,80,.09,null,32,8.8,4.506,24.2,6.3,1.44,0,164.7,null,null,null
128,01/09/2010,,1906.9530029296875,null,null,null,null,null,null,null,null,null,null,null,null,null,null,null,null,null,null,null,null,null,null,null,null,null,null,null,null,null,null,null,null,null
129,01/09/2010,,1906.9530029296875,null,null,null,null,null,null,null,null,null,null,null,null,null,null,null,null,null,null,null,null,null,null,null,null,null,null,null,null,null,null,null,null,null
130,01/10/2010,02/10/2010,0,8.6,270,10.5,26,Clear,odour free,7.9,382.1,240,124,.06,.22,.1,8.2,.8,null,0,89.918,108.5,76,.08,null,30.4,7.8,67.5,1,104.9,1,0,109.7,null,null,null
131,01/10/2010,02/10/2010,0,8.6,270,10.5,26,Clear,odour free,7.9,382.1,240,124,.06,.22,.1,8.2,.8,null,0,89.918,108.5,76,.08,null,30.4,7.8,67.5,1,104.9,1,0,109.7,null,null,null
132,01/11/2010,,0,null,null,null,null,null,null,null,null,null,null,null,null,null,null,null,null,null,null,null,null,null,null,null,null,null,null,null,null,null,null,null,null,null
133,01/11/2010,,0,null,null,null,null,null,null,null,null,null,null,null,null,null,null,null,null,null,null,null,null,null,null,null,null,null,null,null,null,null,null,null,null,null
134,01/12/2010,,0,null,null,null,null,null,null,null,null,null,null,null,null,null,null,null,null,null,null,null,null,null,null,null,null,null,null,null,null,null,null,null,null,null
135,01/12/2010,,0,null,null,null,null,null,null,null,null,null,null,null,null,null,null,null,null,null,null,null,null,null,null,null,null,null,null,null,null,null,null,null,null,null
136,01/01/2011,,0,null,null,null,null,null,null,null,null,null,null,null,null,null,null,null,null,null,null,null,null,null,null,null,null,null,null,null,null,null,null,null,null,null
137,01/01/2011,,0,null,null,null,null,null,null,null,null,null,null,null,null,null,null,null,null,null,null,null,null,null,null,null,null,null,null,null,null,null,null,null,null,null
138,01/02/2011,,0,null,null,null,null,null,null,null,null,null,null,null,null,null,null,null,null,null,null,null,null,null,null,null,null,null,null,null,null,null,null,null,null,null
139,01/02/2011,,0,null,null,null,null,null,null,null,null,null,null,null,null,null,null,null,null,null,null,null,null,null,null,null,null,null,null,null,null,null,null,null,null,null
140,01/03/2011,,0,null,null,null,null,null,null,null,null,null,null,null,null,null,null,null,null,null,null,null,null,null,null,null,null,null,null,null,null,null,null,null,null,null
141,01/03/2011,,0,null,null,null,null,null,null,null,null,null,null,null,null,null,null,null,null,null,null,null,null,null,null,null,null,null,null,null,null,null,null,null,null,null
142,01/04/2011,,0,null,null,null,null,null,null,null,null,null,null,null,null,null,null,null,null,null,null,null,null,null,null,null,null,null,null,null,null,null,null,null,null,null
143,01/04/2011,,0,null,null,null,null,null,null,null,null,null,null,null,null,null,null,null,null,null,null,null,null,null,null,null,null,null,null,null,null,null,null,null,null,null
144,02/05/2011,,0,null,null,null,null,null,null,null,null,null,null,null,null,null,null,null,null,null,null,null,null,null,null,null,null,null,null,null,null,null,null,null,null,null
145,02/05/2011,,0,null,null,null,null,null,null,null,null,null,null,null,null,null,null,null,null,null,null,null,null,null,null,null,null,null,null,null,null,null,null,null,null,null
146,01/06/2011,,0,null,null,null,null,null,null,null,null,null,null,null,null,null,null,null,null,null,null,null,null,null,null,null,null,null,null,null,null,null,null,null,null,null
147,01/06/2011,,0,null,null,null,null,null,null,null,null,null,null,null,null,null,null,null,null,null,null,null,null,null,null,null,null,null,null,null,null,null,null,null,null,null
148,01/07/2011,,16.604000091552734,null,null,null,null,null,null,null,null,null,null,null,null,null,null,null,null,null,null,null,null,null,null,null,null,null,null,null,null,null,null,null,null,null
149,01/07/2011,,16.604000091552734,null,null,null,null,null,null,null,null,null,null,null,null,null,null,null,null,null,null,null,null,null,null,null,null,null,null,null,null,null,null,null,null,null
150,01/08/2011,02/08/2011,319.4639892578125,7,null,null,23,Brown,odour free,7.56,299,168,90,.06,.12,.36,20.3,2.6,null,0,65.574,99.167,75,.08,null,30,5.8,58.7,12.4,104.9,10,0,80,null,null,null
151,01/08/2011,02/08/2011,319.4639892578125,7,null,null,23,Brown,odour free,7.56,299,168,90,.06,.12,.36,20.3,2.6,null,0,65.574,99.167,75,.08,null,30,5.8,58.7,12.4,104.9,10,0,80,null,null,null
152,01/09/2011,,1766.2509765625,null,null,null,null,null,null,null,null,null,null,null,null,null,null,null,null,null,null,null,null,null,null,null,null,null,null,null,null,null,null,null,null,null
153,01/09/2011,,1766.2509765625,null,null,null,null,null,null,null,null,null,null,null,null,null,null,null,null,null,null,null,null,null,null,null,null,null,null,null,null,null,null,null,null,null
154,01/10/2011,,0,null,null,null,null,null,null,null,null,null,null,null,null,null,null,null,null,null,null,null,null,null,null,null,null,null,null,null,null,null,null,null,null,null
155,01/10/2011,,0,null,null,null,null,null,null,null,null,null,null,null,null,null,null,null,null,null,null,null,null,null,null,null,null,null,null,null,null,null,null,null,null,null
156,01/11/2011,,0,null,null,null,null,null,null,null,null,null,null,null,null,null,null,null,null,null,null,null,null,null,null,null,null,null,null,null,null,null,null,null,null,null
157,01/11/2011,,0,null,null,null,null,null,null,null,null,null,null,null,null,null,null,null,null,null,null,null,null,null,null,null,null,null,null,null,null,null,null,null,null,null
158,01/12/2011,,0,null,null,null,null,null,null,null,null,null,null,null,null,null,null,null,null,null,null,null,null,null,null,null,null,null,null,null,null,null,null,null,null,null
159,01/12/2011,,0,null,null,null,null,null,null,null,null,null,null,null,null,null,null,null,null,null,null,null,null,null,null,null,null,null,null,null,null,null,null,null,null,null
160,02/01/2012,,0,null,null,null,null,null,null,null,null,null,null,null,null,null,null,null,null,null,null,null,null,null,null,null,null,null,null,null,null,null,null,null,null,null
161,02/01/2012,,0,null,null,null,null,null,null,null,null,null,null,null,null,null,null,null,null,null,null,null,null,null,null,null,null,null,null,null,null,null,null,null,null,null
162,01/02/2012,,0,null,null,null,null,null,null,null,null,null,null,null,null,null,null,null,null,null,null,null,null,null,null,null,null,null,null,null,null,null,null,null,null,null
163,01/02/2012,,0,null,null,null,null,null,null,null,null,null,null,null,null,null,null,null,null,null,null,null,null,null,null,null,null,null,null,null,null,null,null,null,null,null
164,01/03/2012,,0,null,null,null,null,null,null,null,null,null,null,null,null,null,null,null,null,null,null,null,null,null,null,null,null,null,null,null,null,null,null,null,null,null
165,01/03/2012,,0,null,null,null,null,null,null,null,null,null,null,null,null,null,null,null,null,null,null,null,null,null,null,null,null,null,null,null,null,null,null,null,null,null
166,02/04/2012,,0,null,null,null,null,null,null,null,null,null,null,null,null,null,null,null,null,null,null,null,null,null,null,null,null,null,null,null,null,null,null,null,null,null
167,02/04/2012,,0,null,null,null,null,null,null,null,null,null,null,null,null,null,null,null,null,null,null,null,null,null,null,null,null,null,null,null,null,null,null,null,null,null
168,01/05/2012,,0,null,null,null,null,null,null,null,null,null,null,null,null,null,null,null,null,null,null,null,null,null,null,null,null,null,null,null,null,null,null,null,null,null
169,01/05/2012,,0,null,null,null,null,null,null,null,null,null,null,null,null,null,null,null,null,null,null,null,null,null,null,null,null,null,null,null,null,null,null,null,null,null
170,01/06/2012,,0,null,null,null,null,null,null,null,null,null,null,null,null,null,null,null,null,null,null,null,null,null,null,null,null,null,null,null,null,null,null,null,null,null
171,01/06/2012,,0,null,null,null,null,null,null,null,null,null,null,null,null,null,null,null,null,null,null,null,null,null,null,null,null,null,null,null,null,null,null,null,null,null
172,02/07/2012,,0,null,null,null,null,null,null,null,null,null,null,null,null,null,null,null,null,null,null,null,null,null,null,null,null,null,null,null,null,null,null,null,null,null
173,02/07/2012,,0,null,null,null,null,null,null,null,null,null,null,null,null,null,null,null,null,null,null,null,null,null,null,null,null,null,null,null,null,null,null,null,null,null
174,01/08/2012,02/08/2012,1216.6490478515625,7.2,null,null,22,Brown,odour free,8.2,320,210,98,.12,.16,.1,8,.8,null,0,94.836,105,80,.14,null,32,6,45,3.2,68.8,7,0,115.7,null,null,null
175,01/08/2012,02/08/2012,1216.6490478515625,7.2,null,null,22,Brown,odour free,8.2,320,210,98,.12,.16,.1,8,.8,null,0,94.836,105,80,.14,null,32,6,45,3.2,68.8,7,0,115.7,null,null,null
176,01/09/2012,,1616,null,null,null,null,null,null,null,null,null,null,null,null,null,null,null,null,null,null,null,null,null,null,null,null,null,null,null,null,null,null,null,null,null
177,01/09/2012,,1616,null,null,null,null,null,null,null,null,null,null,null,null,null,null,null,null,null,null,null,null,null,null,null,null,null,null,null,null,null,null,null,null,null
178,01/10/2012,,0,null,null,null,null,null,null,null,null,null,null,null,null,null,null,null,null,null,null,null,null,null,null,null,null,null,null,null,null,null,null,null,null,null
179,01/10/2012,,0,null,null,null,null,null,null,null,null,null,null,null,null,null,null,null,null,null,null,null,null,null,null,null,null,null,null,null,null,null,null,null,null,null
180,01/11/2012,,0,null,null,null,null,null,null,null,null,null,null,null,null,null,null,null,null,null,null,null,null,null,null,null,null,null,null,null,null,null,null,null,null,null
181,01/11/2012,,0,null,null,null,null,null,null,null,null,null,null,null,null,null,null,null,null,null,null,null,null,null,null,null,null,null,null,null,null,null,null,null,null,null
182,01/12/2012,,0,null,null,null,null,null,null,null,null,null,null,null,null,null,null,null,null,null,null,null,null,null,null,null,null,null,null,null,null,null,null,null,null,null
183,01/12/2012,,0,null,null,null,null,null,null,null,null,null,null,null,null,null,null,null,null,null,null,null,null,null,null,null,null,null,null,null,null,null,null,null,null,null
184,01/01/2013,,0,null,null,null,null,null,null,null,null,null,null,null,null,null,null,null,null,null,null,null,null,null,null,null,null,null,null,null,null,null,null,null,null,null
185,01/01/2013,,0,null,null,null,null,null,null,null,null,null,null,null,null,null,null,null,null,null,null,null,null,null,null,null,null,null,null,null,null,null,null,null,null,null
186,01/02/2013,,0,null,null,null,null,null,null,null,null,null,null,null,null,null,null,null,null,null,null,null,null,null,null,null,null,null,null,null,null,null,null,null,null,null
187,01/02/2013,,0,null,null,null,null,null,null,null,null,null,null,null,null,null,null,null,null,null,null,null,null,null,null,null,null,null,null,null,null,null,null,null,null,null
188,01/03/2013,,0,null,null,null,null,null,null,null,null,null,null,null,null,null,null,null,null,null,null,null,null,null,null,null,null,null,null,null,null,null,null,null,null,null
189,01/03/2013,,0,null,null,null,null,null,null,null,null,null,null,null,null,null,null,null,null,null,null,null,null,null,null,null,null,null,null,null,null,null,null,null,null,null
190,01/04/2013,,0,null,null,null,null,null,null,null,null,null,null,null,null,null,null,null,null,null,null,null,null,null,null,null,null,null,null,null,null,null,null,null,null,null
191,01/04/2013,,0,null,null,null,null,null,null,null,null,null,null,null,null,null,null,null,null,null,null,null,null,null,null,null,null,null,null,null,null,null,null,null,null,null
192,01/05/2013,,0,null,null,null,null,null,null,null,null,null,null,null,null,null,null,null,null,null,null,null,null,null,null,null,null,null,null,null,null,null,null,null,null,null
193,01/05/2013,,0,null,null,null,null,null,null,null,null,null,null,null,null,null,null,null,null,null,null,null,null,null,null,null,null,null,null,null,null,null,null,null,null,null
194,01/06/2013,02/06/2013,null,null,null,null,22,Clear,odour free,8.2,465,300,180,.12,null,.26,10,1,null,0,80.328,110.567,75.15,.12,null,30.06,8.5,26.4,2.6,50,11.2,0,98,null,null,null
195,01/07/2013,,263.5,null,null,null,null,null,null,null,null,null,null,null,null,null,null,null,null,null,null,null,null,null,null,null,null,null,null,null,null,null,null,null,null,null
196,01/07/2013,,263.5,null,null,null,null,null,null,null,null,null,null,null,null,null,null,null,null,null,null,null,null,null,null,null,null,null,null,null,null,null,null,null,null,null
197,01/08/2013,02/08/2013,821.5,8.2,300,8.5,21,Light Brown,odour free,7.8,338,220,115,.1,null,.18,6.8,1,null,0,80.328,100.983,80.15,.12,null,32.06,5,61.3,7.6,100,12.4,0,98,null,null,null
198,01/08/2013,02/08/2013,821.5,8.2,300,8.5,21,Light Brown,odour free,7.8,338,220,115,.1,null,.18,6.8,1,null,0,80.328,100.983,80.15,.12,null,32.06,5,61.3,7.6,100,12.4,0,98,null,null,null
199,02/09/2013,,744.6849975585938,null,null,null,null,null,null,null,null,null,null,null,null,null,null,null,null,null,null,null,null,null,null,null,null,null,null,null,null,null,null,null,null,null
200,02/09/2013,,744.6849975585938,null,null,null,null,null,null,null,null,null,null,null,null,null,null,null,null,null,null,null,null,null,null,null,null,null,null,null,null,null,null,null,null,null
201,01/10/2013,02/10/2013,599.2999877929688,8,350,9.5,23,Light Brown,odour free,8,437,286,155,.12,null,.18,8.6,1,null,0,109.836,112.417,80,.12,null,32,7.78,46.2,6.8,64,10.6,0,134,null,null,null
202,01/10/2013,02/10/2013,599.2999877929688,8,350,9.5,23,Light Brown,odour free,8,437,286,155,.12,null,.18,8.6,1,null,0,109.836,112.417,80,.12,null,32,7.78,46.2,6.8,64,10.6,0,134,null,null,null
203,01/11/2013,,null,null,null,null,null,null,null,null,null,null,null,null,null,null,null,null,null,null,null,null,null,null,null,null,null,null,null,null,null,null,null,null,null,null
204,02/12/2013,,null,null,null,null,null,null,null,null,null,null,null,null,null,null,null,null,null,null,null,null,null,null,null,null,null,null,null,null,null,null,null,null,null,null
205,01/01/2014,,null,null,null,null,null,null,null,null,null,null,null,null,null,null,null,null,null,null,null,null,null,null,null,null,null,null,null,null,null,null,null,null,null,null
206,01/02/2014,,null,null,null,null,null,null,null,null,null,null,null,null,null,null,null,null,null,null,null,null,null,null,null,null,null,null,null,null,null,null,null,null,null,null
207,01/03/2014,,null,null,null,null,null,null,null,null,null,null,null,null,null,null,null,null,null,null,null,null,null,null,null,null,null,null,null,null,null,null,null,null,null,null
208,01/04/2014,02/04/2014,null,6.83,400,10.2,21,Clear,odour free,8.1,630,399,200,.12,null,.16,8.5,2.4,null,0,100,126.633,90.175,.18,null,36.07,8.75,40,4.2,58,12,0,122,1600,700,null
209,01/05/2014,,null,null,null,null,null,null,null,null,null,null,null,null,null,null,null,null,null,null,null,null,null,null,null,null,null,null,null,null,null,null,null,null,null,null
210,02/06/2014,03/06/2014,null,8.2,410,6.4,28.5,Clear,odour free,8.6,602,390,150,.12,.18,.14,6.8,2.8,null,4.15,93.579,100.833,80,.14,null,32,5,48,4,66,10,5,104,1800,800,null
211,01/07/2014,,null,null,null,null,null,null,null,null,null,null,null,null,null,null,null,null,null,null,null,null,null,null,null,null,null,null,null,null,null,null,null,null,null,null
212,01/08/2014,02/08/2014,975.4000244140625,7,200,8,21,Brown,odour free,8,248,164,110,.14,.18,.18,10,1.57,null,19.92,123.607,120.533,95.2,.05,null,38.08,6.08,40.2,3.2,55,2,24,102,300,100,null
213,01/08/2014,02/08/2014,975.4000244140625,7,200,8,21,Brown,odour free,8,248,164,110,.14,.18,.18,10,1.57,null,19.92,123.607,120.533,95.2,.05,null,38.08,6.08,40.2,3.2,55,2,24,102,300,100,null
214,01/09/2014,,1254.8299560546875,null,null,null,null,null,null,null,null,null,null,null,null,null,null,null,null,null,null,null,null,null,null,null,null,null,null,null,null,null,null,null,null,null
215,01/09/2014,,1254.8299560546875,null,null,null,null,null,null,null,null,null,null,null,null,null,null,null,null,null,null,null,null,null,null,null,null,null,null,null,null,null,null,null,null,null
216,01/10/2014,,null,null,null,null,null,null,null,null,null,null,null,null,null,null,null,null,null,null,null,null,null,null,null,null,null,null,null,null,null,null,null,null,null,null
217,01/11/2014,,null,null,null,null,null,null,null,null,null,null,null,null,null,null,null,null,null,null,null,null,null,null,null,null,null,null,null,null,null,null,null,null,null,null
218,01/12/2014,02/12/2014,null,7,300,9.6,16,Clear,odour free,7.8,380,250,100,.12,.18,.2,8.4,1.85,null,0,106.557,119.867,60.325,.2,null,24.13,14.29,45,4.6,62.5,12,0,130,800,500,null
219,01/01/2015,,null,null,null,null,null,null,null,null,null,null,null,null,null,null,null,null,null,null,null,null,null,null,null,null,null,null,null,null,null,null,null,null,null,null
220,02/02/2015,03/02/2015,null,7,300,8.3,13,Clear,odour free,8.3,440,280,200,.12,.2,.12,10,3,24,14.11,78.333,95.483,70.15,.12,null,28.06,6.08,42,4.2,62,16.4,17,61,1000,600,null
221,02/03/2015,,null,null,null,null,null,null,null,null,null,null,null,null,null,null,null,null,null,null,null,null,null,null,null,null,null,null,null,null,null,null,null,null,null,null
222,01/04/2015,02/04/2015,null,7,300,8.3,21,Clear,odour free,8.4,444,286,120,.12,.21,.15,6.6,4,21,0,180.328,193.708,64.125,.13,null,25.65,31.1,40,4,65,10,0,220,1700,800,null
223,01/05/2015,,null,null,null,null,null,null,null,null,null,null,null,null,null,null,null,null,null,null,null,null,null,null,null,null,null,null,null,null,null,null,null,null,null,null
224,01/06/2015,02/06/2015,null,6.8,300,7.2,26,Clear,odour free,8.1,390,250,150,.12,.24,.13,10,2.1,20,0,75.41,95.483,70.15,.14,null,28.06,6.08,40,3,62,10.3,0,92,1800,800,null
225,01/07/2015,,null,null,null,null,null,null,null,null,null,null,null,null,null,null,null,null,null,null,null,null,null,null,null,null,null,null,null,null,null,null,null,null,null,null
226,01/08/2015,,null,null,null,null,null,null,null,null,null,null,null,null,null,null,null,null,null,null,null,null,null,null,null,null,null,null,null,null,null,null,null,null,null,null
227,01/09/2015,,null,null,null,null,null,null,null,null,null,null,null,null,null,null,null,null,null,null,null,null,null,null,null,null,null,null,null,null,null,null,null,null,null,null
228,01/10/2015,02/10/2015,null,null,null,null,26,Clear,odour free,8.04,444,287,140,.12,.2,.13,8,2.59,96,0,146.721,185.833,130,.15,null,52,13.4,44,3.6,84,11,0,179,1400,700,null
229,02/11/2015,,null,null,null,null,null,null,null,null,null,null,null,null,null,null,null,null,null,null,null,null,null,null,null,null,null,null,null,null,null,null,null,null,null,null
230,01/12/2015,02/12/2015,null,6.8,300,6.5,16,7,1,8.2,395,250,130,.11,.18,.14,8,1.77,20,0,73.77,110.525,80.15,.14,null,32.06,7.29,38.6,4,80,6,0,90,1800,1000,null
231,01/01/2016,,null,null,null,null,null,null,null,null,null,null,null,null,null,null,null,null,null,null,null,null,null,null,null,null,null,null,null,null,null,null,null,null,null,null
