Standard Parameter Analysis Data of : Sevanur (CCI00C4)
Laboratory : CWC CSRO Coimbatore 
Period : January-2001 To January-2014 
S.No.,Date_of_Collection,Date_of_Receipt,Discharge(cumecs),pH_FLD,EC_FLD(umho/cm),DO(mg/l),Water Temp(deg C),Colour,Odour,pH_GEN,EC_GEN(umho/cm),TDS(mg/l),SS(mg/l),NH3(mg N/l),NO2+NO3(mg N/l),Total_Nutrients(mg P/l),SiO2(mg/l),BOD(mg/l),COD(mg/l),Phen(mg CaCO3/l),Total_Alkallnity(mg CaCO3/l),Total_Hardness(mg CaCO3/l),Ca_Hardness(mg CaCO3/l),F(mg/l),B(mg/l),Ca_Major_Ions(mg/l),Mg(mg/l),Na(mg/l),K(mg/l),Cl(mg/l),SO4(mg/l),CO3(mg/l),HCO3(mg/l),Total_Coliforms(MPN/100ml),Faecal(MPN/100ml),Chlorophyll-A(ug/L)
1,01/06/2001,,null,null,null,null,null,null,null,null,null,null,null,null,null,null,null,null,null,null,null,null,null,null,null,null,null,null,null,null,null,null,null,null,null,null
2,03/07/2001,,null,null,null,null,null,null,null,null,null,null,null,null,null,null,null,null,null,null,null,null,null,null,null,null,null,null,null,null,null,null,null,null,null,null
3,01/08/2001,,null,null,null,null,null,null,null,null,null,null,null,null,null,null,null,null,null,null,null,null,null,null,null,null,null,null,null,null,null,null,null,null,null,null
4,01/09/2001,,0,null,null,null,null,null,null,null,null,null,null,null,null,null,null,null,null,null,null,null,null,null,null,null,null,null,null,null,null,null,null,null,null,null
5,01/10/2001,01/10/2001,0.6489999890327454,null,null,null,28.8,Clear,odour free,7.62,648,null,null,null,5.885,.007,32.48,null,null,0,193.311,250.6,52.1,.7,.24,20.84,47.64,34.5,2,40.12,23.63,0,235.84,null,null,null
6,01/11/2001,01/11/2001,0.3070000112056732,null,null,null,28.8,Clear,odour free,7.8,764,null,null,null,6.372,.007,32.19,null,null,0,313.082,250.558,56.1,.71,.32,22.44,46.67,60.7,2.5,34.06,32.85,0,381.96,null,null,null
7,01/12/2001,01/12/2001,0.4950000047683716,null,null,null,28,Clear,odour free,8.34,848,null,null,null,6.329,.013,32.06,null,null,33.167,299.707,294.275,136.275,.61,.34,54.51,37.92,58.9,7.5,49.88,14.99,39.96,284.39,null,null,null
8,01/01/2002,01/01/2002,0.4059999883174896,null,null,null,25.8,Clear,odour free,7.68,1210,null,null,null,6.089,.013,51.74,null,null,0,421.82,464.458,130.25,.715,.28,52.1,80.21,76,1.8,99.76,72.19,0,514.62,null,null,null
9,01/02/2002,01/02/2002,0.1469999998807907,null,null,null,26,Clear,odour free,7.76,920,null,null,null,6.812,.01,40.44,null,null,0,377.418,362.967,150.3,.562,.26,60.12,51.04,59.8,7,55.93,18.51,0,460.45,null,null,null
10,01/03/2002,,0,null,null,null,null,null,null,null,null,null,null,null,null,null,null,null,null,null,null,null,null,null,null,null,null,null,null,null,null,null,null,null,null,null
11,01/04/2002,,null,null,null,null,null,null,null,null,null,null,null,null,null,null,null,null,null,null,null,null,null,null,null,null,null,null,null,null,null,null,null,null,null,null
12,01/05/2002,,null,null,null,null,null,null,null,null,null,null,null,null,null,null,null,null,null,null,null,null,null,null,null,null,null,null,null,null,null,null,null,null,null,null
13,01/06/2002,,null,null,null,null,null,null,null,null,null,null,null,null,null,null,null,null,null,null,null,null,null,null,null,null,null,null,null,null,null,null,null,null,null,null
14,01/07/2002,,null,null,null,null,null,null,null,null,null,null,null,null,null,null,null,null,null,null,null,null,null,null,null,null,null,null,null,null,null,null,null,null,null,null
15,01/08/2002,,null,null,null,null,null,null,null,null,null,null,null,null,null,null,null,null,null,null,null,null,null,null,null,null,null,null,null,null,null,null,null,null,null,null
16,02/09/2002,,null,null,null,null,null,null,null,null,null,null,null,null,null,null,null,null,null,null,null,null,null,null,null,null,null,null,null,null,null,null,null,null,null,null
17,01/10/2002,,null,null,null,null,null,null,null,null,null,null,null,null,null,null,null,null,null,null,null,null,null,null,null,null,null,null,null,null,null,null,null,null,null,null
18,01/11/2002,,0,null,null,null,null,null,null,null,null,null,null,null,null,null,null,null,null,null,null,null,null,null,null,null,null,null,null,null,null,null,null,null,null,null
19,02/12/2002,,null,null,null,null,null,null,null,null,null,null,null,null,null,null,null,null,null,null,null,null,null,null,null,null,null,null,null,null,null,null,null,null,null,null
20,01/01/2003,,null,null,null,null,null,null,null,null,null,null,null,null,null,null,null,null,null,null,null,null,null,null,null,null,null,null,null,null,null,null,null,null,null,null
21,01/02/2003,,null,null,null,null,null,null,null,null,null,null,null,null,null,null,null,null,null,null,null,null,null,null,null,null,null,null,null,null,null,null,null,null,null,null
22,01/03/2003,,null,null,null,null,null,null,null,null,null,null,null,null,null,null,null,null,null,null,null,null,null,null,null,null,null,null,null,null,null,null,null,null,null,null
23,01/04/2003,,null,null,null,null,null,null,null,null,null,null,null,null,null,null,null,null,null,null,null,null,null,null,null,null,null,null,null,null,null,null,null,null,null,null
24,01/05/2003,,null,null,null,null,null,null,null,null,null,null,null,null,null,null,null,null,null,null,null,null,null,null,null,null,null,null,null,null,null,null,null,null,null,null
25,02/06/2003,,null,null,null,null,null,null,null,null,null,null,null,null,null,null,null,null,null,null,null,null,null,null,null,null,null,null,null,null,null,null,null,null,null,null
26,01/07/2003,,null,null,null,null,null,null,null,null,null,null,null,null,null,null,null,null,null,null,null,null,null,null,null,null,null,null,null,null,null,null,null,null,null,null
27,01/08/2003,,null,null,null,null,null,null,null,null,null,null,null,null,null,null,null,null,null,null,null,null,null,null,null,null,null,null,null,null,null,null,null,null,null,null
28,01/09/2003,,null,null,null,null,null,null,null,null,null,null,null,null,null,null,null,null,null,null,null,null,null,null,null,null,null,null,null,null,null,null,null,null,null,null
29,01/10/2003,,null,null,null,null,null,null,null,null,null,null,null,null,null,null,null,null,null,null,null,null,null,null,null,null,null,null,null,null,null,null,null,null,null,null
30,01/11/2003,,null,null,null,null,null,null,null,null,null,null,null,null,null,null,null,null,null,null,null,null,null,null,null,null,null,null,null,null,null,null,null,null,null,null
31,01/12/2003,,null,null,null,null,null,null,null,null,null,null,null,null,null,null,null,null,null,null,null,null,null,null,null,null,null,null,null,null,null,null,null,null,null,null
32,01/01/2004,,null,null,null,null,null,null,null,null,null,null,null,null,null,null,null,null,null,null,null,null,null,null,null,null,null,null,null,null,null,null,null,null,null,null
33,03/02/2004,,null,null,null,null,null,null,null,null,null,null,null,null,null,null,null,null,null,null,null,null,null,null,null,null,null,null,null,null,null,null,null,null,null,null
34,01/03/2004,,null,null,null,null,null,null,null,null,null,null,null,null,null,null,null,null,null,null,null,null,null,null,null,null,null,null,null,null,null,null,null,null,null,null
35,01/04/2004,,3.6519999504089355,null,null,null,null,null,null,null,null,null,null,null,null,null,null,null,null,null,null,null,null,null,null,null,null,null,null,null,null,null,null,null,null,null
36,01/05/2004,,null,null,null,null,null,null,null,null,null,null,null,null,null,null,null,null,null,null,null,null,null,null,null,null,null,null,null,null,null,null,null,null,null,null
37,01/06/2004,,null,null,null,null,null,null,null,null,null,null,null,null,null,null,null,null,null,null,null,null,null,null,null,null,null,null,null,null,null,null,null,null,null,null
38,01/07/2004,,null,null,null,null,null,null,null,null,null,null,null,null,null,null,null,null,null,null,null,null,null,null,null,null,null,null,null,null,null,null,null,null,null,null
39,01/08/2004,,null,null,null,null,null,null,null,null,null,null,null,null,null,null,null,null,null,null,null,null,null,null,null,null,null,null,null,null,null,null,null,null,null,null
40,01/09/2004,,null,null,null,null,null,null,null,null,null,null,null,null,null,null,null,null,null,null,null,null,null,null,null,null,null,null,null,null,null,null,null,null,null,null
41,01/10/2004,01/10/2004,0.20900000631809235,null,null,null,null,Clear,odour free,8.07,659,null,null,.06,6.271,.015,29.01,null,null,0,184.861,213.192,140.275,.696,.235,56.11,17.5,38.9,6.6,50.22,56.7,0,225.53,null,null,null
42,01/11/2004,01/11/2004,2.0429999828338623,null,null,null,null,Light Brown,odour free,8.16,482,null,null,null,4.01,.026,27.18,null,null,0,145.164,193.308,108.225,.482,.223,43.29,20.42,29,5.1,44.87,15.64,0,177.1,null,null,null
43,01/12/2004,01/12/2004,0.3540000021457672,null,null,null,null,Clear,odour free,8.2,610,null,null,null,1.627,.012,35.5,null,null,0,181.672,229.767,108.225,.576,.274,43.29,29.17,40.8,3.6,55.8,24.52,0,221.64,null,null,null
44,01/01/2005,01/01/2005,0.2460000067949295,null,null,null,null,Clear,odour free,8.12,872,null,null,.059,5.191,.061,47.54,null,null,0,248.484,330.633,144.3,.978,.312,57.72,44.72,52.5,5.7,97.07,19.28,0,303.15,null,null,null
45,01/02/2005,01/02/2005,0,null,null,null,null,Light Brown,odour free,7.89,803,null,null,null,4.276,null,41.56,null,null,0,181.82,253.875,124.25,.872,.323,49.7,31.11,48.1,17.6,97.05,34.77,0,221.82,null,null,null
46,01/03/2005,,0,null,null,null,null,null,null,null,null,null,null,null,null,null,null,null,null,null,null,null,null,null,null,null,null,null,null,null,null,null,null,null,null,null
47,01/04/2005,,0,null,null,null,null,null,null,null,null,null,null,null,null,null,null,null,null,null,null,null,null,null,null,null,null,null,null,null,null,null,null,null,null,null
48,02/05/2005,,0,null,null,null,null,null,null,null,null,null,null,null,null,null,null,null,null,null,null,null,null,null,null,null,null,null,null,null,null,null,null,null,null,null
49,01/06/2005,,0,null,null,null,null,null,null,null,null,null,null,null,null,null,null,null,null,null,null,null,null,null,null,null,null,null,null,null,null,null,null,null,null,null
50,01/07/2005,,null,null,null,null,null,null,null,null,null,null,null,null,null,null,null,null,null,null,null,null,null,null,null,null,null,null,null,null,null,null,null,null,null,null
51,01/08/2005,,null,null,null,null,null,null,null,null,null,null,null,null,null,null,null,null,null,null,null,null,null,null,null,null,null,null,null,null,null,null,null,null,null,null
52,01/09/2005,01/09/2005,0.1850000023841858,null,null,null,28,Light Brown,odour free,7.57,532,null,null,null,1.742,.014,33.28,null,null,0,176.705,205.533,100.2,.583,.124,40.08,25.28,30.8,5.9,33,23.56,0,215.58,null,null,null
53,01/10/2005,01/10/2005,0.5109999775886536,null,null,null,null,Light Brown,odour free,7.78,645,null,null,null,3.996,.017,27.91,null,null,0,223.254,223.683,91.1,.792,.291,36.44,31.82,39.4,5.6,33.95,12.02,0,272.37,null,null,null
54,01/11/2005,01/11/2005,0.6439999938011169,null,null,null,null,Light Brown,odour free,7.9,436,null,null,null,3.996,.108,27.24,null,null,0,146.664,153.15,72.15,.621,.325,28.86,19.44,30,5.5,43.43,14.55,0,178.93,null,null,null
55,01/12/2005,01/12/2005,0.6079999804496765,null,null,null,null,Clear,odour free,8.01,774,null,null,.083,6.8,.036,25.35,null,null,0,240,278.567,123.9,.666,.302,49.56,37.12,54.5,7.3,53.56,61.35,0,292.8,null,null,null
56,01/01/2006,01/01/2006,0.6740000247955322,null,null,null,null,Clear,odour free,7.92,820,null,null,null,5.622,.01,28.65,null,null,0,293.074,318.85,108.225,.657,.32,43.29,50.55,55.4,6.1,58.24,19.59,0,357.55,null,null,null
57,01/02/2006,,0,null,null,null,null,null,null,null,null,null,null,null,null,null,null,null,null,null,null,null,null,null,null,null,null,null,null,null,null,null,null,null,null,null
58,01/03/2006,,0,null,null,null,null,null,null,null,null,null,null,null,null,null,null,null,null,null,null,null,null,null,null,null,null,null,null,null,null,null,null,null,null,null
59,01/04/2006,,0,null,null,null,null,null,null,null,null,null,null,null,null,null,null,null,null,null,null,null,null,null,null,null,null,null,null,null,null,null,null,null,null,null
60,01/05/2006,,0,null,null,null,null,null,null,null,null,null,null,null,null,null,null,null,null,null,null,null,null,null,null,null,null,null,null,null,null,null,null,null,null,null
61,01/06/2006,,null,null,null,null,null,null,null,null,null,null,null,null,null,null,null,null,null,null,null,null,null,null,null,null,null,null,null,null,null,null,null,null,null,null
62,01/07/2006,,null,null,null,null,null,null,null,null,null,null,null,null,null,null,null,null,null,null,null,null,null,null,null,null,null,null,null,null,null,null,null,null,null,null
63,01/08/2006,,null,null,null,null,null,null,null,null,null,null,null,null,null,null,null,null,null,null,null,null,null,null,null,null,null,null,null,null,null,null,null,null,null,null
64,06/09/2006,06/09/2006,0.3799999952316284,null,null,null,28,Clear,odour free,7.99,707,null,null,null,3.75,.021,32.56,null,null,0,248.418,237.667,124.25,.591,.412,49.7,27.22,43.9,5.3,37.54,13.44,0,303.07,null,null,null
65,01/10/2006,01/10/2006,1.6660000085830688,null,null,null,27.5,Clear,odour free,7.89,687,null,null,null,9.284,.087,35.62,null,null,0,269.426,249.692,136.275,1.147,.41,54.51,27.22,44.8,5.4,39.81,14.72,0,328.7,null,null,null
66,01/11/2006,01/11/2006,1.6660000085830688,null,null,null,27,Clear,odour free,7.87,626,null,null,null,12.126,.053,32.82,null,null,0,232.123,217.475,116.225,1.534,.311,46.49,24.3,40,6.1,34.85,15.02,0,283.19,null,null,null
67,01/12/2006,01/12/2006,1.5119999647140503,null,null,null,26,Clear,odour free,7.98,644,null,null,.052,null,.018,33.1,null,null,0,248.131,241.708,124.25,.681,.351,49.7,28.19,46.8,5.4,46.69,15.11,0,302.72,null,null,null
68,02/01/2007,02/01/2007,0.5049999952316284,null,null,null,25,Clear,odour free,8.18,720,null,null,.078,5.598,.01,35.74,null,null,0,302.484,281.967,148.3,.731,.36,59.32,32.08,56.1,6.2,41.8,18.96,0,369.03,null,null,null
69,01/02/2007,01/02/2007,0.15399999916553497,null,null,null,25.5,Clear,odour free,7.93,960,null,null,null,6.82,.001,79.73,null,null,0,388,346.658,160.325,.322,.302,64.13,44.72,88.4,8.1,57.12,25.09,0,473.36,null,null,null
70,01/03/2007,,0,null,null,null,null,null,null,null,null,null,null,null,null,null,null,null,null,null,null,null,null,null,null,null,null,null,null,null,null,null,null,null,null,null
71,02/04/2007,,null,null,null,null,null,null,null,null,null,null,null,null,null,null,null,null,null,null,null,null,null,null,null,null,null,null,null,null,null,null,null,null,null,null
72,01/05/2007,,null,null,null,null,null,null,null,null,null,null,null,null,null,null,null,null,null,null,null,null,null,null,null,null,null,null,null,null,null,null,null,null,null,null
73,01/06/2007,,null,null,null,null,null,null,null,null,null,null,null,null,null,null,null,null,null,null,null,null,null,null,null,null,null,null,null,null,null,null,null,null,null,null
74,02/07/2007,,null,null,null,null,null,null,null,null,null,null,null,null,null,null,null,null,null,null,null,null,null,null,null,null,null,null,null,null,null,null,null,null,null,null
75,01/08/2007,,null,null,null,null,null,null,null,null,null,null,null,null,null,null,null,null,null,null,null,null,null,null,null,null,null,null,null,null,null,null,null,null,null,null
76,01/09/2007,01/09/2008,0.1509999930858612,null,null,null,28,Clear,odour free,7.86,646,null,null,.053,6.391,.012,45.8,null,null,0,238.803,241.708,124.25,.689,.311,49.7,28.19,47.9,7.3,42.63,32.52,0,291.34,null,null,null
77,03/10/2007,03/10/2007,0.335999995470047,null,null,null,null,Clear,odour free,7.8,629,null,null,.055,6.374,.044,44.61,null,null,0,266.664,245.992,104.2,.693,.245,41.68,34.03,43.5,5.8,33.99,14.64,0,325.33,null,null,null
78,01/11/2007,01/11/2007,0.7110000252723694,null,null,null,.53,Light Brown,odour free,7.98,808,null,null,.057,9.242,.077,25.31,null,null,0,321.607,298.033,160.325,.813,.273,64.13,33.05,64.2,6.7,53.05,29.64,0,392.36,null,null,null
79,01/12/2007,01/12/2007,0.5929999947547913,null,null,null,null,Clear,odour free,7.98,684,null,null,.054,5.036,.091,39.38,null,null,0,285.426,262.142,108.225,.715,.314,43.29,36.94,45,4.7,35.04,23.78,0,348.22,null,null,null
80,01/01/2008,01/01/2008,0.8059999942779541,null,null,null,27,Clear,odour free,8.19,642,null,null,.053,3.485,.019,28.35,null,null,0,272.082,241.525,140.275,.721,.312,56.11,24.3,43,4.6,34.61,31.09,0,331.94,null,null,null
81,01/02/2008,,0,null,null,null,null,null,null,null,null,null,null,null,null,null,null,null,null,null,null,null,null,null,null,null,null,null,null,null,null,null,null,null,null,null
82,01/03/2008,,0,null,null,null,null,null,null,null,null,null,null,null,null,null,null,null,null,null,null,null,null,null,null,null,null,null,null,null,null,null,null,null,null,null
83,01/04/2008,,0,null,null,null,null,null,null,null,null,null,null,null,null,null,null,null,null,null,null,null,null,null,null,null,null,null,null,null,null,null,null,null,null,null
84,01/05/2008,,0,null,null,null,null,null,null,null,null,null,null,null,null,null,null,null,null,null,null,null,null,null,null,null,null,null,null,null,null,null,null,null,null,null
85,02/06/2008,,0,null,null,null,null,null,null,null,null,null,null,null,null,null,null,null,null,null,null,null,null,null,null,null,null,null,null,null,null,null,null,null,null,null
86,01/07/2008,,null,null,null,null,null,null,null,null,null,null,null,null,null,null,null,null,null,null,null,null,null,null,null,null,null,null,null,null,null,null,null,null,null,null
87,01/08/2008,,null,null,null,null,null,null,null,null,null,null,null,null,null,null,null,null,null,null,null,null,null,null,null,null,null,null,null,null,null,null,null,null,null,null
88,01/09/2008,,0,null,null,null,null,null,null,null,null,null,null,null,null,null,null,null,null,null,null,null,null,null,null,null,null,null,null,null,null,null,null,null,null,null
89,03/10/2008,,0,null,null,null,null,null,null,null,null,null,null,null,null,null,null,null,null,null,null,null,null,null,null,null,null,null,null,null,null,null,null,null,null,null
90,01/11/2008,01/11/2008,0.6169999837875366,null,null,null,null,Light Brown,odour free,7.98,676,null,null,null,null,null,null,null,null,0,259.475,222.5,100,null,null,40,29.4,48.1,5.3,48.99,38,0,316.56,null,null,null
91,01/12/2008,01/12/2008,0.6980000138282776,null,null,null,null,Light Brown,odour free,7.75,805,null,null,null,null,null,null,null,null,0,328.672,302.05,160.3,2.71,.105,64.12,34.02,55.2,5,49.99,63.78,0,400.98,null,null,null
92,01/01/2009,01/01/2009,0.37700000405311584,null,null,null,null,Clear,odour free,7.96,825,null,null,null,null,null,null,null,null,0,295.082,309.75,176,.825,.315,70.4,32.1,59,5.4,45.5,55,0,360,null,null,null
93,02/02/2009,02/02/2009,0.21799999475479126,null,null,null,null,Clear,odour free,7.81,860,null,null,null,null,null,2,null,null,0,314.754,321.667,180,.869,.097,72,34,58.9,5.6,45.5,51,0,384,null,null,null
94,02/03/2009,02/03/2009,0.10100000351667404,null,null,null,null,Clear,odour free,7.89,937,null,null,null,null,null,null,null,null,0,365.574,347.25,96,1.02,.171,38.4,60.3,68.8,7.5,51.5,65,0,446,null,null,null
95,01/04/2009,01/04/2009,0.052000001072883606,null,null,null,null,Clear,odour free,8.15,945,null,null,.132,null,null,2.8,null,null,0,358.197,330,160,1.03,.197,64,40.8,88.7,7.8,65.3,61.2,0,437,null,null,null
96,01/05/2009,01/05/2009,0.054999999701976776,null,null,null,null,null,null,7.74,852,null,null,.05,null,null,27.7,null,null,0,342.623,215.583,176,.82,.305,70.4,9.5,99.4,6.8,69.3,1,0,418,null,null,null
97,01/06/2009,01/06/2009,0.1120000034570694,null,null,null,null,Clear,odour free,7.62,849,null,null,.19,null,null,25.1,null,null,0,303.689,334.083,172,1.21,.49,68.8,38.9,75.2,8.6,97.5,60,0,370.5,null,null,null
98,01/07/2009,,null,null,null,null,null,null,null,null,null,null,null,null,null,null,null,null,null,null,null,null,null,null,null,null,null,null,null,null,null,null,null,null,null,null
99,01/08/2009,,null,null,null,null,null,null,null,null,null,null,null,null,null,null,null,null,null,null,null,null,null,null,null,null,null,null,null,null,null,null,null,null,null,null
100,01/09/2009,,null,null,null,null,null,null,null,null,null,null,null,null,null,null,null,null,null,null,null,null,null,null,null,null,null,null,null,null,null,null,null,null,null,null
101,01/10/2009,01/10/2009,0.5040000081062317,null,null,null,null,Clear,odour free,7.7,572,null,null,.08,null,null,75.04,null,null,0,271.475,261.333,148,.423,.1,59.2,27.2,46.2,5.1,38,17.1,0,331.2,null,null,null
102,03/11/2009,03/11/2009,0.5019999742507935,null,null,null,null,Clear,odour free,7.82,630,null,null,.075,null,null,49.76,null,null,0,295.082,269.167,160,.797,0,64,26.2,45.7,4.7,42.9,34.7,0,360,null,null,null
103,01/12/2009,01/12/2009,0.6380000114440918,null,null,null,null,Clear,odour free,7.92,636,null,null,.006,null,null,44.63,null,null,0,295.082,277.5,160,.683,1.19,64,28.2,41,4.8,37.1,29.5,0,360,null,null,null
104,01/01/2010,01/01/2010,0.6499999761581421,null,null,null,null,Clear,odour free,7.97,605,null,null,.11,null,null,28.87,null,null,0,303.279,278,128,1.06,.18,51.2,36,45,4.8,42.5,29,0,370,null,null,null
105,01/02/2010,01/02/2010,0.09200000017881393,null,null,null,null,Clear,odour free,7.86,825,null,null,.02,null,null,51.32,null,null,0,381.311,330.083,168,.958,.32,67.2,38.9,65,7.2,56.7,58.7,0,465.2,null,null,null
106,01/03/2010,,0,null,null,null,null,null,null,null,null,null,null,null,null,null,null,null,null,null,null,null,null,null,null,null,null,null,null,null,null,null,null,null,null,null
107,01/04/2010,,null,null,null,null,null,null,null,null,null,null,null,null,null,null,null,null,null,null,null,null,null,null,null,null,null,null,null,null,null,null,null,null,null,null
108,01/05/2010,,null,null,null,null,null,null,null,null,null,null,null,null,null,null,null,null,null,null,null,null,null,null,null,null,null,null,null,null,null,null,null,null,null,null
109,01/06/2010,,null,null,null,null,null,null,null,null,null,null,null,null,null,null,null,null,null,null,null,null,null,null,null,null,null,null,null,null,null,null,null,null,null,null
110,01/07/2010,,null,null,null,null,null,null,null,null,null,null,null,null,null,null,null,null,null,null,null,null,null,null,null,null,null,null,null,null,null,null,null,null,null,null
111,02/08/2010,,null,null,null,null,null,null,null,null,null,null,null,null,null,null,null,null,null,null,null,null,null,null,null,null,null,null,null,null,null,null,null,null,null,null
112,01/09/2010,,0,null,null,null,null,null,null,null,null,null,null,null,null,null,null,null,null,null,null,null,null,null,null,null,null,null,null,null,null,null,null,null,null,null
113,01/10/2010,,0.07400000095367432,null,null,null,null,null,null,null,null,null,null,null,null,null,null,null,null,null,null,null,null,null,null,null,null,null,null,null,null,null,null,null,null,null
114,01/11/2010,01/11/2010,0.3160000145435333,null,null,null,28.5,Clear,odour free,7.73,644,null,null,0,null,null,52.222,null,null,0,228,262.617,168.325,.317,.202,67.33,22.63,50.8,2.1,59.47,29.06,0,278.16,null,null,null
115,01/12/2010,01/12/2010,0.46799999475479126,null,null,null,27,Clear,odour free,7.93,687,null,null,null,null,null,47.281,null,null,0,288,285.683,180.35,.898,.133,72.14,25.28,57.9,6.1,69.38,25.5,0,351.36,null,null,null
116,01/01/2011,01/01/2011,0.5709999799728394,null,null,null,24,Clear,odour free,8.3,700,null,null,.012,null,null,37.812,null,null,35.856,292,289.967,156.3,.881,.178,62.52,32.08,49.5,4.8,62.77,24.96,43.2,268.4,null,null,null
117,01/02/2011,01/02/2011,0.10899999737739563,null,null,null,25,Clear,odour free,8.02,723,null,null,.036,null,null,56.535,null,null,0,324,297.95,168.325,1.119,.098,67.33,31.11,63,7.2,79.29,26.46,0,395.28,null,null,null
118,01/03/2011,,0,null,null,null,null,null,null,null,null,null,null,null,null,null,null,null,null,null,null,null,null,null,null,null,null,null,null,null,null,null,null,null,null,null
119,01/04/2011,,0,null,null,null,null,null,null,null,null,null,null,null,null,null,null,null,null,null,null,null,null,null,null,null,null,null,null,null,null,null,null,null,null,null
120,02/05/2011,,0,null,null,null,null,null,null,null,null,null,null,null,null,null,null,null,null,null,null,null,null,null,null,null,null,null,null,null,null,null,null,null,null,null
121,01/06/2011,,0,null,null,null,null,null,null,null,null,null,null,null,null,null,null,null,null,null,null,null,null,null,null,null,null,null,null,null,null,null,null,null,null,null
122,01/07/2011,,null,null,null,null,null,null,null,null,null,null,null,null,null,null,null,null,null,null,null,null,null,null,null,null,null,null,null,null,null,null,null,null,null,null
123,01/08/2011,,null,null,null,null,null,null,null,null,null,null,null,null,null,null,null,null,null,null,null,null,null,null,null,null,null,null,null,null,null,null,null,null,null,null
124,02/09/2011,02/09/2011,0.10700000077486038,null,null,null,28,Clear,odour free,7.67,580,null,null,null,null,null,null,null,null,0,236.557,229.442,136.275,.885,null,54.51,22.36,51.5,6.9,59.81,25.56,0,288.6,null,null,null
125,01/10/2011,01/10/2011,0.3700000047683716,null,null,null,29.5,Clear,odour free,7.52,300,null,null,null,null,null,null,null,null,0,197.131,201.408,104.2,.952,null,41.68,23.33,41.3,5.4,47.22,18.52,0,240.5,null,null,null
126,01/11/2011,01/11/2011,0.7409999966621399,null,null,null,28,Clear,odour free,7.47,527,null,null,null,null,null,null,null,null,0,223.41,217.275,136.275,.75,null,54.51,19.44,44.9,5.1,50.37,18.07,0,272.56,null,null,null
127,01/12/2011,01/12/2011,0.5099999904632568,null,null,null,27,Clear,odour free,7.79,568,null,null,null,null,null,null,null,null,0,232.172,225.583,120.25,.695,null,48.1,25.28,51.2,4.8,53.52,23.32,0,283.25,null,null,null
128,02/01/2012,02/01/2012,0.5400000214576721,null,null,null,25,Clear,odour free,7.54,592,null,null,null,null,null,null,null,null,0,245.32,233.808,108.225,.78,null,43.29,30.14,51.3,5.7,56.66,27.99,0,299.29,null,null,null
129,01/02/2012,01/02/2012,0.09600000083446503,null,null,null,26,Clear,odour free,7.39,705,null,null,null,null,null,null,null,null,0,267.221,261.817,140.275,.821,null,56.11,29.17,74,7.3,81.85,31.64,0,326.01,null,null,null
130,01/03/2012,,0,null,null,null,null,null,null,null,null,null,null,null,null,null,null,null,null,null,null,null,null,null,null,null,null,null,null,null,null,null,null,null,null,null
131,02/04/2012,,null,null,null,null,null,null,null,null,null,null,null,null,null,null,null,null,null,null,null,null,null,null,null,null,null,null,null,null,null,null,null,null,null,null
132,01/05/2012,,null,null,null,null,null,null,null,null,null,null,null,null,null,null,null,null,null,null,null,null,null,null,null,null,null,null,null,null,null,null,null,null,null,null
133,01/06/2013,,null,null,null,null,null,null,null,null,null,null,null,null,null,null,null,null,null,null,null,null,null,null,null,null,null,null,null,null,null,null,null,null,null,null
134,01/07/2013,,null,null,null,null,null,null,null,null,null,null,null,null,null,null,null,null,null,null,null,null,null,null,null,null,null,null,null,null,null,null,null,null,null,null
135,01/08/2013,,null,null,null,null,null,null,null,null,null,null,null,null,null,null,null,null,null,null,null,null,null,null,null,null,null,null,null,null,null,null,null,null,null,null
136,02/09/2013,02/09/2013,0.26499998569488525,null,null,null,28,Clear,odour free,7.67,516,null,null,.169,null,null,null,null,null,0,164,209.767,116.225,.54,null,46.49,22.45,29.2,5.9,50.83,27.28,0,200.08,null,null,null
137,02/09/2013,02/09/2013,0.26499998569488525,null,null,null,28,Clear,odour free,7.67,516,null,null,.169,null,null,null,null,null,0,164,209.767,116.225,.54,null,46.49,22.45,29.2,5.9,50.83,27.28,0,200.08,null,null,null
138,01/10/2013,01/10/2013,0.3610000014305115,null,null,null,29.5,Clear,odour free,7.77,605,null,null,.113,null,null,null,null,11.7,0,242.189,258.075,102.575,.113,null,41.03,37.32,34.3,5.1,53.42,26.58,0,295.47,null,null,null
139,01/10/2013,01/10/2013,0.3610000014305115,null,null,null,29.5,Clear,odour free,7.77,605,null,null,.113,null,null,null,null,11.7,0,242.189,258.075,102.575,.113,null,41.03,37.32,34.3,5.1,53.42,26.58,0,295.47,null,null,null
140,01/11/2013,01/11/2013,0.421999990940094,null,null,null,29.5,Clear,odour free,7.79,555,null,null,.07,null,null,null,null,18.9,0,223.533,229.65,149.9,.638,null,59.96,19.14,40.5,5.8,52.38,25.68,0,272.71,null,null,null
141,01/11/2013,01/11/2013,0.421999990940094,null,null,null,29.5,Clear,odour free,7.79,555,null,null,.07,null,null,null,null,18.9,0,223.533,229.65,149.9,.638,null,59.96,19.14,40.5,5.8,52.38,25.68,0,272.71,null,null,null
142,02/12/2013,02/12/2013,0.5040000081062317,null,null,null,24.5,Clear,odour free,7.89,635.3,null,null,.157,null,null,null,null,6.72,0,248.033,267.458,151.25,.562,null,60.5,27.89,20.8,2.1,37.52,16.48,0,302.6,null,null,null
143,02/12/2013,02/12/2013,0.5040000081062317,null,null,null,24.5,Clear,odour free,7.89,635.3,null,null,.157,null,null,null,null,6.72,0,248.033,267.458,151.25,.562,null,60.5,27.89,20.8,2.1,37.52,16.48,0,302.6,null,null,null
144,01/01/2014,01/01/2014,0.4779999852180481,null,null,null,25,Clear,odour free,7.93,677,null,null,.133,null,null,null,null,null,0,285.713,309.108,177.525,.715,null,71.01,31.58,38.5,5.2,50.23,23.3,0,348.57,null,null,null
145,01/01/2014,01/01/2014,0.4779999852180481,null,null,null,25,Clear,odour free,7.93,677,null,null,.133,null,null,null,null,null,0,285.713,309.108,177.525,.715,null,71.01,31.58,38.5,5.2,50.23,23.3,0,348.57,null,null,null
