Standard Parameter Analysis Data of : SonapurWB (GM000U3),,,,,,,,,,,,,,,,,,,,,,,,,,,,,,,,,,,,
Laboratory : lbd jalpaiguri ,,,,,,,,,,,,,,,,,,,,,,,,,,,,,,,,,,,,
Period : January-2006 To January-2007 ,,,,,,,,,,,,,,,,,,,,,,,,,,,,,,,,,,,,
S.No.,Date_of_Collection,Date_of_Receipt,Discharge(cumecs),pH_FLD,EC_FLD(umho/cm),DO(mg/l),Water Temp(deg C),Colour,Odour,pH_GEN,EC_GEN(umho/cm),TDS(mg/l),SS(mg/l),NH3(mg N/l),NO2+NO3(mg N/l),Total_Nutrients(mg P/l),SiO2(mg/l),BOD(mg/l),COD(mg/l),Phen(mg CaCO3/l),Total_Alkallnity(mg CaCO3/l),Total_Hardness(mg CaCO3/l),Ca_Hardness(mg CaCO3/l),F(mg/l),B(mg/l),Ca_Major_Ions(mg/l),Mg(mg/l),Na(mg/l),K(mg/l),Cl(mg/l),SO4(mg/l),CO3(mg/l),HCO3(mg/l),Total_Coliforms(MPN/100ml),Faecal(MPN/100ml),Chlorophyll-A(ug/L)
1,15/06/2006,16/06/2006,null,null,null,null,28,Clear,odour free,7.5,86,55,null,null,null,null,null,null,null,0,44,51.769,30,null,null,12,5.225,2.806,1.212,4.97,1.152,0,53.68,null,null,null
2,15/07/2006,17/07/2006,null,null,null,null,27,Clear,odour free,7.2,56,42,null,null,null,null,null,null,null,0,26,43.375,13,null,null,5.2,7.29,2.898,1.29,8.875,0.912,0,31.72,null,null,null
3,17/08/2006,19/08/2006,null,null,null,null,31,Clear,odour free,7.6,84,60,null,null,null,null,null,null,null,0,48,52.325,26,null,null,10.4,6.318,null,null,8.165,1.392,0,58.56,null,null,null
4,15/09/2006,16/09/2006,null,null,null,null,25,Clear,odour free,7.3,81,54,null,null,null,null,null,null,null,0,40,64.981,26,null,null,10.4,9.356,null,null,4.97,1.152,0,48.8,null,null,null
5,16/10/2006,17/10/2006,null,null,null,null,26,Clear,odour free,7.4,105,55,null,null,null,null,null,null,null,0,38,73.7,17,null,null,6.8,13.608,null,null,6.035,1.344,0,46.36,null,null,null
6,15/11/2006,16/11/2006,null,null,null,null,20,Clear,odour free,7.2,82,52,null,null,null,null,null,null,null,0,40,130.344,21.5,null,null,8.6,26.122,0.409,2.307,8.875,1.488,0,48.8,null,null,null
7,15/12/2006,18/12/2006,null,null,null,null,16.5,Clear,odour free,7.2,54,36,null,null,null,null,null,null,null,0,28,99.969,21.5,null,null,8.6,18.833,3.496,2.502,9.94,1.488,0,34.16,null,null,null
8,16/01/2007,17/01/2007,null,null,null,null,14,Clear,odour free,7,87.8,47.4,null,null,null,null,null,null,null,0,46,86.806,21.5,null,null,8.6,15.674,3.91,2.19,8.165,1.248,0,56.12,null,null,null
