Standard Parameter Analysis Data of : Thevur (CCH00C3)
Laboratory : CWC CSRO Coimbatore 
Period : January-2001 To January-2014 
S.No.,Date_of_Collection,Date_of_Receipt,Discharge(cumecs),pH_FLD,EC_FLD(umho/cm),DO(mg/l),Water Temp(deg C),Colour,Odour,pH_GEN,EC_GEN(umho/cm),TDS(mg/l),SS(mg/l),NH3(mg N/l),NO2+NO3(mg N/l),Total_Nutrients(mg P/l),SiO2(mg/l),BOD(mg/l),COD(mg/l),Phen(mg CaCO3/l),Total_Alkallnity(mg CaCO3/l),Total_Hardness(mg CaCO3/l),Ca_Hardness(mg CaCO3/l),F(mg/l),B(mg/l),Ca_Major_Ions(mg/l),Mg(mg/l),Na(mg/l),K(mg/l),Cl(mg/l),SO4(mg/l),CO3(mg/l),HCO3(mg/l),Total_Coliforms(MPN/100ml),Faecal(MPN/100ml),Chlorophyll-A(ug/L)
1,01/06/2001,,0,null,null,null,null,null,null,null,null,null,null,null,null,null,null,null,null,null,null,null,null,null,null,null,null,null,null,null,null,null,null,null,null,null
2,01/06/2001,,0,null,null,null,null,null,null,null,null,null,null,null,null,null,null,null,null,null,null,null,null,null,null,null,null,null,null,null,null,null,null,null,null,null
3,03/07/2001,,null,null,null,null,null,null,null,null,null,null,null,null,null,null,null,null,null,null,null,null,null,null,null,null,null,null,null,null,null,null,null,null,null,null
4,01/08/2001,,null,null,null,null,null,null,null,null,null,null,null,null,null,null,null,null,null,null,null,null,null,null,null,null,null,null,null,null,null,null,null,null,null,null
5,01/09/2001,,0,null,null,null,null,null,null,null,null,null,null,null,null,null,null,null,null,null,null,null,null,null,null,null,null,null,null,null,null,null,null,null,null,null
6,01/09/2001,,0,null,null,null,null,null,null,null,null,null,null,null,null,null,null,null,null,null,null,null,null,null,null,null,null,null,null,null,null,null,null,null,null,null
7,01/10/2001,01/10/2001,0.6179999709129333,null,null,null,27,Clear,odour free,7.36,883,null,null,null,8.055,.007,35.62,null,null,0,315.41,258.15,80.15,.816,.3,32.06,42.72,87,7.1,56.16,41.76,0,384.8,null,null,null
8,01/10/2001,01/10/2001,0.6179999709129333,null,null,null,27,Clear,odour free,7.36,883,null,null,null,8.055,.007,35.62,null,null,0,315.41,258.15,80.15,.816,.3,32.06,42.72,87,7.1,56.16,41.76,0,384.8,null,null,null
9,01/11/2001,01/11/2001,0.6370000243186951,null,null,null,27,Clear,odour free,7.86,837,null,null,null,6.812,.007,36.1,null,null,0,300.041,246.6,48.1,.812,.3,19.24,47.64,78.7,6.9,37.5,26.27,0,366.05,null,null,null
10,01/11/2001,01/11/2001,0.6370000243186951,null,null,null,27,Clear,odour free,7.86,837,null,null,null,6.812,.007,36.1,null,null,0,300.041,246.6,48.1,.812,.3,19.24,47.64,78.7,6.9,37.5,26.27,0,366.05,null,null,null
11,01/12/2001,01/12/2001,2.243000030517578,null,null,null,27,Clear,odour free,8.13,905,null,null,null,5.659,.016,39.12,null,null,0,299.713,291.992,160.325,.592,.25,64.13,31.6,73.6,9.1,83.14,27.57,0,365.65,null,null,null
12,01/12/2001,01/12/2001,2.243000030517578,null,null,null,27,Clear,odour free,8.13,905,null,null,null,5.659,.016,39.12,null,null,0,299.713,291.992,160.325,.592,.25,64.13,31.6,73.6,9.1,83.14,27.57,0,365.65,null,null,null
13,01/01/2002,,0,null,null,null,null,null,null,null,null,null,null,null,null,null,null,null,null,null,null,null,null,null,null,null,null,null,null,null,null,null,null,null,null,null
14,01/01/2002,,0,null,null,null,null,null,null,null,null,null,null,null,null,null,null,null,null,null,null,null,null,null,null,null,null,null,null,null,null,null,null,null,null,null
15,01/02/2002,,0,null,null,null,null,null,null,null,null,null,null,null,null,null,null,null,null,null,null,null,null,null,null,null,null,null,null,null,null,null,null,null,null,null
16,01/02/2002,,0,null,null,null,null,null,null,null,null,null,null,null,null,null,null,null,null,null,null,null,null,null,null,null,null,null,null,null,null,null,null,null,null,null
17,01/03/2002,,0,null,null,null,null,null,null,null,null,null,null,null,null,null,null,null,null,null,null,null,null,null,null,null,null,null,null,null,null,null,null,null,null,null
18,01/03/2002,,0,null,null,null,null,null,null,null,null,null,null,null,null,null,null,null,null,null,null,null,null,null,null,null,null,null,null,null,null,null,null,null,null,null
19,01/04/2002,,0,null,null,null,null,null,null,null,null,null,null,null,null,null,null,null,null,null,null,null,null,null,null,null,null,null,null,null,null,null,null,null,null,null
20,01/04/2002,,0,null,null,null,null,null,null,null,null,null,null,null,null,null,null,null,null,null,null,null,null,null,null,null,null,null,null,null,null,null,null,null,null,null
21,01/05/2002,,null,null,null,null,null,null,null,null,null,null,null,null,null,null,null,null,null,null,null,null,null,null,null,null,null,null,null,null,null,null,null,null,null,null
22,01/06/2002,,null,null,null,null,null,null,null,null,null,null,null,null,null,null,null,null,null,null,null,null,null,null,null,null,null,null,null,null,null,null,null,null,null,null
23,01/07/2002,,null,null,null,null,null,null,null,null,null,null,null,null,null,null,null,null,null,null,null,null,null,null,null,null,null,null,null,null,null,null,null,null,null,null
24,01/08/2002,,null,null,null,null,null,null,null,null,null,null,null,null,null,null,null,null,null,null,null,null,null,null,null,null,null,null,null,null,null,null,null,null,null,null
25,02/09/2002,,null,null,null,null,null,null,null,null,null,null,null,null,null,null,null,null,null,null,null,null,null,null,null,null,null,null,null,null,null,null,null,null,null,null
26,01/10/2002,,null,null,null,null,null,null,null,null,null,null,null,null,null,null,null,null,null,null,null,null,null,null,null,null,null,null,null,null,null,null,null,null,null,null
27,01/11/2002,,null,null,null,null,null,null,null,null,null,null,null,null,null,null,null,null,null,null,null,null,null,null,null,null,null,null,null,null,null,null,null,null,null,null
28,02/12/2002,,null,null,null,null,null,null,null,null,null,null,null,null,null,null,null,null,null,null,null,null,null,null,null,null,null,null,null,null,null,null,null,null,null,null
29,01/01/2003,,null,null,null,null,null,null,null,null,null,null,null,null,null,null,null,null,null,null,null,null,null,null,null,null,null,null,null,null,null,null,null,null,null,null
30,01/02/2003,,null,null,null,null,null,null,null,null,null,null,null,null,null,null,null,null,null,null,null,null,null,null,null,null,null,null,null,null,null,null,null,null,null,null
31,01/03/2003,,null,null,null,null,null,null,null,null,null,null,null,null,null,null,null,null,null,null,null,null,null,null,null,null,null,null,null,null,null,null,null,null,null,null
32,01/04/2003,,null,null,null,null,null,null,null,null,null,null,null,null,null,null,null,null,null,null,null,null,null,null,null,null,null,null,null,null,null,null,null,null,null,null
33,01/05/2003,,null,null,null,null,null,null,null,null,null,null,null,null,null,null,null,null,null,null,null,null,null,null,null,null,null,null,null,null,null,null,null,null,null,null
34,02/06/2003,,null,null,null,null,null,null,null,null,null,null,null,null,null,null,null,null,null,null,null,null,null,null,null,null,null,null,null,null,null,null,null,null,null,null
35,01/07/2003,,null,null,null,null,null,null,null,null,null,null,null,null,null,null,null,null,null,null,null,null,null,null,null,null,null,null,null,null,null,null,null,null,null,null
36,01/08/2003,,null,null,null,null,null,null,null,null,null,null,null,null,null,null,null,null,null,null,null,null,null,null,null,null,null,null,null,null,null,null,null,null,null,null
37,01/09/2003,,null,null,null,null,null,null,null,null,null,null,null,null,null,null,null,null,null,null,null,null,null,null,null,null,null,null,null,null,null,null,null,null,null,null
38,01/10/2003,,null,null,null,null,null,null,null,null,null,null,null,null,null,null,null,null,null,null,null,null,null,null,null,null,null,null,null,null,null,null,null,null,null,null
39,01/11/2003,,null,null,null,null,null,null,null,null,null,null,null,null,null,null,null,null,null,null,null,null,null,null,null,null,null,null,null,null,null,null,null,null,null,null
40,01/12/2003,,null,null,null,null,null,null,null,null,null,null,null,null,null,null,null,null,null,null,null,null,null,null,null,null,null,null,null,null,null,null,null,null,null,null
41,01/01/2004,,null,null,null,null,null,null,null,null,null,null,null,null,null,null,null,null,null,null,null,null,null,null,null,null,null,null,null,null,null,null,null,null,null,null
42,03/02/2004,,null,null,null,null,null,null,null,null,null,null,null,null,null,null,null,null,null,null,null,null,null,null,null,null,null,null,null,null,null,null,null,null,null,null
43,01/03/2004,,null,null,null,null,null,null,null,null,null,null,null,null,null,null,null,null,null,null,null,null,null,null,null,null,null,null,null,null,null,null,null,null,null,null
44,01/04/2004,,null,null,null,null,null,null,null,null,null,null,null,null,null,null,null,null,null,null,null,null,null,null,null,null,null,null,null,null,null,null,null,null,null,null
45,01/05/2004,,null,null,null,null,null,null,null,null,null,null,null,null,null,null,null,null,null,null,null,null,null,null,null,null,null,null,null,null,null,null,null,null,null,null
46,01/06/2004,,null,null,null,null,null,null,null,null,null,null,null,null,null,null,null,null,null,null,null,null,null,null,null,null,null,null,null,null,null,null,null,null,null,null
47,01/07/2004,,null,null,null,null,null,null,null,null,null,null,null,null,null,null,null,null,null,null,null,null,null,null,null,null,null,null,null,null,null,null,null,null,null,null
48,01/08/2004,,null,null,null,null,null,null,null,null,null,null,null,null,null,null,null,null,null,null,null,null,null,null,null,null,null,null,null,null,null,null,null,null,null,null
49,01/09/2004,,null,null,null,null,null,null,null,null,null,null,null,null,null,null,null,null,null,null,null,null,null,null,null,null,null,null,null,null,null,null,null,null,null,null
50,01/10/2004,,null,null,null,null,null,null,null,null,null,null,null,null,null,null,null,null,null,null,null,null,null,null,null,null,null,null,null,null,null,null,null,null,null,null
51,01/11/2004,01/11/2004,1.402999997138977,null,null,null,null,Clear,odour free,8.75,426,null,null,null,2.695,.017,24.32,null,null,9.636,122.579,140.9,80.15,.462,.253,32.06,14.58,33.5,3.1,31.21,21.92,11.61,125.94,null,null,null
52,01/11/2004,01/11/2004,1.402999997138977,null,null,null,null,Clear,odour free,8.75,426,null,null,null,2.695,.017,24.32,null,null,9.636,122.579,140.9,80.15,.462,.253,32.06,14.58,33.5,3.1,31.21,21.92,11.61,125.94,null,null,null
53,01/12/2004,,0,null,null,null,null,null,null,null,null,null,null,null,null,null,null,null,null,null,null,null,null,null,null,null,null,null,null,null,null,null,null,null,null,null
54,01/12/2004,,0,null,null,null,null,null,null,null,null,null,null,null,null,null,null,null,null,null,null,null,null,null,null,null,null,null,null,null,null,null,null,null,null,null
55,01/01/2005,,0,null,null,null,null,null,null,null,null,null,null,null,null,null,null,null,null,null,null,null,null,null,null,null,null,null,null,null,null,null,null,null,null,null
56,01/01/2005,,0,null,null,null,null,null,null,null,null,null,null,null,null,null,null,null,null,null,null,null,null,null,null,null,null,null,null,null,null,null,null,null,null,null
57,01/02/2005,,0,null,null,null,null,null,null,null,null,null,null,null,null,null,null,null,null,null,null,null,null,null,null,null,null,null,null,null,null,null,null,null,null,null
58,01/02/2005,,0,null,null,null,null,null,null,null,null,null,null,null,null,null,null,null,null,null,null,null,null,null,null,null,null,null,null,null,null,null,null,null,null,null
59,01/03/2005,,0,null,null,null,null,null,null,null,null,null,null,null,null,null,null,null,null,null,null,null,null,null,null,null,null,null,null,null,null,null,null,null,null,null
60,01/03/2005,,0,null,null,null,null,null,null,null,null,null,null,null,null,null,null,null,null,null,null,null,null,null,null,null,null,null,null,null,null,null,null,null,null,null
61,01/04/2005,,0,null,null,null,null,null,null,null,null,null,null,null,null,null,null,null,null,null,null,null,null,null,null,null,null,null,null,null,null,null,null,null,null,null
62,01/04/2005,,0,null,null,null,null,null,null,null,null,null,null,null,null,null,null,null,null,null,null,null,null,null,null,null,null,null,null,null,null,null,null,null,null,null
63,02/05/2005,,0,null,null,null,null,null,null,null,null,null,null,null,null,null,null,null,null,null,null,null,null,null,null,null,null,null,null,null,null,null,null,null,null,null
64,02/05/2005,,0,null,null,null,null,null,null,null,null,null,null,null,null,null,null,null,null,null,null,null,null,null,null,null,null,null,null,null,null,null,null,null,null,null
65,01/06/2005,,0,null,null,null,null,null,null,null,null,null,null,null,null,null,null,null,null,null,null,null,null,null,null,null,null,null,null,null,null,null,null,null,null,null
66,01/06/2005,,0,null,null,null,null,null,null,null,null,null,null,null,null,null,null,null,null,null,null,null,null,null,null,null,null,null,null,null,null,null,null,null,null,null
67,01/07/2005,,0,null,null,null,null,null,null,null,null,null,null,null,null,null,null,null,null,null,null,null,null,null,null,null,null,null,null,null,null,null,null,null,null,null
68,01/07/2005,,0,null,null,null,null,null,null,null,null,null,null,null,null,null,null,null,null,null,null,null,null,null,null,null,null,null,null,null,null,null,null,null,null,null
69,01/08/2005,,0,null,null,null,null,null,null,null,null,null,null,null,null,null,null,null,null,null,null,null,null,null,null,null,null,null,null,null,null,null,null,null,null,null
70,01/08/2005,,0,null,null,null,null,null,null,null,null,null,null,null,null,null,null,null,null,null,null,null,null,null,null,null,null,null,null,null,null,null,null,null,null,null
71,15/09/2005,15/09/2005,0.5270000100135803,null,null,null,28,Clear,odour free,7.67,698,null,null,null,1.603,.057,25.9,null,null,0,212.049,233.683,116.225,.712,.162,46.49,28.19,53.2,5.2,50.47,34.76,0,258.7,null,null,null
72,15/09/2005,15/09/2005,0.5270000100135803,null,null,null,28,Clear,odour free,7.67,698,null,null,null,1.603,.057,25.9,null,null,0,212.049,233.683,116.225,.712,.162,46.49,28.19,53.2,5.2,50.47,34.76,0,258.7,null,null,null
73,01/10/2005,01/10/2005,0.640999972820282,null,null,null,28.5,Clear,odour free,7.69,770,null,null,null,3.141,.018,28.68,null,null,0,260.467,245.667,98.375,1.07,.31,39.35,35.35,78.5,5.1,54.7,36.3,0,317.77,null,null,null
74,01/10/2005,01/10/2005,0.640999972820282,null,null,null,28.5,Clear,odour free,7.69,770,null,null,null,3.141,.018,28.68,null,null,0,260.467,245.667,98.375,1.07,.31,39.35,35.35,78.5,5.1,54.7,36.3,0,317.77,null,null,null
75,02/11/2005,02/11/2005,62.93000030517578,null,null,null,null,Clear,odour free,7.74,356,null,null,null,1.641,.106,17.95,null,null,0,113.336,100.642,56.1,.669,.331,22.44,10.69,34.2,5,21.71,14.98,0,138.27,null,null,null
76,02/11/2005,02/11/2005,62.93000030517578,null,null,null,null,Clear,odour free,7.74,356,null,null,null,1.641,.106,17.95,null,null,0,113.336,100.642,56.1,.669,.331,22.44,10.69,34.2,5,21.71,14.98,0,138.27,null,null,null
77,01/12/2005,01/12/2005,3.0399999618530273,null,null,null,28.5,Clear,odour free,8.07,691,null,null,null,3.012,.03,23.42,null,null,0,210,190.458,98.375,.728,.311,39.35,22.1,72.3,5.8,44.63,36.59,0,256.2,null,null,null
78,01/12/2005,01/12/2005,3.0399999618530273,null,null,null,28.5,Clear,odour free,8.07,691,null,null,null,3.012,.03,23.42,null,null,0,210,190.458,98.375,.728,.311,39.35,22.1,72.3,5.8,44.63,36.59,0,256.2,null,null,null
79,02/01/2006,02/01/2006,1.6610000133514404,null,null,null,29,Clear,odour free,7.94,838,null,null,null,2.738,.012,29.43,null,null,0,316.836,262.283,96.2,.821,.291,38.48,39.86,89.9,5.2,58.24,22.24,0,386.54,null,null,null
80,02/01/2006,02/01/2006,1.6610000133514404,null,null,null,29,Clear,odour free,7.94,838,null,null,null,2.738,.012,29.43,null,null,0,316.836,262.283,96.2,.821,.291,38.48,39.86,89.9,5.2,58.24,22.24,0,386.54,null,null,null
81,01/02/2006,,0,null,null,null,null,null,null,null,null,null,null,null,null,null,null,null,null,null,null,null,null,null,null,null,null,null,null,null,null,null,null,null,null,null
82,01/02/2006,,0,null,null,null,null,null,null,null,null,null,null,null,null,null,null,null,null,null,null,null,null,null,null,null,null,null,null,null,null,null,null,null,null,null
83,01/03/2006,,0,null,null,null,null,null,null,null,null,null,null,null,null,null,null,null,null,null,null,null,null,null,null,null,null,null,null,null,null,null,null,null,null,null
84,01/03/2006,,0,null,null,null,null,null,null,null,null,null,null,null,null,null,null,null,null,null,null,null,null,null,null,null,null,null,null,null,null,null,null,null,null,null
85,01/04/2006,,0,null,null,null,null,null,null,null,null,null,null,null,null,null,null,null,null,null,null,null,null,null,null,null,null,null,null,null,null,null,null,null,null,null
86,01/04/2006,,0,null,null,null,null,null,null,null,null,null,null,null,null,null,null,null,null,null,null,null,null,null,null,null,null,null,null,null,null,null,null,null,null,null
87,01/05/2006,,0,null,null,null,null,null,null,null,null,null,null,null,null,null,null,null,null,null,null,null,null,null,null,null,null,null,null,null,null,null,null,null,null,null
88,01/05/2006,,0,null,null,null,null,null,null,null,null,null,null,null,null,null,null,null,null,null,null,null,null,null,null,null,null,null,null,null,null,null,null,null,null,null
89,01/06/2006,,null,null,null,null,null,null,null,null,null,null,null,null,null,null,null,null,null,null,null,null,null,null,null,null,null,null,null,null,null,null,null,null,null,null
90,01/07/2006,,null,null,null,null,null,null,null,null,null,null,null,null,null,null,null,null,null,null,null,null,null,null,null,null,null,null,null,null,null,null,null,null,null,null
91,01/08/2006,,null,null,null,null,null,null,null,null,null,null,null,null,null,null,null,null,null,null,null,null,null,null,null,null,null,null,null,null,null,null,null,null,null,null
92,15/09/2006,15/09/2006,0.5299999713897705,null,null,null,30,Clear,odour free,8.01,782,null,null,.162,2.571,.022,31.53,null,null,0,270.828,245.85,116.225,.712,.315,46.49,31.11,69.5,7.8,54.53,54.45,0,330.41,null,null,null
93,15/09/2006,15/09/2006,0.5299999713897705,null,null,null,30,Clear,odour free,8.01,782,null,null,.162,2.571,.022,31.53,null,null,0,270.828,245.85,116.225,.712,.315,46.49,31.11,69.5,7.8,54.53,54.45,0,330.41,null,null,null
94,03/10/2006,03/10/2006,1.2259999513626099,null,null,null,31,Clear,odour free,7.87,639,null,null,null,7.014,.184,30.06,null,null,0,219.689,197.367,104.2,1.261,.372,41.68,22.36,59.4,5.4,45.24,23.4,0,268.02,null,null,null
95,03/10/2006,03/10/2006,1.2259999513626099,null,null,null,31,Clear,odour free,7.87,639,null,null,null,7.014,.184,30.06,null,null,0,219.689,197.367,104.2,1.261,.372,41.68,22.36,59.4,5.4,45.24,23.4,0,268.02,null,null,null
96,01/11/2006,01/11/2006,4.863999843597412,null,null,null,27.5,Clear,odour free,7.97,782,null,null,null,6.796,.032,29.06,null,null,0,277.721,241.708,124.25,2.008,.329,49.7,28.19,73.3,5.7,45.86,55.5,0,338.82,null,null,null
97,01/11/2006,01/11/2006,4.863999843597412,null,null,null,27.5,Clear,odour free,7.97,782,null,null,null,6.796,.032,29.06,null,null,0,277.721,241.708,124.25,2.008,.329,49.7,28.19,73.3,5.7,45.86,55.5,0,338.82,null,null,null
98,01/12/2006,01/12/2006,0.8790000081062317,null,null,null,28,Clear,odour free,8.05,878,null,null,.061,null,.031,34.9,null,null,0,329.418,265.9,136.275,.715,.332,54.51,31.11,89,10.9,55.03,45.97,0,401.89,null,null,null
99,01/12/2006,01/12/2006,0.8790000081062317,null,null,null,28,Clear,odour free,8.05,878,null,null,.061,null,.031,34.9,null,null,0,329.418,265.9,136.275,.715,.332,54.51,31.11,89,10.9,55.03,45.97,0,401.89,null,null,null
100,02/01/2007,02/01/2007,0,null,null,null,28,Clear,odour free,7.91,919,null,null,.064,5.555,.028,33.56,null,null,0,342.287,298.175,148.3,.622,.312,59.32,35.97,92.4,10.3,67.25,65.81,0,417.59,null,null,null
101,02/01/2007,02/01/2007,0,null,null,null,28,Clear,odour free,7.91,919,null,null,.064,5.555,.028,33.56,null,null,0,342.287,298.175,148.3,.622,.312,59.32,35.97,92.4,10.3,67.25,65.81,0,417.59,null,null,null
102,01/02/2007,,0,null,null,null,null,null,null,null,null,null,null,null,null,null,null,null,null,null,null,null,null,null,null,null,null,null,null,null,null,null,null,null,null,null
103,01/02/2007,,0,null,null,null,null,null,null,null,null,null,null,null,null,null,null,null,null,null,null,null,null,null,null,null,null,null,null,null,null,null,null,null,null,null
104,01/03/2007,,0,null,null,null,null,null,null,null,null,null,null,null,null,null,null,null,null,null,null,null,null,null,null,null,null,null,null,null,null,null,null,null,null,null
105,01/03/2007,,0,null,null,null,null,null,null,null,null,null,null,null,null,null,null,null,null,null,null,null,null,null,null,null,null,null,null,null,null,null,null,null,null,null
106,02/04/2007,,null,null,null,null,null,null,null,null,null,null,null,null,null,null,null,null,null,null,null,null,null,null,null,null,null,null,null,null,null,null,null,null,null,null
107,01/05/2007,,null,null,null,null,null,null,null,null,null,null,null,null,null,null,null,null,null,null,null,null,null,null,null,null,null,null,null,null,null,null,null,null,null,null
108,01/06/2007,,null,null,null,null,null,null,null,null,null,null,null,null,null,null,null,null,null,null,null,null,null,null,null,null,null,null,null,null,null,null,null,null,null,null
109,02/07/2007,,null,null,null,null,null,null,null,null,null,null,null,null,null,null,null,null,null,null,null,null,null,null,null,null,null,null,null,null,null,null,null,null,null,null
110,01/08/2007,,null,null,null,null,null,null,null,null,null,null,null,null,null,null,null,null,null,null,null,null,null,null,null,null,null,null,null,null,null,null,null,null,null,null
111,01/09/2007,,null,null,null,null,null,null,null,null,null,null,null,null,null,null,null,null,null,null,null,null,null,null,null,null,null,null,null,null,null,null,null,null,null,null
112,03/10/2007,03/10/2007,0.6539999842643738,null,null,null,27.5,Clear,odour free,8,763,null,null,.057,5.339,.072,33.55,null,null,0,282.828,249.733,132.275,.733,.273,52.91,28.19,77.4,5.3,49.99,49.17,0,345.05,null,null,null
113,03/10/2007,03/10/2007,0.6539999842643738,null,null,null,27.5,Clear,odour free,8,763,null,null,.057,5.339,.072,33.55,null,null,0,282.828,249.733,132.275,.733,.273,52.91,28.19,77.4,5.3,49.99,49.17,0,345.05,null,null,null
114,01/11/2007,01/11/2007,0.6859999895095825,null,null,null,27,Clear,odour free,8.18,734,null,null,.05,5.341,.079,27.3,null,null,0,199.443,116.833,60.125,.874,.312,24.05,13.61,76.4,4.8,32.84,41.83,0,243.32,null,null,null
115,01/11/2007,01/11/2007,0.6859999895095825,null,null,null,27,Clear,odour free,8.18,734,null,null,.05,5.341,.079,27.3,null,null,0,199.443,116.833,60.125,.874,.312,24.05,13.61,76.4,4.8,32.84,41.83,0,243.32,null,null,null
116,01/12/2007,,0,null,null,null,null,null,null,null,null,null,null,null,null,null,null,null,null,null,null,null,null,null,null,null,null,null,null,null,null,null,null,null,null,null
117,01/12/2007,,0,null,null,null,null,null,null,null,null,null,null,null,null,null,null,null,null,null,null,null,null,null,null,null,null,null,null,null,null,null,null,null,null,null
118,01/01/2008,,0,null,null,null,null,null,null,null,null,null,null,null,null,null,null,null,null,null,null,null,null,null,null,null,null,null,null,null,null,null,null,null,null,null
119,01/01/2008,,0,null,null,null,null,null,null,null,null,null,null,null,null,null,null,null,null,null,null,null,null,null,null,null,null,null,null,null,null,null,null,null,null,null
120,01/02/2008,,0,null,null,null,null,null,null,null,null,null,null,null,null,null,null,null,null,null,null,null,null,null,null,null,null,null,null,null,null,null,null,null,null,null
121,01/02/2008,,0,null,null,null,null,null,null,null,null,null,null,null,null,null,null,null,null,null,null,null,null,null,null,null,null,null,null,null,null,null,null,null,null,null
122,01/03/2008,,0,null,null,null,null,null,null,null,null,null,null,null,null,null,null,null,null,null,null,null,null,null,null,null,null,null,null,null,null,null,null,null,null,null
123,01/03/2008,,0,null,null,null,null,null,null,null,null,null,null,null,null,null,null,null,null,null,null,null,null,null,null,null,null,null,null,null,null,null,null,null,null,null
124,01/04/2008,,0,null,null,null,null,null,null,null,null,null,null,null,null,null,null,null,null,null,null,null,null,null,null,null,null,null,null,null,null,null,null,null,null,null
125,01/04/2008,,0,null,null,null,null,null,null,null,null,null,null,null,null,null,null,null,null,null,null,null,null,null,null,null,null,null,null,null,null,null,null,null,null,null
126,01/05/2008,,null,null,null,null,null,null,null,null,null,null,null,null,null,null,null,null,null,null,null,null,null,null,null,null,null,null,null,null,null,null,null,null,null,null
127,02/06/2008,,null,null,null,null,null,null,null,null,null,null,null,null,null,null,null,null,null,null,null,null,null,null,null,null,null,null,null,null,null,null,null,null,null,null
128,01/07/2008,,null,null,null,null,null,null,null,null,null,null,null,null,null,null,null,null,null,null,null,null,null,null,null,null,null,null,null,null,null,null,null,null,null,null
129,01/08/2008,,null,null,null,null,null,null,null,null,null,null,null,null,null,null,null,null,null,null,null,null,null,null,null,null,null,null,null,null,null,null,null,null,null,null
130,01/09/2008,,null,null,null,null,null,null,null,null,null,null,null,null,null,null,null,null,null,null,null,null,null,null,null,null,null,null,null,null,null,null,null,null,null,null
131,03/10/2008,,0,null,null,null,null,null,null,null,null,null,null,null,null,null,null,null,null,null,null,null,null,null,null,null,null,null,null,null,null,null,null,null,null,null
132,03/10/2008,,0,null,null,null,null,null,null,null,null,null,null,null,null,null,null,null,null,null,null,null,null,null,null,null,null,null,null,null,null,null,null,null,null,null
133,01/11/2008,,0,null,null,null,null,null,null,null,null,null,null,null,null,null,null,null,null,null,null,null,null,null,null,null,null,null,null,null,null,null,null,null,null,null
134,01/11/2008,,0,null,null,null,null,null,null,null,null,null,null,null,null,null,null,null,null,null,null,null,null,null,null,null,null,null,null,null,null,null,null,null,null,null
135,01/12/2008,01/12/2008,3.1480000019073486,null,null,null,27.5,Other,odour free,7.87,837,null,null,null,null,null,null,null,null,0,298.393,282.917,140,.813,.175,56,34.3,60,5.8,63.98,28.2,0,364.04,null,null,null
136,01/12/2008,01/12/2008,3.1480000019073486,null,null,null,27.5,Other,odour free,7.87,837,null,null,null,null,null,null,null,null,0,298.393,282.917,140,.813,.175,56,34.3,60,5.8,63.98,28.2,0,364.04,null,null,null
137,01/01/2009,,0,null,null,null,null,null,null,null,null,null,null,null,null,null,null,null,null,null,null,null,null,null,null,null,null,null,null,null,null,null,null,null,null,null
138,01/01/2009,,0,null,null,null,null,null,null,null,null,null,null,null,null,null,null,null,null,null,null,null,null,null,null,null,null,null,null,null,null,null,null,null,null,null
139,02/02/2009,,0,null,null,null,null,null,null,null,null,null,null,null,null,null,null,null,null,null,null,null,null,null,null,null,null,null,null,null,null,null,null,null,null,null
140,02/02/2009,,0,null,null,null,null,null,null,null,null,null,null,null,null,null,null,null,null,null,null,null,null,null,null,null,null,null,null,null,null,null,null,null,null,null
141,02/03/2009,,0,null,null,null,null,null,null,null,null,null,null,null,null,null,null,null,null,null,null,null,null,null,null,null,null,null,null,null,null,null,null,null,null,null
142,02/03/2009,,0,null,null,null,null,null,null,null,null,null,null,null,null,null,null,null,null,null,null,null,null,null,null,null,null,null,null,null,null,null,null,null,null,null
143,01/04/2009,,null,null,null,null,null,null,null,null,null,null,null,null,null,null,null,null,null,null,null,null,null,null,null,null,null,null,null,null,null,null,null,null,null,null
144,01/05/2009,,null,null,null,null,null,null,null,null,null,null,null,null,null,null,null,null,null,null,null,null,null,null,null,null,null,null,null,null,null,null,null,null,null,null
145,01/06/2009,,null,null,null,null,null,null,null,null,null,null,null,null,null,null,null,null,null,null,null,null,null,null,null,null,null,null,null,null,null,null,null,null,null,null
146,01/07/2009,,null,null,null,null,null,null,null,null,null,null,null,null,null,null,null,null,null,null,null,null,null,null,null,null,null,null,null,null,null,null,null,null,null,null
147,01/08/2009,,null,null,null,null,null,null,null,null,null,null,null,null,null,null,null,null,null,null,null,null,null,null,null,null,null,null,null,null,null,null,null,null,null,null
148,01/09/2009,,null,null,null,null,null,null,null,null,null,null,null,null,null,null,null,null,null,null,null,null,null,null,null,null,null,null,null,null,null,null,null,null,null,null
149,01/10/2009,,0,null,null,null,null,null,null,null,null,null,null,null,null,null,null,null,null,null,null,null,null,null,null,null,null,null,null,null,null,null,null,null,null,null
150,01/10/2009,,0,null,null,null,null,null,null,null,null,null,null,null,null,null,null,null,null,null,null,null,null,null,null,null,null,null,null,null,null,null,null,null,null,null
151,03/11/2009,03/11/2009,0.9789999723434448,null,null,null,null,Clear,odour free,7.9,668,null,null,.069,null,null,46.52,null,null,0,309.836,269.333,136,1.01,.2,54.4,32,72.8,3.6,60.8,62,0,378,null,null,null
152,03/11/2009,03/11/2009,0.9789999723434448,null,null,null,null,Clear,odour free,7.9,668,null,null,.069,null,null,46.52,null,null,0,309.836,269.333,136,1.01,.2,54.4,32,72.8,3.6,60.8,62,0,378,null,null,null
153,01/12/2009,01/12/2009,0.7429999709129333,null,null,null,null,Clear,odour free,7.95,809,null,null,.03,null,null,44.63,null,null,0,337.705,297.917,140,1.04,.61,56,37.9,79,4.4,68.2,63,0,412,null,null,null
154,01/12/2009,01/12/2009,0.7429999709129333,null,null,null,null,Clear,odour free,7.95,809,null,null,.03,null,null,44.63,null,null,0,337.705,297.917,140,1.04,.61,56,37.9,79,4.4,68.2,63,0,412,null,null,null
155,01/01/2010,01/01/2010,0.6380000114440918,null,null,null,null,Clear,odour free,7.9,729,null,null,.09,null,null,26.9,null,null,0,323.771,266.917,101.5,1.37,.21,40.6,39.7,78.4,4.2,64,70,0,395,null,null,null
156,01/01/2010,01/01/2010,0.6380000114440918,null,null,null,null,Clear,odour free,7.9,729,null,null,.09,null,null,26.9,null,null,0,323.771,266.917,101.5,1.37,.21,40.6,39.7,78.4,4.2,64,70,0,395,null,null,null
157,01/02/2010,,0,null,null,null,null,null,null,null,null,null,null,null,null,null,null,null,null,null,null,null,null,null,null,null,null,null,null,null,null,null,null,null,null,null
158,01/02/2010,,0,null,null,null,null,null,null,null,null,null,null,null,null,null,null,null,null,null,null,null,null,null,null,null,null,null,null,null,null,null,null,null,null,null
159,01/03/2010,,0,null,null,null,null,null,null,null,null,null,null,null,null,null,null,null,null,null,null,null,null,null,null,null,null,null,null,null,null,null,null,null,null,null
160,01/03/2010,,0,null,null,null,null,null,null,null,null,null,null,null,null,null,null,null,null,null,null,null,null,null,null,null,null,null,null,null,null,null,null,null,null,null
161,01/04/2010,,null,null,null,null,null,null,null,null,null,null,null,null,null,null,null,null,null,null,null,null,null,null,null,null,null,null,null,null,null,null,null,null,null,null
162,01/05/2010,,null,null,null,null,null,null,null,null,null,null,null,null,null,null,null,null,null,null,null,null,null,null,null,null,null,null,null,null,null,null,null,null,null,null
163,01/06/2010,,null,null,null,null,null,null,null,null,null,null,null,null,null,null,null,null,null,null,null,null,null,null,null,null,null,null,null,null,null,null,null,null,null,null
164,01/07/2010,,null,null,null,null,null,null,null,null,null,null,null,null,null,null,null,null,null,null,null,null,null,null,null,null,null,null,null,null,null,null,null,null,null,null
165,02/08/2010,,0,null,null,null,null,null,null,null,null,null,null,null,null,null,null,null,null,null,null,null,null,null,null,null,null,null,null,null,null,null,null,null,null,null
166,02/08/2010,,0,null,null,null,null,null,null,null,null,null,null,null,null,null,null,null,null,null,null,null,null,null,null,null,null,null,null,null,null,null,null,null,null,null
167,01/09/2010,,0,null,null,null,null,null,null,null,null,null,null,null,null,null,null,null,null,null,null,null,null,null,null,null,null,null,null,null,null,null,null,null,null,null
168,01/09/2010,,0,null,null,null,null,null,null,null,null,null,null,null,null,null,null,null,null,null,null,null,null,null,null,null,null,null,null,null,null,null,null,null,null,null
169,01/10/2010,01/10/2010,0.37299999594688416,null,null,null,30,Clear,odour free,7.56,676,null,null,0,null,null,33.808,null,null,0,300,241.892,108.225,1.062,.033,43.29,32.08,71.5,3.7,62.77,29.15,0,366,null,null,null
170,01/10/2010,01/10/2010,0.37299999594688416,null,null,null,30,Clear,odour free,7.56,676,null,null,0,null,null,33.808,null,null,0,300,241.892,108.225,1.062,.033,43.29,32.08,71.5,3.7,62.77,29.15,0,366,null,null,null
171,01/11/2010,01/11/2010,9.722999572753906,null,null,null,28,Light Brown,odour free,7.84,399,null,null,.043,null,null,19.512,null,null,0,152,153.067,80.15,.17,.186,32.06,17.5,39.5,6,46.26,27.58,0,185.44,null,null,null
172,01/11/2010,01/11/2010,9.722999572753906,null,null,null,28,Light Brown,odour free,7.84,399,null,null,.043,null,null,19.512,null,null,0,152,153.067,80.15,.17,.186,32.06,17.5,39.5,6,46.26,27.58,0,185.44,null,null,null
173,01/12/2010,01/12/2010,0.7369999885559082,null,null,null,27,Clear,odour free,8.01,682,null,null,null,null,null,37.238,null,null,0,292,241.567,140.275,1.414,.16,56.11,24.31,75.4,4.9,66.08,30.34,0,356.24,null,null,null
174,01/12/2010,01/12/2010,0.7369999885559082,null,null,null,27,Clear,odour free,8.01,682,null,null,null,null,null,37.238,null,null,0,292,241.567,140.275,1.414,.16,56.11,24.31,75.4,4.9,66.08,30.34,0,356.24,null,null,null
175,01/01/2011,01/01/2011,0.5920000076293945,null,null,null,26.5,Clear,odour free,8.27,625,null,null,.046,null,null,33.836,null,null,0,248,225.458,128.25,1.391,.18,51.3,23.33,68.4,4.4,72.69,50.4,0,302.56,null,null,null
176,01/01/2011,01/01/2011,0.5920000076293945,null,null,null,26.5,Clear,odour free,8.27,625,null,null,.046,null,null,33.836,null,null,0,248,225.458,128.25,1.391,.18,51.3,23.33,68.4,4.4,72.69,50.4,0,302.56,null,null,null
177,01/02/2011,01/02/2011,0.3779999911785126,null,null,null,25,Clear,odour free,7.96,811,null,null,.034,null,null,42.492,null,null,0,368,314.383,148.3,1.077,.134,59.32,39.86,90,5.7,99.12,47.72,0,448.96,null,null,null
178,01/02/2011,01/02/2011,0.3779999911785126,null,null,null,25,Clear,odour free,7.96,811,null,null,.034,null,null,42.492,null,null,0,368,314.383,148.3,1.077,.134,59.32,39.86,90,5.7,99.12,47.72,0,448.96,null,null,null
179,01/03/2011,,0,null,null,null,null,null,null,null,null,null,null,null,null,null,null,null,null,null,null,null,null,null,null,null,null,null,null,null,null,null,null,null,null,null
180,01/03/2011,,0,null,null,null,null,null,null,null,null,null,null,null,null,null,null,null,null,null,null,null,null,null,null,null,null,null,null,null,null,null,null,null,null,null
181,01/04/2011,,0,null,null,null,null,null,null,null,null,null,null,null,null,null,null,null,null,null,null,null,null,null,null,null,null,null,null,null,null,null,null,null,null,null
182,01/04/2011,,0,null,null,null,null,null,null,null,null,null,null,null,null,null,null,null,null,null,null,null,null,null,null,null,null,null,null,null,null,null,null,null,null,null
183,02/05/2011,02/05/2011,0.39399999380111694,null,null,null,29.5,Clear,odour free,7.75,743,null,null,null,null,null,null,null,null,0,292,245.467,152.3,1.03,null,60.92,22.36,83,5.2,81.85,61.75,0,356.24,null,null,null
184,02/05/2011,02/05/2011,0.39399999380111694,null,null,null,29.5,Clear,odour free,7.75,743,null,null,null,null,null,null,null,null,0,292,245.467,152.3,1.03,null,60.92,22.36,83,5.2,81.85,61.75,0,356.24,null,null,null
185,01/06/2011,,null,null,null,null,null,null,null,null,null,null,null,null,null,null,null,null,null,null,null,null,null,null,null,null,null,null,null,null,null,null,null,null,null,null
186,01/07/2011,,null,null,null,null,null,null,null,null,null,null,null,null,null,null,null,null,null,null,null,null,null,null,null,null,null,null,null,null,null,null,null,null,null,null
187,01/08/2011,,0,null,null,null,null,null,null,null,null,null,null,null,null,null,null,null,null,null,null,null,null,null,null,null,null,null,null,null,null,null,null,null,null,null
188,01/08/2011,,0,null,null,null,null,null,null,null,null,null,null,null,null,null,null,null,null,null,null,null,null,null,null,null,null,null,null,null,null,null,null,null,null,null
189,02/09/2011,02/09/2011,0.6169999837875366,null,null,null,28.5,Clear,odour free,7.5,579,null,null,null,null,null,null,null,null,0,223.41,181.542,68.125,1.401,null,27.25,27.22,69.5,5.6,62.96,29.27,0,272.56,null,null,null
190,02/09/2011,02/09/2011,0.6169999837875366,null,null,null,28.5,Clear,odour free,7.5,579,null,null,null,null,null,null,null,null,0,223.41,181.542,68.125,1.401,null,27.25,27.22,69.5,5.6,62.96,29.27,0,272.56,null,null,null
191,01/10/2011,01/10/2011,0.5379999876022339,null,null,null,28.5,Clear,odour free,7.95,656,null,null,null,null,null,null,null,null,0,267.221,242.175,84.175,1.3,null,33.67,37.92,78,4.5,72.4,42.8,0,326.01,null,null,null
192,01/10/2011,01/10/2011,0.5379999876022339,null,null,null,28.5,Clear,odour free,7.95,656,null,null,null,null,null,null,null,null,0,267.221,242.175,84.175,1.3,null,33.67,37.92,78,4.5,72.4,42.8,0,326.01,null,null,null
193,01/11/2011,01/11/2011,2.5450000762939453,null,null,null,27,Clear,odour free,7.69,582,null,null,null,null,null,null,null,null,0,223.41,177.1,108.225,1.25,null,43.29,16.53,72.3,3.9,62.96,34.41,0,272.56,null,null,null
194,01/11/2011,01/11/2011,2.5450000762939453,null,null,null,27,Clear,odour free,7.69,582,null,null,null,null,null,null,null,null,0,223.41,177.1,108.225,1.25,null,43.29,16.53,72.3,3.9,62.96,34.41,0,272.56,null,null,null
195,01/12/2011,01/12/2011,1.718000054359436,null,null,null,27,Clear,odour free,7.64,590,null,null,null,null,null,null,null,null,0,214.656,201.408,104.2,1.4,null,41.68,23.33,70.1,4.3,66.11,32.84,0,261.88,null,null,null
196,01/12/2011,01/12/2011,1.718000054359436,null,null,null,27,Clear,odour free,7.64,590,null,null,null,null,null,null,null,null,0,214.656,201.408,104.2,1.4,null,41.68,23.33,70.1,4.3,66.11,32.84,0,261.88,null,null,null
197,02/01/2012,02/01/2012,1.7039999961853027,null,null,null,24,Clear,odour free,7.75,611,null,null,null,null,null,null,null,null,0,232.172,205.575,96.2,.88,null,38.48,26.25,73.9,7.1,72.4,38.63,0,283.25,null,null,null
198,02/01/2012,02/01/2012,1.7039999961853027,null,null,null,24,Clear,odour free,7.75,611,null,null,null,null,null,null,null,null,0,232.172,205.575,96.2,.88,null,38.48,26.25,73.9,7.1,72.4,38.63,0,283.25,null,null,null
199,01/02/2012,01/02/2012,0.15299999713897705,null,null,null,25,Clear,odour free,7.2,820,null,null,null,null,null,null,null,null,0,311.025,262.058,116.225,1.25,null,46.49,35,102.5,6.6,88.14,56.36,0,379.45,null,null,null
200,01/02/2012,01/02/2012,0.15299999713897705,null,null,null,25,Clear,odour free,7.2,820,null,null,null,null,null,null,null,null,0,311.025,262.058,116.225,1.25,null,46.49,35,102.5,6.6,88.14,56.36,0,379.45,null,null,null
201,01/03/2012,,0,null,null,null,null,null,null,null,null,null,null,null,null,null,null,null,null,null,null,null,null,null,null,null,null,null,null,null,null,null,null,null,null,null
202,01/03/2012,,0,null,null,null,null,null,null,null,null,null,null,null,null,null,null,null,null,null,null,null,null,null,null,null,null,null,null,null,null,null,null,null,null,null
203,02/04/2012,,0,null,null,null,null,null,null,null,null,null,null,null,null,null,null,null,null,null,null,null,null,null,null,null,null,null,null,null,null,null,null,null,null,null
204,02/04/2012,,0,null,null,null,null,null,null,null,null,null,null,null,null,null,null,null,null,null,null,null,null,null,null,null,null,null,null,null,null,null,null,null,null,null
205,01/05/2012,,null,null,null,null,null,null,null,null,null,null,null,null,null,null,null,null,null,null,null,null,null,null,null,null,null,null,null,null,null,null,null,null,null,null
206,01/06/2013,,null,null,null,null,null,null,null,null,null,null,null,null,null,null,null,null,null,null,null,null,null,null,null,null,null,null,null,null,null,null,null,null,null,null
207,01/07/2013,,null,null,null,null,null,null,null,null,null,null,null,null,null,null,null,null,null,null,null,null,null,null,null,null,null,null,null,null,null,null,null,null,null,null
208,01/08/2013,,null,null,null,null,null,null,null,null,null,null,null,null,null,null,null,null,null,null,null,null,null,null,null,null,null,null,null,null,null,null,null,null,null,null
209,02/09/2013,,null,null,null,null,null,null,null,null,null,null,null,null,null,null,null,null,null,null,null,null,null,null,null,null,null,null,null,null,null,null,null,null,null,null
210,01/10/2013,01/10/2013,0.2029999941587448,null,null,null,30,Clear,odour free,7.84,570,null,null,.163,null,null,null,null,17.02,0,207.033,222.392,82.85,.163,null,33.14,33.49,44.5,4.9,57.53,41.9,0,252.58,null,null,null
211,01/10/2013,01/10/2013,0.2029999941587448,null,null,null,30,Clear,odour free,7.84,570,null,null,.163,null,null,null,null,17.02,0,207.033,222.392,82.85,.163,null,33.14,33.49,44.5,4.9,57.53,41.9,0,252.58,null,null,null
212,01/11/2013,01/11/2013,0.7089999914169312,null,null,null,29.5,Clear,odour free,8.2,593,null,null,.125,null,null,null,null,15.57,0,211.762,229.892,126.225,.883,null,50.49,24.88,50,5.3,64.47,54.6,0,258.35,null,null,null
213,01/11/2013,01/11/2013,0.7089999914169312,null,null,null,29.5,Clear,odour free,8.2,593,null,null,.125,null,null,null,null,15.57,0,211.762,229.892,126.225,.883,null,50.49,24.88,50,5.3,64.47,54.6,0,258.35,null,null,null
214,02/12/2013,02/12/2013,0.7940000295639038,null,null,null,28,Clear,odour free,8.06,665.8,null,null,.26,null,null,null,null,5.76,0,272,280.033,143.075,.817,null,57.23,32.87,29.8,2.1,42.88,34.45,0,331.84,null,null,null
215,02/12/2013,02/12/2013,0.7940000295639038,null,null,null,28,Clear,odour free,8.06,665.8,null,null,.26,null,null,null,null,5.76,0,272,280.033,143.075,.817,null,57.23,32.87,29.8,2.1,42.88,34.45,0,331.84,null,null,null
216,01/01/2014,01/01/2014,0.4580000042915344,null,null,null,26,Clear,odour free,8.06,779,null,null,.026,null,null,null,null,null,0,301.156,293.392,153.85,1.02,null,61.54,33.49,65.5,4.4,66.97,55.3,0,367.41,null,null,null
217,01/01/2014,01/01/2014,0.4580000042915344,null,null,null,26,Clear,odour free,8.06,779,null,null,.026,null,null,null,null,null,0,301.156,293.392,153.85,1.02,null,61.54,33.49,65.5,4.4,66.97,55.3,0,367.41,null,null,null
