Standard Parameter Analysis Data of : Tonk (GYP3VG8)
Laboratory : CWC RLabYBO, Delhi 
Period : January-1993 To January-2016 
S.No.,Date_of_Collection,Date_of_Receipt,Discharge(cumecs),pH_FLD,EC_FLD(umho/cm),DO(mg/l),Water Temp(deg C),Colour,Odour,pH_GEN,EC_GEN(umho/cm),TDS(mg/l),SS(mg/l),NH3(mg N/l),NO2+NO3(mg N/l),Total_Nutrients(mg P/l),SiO2(mg/l),BOD(mg/l),COD(mg/l),Phen(mg CaCO3/l),Total_Alkallnity(mg CaCO3/l),Total_Hardness(mg CaCO3/l),Ca_Hardness(mg CaCO3/l),F(mg/l),B(mg/l),Ca_Major_Ions(mg/l),Mg(mg/l),Na(mg/l),K(mg/l),Cl(mg/l),SO4(mg/l),CO3(mg/l),HCO3(mg/l),Total_Coliforms(MPN/100ml),Faecal(MPN/100ml),Chlorophyll-A(ug/L)
1,01/06/1993,,null,null,null,null,23,null,null,7.7,566,null,null,.5,null,.18,8.6,null,null,null,null,null,null,.85,.01,18.92,15.48,61,7.7,75,29,0,138.78,null,null,null
2,01/07/1993,,null,null,null,null,null,null,null,7.75,349,null,null,.5,null,.24,9,null,null,null,null,null,null,.22,0,22.36,10.84,24.2,4.6,28,20,0,117.43,null,null,null
3,01/08/1993,,null,null,null,null,32,null,null,7.65,322,null,null,0,null,.1,5.9,null,null,null,null,null,null,0,0,23.22,10.32,15.9,2.9,27,17,0,97.6,null,null,null
4,01/09/1993,,null,null,null,null,31,null,null,7.7,422,null,null,0,null,.12,6.8,null,null,null,null,null,null,.38,0,24.94,10.32,24.8,3.5,32,23,0,109.8,null,null,null
5,01/10/1993,,null,null,null,null,30.5,null,null,7.95,468,null,null,0,null,.12,7.6,null,null,null,null,null,null,.52,0,27.52,9.29,26.4,3.1,47,35,0,132.68,null,null,null
6,01/11/1993,,null,null,null,null,29.5,null,null,7.9,468,null,null,0,null,.08,5.2,null,null,null,null,null,null,.38,0,24.94,7.74,27.2,3.6,48,35,0,149.45,null,null,null
7,01/12/1993,,null,null,null,null,20.5,null,null,8.6,460,null,null,0,null,.04,7.6,null,null,null,null,null,null,.22,.02,26.66,6.71,30.6,3.3,39,29,9,129.63,null,null,null
8,01/01/1994,,null,null,null,null,16.5,null,null,8.05,510,null,null,0,null,.12,6.6,null,null,null,null,null,null,.85,null,42.28,12.38,18.6,2.9,49,29,0,140.3,null,null,null
9,01/02/1994,,null,null,null,null,15.5,null,null,8.3,508,null,null,0,null,.12,7,null,null,null,null,null,null,.85,null,30.1,16.51,32,3.5,49,26,0,146.3,null,null,null
10,01/03/1994,,null,null,null,null,20,null,null,7.85,620,null,null,0,null,.12,5.9,null,null,null,null,null,null,.85,null,55.9,15.48,22,2.7,34,29,0,216.55,null,null,null
11,01/04/1994,,null,null,null,null,29,null,null,8.2,592,null,null,0,null,.16,4.9,null,null,null,null,null,null,.68,null,32.68,14.96,37.2,4,46,29,0,154.03,null,null,null
12,01/05/1994,,null,null,null,null,28.5,null,null,8.2,486,null,null,0,null,.13,4.4,null,null,null,null,null,null,.52,.02,26.66,9.29,33.3,4.9,51,29,0,129.63,null,null,null
13,01/06/1994,,null,null,null,null,29,null,null,7.95,488,null,null,null,null,.08,10.8,null,null,null,null,null,null,.08,null,25.8,11.35,34.8,6.4,59,17,null,118.95,null,null,null
14,01/07/1994,,null,null,null,null,26.5,null,null,7.9,450,null,null,null,null,.07,8.6,null,null,null,null,null,null,.53,null,24.94,10.84,27.6,5.8,51,17,null,119.95,null,null,null
15,01/08/1994,,null,null,null,5.85,29,null,null,7.6,332,null,null,null,null,.08,4.2,null,null,null,null,null,null,.01,.07,20.64,8.8,22,2.1,25,10,null,120.48,null,null,null
16,01/09/1994,,null,null,null,5.95,28.5,null,null,7,332,null,null,null,null,.1,5,null,null,null,null,null,null,.3,.06,30.1,11.87,16.5,3,27,10,null,149.45,null,null,null
17,01/10/1994,,null,null,null,5.04,27,null,null,7.1,396,null,null,null,null,.07,6.6,null,null,null,null,null,null,.3,.57,32.68,12.9,26,3.4,34,26,null,152.5,null,null,null
18,01/11/1994,,null,null,null,6.27,27.5,null,null,6.95,472,null,null,null,null,.05,8,null,null,null,null,null,null,.4,.05,37.84,13.93,28.8,3.5,41,35,null,154.03,null,null,null
19,01/12/1994,,null,null,null,7.25,19,null,null,6.8,536,null,null,.12,null,.05,5,null,null,null,null,null,null,.4,null,22.36,16,38,3.5,45,32,null,137.25,null,null,null
20,01/01/1995,,null,null,null,9.34,13,null,null,7.1,496,null,null,.24,null,.11,2.1,null,null,null,null,null,null,.4,null,23.22,23.74,32,3,51,47,null,155.35,null,null,null
21,01/02/1995,,null,null,null,8.97,17,null,null,6.9,584,null,null,.25,null,null,2.3,null,null,null,null,null,null,.2,null,24.08,17.54,41,3.7,54,39,null,132.68,null,null,null
22,01/03/1995,,null,null,null,7,null,null,null,6.9,556,null,null,null,null,.05,2.6,null,null,null,null,null,null,.1,null,25.8,20.12,35.2,3.5,54,35,null,140.3,null,null,null
23,01/04/1995,,null,null,null,7.53,22,null,null,7.2,556,null,null,null,null,null,12.4,null,null,null,null,null,null,.4,null,34.4,21.16,38.4,6.4,63,48,null,158.6,null,null,null
24,01/05/1995,,null,null,null,null,22,null,null,6.9,650,null,null,null,null,.16,3.3,null,null,null,null,null,null,.3,null,24,20.64,34.4,4,54,42,null,157.25,null,null,null
25,01/06/1995,,null,null,null,null,31.5,null,null,7.55,632,null,null,0,null,.1,14,null,null,null,null,null,null,0,.04,24.08,12.9,56.7,6.8,51,45,0,207.4,null,null,null
26,01/07/1995,,null,null,null,3.4,28,null,null,6.7,460,null,null,0,null,.17,12.4,null,null,null,null,null,null,.74,.05,17.2,13.93,33,5.6,49,25,0,97.6,null,null,null
27,01/08/1995,,null,null,null,3.5,28.5,null,null,7,380,null,null,0,null,.25,12.5,null,null,null,null,null,null,.52,.06,26.66,9.29,18.2,5.1,29,10,0,115.9,null,null,null
28,01/09/1995,,null,null,null,4.33,29,null,null,8,456,null,null,0,null,.21,5.6,null,null,null,null,null,null,.4,0,29.24,12.9,22.8,3.7,33,25,0,143.35,null,null,null
29,01/10/1995,,null,null,null,4.6,29.5,null,null,8.2,790,null,null,0,null,0,5,null,null,null,null,null,null,.3,.04,25.8,13.42,91.5,3.8,85,64,0,187.58,null,null,null
30,01/11/1995,,null,null,null,4.54,26,null,null,8.2,940,null,null,0,null,.2,4.5,null,null,null,null,null,null,.7,null,25.8,23.22,96,4,107,96,0,192.15,null,null,null
31,01/12/1995,,null,null,null,null,24,null,null,8.25,962,null,null,.24,null,.15,4,null,null,null,null,null,null,.63,null,28.38,21.67,100,3.6,114,77,0,201.35,null,null,null
32,01/01/1996,,null,null,null,null,22,null,null,7.8,1100,null,null,.24,null,.07,3.1,null,null,null,null,null,null,.63,null,27.52,19.61,112.5,2.2,140,71,0,186.05,null,null,null
33,01/02/1996,,null,null,null,null,18,null,null,8.2,1122,null,null,.76,null,.05,2.3,null,null,null,null,null,null,.2,null,25.8,23.22,115.5,2.8,128,58,0,170.8,null,null,null
34,01/03/1996,,null,null,null,null,27,null,null,7.65,832,null,null,0,null,.05,8,null,null,null,null,null,null,.63,.02,45.58,20.64,66,43,92,64,0,164.7,null,null,null
35,01/04/1996,,null,null,null,null,24.5,null,null,8.7,670,null,null,0,null,.05,10.7,null,null,null,null,null,null,.85,.03,15.48,17.03,67.5,4.7,63,64,10.5,131.15,null,null,null
36,01/05/1996,,null,null,null,null,30,null,null,7.8,693,null,null,0,null,.05,12.5,null,null,null,null,null,null,.85,.07,28.38,14.45,67.5,5.9,50,68,0,176.9,null,null,null
37,01/06/1996,,null,null,null,null,294.5,null,null,7.55,632,null,null,0,null,.1,14,null,null,null,null,null,null,0,.04,24.08,12.9,56.7,6.8,51,45,0,207.4,null,null,null
38,01/07/1996,,null,null,null,null,302,null,null,7.8,380,null,null,0,null,.06,12,null,null,null,null,null,null,0,0,18.92,2.58,38.7,7,10,45,0,103.7,null,null,null
39,01/08/1996,,null,null,null,null,300.5,null,null,8.15,266,null,null,0,null,.09,10.5,null,null,null,null,null,null,0,0,24.94,4.64,7.4,2.3,15,17,0,79.3,null,null,null
40,01/09/1996,,null,null,null,null,299.5,null,null,8.45,349,null,null,0,null,.07,11.1,null,null,null,null,null,null,.2,0,25.8,9.8,18,2.5,22,12,4.5,91.5,null,null,null
41,01/10/1996,,null,null,null,null,300,null,null,7.7,475,null,null,0,null,.15,11.1,null,null,null,null,null,null,.4,.015,25.8,13.42,32,2.9,52,28,0,97.6,null,null,null
42,01/11/1996,,null,null,null,null,295.5,null,null,7.95,612,null,null,0,null,.17,11.8,null,null,null,null,null,null,.52,.07,27.52,15.48,54,3.9,80,22,0,131.15,null,null,null
43,01/12/1996,,null,null,null,null,292.5,null,null,8.15,648,null,null,0,null,.2,9.5,null,null,null,null,null,null,1.05,.03,28.38,14.96,111,1,124,90,0,149.45,null,null,null
44,01/01/1997,,null,null,null,null,288.5,null,null,8.15,1065,null,null,0,null,.07,5.9,null,null,null,null,null,null,1.7,.035,31.82,17.03,141,3.1,122,55,0,265.35,null,null,null
45,01/02/1997,,null,null,null,null,null,null,null,8.15,1100,null,null,0,null,.07,6.2,null,null,null,null,null,null,.4,.04,36.12,17.54,147,12.4,118,55,0,323.3,null,null,null
46,01/03/1997,,null,null,null,null,null,null,null,8.3,1165,null,null,0,null,.05,13,null,null,null,null,null,null,.63,.02,48.16,23.74,140,7.8,101,55,0,381.25,null,null,null
47,01/04/1997,,null,null,null,null,null,null,null,7.95,1313,null,null,0,null,.1,14,null,null,null,null,null,null,.4,.02,58.48,26.83,115,9,91,58,9,155.55,null,null,null
48,01/05/1997,,null,null,null,null,299.5,null,null,8.3,860,null,null,0,null,.05,11,null,null,null,null,null,null,.2,0,25.8,14.45,111,4.1,86,58,1.5,213.5,null,null,null
49,01/06/1997,,null,null,null,6.59,302,null,null,8.55,800,null,null,0,null,.99,6.5,null,null,null,null,null,null,2.04,0,15.48,18.58,64,4.2,111,78,6,111.33,null,null,null
50,01/07/1997,,null,null,null,4.51,301.5,null,null,7.85,886,null,null,0,null,.3,5,null,null,null,null,null,null,.3,0,26.66,12.38,72,2.9,101,39,27,141.83,null,null,null
51,01/08/1997,,null,null,null,5.13,null,null,null,7.85,500,null,null,0,null,.14,2,null,null,null,null,null,null,.63,.05,28.38,11.87,125,10.2,32,28,0,38.78,null,null,null
52,01/09/1997,,null,null,null,7.38,296.5,null,null,7.9,512,null,null,0,null,.07,5.9,null,null,null,null,null,null,0,0,34.4,6.71,38,2,31,33,0,137.25,null,null,null
53,01/10/1997,,null,null,null,7.9,296,null,null,8.1,606,null,null,0,null,.05,5,null,null,null,null,null,null,.4,0,30.96,14.96,50.4,3.5,56,44,0,155.55,null,null,null
54,01/11/1997,,null,null,null,6.15,292,null,null,8.25,750,null,null,0,null,.05,4,null,null,null,null,null,null,.4,.001,25.8,17.54,68,2.5,95,50,0,161.65,null,null,null
55,01/12/1997,,null,null,null,12.47,290,null,null,8.35,1102,null,null,0,null,.07,2.3,null,null,null,null,null,null,.63,.001,38.7,18.58,124,3.6,168,110,7.5,176.9,null,null,null
56,01/01/1998,,null,null,null,9.82,286,null,null,8.15,1138,null,null,0,null,.21,1,null,null,null,null,null,null,.4,.001,38.7,25.28,134.4,4.2,218,135,0,192.15,null,null,null
57,01/02/1998,,null,null,null,9.38,289,null,null,8.8,1635,null,null,0,null,.2,.8,null,null,null,null,null,null,1.05,.022,55.04,16.51,400,1.9,265.98,175,6,210.45,null,null,null
58,01/03/1998,01/03/1998,null,null,null,null,18,null,null,8.28,1720,1014.265,null,0,0,.3,1.1,null,null,0,186.254,197.817,141.9,.85,.02,56.76,13.42,288,2.8,271.56,220,0,227.23,null,null,null
59,01/04/1998,01/04/1998,null,null,null,null,22,null,null,9.05,1320,1184.23,null,0,2.21,0,2.7,null,null,21.165,147.5,163.392,73.1,.2,0,29.24,21.67,178,3.4,233.43,130,25.5,128.1,null,null,null
60,01/05/1998,01/05/1998,null,null,null,null,26,null,null,8.6,1291,903.805,null,0,5.5,0,3.5,null,null,1.245,150,150.5,64.5,.8,.02,25.8,20.64,123,4.8,149.73,110,1.5,179.95,null,null,null
61,01/06/1998,01/06/1998,null,null,null,null,null,null,null,8.51,1062,762.538,null,0,null,.53,4.5,null,null,null,null,139.802,null,.2,.003,30.1,15.48,112.7,7.8,99.51,115,12,184.53,null,null,null
62,01/07/1998,01/07/1998,null,null,null,null,29.5,null,null,7.76,840,603.786,null,0,7.48,.15,3.1,null,null,0,125,139.75,64.5,.3,.003,25.8,18.06,72.2,5.8,97,75,0,152.5,null,null,null
63,01/08/1998,01/08/1998,null,null,null,5.83,30,null,null,8.28,850,647.553,null,0,5,.1,4,null,null,0,133.754,137.617,70.95,.45,0,28.38,16,96.8,4.2,115,113,0,163.18,null,null,null
64,01/09/1998,01/09/1998,null,null,null,6.48,null,null,null,8.45,909,741.74,null,0,null,0,4.4,null,null,null,null,217.235,null,0,.08,36.12,30.44,119.7,3.8,139,80,4.5,158.6,null,null,null
65,01/10/1998,01/10/1998,null,null,null,7.31,28,null,null,8.35,1260,750.073,null,0,5.5,.05,2.2,null,null,4.98,143.754,191.333,86,0,.023,34.4,25.28,100,3.7,151,110,6,163.18,null,null,null
66,01/11/1998,01/11/1998,null,null,null,6.22,null,null,null,8.4,1075,863.223,null,0,null,.15,1.7,null,null,null,null,217.235,null,1.4,0,36.12,30.44,119.7,3.8,186,120,10.5,157.08,null,null,null
67,01/12/1998,01/12/1998,null,null,null,10.39,null,null,null,8.25,788,800.565,null,0,null,.1,1.9,null,null,null,null,146.261,null,.75,0,36.12,13.42,92.7,4.5,161,100,0,149.45,null,null,null
68,01/01/1999,01/01/1999,null,null,null,null,null,null,null,8.29,1357,1062.573,null,0,null,.2,1.6,null,null,null,null,286.072,null,.43,.003,61.92,31.48,135.7,8,273,180,0,204.35,null,null,null
69,01/02/1999,01/02/1999,null,null,null,8.58,16.5,null,null,9.1,829,951.934,null,0,.05,.006,1.5,null,null,4.98,123.754,159.1,83.85,.43,.01,33.54,18.06,124.6,3.8,160,75,6,138.78,null,null,null
70,01/03/1999,01/03/1999,null,null,null,null,18.5,null,null,8.46,776,663.857,null,0,.38,.006,3.1,null,null,2.49,135,139.75,64.5,1.3,.015,25.8,18.06,120.7,5.2,119,51,3,158.6,null,null,null
71,01/04/1999,01/04/1999,null,null,null,null,null,null,null,8.12,630,490.726,null,0,null,.17,3.3,null,null,null,null,150.543,null,1,null,38.7,12.9,61.5,2.2,83,45,0,135.73,null,null,null
72,01/05/1999,01/05/1999,null,null,null,2.91,27,null,null,8.04,861,494.343,null,0,.56,.17,7.7,null,null,0,135,148.35,83.85,.43,.003,33.54,15.48,69.9,5.45,89,57,0,164.7,null,null,null
73,01/06/1999,01/06/1999,null,null,null,6.53,27.5,null,null,8.29,808,902.319,null,0,.16,.17,4.3,null,null,0,179.098,339.717,208.55,.74,.036,83.42,31.48,170.2,5.7,142,200,0,218.5,null,null,null
74,01/07/1999,01/07/1999,null,null,null,3.83,28,null,null,8.16,820,759.616,null,0,1.79,.2,2.8,null,null,0,165,146.217,79.55,0,0,31.82,16,96.65,7.3,95,60,0,201.3,null,null,null
75,01/08/1999,01/08/1999,null,null,null,null,28,null,null,7.87,242,286.63,null,0,.38,0,1.2,null,null,0,65,92.467,58.05,.72,.01,23.22,8.26,10.8,2.6,20,20,0,79.3,null,null,null
76,01/09/1999,01/09/1999,null,null,null,5.42,28,null,null,8.15,550,276.525,null,0,.64,0,6.4,null,null,0,116.254,131.142,94.6,.2,.15,37.84,8.77,40.7,4.6,52,12,0,141.83,null,null,null
77,01/10/1999,01/10/1999,null,null,null,4.14,27.5,null,null,8.3,675,385.355,null,0,.4,.15,8.5,null,null,0,141.254,116.108,77.4,1.3,.5,30.96,9.29,71.4,4.3,76,25,0,172.33,null,null,null
78,01/11/1999,01/11/1999,null,null,null,6.36,24.5,null,null,8.87,707,447.3,null,0,.25,.19,4.3,null,null,8.715,106.254,128.867,14.2,.5,.97,5.68,27.52,90.4,4,91,46,10.5,108.28,null,null,null
79,01/12/1999,01/12/1999,null,null,null,null,20,null,null,8.04,1320,671.67,null,0,0,0,6.7,null,null,0,197.541,199.967,122.55,120,1.16,49.02,18.58,188.1,17.8,.4,6.2,0,241,null,null,null
80,01/01/2000,01/01/2000,null,null,null,null,14.5,null,null,8.44,1259,779.383,null,0,5.29,0,3.2,null,null,6.225,197.5,294.55,219.3,.4,.003,87.72,18.06,124.7,9.2,202,74,7.5,225.7,null,null,null
81,01/02/2000,01/02/2000,null,null,null,9.19,20,null,null,9.71,579,520.443,null,0,1.28,0,2.2,null,null,27.39,133.754,109.65,55.9,.13,.44,22.36,12.9,3.11,.09,80,32,33,96.08,null,null,null
82,01/03/2000,01/03/2000,null,null,null,null,27,null,null,8.72,1216,685.275,null,0,5.5,0,4.1,null,null,12.45,176.254,167.717,68.8,.3,.5,27.52,23.74,144.2,1.1,179,76,15,184.53,null,null,null
83,01/04/2000,01/04/2000,null,null,null,null,24.5,null,null,8.35,622,571.39,null,0,1.2,0,7.8,null,null,2.49,115,111.783,49.45,.4,.75,19.78,14.96,73.5,.5,89,28,3,134.2,null,null,null
84,01/05/2000,01/05/2000,null,null,null,5.3,26,null,null,8.36,700,470.915,null,0,3.1,.12,2.8,null,null,2.49,119.943,124.7,60.2,.3,.97,24.08,15.48,78.2,.6,99,46,3,140.23,null,null,null
85,01/06/2000,01/06/2000,null,null,null,null,28.5,null,null,8.27,1640,1039.18,null,0,1.6,.09,null,.5,null,0,151.639,316.033,156.95,.6,.64,62.78,38.18,220.2,1.3,344,125,0,185,null,null,null
86,01/07/2000,01/07/2000,null,null,null,null,29,null,null,8.17,680,803.46,null,0,3.1,0,8.1,.38,null,0,125.41,138.667,96.75,.4,.17,38.7,10.06,78,.5,91,25,0,153,null,null,null
87,01/08/2000,01/08/2000,null,null,null,4.03,26,null,null,8.02,577,385.02,null,0,3.52,.09,8.7,.84,null,0,114.754,135.458,96.75,.13,2.32,38.7,9.29,44.8,.7,54,25,0,140,null,null,null
88,01/09/2000,01/09/2000,null,null,null,6.29,26,null,null,8.05,380,248.92,null,0,1.01,.26,3.96,1.05,null,0,93.443,90.167,64.5,.4,.17,25.8,6.16,22.1,.3,26,12,0,114,null,null,null
89,01/10/2000,01/10/2000,null,null,null,5.66,26.5,null,null,8.6,617,310.12,null,0,4.4,0,2.8,.43,null,13.695,96.352,116.108,55.9,.5,.71,22.36,14.45,64.1,.5,75,23,16.5,84,null,null,null
90,01/11/2000,01/11/2000,null,null,null,5.74,20,null,null,8.25,592,420.41,null,0,3,.34,1.3,.95,null,0,125.41,131.142,83.85,.4,.27,33.54,11.35,69.8,4.5,85,28,0,153,null,null,null
91,01/12/2000,01/12/2000,null,null,null,8.21,null,null,null,8.9,566,398.405,null,0,null,.34,2.1,.93,null,null,null,122.603,null,.4,.38,30.96,10.84,54.2,4.4,72,21,13.5,131.15,null,null,null
92,01/01/2001,01/01/2001,null,null,null,9.55,null,null,null,8.4,570,378.725,null,0,null,.4,.5,.68,null,null,null,129.057,null,.25,.27,27.52,14.45,56.2,4.7,71,13,3,166.23,null,null,null
93,01/02/2001,01/02/2001,null,null,null,null,null,null,null,7.9,795,486.31,null,0,null,.34,3.9,1.09,null,null,null,227.987,null,.2,.5,55.9,21.16,64.3,17,85,27,0,236.38,null,null,null
94,01/03/2001,01/03/2001,null,null,null,null,null,null,null,8.3,738,443.88,null,0,null,.42,3,.53,null,null,null,141.711,null,.25,.56,34.3,13.42,61.7,5.6,88,26,0,175.38,null,null,null
95,01/04/2001,01/04/2001,null,null,null,5.97,null,null,null,8.3,2040,1092.99,null,0,null,.04,10.1,2.96,null,null,null,371.888,null,.13,.27,79.9,41.28,213.9,13.6,320,150,0,279.08,null,null,null
96,01/05/2001,01/05/2001,null,null,null,null,null,null,null,7.8,798,840.32,null,0,null,.09,10,.69,null,null,null,152.689,null,.25,.22,45.58,9.29,65.8,7.9,97,40,0,152.5,null,null,null
97,01/06/2001,01/06/2001,null,null,null,8.45,26.5,null,null,7.8,793,515.23,null,0,6.05,.27,6.36,null,null,0,118.754,151.667,85,.37,.18,34,16,79,9.3,94,46,0,144.88,null,null,null
98,01/07/2001,01/07/2001,null,null,null,null,26,null,null,7.7,413,342.68,null,0,5.25,.46,4.87,null,null,0,88.754,96.733,55.9,.37,.3,22.36,9.8,35,1.4,37.5,18,0,108.28,null,null,null
99,01/08/2001,01/08/2001,null,null,null,null,26,null,null,7.55,314,212.855,null,0,3,2.48,8,null,null,0,82.5,90.292,75.25,.19,0,30.1,3.61,15.5,2.9,20,10,0,100.65,null,null,null
100,01/09/2001,01/09/2001,null,null,null,null,28,null,null,8.1,385,209.96,null,0,2.5,.12,2.75,null,null,0,95,103.167,75.25,.07,.4,30.1,6.7,21.1,3.6,30,11,0,115.9,null,null,null
101,01/10/2001,01/10/2001,null,null,null,null,29,null,null,8.15,526,292.785,null,0,4,.8,5.05,null,null,12.45,146.967,77.383,47.3,.025,.63,18.92,7.22,59.2,4.7,32,24,15,148.8,null,null,null
102,01/11/2001,01/11/2001,null,null,null,null,23.5,null,null,9,495,310.565,null,0,5.5,0,5.45,null,null,6.225,117.008,96.733,45.15,.075,.245,18.06,12.38,56.2,3.9,44,27,7.5,127.5,null,null,null
103,01/12/2001,01/12/2001,null,null,null,null,18,null,null,9.2,369,343.945,null,0,6.5,.12,3,null,null,16.185,173.221,101.042,75.25,.175,.25,30.1,6.19,43.3,5.7,38,23,19.5,171.68,null,null,null
104,01/01/2002,01/01/2002,null,null,null,null,24.5,null,null,8.75,397,317.635,null,0,9.015,.06,1.9,null,null,12.45,125,124.683,73.1,.275,.32,29.24,12.38,41.6,5.8,50,20,15,122,null,null,null
105,01/02/2002,01/02/2002,null,null,null,null,22.7,null,null,8.4,397,328.89,null,0,1,0,.7,null,null,2.49,116.254,118.233,66.65,.275,.24,26.66,12.38,54,4.2,57,20,3,135.73,null,null,null
106,01/03/2002,01/03/2002,null,null,null,null,18.3,null,null,7.6,498,354.1,null,0,6,.1,9.8,null,null,0,130,163.392,73.1,.275,0,29.24,21.67,45,4.5,61,18,0,158.6,null,null,null
107,01/04/2002,01/04/2002,null,null,null,null,28,null,null,8.45,427,333.2,null,0,12,.18,5.2,null,null,9.96,142.951,118.167,64.5,.175,.29,25.8,12.88,37.2,7.3,35,15,12,150,null,null,null
108,01/05/2002,01/05/2002,null,null,null,null,30,null,null,8.15,506,311.065,null,0,7,.17,12.4,null,null,13.695,135,103.1,51.6,.175,.4,20.64,12.36,42.1,7.9,40,18,16.5,131.15,null,null,null
109,01/06/2002,01/06/2002,null,null,null,null,21.4,null,null,9.4,387,286.2,null,0,6,.27,6,null,null,0,144.656,123.692,66.65,.175,.32,26.66,13.69,27.9,5.8,26,7,0,176.48,null,null,null
110,01/07/2002,01/07/2002,null,null,null,null,28.8,null,null,9.2,386,256.725,null,0,4,.24,5.7,null,null,12.45,151.541,106.067,63.15,.25,.32,25.26,10.3,32.8,8.9,21,10,15,154.38,null,null,null
111,01/08/2002,01/08/2002,null,null,null,null,30.2,null,null,7.75,483,301.765,null,0,8,.27,6.2,null,null,0,147.541,136.692,70.15,.175,.48,28.06,15.97,43.6,8.5,45,14,0,180,null,null,null
112,01/09/2002,01/09/2002,null,null,null,null,30.9,null,null,9.5,421,296.085,null,0,7,.12,2.5,null,null,0,126.393,112.1,60.6,.1,.34,24.24,12.36,37.8,6.4,40,14,0,154.2,null,null,null
113,01/10/2002,01/10/2002,null,null,null,null,25.5,null,null,9.5,653,390.105,null,0,8,.12,3,null,null,0,185,150.383,90.3,.275,.36,36.12,14.42,62.4,9.5,60,19,0,225.7,null,null,null
114,01/11/2002,01/11/2002,null,null,null,8.02,26,null,null,9.2,531,373.835,null,0,9,.15,4.2,null,null,0,163.484,123.5,73.75,.175,.29,29.5,11.94,51.3,7.8,55,14,0,199.45,null,null,null
115,01/12/2002,01/12/2002,null,null,null,null,20,null,null,8.8,450,317.94,null,0,4,.1,3.8,null,null,0,149.057,122.417,53.75,.4,.32,21.5,16.48,38.3,8.3,37,14,0,181.85,null,null,null
116,01/01/2003,01/01/2003,null,null,null,null,17,null,null,8.9,402,302.615,null,0,4,.28,3.1,null,null,0,168.754,123.917,75.25,.125,.17,30.1,11.68,35.8,10.8,32,12,0,205.88,null,null,null
117,01/02/2003,01/02/2003,null,null,null,null,20.5,null,null,8,504,331.395,null,0,4,.47,6.5,null,null,0,170,150.375,75.25,.1,.32,30.1,18.03,43.7,11.8,42,19,0,207.4,null,null,null
118,01/03/2003,01/03/2003,null,null,null,null,24.5,null,null,7.9,448,331.08,null,0,3,.44,6.5,null,null,0,172.5,133.567,64.9,.125,.16,25.96,16.48,40,11.8,36,13,0,210.45,null,null,null
119,01/04/2003,01/04/2003,null,null,null,null,24.6,null,null,8,545,337.33,null,0,2.5,.7,7.8,null,null,0,162.5,107.892,52.1,.1,.25,20.84,13.39,52.2,18.2,46,17,0,198.25,null,null,null
120,01/05/2003,01/05/2003,null,null,null,null,25,null,null,8,615,382.125,null,0,3,.77,7.2,null,null,0,163.754,111.717,58.05,.125,.29,23.22,12.88,65.2,18.2,58,19,0,199.78,null,null,null
121,01/06/2003,01/06/2003,null,null,null,null,22.5,null,null,7.5,1090,597.4,null,0,6,.95,12.6,null,null,14.94,227.5,229.667,112,.25,.4,44.8,28.24,94.5,16.8,138,28,18,240.95,null,null,null
122,01/07/2003,01/07/2003,null,null,null,null,26.2,null,null,7.6,475,448.46,null,0,4.2,.89,3.2,null,null,0,140.533,77.35,51.6,.175,.35,20.64,6.18,53.9,17,53,17,0,171.45,null,null,null
123,01/08/2003,01/08/2003,null,null,null,6,27,null,null,7.4,373,256.81,null,0,3.3,.22,6.9,1.87,null,0,127.5,81.642,51.6,.1,.2,20.64,7.21,31.2,4.3,26,.15,0,155.55,null,null,null
124,01/09/2003,01/09/2003,null,null,null,5.47,27,null,null,7.2,362,198.195,null,0,2.9,.19,6.6,1.09,null,0,90,75.2,49.45,.275,.3,19.78,6.18,28.9,4.3,27,10,0,109.8,null,null,null
125,01/10/2003,01/10/2003,null,null,null,5.9,27,null,null,7.4,406,226.835,null,0,2.8,.12,6.1,1.13,null,0,92.5,81.642,51.6,.175,.3,20.64,7.21,28.7,4.1,45,8,0,112.85,null,null,null
126,01/11/2003,01/11/2003,null,null,null,5.23,27,null,null,7.8,375,252.27,null,0,4.8,.19,5.9,1.1,null,0,95,92.408,60.2,.275,.25,24.08,7.73,33.4,4.2,41,10,0,115.9,null,null,null
127,01/12/2003,01/12/2003,null,null,null,7.07,20,null,null,7.5,485,315.685,null,0,4.3,.25,6.4,1.4,null,0,97.5,147.492,81.7,.175,30,32.68,15.79,40.8,4.4,44,15,0,118.95,null,null,null
128,01/01/2004,01/01/2004,null,null,null,5.85,18.5,null,null,7.6,453,328.61,null,0,3.8,3,6.1,1.16,null,0,102.5,137.5,86,.75,.35,34.4,12.36,42.7,4,46,12.5,0,125.05,null,null,null
129,01/02/2004,01/02/2004,null,null,null,null,13,null,null,7.5,505,322.32,null,0,4.3,.3,5.3,null,null,0,115,127.9,76.4,.35,.4,30.56,12.36,45.9,5.2,50,25,0,140.3,null,null,null
130,01/03/2004,01/03/2004,null,null,null,null,7,null,null,7.5,446,372.045,null,0,4.7,.35,5.5,null,null,0,140.984,150.425,101.05,.275,.4,40.42,11.85,42.8,6.1,60,28,0,172,null,null,null
131,01/04/2004,01/04/2004,null,null,null,null,21.5,null,null,7.6,517,361.53,null,0,5.2,.37,5.5,null,null,0,155.287,141.775,77.4,.2,.4,30.96,15.45,42.7,4.8,32,30,0,189.45,null,null,null
132,01/05/2004,01/05/2004,null,null,null,null,22.5,null,null,7.8,680,421.715,null,0,5.2,.4,5.5,null,null,0,176.254,154.667,86,.3,.55,34.4,16.48,62.9,5.8,72,37,0,215.03,null,null,null
133,01/06/2004,01/06/2004,null,null,null,6.53,28.5,null,null,7.55,537,408.52,null,null,5.6,.55,6.1,null,null,0,142.508,123.817,70.15,.5,.55,28.06,12.88,54.8,5.6,48,38,0,173.86,null,null,null
134,01/07/2004,01/07/2004,null,null,null,null,29,null,null,7.7,513,378.27,null,null,6.1,.53,6.3,null,null,0,123.754,141,78.75,.5,.41,31.5,14.94,53.6,5.6,47,37,0,150.98,null,null,null
135,01/08/2004,01/08/2004,null,null,null,null,28,null,null,7.8,483,343.685,null,null,6.6,.39,3.7,null,null,0,120.41,110.467,65.3,.125,.32,26.12,10.84,45.5,5.8,38,35,0,146.9,null,null,null
136,01/09/2004,01/09/2004,null,null,null,6.6,28.5,null,null,8.21,397,290.07,null,null,3.6,.41,3.3,null,null,0,132.787,113.992,55.95,.075,.24,22.38,13.93,38.8,4.2,28,10,0,162,null,null,null
137,01/10/2004,01/10/2004,null,null,null,5.87,29,null,null,8.24,357,290.161,null,null,5.501,.23,3.4,null,null,0,83.754,141.9,77.4,.275,.6,30.96,15.48,55.6,5.4,53,23,0,102.18,null,null,null
138,01/11/2004,01/11/2004,null,null,null,6.73,26.5,null,null,8.2,333,322.391,null,null,1.5,.13,2.9,null,null,4.98,87.5,156.967,79.55,.5,.48,31.82,18.58,46.7,5.5,52,23,6,94.55,null,null,null
139,01/12/2004,01/12/2004,null,null,null,6.25,21.5,null,null,8.25,332,332.092,null,null,1.3,.1,3.2,null,null,0,100,176.65,90.65,.043,.44,36.26,20.64,50.8,5.8,57,15,0,122,null,null,null
140,01/01/2005,01/01/2005,null,null,null,6.2,18.5,null,null,8.3,276,323.212,null,null,2,.07,2.7,null,null,0,100,156.967,90.3,.15,.29,36.12,16,52.4,5.4,48,22,0,122,null,null,null
141,01/02/2005,01/02/2005,null,null,null,6.1,18,null,null,8.5,308,315.658,null,null,.75,.04,2.15,null,null,7.47,100,178.45,38.7,.088,.25,15.48,33.54,58.2,6.1,50,13,9,103.7,null,null,null
142,01/03/2005,01/03/2005,null,null,null,null,null,null,null,null,null,66.278,null,null,null,null,null,null,null,null,null,null,null,null,null,null,null,null,null,null,null,null,null,null,null,null
143,01/04/2005,01/04/2005,null,null,null,null,23,null,null,8,351,240.75,null,null,2.75,.06,1.9,null,null,0,90,137.617,81.7,.25,.29,32.68,13.42,54,6.5,54,20,0,109.8,null,null,null
144,01/05/2005,01/05/2005,null,null,null,5.3,null,null,null,null,null,79.25,null,null,null,null,null,null,null,null,null,null,null,null,null,null,null,null,null,null,null,null,null,null,null,null
145,01/06/2005,01/06/2005,null,null,null,null,22,null,null,8.5,493,244.96,null,null,2.75,1,3.8,null,null,0,100,100.858,55.65,1.35,.25,22.26,10.85,54.5,7.2,67,13,0,122,null,null,null
146,01/07/2005,01/07/2005,null,null,null,null,null,null,null,null,null,89.15,null,null,null,null,null,null,null,null,null,null,null,null,null,null,null,null,null,null,null,null,null,null,null,null
147,01/08/2005,01/08/2005,null,null,null,6.9,26.5,null,null,8.5,302,148.77,null,null,2.1,.1,3.6,2.12,null,0,59.656,67.958,37.125,.25,.18,14.85,7.4,23,4.9,35,21,0,72.78,null,null,null
148,01/09/2005,01/09/2005,null,null,null,5.2,28.5,null,null,8.1,356,249.455,null,null,2,.1,3,null,null,0,81.828,90.583,53.75,.25,.12,21.5,8.84,32.6,5.9,45,18,0,99.83,null,null,null
149,01/10/2005,01/10/2005,null,null,null,5,28,null,null,8.2,286,246.59,null,null,.7,.05,1.6,1.29,null,0,89.943,66.642,35.225,.775,.2,14.09,7.54,38.2,2.1,44,14,0,109.73,null,null,null
150,01/11/2005,01/11/2005,null,null,null,null,null,null,null,null,null,61.325,null,null,null,null,null,null,null,null,null,null,null,null,null,null,null,null,null,null,null,null,null,null,null,null
151,01/12/2005,01/12/2005,null,null,null,null,19.5,null,null,8.1,407,200.895,null,null,1.2,.1,3,null,null,0,78.074,101.433,64.1,.5,.17,25.64,8.96,34.4,4.3,51,24,0,95.25,null,null,null
152,01/01/2006,01/01/2006,null,null,null,null,null,null,null,null,null,79.97,null,null,null,null,null,null,null,null,null,null,null,null,null,null,null,null,null,null,null,null,null,null,null,null
153,01/02/2006,01/02/2006,null,null,null,null,19,null,null,8.4,423,213.05,null,null,3.1,.1,2.7,null,null,0,87.623,93.683,51.6,.5,.16,20.64,10.1,44.5,3.8,52,22,0,106.9,null,null,null
154,01/03/2006,01/03/2006,null,null,null,null,null,null,null,null,null,80.56,null,null,null,null,null,null,null,null,null,null,null,null,null,null,null,null,null,null,null,null,null,null,null,null
155,01/04/2006,01/04/2006,null,null,null,null,26.5,null,null,8.2,465,262.479,null,null,3.45,.1,2.4,null,null,0,106.967,128.283,74.95,.589,.41,29.98,12.8,48.6,5.9,68,25,0,130.5,null,null,null
156,01/05/2006,01/05/2006,null,null,null,null,null,null,null,null,null,99.949,null,null,null,null,null,null,null,null,null,null,null,null,null,null,null,null,null,null,null,null,null,null,null,null
157,01/06/2006,01/06/2006,null,null,null,null,27,null,null,7.9,396,222.885,null,null,2.7,.1,2.7,null,null,0,77.377,111,53,.125,.04,21.2,13.92,55.9,4,62,13,0,94.4,null,null,null
158,01/07/2006,01/07/2006,null,null,null,null,null,null,null,null,null,80.665,null,null,null,null,null,null,null,null,null,null,null,null,null,null,null,null,null,null,null,null,null,null,null,null
159,01/08/2006,01/08/2006,null,null,null,5.8,28,null,null,8.1,338,186.865,null,null,2.1,.15,3.3,2.16,null,0,67.934,84,36,.325,.43,14.4,11.52,40,4.2,59,10,0,82.88,null,null,null
160,01/09/2006,01/09/2006,null,null,null,null,null,null,null,null,null,75.305,null,null,null,null,null,null,null,null,null,null,null,null,null,null,null,null,null,null,null,null,null,null,null,null
161,01/10/2006,01/10/2006,null,null,null,5.5,28,null,null,8.3,368,195.07,null,null,1.75,.14,2.7,1.39,null,2.49,104.467,98.083,44,.325,.3,17.6,12.98,45,4.6,33,13,3,121.35,null,null,null
162,01/11/2006,01/11/2006,null,null,null,null,null,null,null,null,null,51.215,null,null,null,null,null,null,null,null,null,null,null,null,null,null,null,null,null,null,null,null,null,null,null,null
163,01/12/2006,01/12/2006,null,null,null,null,24,null,null,8.5,384,192.985,null,null,1.75,.11,2.5,null,null,2.49,100.721,104,48,.325,.17,19.2,13.44,43.2,4.9,41,5,3,116.78,null,null,null
164,01/01/2007,01/01/2007,null,null,null,null,null,null,null,null,null,50.855,null,null,null,null,null,null,null,null,null,null,null,null,null,null,null,null,null,null,null,null,null,null,null,null
165,01/02/2007,01/02/2007,null,null,null,null,25.5,null,null,8.5,358,218.835,null,null,1,.11,2.15,null,null,4.98,105.721,83,40,1.075,.09,16,10.32,48.9,4.8,57,13,6,116.78,null,null,null
166,01/03/2007,01/03/2007,null,null,null,null,null,null,null,null,null,74.425,null,null,null,null,null,null,null,null,null,null,null,null,null,null,null,null,null,null,null,null,null,null,null,null
167,01/04/2007,01/04/2007,null,null,null,null,28,null,null,8.5,392,242.335,null,null,1.25,.05,2.7,null,null,0,101.967,82.833,40,.525,.43,16,10.28,67.9,4,72,5,0,124.4,null,null,null
168,01/05/2007,01/05/2007,null,null,null,null,null,null,null,null,null,81.955,null,null,null,null,null,null,null,null,null,null,null,null,null,null,null,null,null,null,null,null,null,null,null,null
169,01/06/2007,01/06/2007,null,null,null,null,28.5,null,null,8,347,205.855,null,null,2.626,.05,1.9,null,null,0,87.213,91.167,48,.675,.43,19.2,10.36,46.6,5.8,52,13,0,106.4,null,null,null
170,01/07/2007,01/07/2007,null,null,null,null,null,null,null,null,null,70.695,null,null,null,null,null,null,null,null,null,null,null,null,null,null,null,null,null,null,null,null,null,null,null,null
171,01/08/2007,01/08/2007,null,null,null,5.8,26,null,null,8.3,308,244.885,null,null,1.95,.19,3,2.16,null,7.47,180.533,102,62,.6,.37,24.8,9.6,36.4,19,28,11,9,201.95,null,null,null
172,01/09/2007,01/09/2007,null,null,null,null,null,null,null,null,null,45.11,null,null,null,null,null,null,null,null,null,null,null,null,null,null,null,null,null,null,null,null,null,null,null,null
173,01/10/2007,01/10/2007,null,null,null,5.5,26,null,null,8.1,367,198.535,null,null,1.78,.22,2.4,1.39,null,1.245,98.754,88,52,.15,.33,20.8,8.64,40,5,49,10,1.5,117.43,null,null,null
174,01/11/2007,01/11/2007,null,null,null,null,null,null,null,null,null,63.88,null,null,null,null,null,null,null,null,null,null,null,null,null,null,null,null,null,null,null,null,null,null,null,null
175,01/12/2007,01/12/2007,null,null,null,null,23.5,null,null,7.8,1356,666.925,null,null,1.801,.15,2,null,null,null,null,244,104,1.15,.15,41.6,33.6,158.4,19,192,60,0,314.15,null,null,null
176,01/01/2008,01/01/2008,null,null,null,null,null,null,null,null,null,null,null,null,null,null,null,null,null,null,null,null,null,null,null,null,null,null,null,null,null,null,null,null,null,null
177,01/02/2008,01/02/2008,null,null,null,null,19.5,null,null,8.1,395,240.875,null,null,1.201,.08,.8,null,null,null,null,125.667,75,.95,.07,30,12.16,50.9,6,60,12,1.5,130.43,null,null,null
178,01/04/2008,01/04/2008,null,null,null,null,25,Clear,odour free,7.9,421,null,null,null,1.611,null,.3,null,null,0,219.672,232.083,100,.608,.799,40,31.7,52.1,9.1,190.3,36,0,268,null,null,null
179,02/06/2008,03/06/2008,null,null,null,null,25.5,Clear,odour free,7.8,505,null,null,null,3.502,null,6,null,null,0,166.48,133.822,83.83,.35,.25,33.532,11.998,67.827,11.402,67.099,13.987,0,203.106,null,null,null
180,01/08/2008,01/08/2008,null,null,null,5.7,28.5,Clear,odour free,8.2,331,null,null,null,1.369,null,3.5,1.65,null,0,170.85,95.893,47.9,.251,.34,19.16,11.518,47.863,4.5,31.045,11.99,0,208.437,null,null,null
181,01/10/2008,01/10/2008,null,null,null,null,28.5,Clear,odour free,8.5,314,null,null,null,.851,null,4,null,null,4.98,108.3,87.807,45.9,.37,.18,18.36,10.058,60.122,4.887,55.025,11.99,6,119.926,null,null,null
182,05/12/2008,05/12/2008,null,null,null,null,23,Clear,odour free,8.3,417,null,null,null,1.45,null,2.6,null,null,0,104.95,115.843,71.85,.251,.25,28.74,10.558,60.835,2.6,59.995,5.995,0,128.039,null,null,null
183,02/02/2009,02/02/2009,null,null,null,null,18,Clear,odour free,7.8,508,null,null,null,6.196,null,.7,null,null,0,103,141.885,75.895,.251,.42,30.358,15.838,56.419,8.403,67.911,22.987,0,125.66,null,null,null
184,01/04/2009,01/04/2009,null,null,null,null,25,Clear,odour free,7.9,450,null,null,null,4.903,null,.7,null,null,4.98,128.99,171.765,109.8,.251,.25,43.92,14.872,58.328,9.603,45.049,11.99,6,145.168,null,null,null
185,01/06/2009,02/06/2009,null,null,null,null,25.5,Clear,odour free,7.8,403,null,null,null,2.004,null,.7,null,null,6.225,187.5,125.594,77.5,.251,0,31,11.542,107.64,7.273,65.32,.23,7.5,213.5,null,null,null
186,01/08/2009,02/08/2009,null,null,null,null,26,Clear,odour free,8,420,null,null,null,.081,null,2,null,null,0,115,102.069,56,.494,.09,22.4,11.057,74.75,4.102,43.062,.221,0,140.3,null,null,null
187,01/10/2009,02/10/2009,null,null,null,null,26,Clear,odour free,8.3,389,null,null,null,1.247,null,3.6,null,null,14.94,105,93.967,44,.374,.13,17.6,11.992,80.5,4.692,56.8,23.04,18,91.5,null,null,null
188,01/12/2009,02/12/2009,null,null,null,null,18.5,Clear,odour free,8.2,355,null,null,null,0,null,7,null,null,16.185,101.5,91.994,43.9,.125,.169,17.56,11.542,69.138,7.82,40.044,12,19.5,84.18,null,null,null
189,01/02/2010,02/02/2010,null,null,null,null,19,Clear,odour free,8,406,null,null,null,1.771,null,.7,null,null,0,133.5,111.194,55,.251,.25,22,13.486,74.129,9.384,49.7,23.04,0,162.87,null,null,null
190,01/04/2010,02/04/2010,null,null,null,null,31.7,Clear,odour free,8.2,463,null,null,null,.5,null,.4,null,null,0,177.5,165.988,86,3.04,.669,34.4,19.197,75.9,10.557,69.225,22.944,0,216.55,null,null,null
191,01/06/2010,02/06/2010,null,null,null,null,28,Clear,odour free,7.9,538,null,null,null,4.191,null,1.4,null,null,0,160,176.331,28,.251,1.008,11.2,35.599,68.77,8.993,78.1,34.08,0,195.2,null,null,null
192,02/08/2010,03/08/2010,null,null,null,5.5,29.7,Clear,odour free,8.4,286,null,null,null,1.822,null,2.7,null,null,0,77.5,62.225,44,.125,.68,17.6,4.374,22.31,3.871,19.17,23.04,0,94.55,null,null,null
193,01/10/2010,02/10/2010,null,null,null,null,26.5,Clear,odour free,8.4,285,null,null,null,2.032,null,11.4,null,null,0,114,119.994,80,.251,.432,32,9.599,25.921,6.256,32.305,12,0,139.08,null,null,null
194,01/12/2010,02/12/2010,null,null,null,5.92,18.5,Clear,odour free,8.5,402,null,null,null,1.261,null,2.4,1.28,null,7.47,80,102.019,60,.251,.504,24,10.085,57.5,7.429,60.35,65.76,9,79.3,null,null,null
195,01/02/2011,02/02/2011,null,null,null,7,19,Clear,odour free,8.1,345,null,null,null,1.962,null,1.1,null,null,0,60,79.404,75,.251,.587,30,1.057,57.5,8.211,53.25,65.76,0,73.2,null,null,null
196,01/04/2011,02/04/2011,null,null,null,7.33,25.5,Clear,odour free,8,465,null,null,null,.799,null,1.1,1.58,null,0,80,72.35,44,.125,.59,17.6,6.804,52.9,8.797,63.9,23.04,0,97.6,null,null,null
197,01/08/2011,02/08/2011,null,null,null,null,null,null,null,8.24,243,null,null,null,1.05,null,null,null,null,0,87.785,56.045,48.38,.401,1.099,19.352,1.84,32.522,3.331,37.523,11.794,0,107.098,null,null,null
198,01/10/2011,02/10/2011,null,null,null,null,null,null,null,8.27,413,null,null,0,1.47,null,null,null,null,36.035,206.305,60.364,44.66,.22,0,17.864,3.769,20.125,1.38,22.361,21.485,43.416,163.413,null,null,null
199,01/12/2011,02/12/2011,null,null,null,null,null,null,null,9.66,489,null,null,0,2.902,null,null,null,null,8.922,59.905,76.642,57.435,.38,.719,22.974,4.61,82.754,8.16,88.878,45.072,10.749,51.228,null,null,null
200,03/10/2012,04/10/2012,null,null,null,null,28,Clear,odour free,7.99,330,null,null,.3,null,.05,10.44,2.75,null,0,73.197,79.892,66.975,.09,.08,26.79,3.1,44.11,1.98,49.1,29.7,0,89.3,null,null,null
201,04/08/2014,06/08/2014,null,null,null,5.8,29.5,Clear,odour free,8.15,760,456,null,5.77,null,.001,null,8.22,23,0,88.811,149.075,77.7,.74,.26,31.08,17.13,105.05,6.74,109.77,78,0,108.35,null,null,null
202,07/10/2014,08/10/2014,null,null,null,5.6,25.5,Clear,odour free,8.09,401,241,null,.16,null,.001,null,.78,26,0,77.787,107.183,85.6,.22,.18,34.24,5.18,62.27,15.54,67.19,50.6,0,94.9,null,null,null
