Standard Parameter Analysis Data of : Uttarkashi (GG100K4)
Laboratory : HGD DIVN LAB DEHRADUN 
Period : January-1989 To January-2016 
S.No.,Date_of_Collection,Date_of_Receipt,Discharge(cumecs),pH_FLD,EC_FLD(umho/cm),DO(mg/l),Water Temp(deg C),Colour,Odour,pH_GEN,EC_GEN(umho/cm),TDS(mg/l),SS(mg/l),NH3(mg N/l),NO2+NO3(mg N/l),Total_Nutrients(mg P/l),SiO2(mg/l),BOD(mg/l),COD(mg/l),Phen(mg CaCO3/l),Total_Alkallnity(mg CaCO3/l),Total_Hardness(mg CaCO3/l),Ca_Hardness(mg CaCO3/l),F(mg/l),B(mg/l),Ca_Major_Ions(mg/l),Mg(mg/l),Na(mg/l),K(mg/l),Cl(mg/l),SO4(mg/l),CO3(mg/l),HCO3(mg/l),Total_Coliforms(MPN/100ml),Faecal(MPN/100ml),Chlorophyll-A(ug/L)
1,01/06/1989,06/06/1989,null,null,null,7.98,null,null,null,null,null,null,null,.18,null,null,null,null,null,null,null,52.084,12.9,null,.016,5.16,9.404,1.196,.156,null,2.25,null,null,null,null,null
2,01/07/1989,03/07/1989,null,null,null,null,15,Light Brown,odour free,8,112,null,null,.18,null,null,30,null,null,null,null,56.438,12.9,2.8,.016,5.16,10.449,1.196,.156,null,2.25,null,null,null,null,null
3,01/08/1989,03/08/1989,null,null,null,null,15.5,Dark Brown,odour free,8,117.42,null,null,.18,null,null,30,null,null,null,null,56.384,17.2,2.8,.016,6.88,9.404,1.196,.156,null,2.25,null,null,null,null,null
4,01/09/1989,04/09/1989,null,null,null,null,13,Dark Brown,odour free,8.26,119.48,null,null,.18,null,null,30,null,null,null,null,60.684,21.5,2.8,.016,8.6,9.404,.897,.156,null,2.25,null,null,null,null,null
5,03/10/1989,05/10/1989,null,null,null,null,13,Brown,odour free,7.5,186,null,null,.18,null,null,30,null,null,null,null,64.984,25.8,2.8,.016,10.32,9.404,1.196,.156,null,2.25,null,null,null,null,null
6,01/11/1989,03/11/1989,null,null,null,null,11.5,Brown,odour free,8,188,null,null,.18,null,null,24,null,null,null,null,69.338,25.8,2.4,.016,10.32,10.449,.598,.156,null,2.25,null,null,null,null,null
7,01/12/1989,01/12/1989,null,null,null,null,9,Clear,odour free,8,null,null,null,.32,null,null,24,null,null,null,null,73.637,30.1,2.4,.016,12.04,10.449,.598,.156,null,2.25,null,68.32,null,null,null
8,01/01/1990,05/01/1990,null,null,null,null,8,Clear,odour free,8,null,null,null,.32,null,null,24,null,null,null,null,77.991,30.1,2.4,.016,12.04,11.494,.598,.156,null,2.25,null,58.56,null,null,null
9,01/02/1990,03/02/1990,null,null,null,null,11,Clear,odour free,8,null,null,null,.32,null,null,24,null,null,null,null,77.938,34.4,2.4,.016,13.76,10.449,.598,.156,null,2,null,58.56,null,null,null
10,01/03/1990,05/03/1990,null,null,null,null,9.5,Clear,odour free,8,186,null,null,.32,null,null,24,null,null,null,null,77.938,34.4,2.4,.016,13.76,10.449,.598,.156,null,2,null,63.44,null,null,null
11,02/04/1990,04/04/1990,null,null,null,null,11,Clear,odour free,8,null,null,null,.32,null,null,24,null,null,null,null,77.938,34.4,2.4,.016,13.76,10.449,.598,.156,null,2,null,79.3,null,null,null
12,01/05/1990,05/05/1990,null,null,null,8.02,12.5,Clear,odour free,8,170,null,null,.32,null,null,24,null,null,null,null,77.938,34.4,2.4,.016,13.76,10.449,.598,.156,null,2,null,79.3,null,null,null
13,01/06/1990,05/06/1990,null,8,256,7.82,14.5,Clear,odour free,8,256,null,null,.281,0,null,24,1.17,null,null,null,82.594,34.5,2.47,.072,13.8,11.542,.69,0,12.07,1.92,0,68.32,null,null,null
14,02/07/1990,03/07/1990,null,8,263,7.67,12.5,Clear,odour free,8,263,null,null,.281,0,null,24,1.6,null,0,52,82.594,34.5,2.28,.072,13.8,11.542,.69,0,12.07,1.92,0,63.44,null,null,null
15,01/08/1990,08/08/1990,null,7,266,7.61,12,Clear,odour free,7,266,null,null,.281,0,null,24,1.85,null,0,52,82.594,34.5,2.28,.072,13.8,11.542,.69,0,11.005,1.92,0,63.44,null,null,null
16,01/09/1990,03/09/1990,null,7.5,253,7.87,12.5,Clear,odour free,7.5,253,null,null,.281,0,null,24,1.54,null,0,48,82.144,30,2.28,.072,12,12.514,.69,0,11.005,1.44,0,58.56,null,null,null
17,04/10/1990,09/10/1990,null,7.5,256,7.95,10.5,Clear,odour free,7.5,256,null,null,.281,0,null,24,1.3,null,0,52,82.594,34.5,2.28,.072,13.8,11.542,.69,0,9.94,1.44,0,63.44,null,null,null
18,01/11/1990,05/11/1990,null,7.5,250,8.02,9.5,Clear,odour free,7.5,250,null,null,.281,0,null,24,1.21,null,0,52,86.594,38.5,2.28,.036,15.4,11.542,.69,0,9.94,1.44,0,63.44,null,null,null
19,01/12/1990,05/12/1990,null,8.6,105,8.03,7,Clear,odour free,8.6,105,null,null,.281,0,null,24,1,null,0,52,86.594,38.5,2.28,.036,15.4,11.542,.69,0,9.94,1.44,0,63.44,null,null,null
20,01/01/1991,05/01/1991,null,7.6,112,8.02,5,Clear,odour free,7.6,112,null,null,.281,0,null,24,1,null,0,52,91.094,43,2.28,.036,17.2,11.542,.69,0,9.94,1.44,0,63.44,null,null,null
21,01/02/1991,05/02/1991,null,7.6,114,8.04,6.5,Clear,odour free,7.6,114,null,null,.281,0,null,24,1,null,0,56,95.144,43,2.28,.036,17.2,12.514,.92,0,11.005,1.44,0,68.32,null,null,null
22,02/03/1991,04/03/1991,null,8.01,156,8.03,6,Clear,odour free,8.01,156,null,null,.281,0,null,24,1,null,0,52,86.7,30,.57,.036,12,13.608,.92,2.737,9.94,2.4,0,63.44,null,null,null
23,03/03/1991,04/03/1991,null,null,null,null,null,Clear,odour free,null,null,null,null,null,null,null,null,null,null,null,null,null,null,null,null,null,null,null,null,null,null,null,null,null,null,null
24,01/04/1991,02/04/1991,null,8.05,165,8.11,8.5,Clear,odour free,8.05,165,null,null,.281,0,null,24,1.02,null,0,52,82.7,26,.57,.036,10.4,13.608,.92,2.346,9.94,2.4,0,63.44,null,null,null
25,01/05/1991,02/05/1991,null,8.03,165,8,12,Clear,odour free,8.03,165,null,null,.281,0,null,24,1.03,null,0,52,82.144,30,.57,.036,12,12.514,.92,2.346,9.94,4.8,0,63.44,null,null,null
26,01/06/1991,04/06/1991,null,7.62,134,7.8,13,Clear,odour free,7.62,134,null,null,.281,0,null,25,1.04,null,0,52,82.144,30,.57,.036,12,12.514,.92,2.346,9.94,4.8,0,63.44,null,null,null
27,01/07/1991,03/07/1991,null,7.7,208,7.64,14.5,Clear,odour free,7.7,208,null,null,.281,0,null,27,1.07,null,0,56,68.981,30,.57,.036,12,9.356,.92,2.346,8.875,4.8,0,68.32,null,null,null
28,01/08/1991,03/08/1991,null,7.8,210,7.59,11.5,Clear,odour free,7.8,210,null,null,.281,.14,null,27,1.14,null,0,60,78.037,34.5,.57,.036,13.8,10.449,.92,2.346,8.875,4.8,0,73.2,null,null,null
29,03/09/1991,04/09/1991,null,7.94,200,7.76,11.5,Clear,odour free,7.94,200,null,null,.421,.14,null,25,1.13,null,0,68,87.094,39,.57,.036,15.6,11.542,1.15,3.91,11.005,10.08,0,82.96,null,null,null
30,01/10/1991,05/10/1991,null,7.98,204,7.91,12.5,Clear,odour free,7.98,204,null,null,.281,.28,null,27,1.15,null,0,64,91.094,43,.57,0,17.2,11.542,.92,1.955,9.94,4.8,0,78.08,null,null,null
31,01/11/1991,06/11/1991,null,8.02,194,8,12,Clear,odour free,8.04,194,null,null,.14,.28,null,26,1.31,null,0,66,99.644,47.5,.57,0,19,12.514,1.15,1.564,11.005,10.08,0,80.52,null,null,null
32,02/12/1991,03/12/1991,null,8.06,198,7.81,9,Clear,odour free,8.06,198,null,null,.14,.42,null,26,1.2,null,0,68,108.2,51.5,.57,0,20.6,13.608,.92,1.173,9.94,4.8,0,82.96,null,null,null
33,01/01/1992,06/01/1992,null,8.08,196,8.11,8.5,Clear,odour free,8.08,196,null,null,0,.42,null,27,1.19,null,0,72,110.225,51.5,.38,0,20.6,14.094,.92,.782,11.005,10.08,0,87.84,null,null,null
34,01/02/1992,03/02/1992,null,8.1,200,8.1,9.5,Clear,odour free,8.1,200,null,null,0,.701,null,27,1.16,null,0,72,104.2,47.5,.38,0,19,13.608,1.15,.391,11.005,4.8,0,87.84,null,null,null
35,03/03/1992,04/03/1992,null,8.12,200,7.9,10,Clear,odour free,8.12,200,null,null,0,.42,null,26,1.13,null,0,72,99.644,47.5,.57,0,19,12.514,.92,.391,9.94,10.08,0,87.84,null,null,null
36,01/04/1992,02/04/1992,null,8.1,200,7.8,12.5,Clear,odour free,8.1,200,null,null,0,.701,null,32,1.2,null,0,68,103.644,51.5,.38,0,20.6,12.514,.69,.391,8.875,4.8,0,82.96,null,null,null
37,01/05/1992,02/05/1992,null,8.06,220,6.7,14,Clear,odour free,8.06,220,null,null,0,.28,null,26,1.23,null,0,64,112.7,56,.38,0,22.4,13.608,.69,.391,8.875,4.8,0,78.08,null,null,null
38,03/06/1992,04/06/1992,null,8,188,6.6,12,Clear,odour free,8,188,null,null,0,.28,null,23,1.2,null,0,60,104.094,56,.19,0,22.4,11.542,.23,0,8.165,4.8,0,73.2,null,null,null
39,01/07/1992,02/07/1992,null,7.94,162,6.55,12,Clear,odour free,7.94,162,null,null,0,.28,null,22,1.25,null,0,52,91.094,43,.19,0,17.2,11.542,.23,0,7.1,0,0,63.44,null,null,null
40,01/08/1992,03/08/1992,null,7.96,168,6.5,12,Clear,odour free,7.96,168,null,null,0,.28,null,20,1.3,null,0,56,95.594,47.5,.19,0,19,11.542,.23,0,6.035,4.8,0,68.32,null,null,null
41,01/09/1992,02/09/1992,null,8,151,6.6,13,Clear,odour free,8,151,null,null,0,0,null,18,1.3,null,0,52,86.538,43,0,0,17.2,10.449,.23,0,4.97,0,0,63.44,null,null,null
42,01/10/1992,03/10/1992,null,8.04,164,6.8,13,Clear,odour free,8.04,164,null,null,0,.28,null,19,1.24,null,0,56,95.594,47.5,.19,0,19,11.542,.23,0,6.035,4.8,0,68.32,null,null,null
43,02/11/1992,04/11/1992,null,8.08,200,7,11,Clear,odour free,8.08,200,null,null,0,.42,null,22,1.2,null,0,60,108.2,51.5,.38,0,20.6,13.608,.46,0,8.165,10.08,0,73.2,null,null,null
44,01/12/1992,02/12/1992,null,8.09,216,8.22,9.5,Clear,odour free,8.09,216,null,null,0,.701,null,24,1.15,null,0,64,116.75,56,.57,0,22.4,14.58,2.07,1.173,8.875,10.08,0,78.08,null,null,null
45,01/01/1993,01/01/1993,null,8,232,8.41,7,Clear,odour free,8,232,null,null,0,.701,null,24,1.21,null,0,64,62.25,1.5,.57,0,.6,14.58,23,3.519,8.875,14.88,0,78.08,null,null,null
46,01/02/1993,02/02/1993,null,7.98,247,8.43,9.5,Clear,odour free,7.98,247,null,null,0,.701,null,27,1.23,null,0,68,133.75,73,.38,0,29.2,14.58,1.61,1.173,8.875,14.88,0,82.96,null,null,null
47,01/03/1993,02/03/1993,null,7.96,228,8.47,11,Clear,odour free,7.96,228,null,null,0,.42,null,24,1.26,null,0,64,125.7,69,.38,0,27.6,13.608,1.38,.391,8.165,14.88,0,78.08,null,null,null
48,01/04/1993,02/04/1993,null,7.91,176,8.39,11.5,Clear,odour free,7.91,176,null,null,0,2.802,null,21,1.25,null,0,56,99.594,51.5,.38,0,20.6,11.542,.92,0,7.1,4.8,0,68.32,null,null,null
49,01/05/1993,03/05/1993,null,7.93,154,8.33,17,Clear,odour free,7.92,154,null,null,0,.28,null,16,1.27,null,0,52,86.538,43,.19,0,17.2,10.449,.92,0,6.035,3.84,0,63.44,null,null,null
50,01/06/1993,03/06/1993,null,7.9,140,8.5,14,Clear,odour free,7.9,140,null,null,0,.28,null,16,1.23,null,0,48,82.037,38.5,.19,0,15.4,10.449,.69,0,6.035,3.84,0,58.56,null,null,null
51,02/07/1993,03/07/1993,null,7.86,139,8.73,12,Clear,odour free,7.86,139,null,null,0,0,null,14,1.25,null,0,48,77.481,38.5,0,0,15.4,9.356,.69,0,4.97,3.36,0,58.56,null,null,null
52,02/08/1993,03/08/1993,null,7.82,120,8.89,18,Clear,odour free,7.82,120,null,null,0,0,null,12,1.25,null,0,44,73.481,34.5,0,0,13.8,9.356,.69,0,6.035,2.88,0,53.68,null,null,null
53,01/09/1993,02/09/1993,null,7.84,121,8.6,13,Clear,odour free,7.84,121,null,null,0,0,null,10,1.2,null,0,40,64.931,30,0,0,12,8.384,.69,0,4.97,2.88,0,48.8,null,null,null
54,01/10/1993,01/10/1993,null,7.9,130,8.8,11.5,Clear,odour free,7.9,130,null,null,0,0,null,16,1.27,null,0,44,77.931,43,0,0,17.2,8.384,.92,.391,6.035,2.88,0,53.68,null,null,null
55,01/11/1993,01/11/1993,null,8,148,8.71,10.5,Clear,odour free,8,148,null,null,0,0,null,18,1.31,null,0,48,81.981,43,0,0,17.2,9.356,.92,.391,6.035,3.36,0,58.56,null,null,null
56,01/12/1993,01/12/1993,null,8.1,164,9.56,8.5,Clear,odour free,8.1,164,null,null,0,0,null,16,1.34,null,0,52,81.981,43,.19,0,17.2,9.356,1.38,.782,7.1,3.84,0,63.44,null,null,null
57,01/01/1994,03/01/1994,null,8.12,180,9.67,6.5,Clear,odour free,8.12,180,null,null,0,0,null,18,1.3,null,0,56,95.594,47.5,.38,0,19,11.542,1.61,.782,8.165,4.32,0,68.32,null,null,null
58,01/02/1994,02/02/1994,null,8.11,186,8.76,8,Clear,odour free,8.11,186,null,null,0,.14,null,18,1.3,null,0,60,99.594,51.5,.38,0,20.6,11.542,2.07,1.173,8.875,5.76,0,73.2,null,null,null
59,01/03/1994,02/03/1994,null,8.1,214,8.6,8.5,Clear,odour free,8.1,214,null,null,0,.14,null,20,1.34,null,0,64,108.2,51.5,.57,0,20.6,13.608,2.07,1.173,8.875,6.72,0,78.08,null,null,null
60,02/04/1994,04/04/1994,null,8.08,210,8.24,11,Clear,odour free,8.08,210,null,null,0,0,null,20,1.41,null,0,64,112.7,56,.38,0,22.4,13.608,1.61,.782,9.94,6.72,0,78.08,null,null,null
61,03/04/1994,04/04/1994,null,null,null,null,null,null,null,null,null,null,null,null,null,null,null,null,null,null,null,null,null,null,null,null,null,null,null,null,null,null,null,null,null,null
62,02/05/1994,03/05/1994,null,8.08,207,8.2,12,Clear,odour free,8.08,207,null,null,0,0,null,20,1.41,null,0,68,112.7,56,.38,0,22.4,13.608,1.38,.782,8.875,6.24,0,82.96,null,null,null
63,01/06/1994,02/06/1994,null,8.02,207,7.9,11,Clear,odour free,8.02,207,null,null,0,0,null,18,1.35,null,0,72,116.853,55.9,.171,0,22.36,14.629,.989,.586,7.988,5.52,0,87.84,null,null,null
64,01/07/1994,02/07/1994,null,8,165,7.97,11.5,Clear,odour free,8,165,null,null,0,.448,null,16,1.29,null,0,60,95.191,47.3,0,0,18.92,11.494,.989,.391,5.999,4.992,0,73.2,null,null,null
65,01/08/1994,02/08/1994,null,7.88,152,8.1,14,Clear,odour free,7.88,152,null,null,0,0,null,14,1.26,null,0,52,82.238,38.7,0,0,15.48,10.449,.69,.313,5.005,3.504,0,63.44,null,null,null
66,01/09/1994,02/09/1994,null,7.84,138,8.1,14,Clear,odour free,7.84,138,null,null,0,0,null,12,1.2,null,0,48,73.53,38.7,0,0,15.48,8.359,.69,0,4.011,3.024,0,58.56,null,null,null
67,01/10/1994,03/10/1994,null,7.8,138,8.3,12.5,Clear,odour free,7.8,138,null,null,0,0,null,14,1.24,null,0,44,77.884,38.7,0,0,15.48,9.404,.69,0,5.999,3.504,0,53.68,null,null,null
68,01/11/1994,01/11/1994,null,7.82,148,8.63,10.5,Clear,odour free,7.82,148,null,null,0,0,null,16,1.29,null,0,48,82.238,38.7,.171,0,15.48,10.449,.989,.313,6.994,3.984,0,58.56,null,null,null
69,01/12/1994,02/12/1994,null,7.9,74,9.14,10,Clear,odour free,7.9,74,null,null,0,.084,null,18,1.35,null,0,52,95.191,47.3,.399,0,18.92,11.494,.989,.313,7.988,4.512,0,63.44,null,null,null
70,02/01/1995,03/01/1995,null,7.94,185,9.22,7.5,Clear,odour free,7.94,185,null,null,0,.154,null,20,1.45,null,0,56,103.845,51.6,.304,0,20.64,12.539,1.288,.391,9.017,5.52,0,68.32,null,null,null
71,01/02/1995,02/02/1995,null,8,208,9.02,7.5,Clear,odour free,8,208,null,null,0,.224,null,26,1.52,null,0,60,121.152,60.2,.228,0,24.08,14.629,1.702,.391,10.011,6.48,0,73.2,null,null,null
72,01/03/1995,02/03/1995,null,8,224,8.24,11,Clear,odour free,8,224,null,null,0,.224,null,26,1.5,null,0,68,129.86,60.2,.209,0,24.08,16.718,1.702,.586,7.171,7.488,0,82.96,null,null,null
73,03/04/1995,05/04/1995,null,8.06,216,7.97,14.5,Clear,odour free,8.06,216,null,null,0,.154,null,24,1.33,null,0,72,125.506,60.2,.133,0,24.08,15.674,1.288,.313,9.017,8.016,0,87.84,null,null,null
74,01/05/1995,02/05/1995,null,8.03,200,7.84,17,Clear,odour free,8.03,200,null,null,0,.154,null,24,1.2,null,0,68,116.853,55.9,.095,0,22.36,14.629,.989,.313,9.017,8.016,0,82.96,null,null,null
75,01/06/1995,02/06/1995,null,8,192,8.35,15.5,Clear,odour free,8,195,null,null,0,.448,null,28,1.17,null,0,64,108.199,51.6,.133,null,20.64,13.584,.989,.391,5.999,7.488,0,78.08,null,null,null
76,01/07/1995,03/07/1995,null,7.94,161,8.1,13,Clear,odour free,7.94,161,null,null,0,.14,null,27,1.22,null,0,52,90.891,43,.133,null,17.2,11.494,.69,.313,5.005,7.008,0,63.44,null,null,null
77,01/08/1995,02/08/1995,null,7.92,133,8.63,13,Clear,odour free,7.92,133,null,null,0,.112,null,14,1.23,null,0,44,73.584,34.4,0,null,13.76,9.404,.391,0,4.011,5.52,0,53.68,null,null,null
78,04/09/1995,06/09/1995,null,7.9,108,8.5,12.5,Clear,odour free,7.9,108,null,null,0,0,null,10,1.25,null,0,36,60.576,30.1,0,null,12.04,7.314,.391,0,3.017,4.992,0,43.92,null,null,null
79,04/10/1995,05/10/1995,null,7.9,124,8.26,12,Clear,odour free,7.9,124,null,null,0,0,null,10,1.26,null,0,44,69.284,30.1,.133,null,12.04,9.404,.69,.196,4.011,4.512,0,53.68,null,null,null
80,01/11/1995,04/11/1995,null,7.94,141,8.28,10.5,Clear,odour free,7.94,141,null,null,0,.084,null,14,1.27,null,0,48,77.884,38.7,.19,null,15.48,9.404,.989,.313,5.005,4.992,0,58.56,null,null,null
81,01/12/1995,02/12/1995,null,7.98,148,8.44,8,Clear,odour free,7.98,148,null,null,0,.14,null,16,1.31,null,0,48,82.184,43,.209,null,17.2,9.404,1.311,.626,5.005,5.52,0,58.56,null,null,null
82,01/01/1996,02/01/1996,null,8.03,162,8.34,7,Clear,odour free,8.03,162,null,null,0,.154,null,19,1.34,null,0,52,90.891,43,.285,null,17.2,11.494,1.311,.782,5.999,5.52,0,63.44,null,null,null
83,01/02/1996,02/02/1996,null,8.02,178,8.28,7,Clear,odour free,8.02,178,null,null,0,.154,null,21,1.33,null,0,56,99.545,47.3,.285,null,18.92,12.539,2.001,1.017,6.994,6,0,68.32,null,null,null
84,01/03/1996,02/03/1996,null,8.02,169,8.18,6.5,Clear,odour free,8.02,169,null,null,0,.224,null,19,1.28,null,0,52,90.945,38.7,.285,null,15.48,12.539,2.691,1.603,6.994,6.48,0,63.44,null,null,null
85,02/04/1996,03/04/1996,null,8.06,184,8.12,9,Clear,odour free,8.06,184,null,null,0,.266,null,19,1.23,null,0,56,99.545,47.3,.285,null,18.92,12.539,2.001,1.017,7.988,6,0,68.32,null,null,null
86,06/05/1996,07/05/1996,null,8.1,165,null,11.5,Clear,odour free,8.1,165,null,null,0,.266,null,16,null,null,0,52,95.191,47.3,.247,null,18.92,11.494,1.311,.782,7.988,5.52,0,63.44,null,null,null
87,01/06/1996,03/06/1996,null,8.08,152,8.25,12.5,Clear,odour free,8.08,152,null,null,0,.28,null,19,1.15,null,0,48,99.545,47.3,.19,null,18.92,12.539,1.38,.782,7.1,5.76,0,58.56,null,null,null
88,01/07/1996,02/07/1996,null,8.04,146,8.22,17.5,Clear,odour free,8.04,146,null,null,0,.14,null,16,1.2,null,0,44,90.891,43,.19,null,17.2,11.494,.92,.782,7.1,4.8,0,53.68,null,null,null
89,01/08/1996,01/08/1996,null,8.02,134,8.02,13,Clear,odour free,8.02,134,null,null,0,.14,null,14,1.16,null,0,40,86.591,38.7,.19,null,15.48,11.494,.69,.391,6.035,4.8,0,48.8,null,null,null
90,02/09/1996,03/09/1996,null,8.02,126,7.99,18,Clear,odour free,8.02,126,null,null,0,.14,null,12,1.17,null,0,40,77.938,34.4,.19,null,13.76,10.449,.69,.391,4.97,4.32,0,48.8,null,null,null
91,01/10/1996,03/10/1996,null,8.04,124,8.12,14.5,Clear,odour free,8.04,124,null,null,0,0,null,14,1.12,null,0,44,73.584,34.4,0,null,13.76,9.404,.92,.391,3.905,4.32,0,53.68,null,null,null
92,01/11/1996,02/11/1996,null,8.1,128,null,13.5,Clear,odour free,8.1,128,null,null,0,0,null,14,null,null,0,44,82.238,38.7,.19,null,15.48,10.449,1.38,.782,4.97,3.84,0,53.68,null,null,null
93,02/12/1996,03/12/1996,null,8.12,132,8.38,11,Clear,odour free,8.12,132,null,null,0,.14,null,16,1.14,null,0,48,95.191,47.3,.19,null,18.92,11.494,1.38,.391,6.035,3.36,0,58.56,null,null,null
94,01/01/1997,02/01/1997,null,8.12,140,8.51,7,Clear,odour free,8.12,140,null,null,0,.14,null,16,1.15,null,0,48,99.545,47.3,.19,null,18.92,12.539,1.38,.782,6.035,4.32,0,58.56,null,null,null
95,01/02/1997,03/02/1997,null,8.13,146,8.64,5,Clear,odour free,8.13,146,null,null,0,.14,null,19,1.1,null,0,52,108.199,51.6,.19,null,20.64,13.584,2.07,1.173,8.165,4.32,0,63.44,null,null,null
96,01/03/1997,03/03/1997,null,8.1,152,8.71,7.5,Clear,odour free,8.1,152,null,null,0,.14,null,16,1.19,null,0,56,112.552,51.6,.19,null,20.64,14.629,2.07,.782,8.165,4.8,0,68.32,null,null,null
97,01/04/1997,02/04/1997,null,8.08,150,8.54,10.5,Clear,odour free,8.08,150,null,null,0,.14,null,14,1.16,null,0,56,108.199,51.6,.19,null,20.64,13.584,1.38,.391,7.1,4.8,0,68.32,null,null,null
98,01/05/1997,02/05/1997,null,8.08,148,8.33,13.5,Clear,odour free,8.08,148,null,null,0,.14,null,14,1.18,null,0,52,99.545,47.3,.19,null,18.92,12.539,1.38,.391,6.035,4.8,0,63.44,null,null,null
99,02/06/1997,03/06/1997,null,8,140,null,14,Clear,odour free,8,140,null,null,0,0,null,20,null,null,0,68,69.284,30.1,1.71,null,12.04,9.404,.989,.586,6.994,6.48,0,82.96,null,null,null
100,01/07/1997,03/07/1997,null,7.96,134,7.64,14,Clear,odour free,7.96,134,null,null,0,0,null,14,1.08,null,0,60,77.938,34.4,.171,null,13.76,10.449,.989,.313,5.999,5.52,0,73.2,null,null,null
101,01/08/1997,01/08/1997,null,7.94,128,7.47,14.5,Clear,odour free,7.94,128,null,null,0,0,null,14,1.04,null,0,56,64.93,30.1,0,null,12.04,8.359,.69,0,5.005,4.512,0,68.32,null,null,null
102,01/09/1997,02/09/1997,null,7.9,118,7.66,15,Clear,odour free,7.9,118,null,null,0,0,null,14,1.16,null,0,56,82.291,34.4,0,null,13.76,11.494,.69,.313,4.011,4.512,0,68.32,null,null,null
103,03/10/1997,04/10/1997,null,7.98,132,7.61,13,Clear,odour free,7.98,132,null,null,0,0,null,16,1.11,null,0,56,86.591,38.7,.171,null,15.48,11.494,.989,.313,5.005,5.52,0,68.32,null,null,null
104,03/11/1997,04/11/1997,null,8,134,7.86,13,Clear,odour free,8,134,null,null,0,0,null,18,1.14,null,0,56,90.891,43,.171,null,17.2,11.494,.989,.391,5.999,6.48,0,68.32,null,null,null
105,01/12/1997,03/12/1997,null,8.04,138,7.84,10.5,Clear,odour free,8.04,138,null,null,0,0,null,20,1.17,null,0,60,95.191,47.3,.209,null,18.92,11.494,1.288,.586,5.999,6.48,0,73.2,null,null,null
106,01/01/1998,02/01/1998,null,8.1,142,7.92,6.5,Clear,odour free,8.1,142,null,null,0,0,null,24,1.23,null,0,64,99.491,51.6,.247,null,20.64,11.494,1.288,.586,6.284,7.488,0,78.08,null,null,null
107,02/02/1998,03/02/1998,null,8.12,144,8.03,7,Clear,odour free,8.12,144,null,null,0,0,null,20,1.19,null,0,68,99.545,47.3,.209,null,18.92,12.539,1.288,.586,6.994,8.016,0,82.96,null,null,null
108,02/03/1998,03/03/1998,null,8.11,140,8.04,13.5,Clear,odour free,8.11,140,null,null,0,0,null,20,1.2,null,0,64,90.891,43,.209,null,17.2,11.494,1.288,.391,7.988,7.488,0,78.08,null,null,null
109,01/04/1998,02/04/1998,null,8.08,138,7.96,14.5,Clear,odour free,8.08,138,null,null,0,0,null,18,1.17,null,0,60,90.891,43,0,null,17.2,11.494,.989,.391,6.994,6.48,0,73.2,null,null,null
110,01/05/1998,02/05/1998,null,8.04,134,7.72,13,Clear,odour free,8.04,134,null,null,0,0,null,16,1.13,null,0,56,82.238,38.7,0,null,15.48,10.449,.989,.391,5.999,5.52,0,68.32,null,null,null
111,01/06/1998,02/06/1998,null,7.96,136,7.67,10,Clear,odour free,7.96,136,null,null,0,0,null,16,1.07,null,0,60,90.891,43,0,null,17.2,11.494,.989,.391,5.005,6.48,0,73.2,null,null,null
112,01/07/1998,02/07/1998,null,8,130,7.46,13,Clear,odour free,8,130,null,null,0,0,null,18,1.03,null,0,56,86.591,38.7,0,null,15.48,11.494,.989,.391,4.011,6.48,0,68.32,null,null,null
113,03/08/1998,04/08/1998,null,7.94,126,7.58,13,Clear,odour free,7.94,126,null,null,0,0,null,14,1.04,null,0,52,82.238,38.7,0,null,15.48,10.449,.69,.313,5.005,5.52,0,63.44,null,null,null
114,01/09/1998,02/09/1998,null,7.9,112,7.54,14,Clear,odour free,7.9,112,null,null,0,0,null,14,1.06,null,0,48,82.291,34.4,0,null,13.76,11.494,.69,.313,4.011,4.512,0,58.56,null,null,null
115,05/10/1998,06/10/1998,null,7.92,114,7.64,13,Clear,odour free,7.92,114,null,null,0,0,null,16,1.04,null,0,52,82.238,38.7,0,null,15.48,10.449,.69,0,5.005,5.52,0,63.44,null,null,null
116,02/11/1998,03/11/1998,null,7.96,118,7.5,10.5,Clear,odour free,7.96,118,null,null,0,0,null,14,1.04,null,0,56,86.591,38.7,0,null,15.48,11.494,.989,.391,5.929,5.52,0,68.32,null,null,null
117,01/12/1998,02/12/1998,null,8.04,128,7.74,14,Clear,odour free,8.04,128,null,null,0,0,null,14,1.03,null,0,60,99.545,47.3,.171,null,18.92,12.539,1.288,.586,5.929,6.48,0,73.2,null,null,null
118,01/01/1999,02/01/1999,null,8.08,132,7.99,8.5,Clear,odour free,8.08,132,null,null,0,0,null,16,1.11,null,0,63.934,103.899,47.3,null,null,18.92,13.584,1.288,.5,6.994,7.488,0,78,null,null,null
119,01/02/1999,02/02/1999,null,8.12,136,8.06,8,Clear,odour free,8.12,136,null,null,0,0,null,18,1.09,null,0,68,108.199,51.6,.171,null,20.64,13.584,1.288,.586,6.994,7.488,0,82.96,null,null,null
120,03/03/1999,04/03/1999,null,8.14,136,7.96,10,Clear,odour free,8.14,136,null,null,0,0,null,20,1.1,null,0,68,103.899,47.3,.171,null,18.92,13.584,.989,.391,5.929,7.488,0,82.96,null,null,null
121,01/04/1999,05/04/1999,null,8.14,138,7.8,12.5,Clear,odour free,8.14,138,null,null,0,0,null,20,1.13,null,0,64,95.191,47.3,.171,null,18.92,11.494,.989,.391,6.994,6.48,0,78.08,null,null,null
122,03/05/1999,04/05/1999,null,8.06,140,7.75,13.5,Clear,odour free,8.06,140,null,null,0,0,null,20,1.06,null,0,68,103.845,51.6,.171,null,20.64,12.539,.69,.313,5.999,6.48,0,82.96,null,null,null
123,01/06/1999,04/06/1999,null,8.08,146,7.7,14,Clear,odour free,8.08,146,null,null,0,0,null,16,1.1,null,0,68,86.538,43,.285,null,17.2,10.449,.69,.391,5.005,5.52,0,82.96,null,null,null
124,01/07/1999,02/07/1999,null,8.03,142,7.6,14.5,Clear,odour free,8.03,142,null,null,0,0,null,18,1.12,null,0,64,82.238,38.7,.247,null,15.48,10.449,.69,0,4.011,5.52,0,78.08,null,null,null
125,02/08/1999,03/08/1999,null,8.01,132,7.6,14,Clear,odour free,8.01,132,null,null,0,0,null,12,1.09,null,0,60,77.884,38.7,.209,null,15.48,9.404,.69,0,5.005,4.512,0,73.2,null,null,null
126,01/09/1999,02/09/1999,null,7.96,120,7.67,13.5,Clear,odour free,7.96,120,null,null,0,0,null,16,1.08,null,0,52,69.284,30.1,0,null,12.04,9.404,.69,0,4.011,4.512,0,63.44,null,null,null
127,04/10/1999,05/10/1999,null,8.02,120,7.78,13.5,Clear,odour free,8.02,120,null,null,0,0,null,20,1.06,null,0,60,86.538,43,0,null,17.2,10.449,.989,0,5.005,5.52,0,73.2,null,null,null
128,01/11/1999,02/11/1999,null,8,126,8.12,13,Clear,odour free,8,126,null,null,0,0,null,20,1.1,null,0,64,90.891,43,.19,null,17.2,11.494,.989,.391,5.005,6.48,0,78.08,null,null,null
129,02/12/1999,02/12/1999,null,8.02,128,8.32,10,Clear,odour free,8.02,128,null,null,0,.154,null,22,1.13,null,0,68,95.191,47.3,.209,null,18.92,11.494,1.311,.586,5.999,7.488,0,82.96,null,null,null
130,03/01/2000,04/01/2000,null,8.04,130,8.57,8.5,Clear,odour free,8.04,130,null,null,0,.182,null,22,1.12,null,0,68,103.899,47.3,.209,null,18.92,13.584,.989,.391,6.994,7.488,0,82.96,null,null,null
131,02/02/2000,03/02/2000,null,8.06,138,8.65,6.5,Clear,odour free,8.06,138,null,null,0,.182,null,20,1.1,null,0,72,108.199,51.6,.247,null,20.64,13.584,.989,0,6.994,8.016,0,87.84,null,null,null
132,02/03/2000,03/03/2000,null,8.1,140,8.65,8,Clear,odour free,8.1,140,null,null,0,.154,null,18,1.08,null,0,68,116.853,55.9,.19,null,22.36,14.629,.989,0,5.999,5.52,0,82.96,null,null,null
133,03/04/2000,04/04/2000,null,8.12,136,8.56,12,Clear,odour free,8.12,136,null,null,0,.154,null,18,1.07,null,0,64,108.199,51.6,.19,null,20.64,13.584,.989,0,5.005,6.48,0,78.08,null,null,null
134,01/05/2000,02/05/2000,null,8.08,130,null,14,Clear,odour free,8.08,130,null,null,0,0,null,16,null,null,0,60,99.545,47.3,0,null,18.92,12.539,.69,.586,4.011,5.52,0,73.2,null,null,null
135,01/06/2000,02/06/2000,null,8.06,126,8.5,14,Clear,odour free,8.06,126,null,null,0,.182,null,14,1.06,null,0,60,90.891,43,0,null,17.2,11.494,.69,.391,4.011,5.52,0,73.2,null,null,null
136,03/07/2000,04/07/2000,null,null,null,null,null,null,null,null,null,null,null,null,null,null,null,null,null,null,null,null,null,null,null,null,null,null,null,null,null,null,null,null,null,null
137,03/07/2000,04/07/2000,null,8.04,122,7.84,14,Clear,odour free,8.04,122,null,null,0,.154,null,14,1.02,null,0,56,86.591,38.7,0,null,15.48,11.494,.989,.391,4.011,4.512,0,68.32,null,null,null
138,02/08/2000,03/08/2000,null,8,116,7.6,14,Clear,odour free,8,116,null,null,0,0,null,12,1.1,null,0,52,77.938,34.4,0,null,13.76,10.449,.69,0,4.011,4.512,0,63.44,null,null,null
139,04/09/2000,05/09/2000,null,7.94,118,8,14,Clear,odour free,7.94,118,null,null,0,0,null,null,1.1,null,0,48,86.591,38.7,.19,null,15.48,11.494,.69,0,2.84,5.52,0,58.56,null,null,null
140,03/10/2000,06/10/2000,null,8,120,8.02,13.5,Clear,odour free,8,120,null,null,0,0,null,14,1.1,null,0,48,86.591,38.7,.19,null,15.48,11.494,.69,0,2.982,5.52,0,58.56,null,null,null
141,02/11/2000,03/11/2000,null,8.02,122,8.1,12.5,Clear,odour free,8.02,122,null,null,0,.154,null,16,1.12,null,0,60,99.545,47.3,.247,null,18.92,12.539,.989,.391,5.005,5.52,0,73.2,null,null,null
142,01/12/2000,02/12/2000,null,8.04,128,8.1,10,Clear,odour free,8.04,128,null,null,0,.182,null,18,1.11,null,0,64,108.199,51.6,.247,null,20.64,13.584,1.311,.391,5.999,6.48,0,78.08,null,null,null
143,01/01/2001,02/01/2001,null,8.06,134,8.1,8,Clear,odour free,8.06,134,null,null,0,.21,null,20,1.1,null,0,68,108.199,51.6,.209,null,20.64,13.584,1.311,.391,6.994,7.488,0,82.96,null,null,null
144,01/02/2001,01/02/2001,null,8.08,138,8.16,6.5,Clear,odour free,8.08,138,null,null,0,.182,null,20,1.12,null,0,72,116.853,55.9,.209,null,22.36,14.629,1.702,.586,7.988,6.48,0,87.84,null,null,null
145,01/03/2001,02/03/2001,null,8.1,146,8.14,9,Clear,odour free,8.1,146,null,null,0,.182,null,20,1.1,null,0,76,125.506,60.2,.19,null,24.08,15.674,2.001,.586,9.017,7.488,0,92.72,null,null,null
146,03/04/2001,04/04/2001,null,8.08,154,8.16,10,Clear,odour free,8.08,154,null,null,0,.182,null,18,1.12,null,0,80,134.16,64.5,.19,null,25.8,16.718,1.702,.391,10.011,8.016,0,97.6,null,null,null
147,01/05/2001,02/05/2001,null,8.02,166,11.53,11,Clear,odour free,8.02,166,null,null,0,.154,null,18,1.18,null,0,76,147.167,68.8,.19,null,27.52,18.808,1.702,.391,10.011,6.48,0,92.72,null,null,null
148,01/06/2001,02/06/2001,null,8.15,162,11.2,13.5,Clear,odour free,8.15,162,null,null,0,.154,null,22,1.1,null,0,68,134.16,64.5,0,null,25.8,16.718,1.311,0,9.017,6.48,0,82.96,null,null,null
149,02/07/2001,03/07/2001,null,8.12,156,10.65,15,Clear,odour free,8.12,156,null,null,0,.154,null,18,1.12,null,0,64,125.506,60.2,0,null,24.08,15.674,.989,0,7.988,6.48,0,78.08,null,null,null
150,01/08/2001,02/08/2001,null,8.08,148,10.65,15,Clear,odour free,8.08,148,null,null,0,.154,null,18,1.12,null,0,68,134.16,64.5,0,null,25.8,16.718,1.311,0,9.017,6.48,0,82.96,null,null,null
151,03/09/2001,04/09/2001,null,8.02,136,10.65,14,Clear,odour free,8.02,136,null,null,0,0,null,14,1.1,null,0,56,112.499,55.9,0,null,22.36,13.584,.69,0,6.994,4.512,0,68.32,null,null,null
152,03/10/2001,04/10/2001,null,8,156,10.71,12.5,Clear,odour free,8,156,null,null,0,.154,null,16,1.1,null,0,64,116.853,55.9,.19,null,22.36,14.629,.69,0,7.988,4.992,0,78.08,null,null,null
153,01/11/2001,03/11/2001,null,8.02,162,9.58,12,Clear,odour free,8.02,162,null,null,0,.154,null,18,1.1,null,0,68,125.506,60.2,.209,null,24.08,15.674,.989,0,7.988,4.512,0,82.96,null,null,null
154,01/12/2001,04/12/2001,null,8.04,166,9.56,12,Clear,odour free,8.04,166,null,null,0,.182,null,18,1.12,null,0,68,134.16,64.5,.209,null,25.8,16.718,1.311,0,9.017,4.992,0,82.96,null,null,null
155,01/01/2002,02/01/2002,null,8.06,170,10.77,8,Clear,odour free,8.06,170,null,null,0,.21,null,20,1.12,null,0,72,142.76,73.1,.209,null,29.24,16.718,1.311,0,10.011,5.52,0,87.84,null,null,null
156,01/02/2002,02/02/2002,null,8.08,172,9.44,7,Clear,odour free,8.08,172,null,null,0,.21,null,20,1.24,null,0,76,142.76,73.1,.247,null,29.24,16.718,1.702,.391,10.011,6,0,92.72,null,null,null
157,01/03/2002,02/03/2002,null,8.1,174,10.4,8.5,Clear,odour free,8.1,174,null,null,0,.266,null,20,1.09,null,0,72,151.414,77.4,.285,null,30.96,17.763,1.311,.391,9.017,6.48,0,87.84,null,null,null
158,01/03/2002,02/03/2002,null,null,null,null,null,null,null,null,null,null,null,null,null,null,null,null,null,null,null,null,null,null,null,null,null,null,null,null,null,null,null,null,null,null
159,01/04/2002,02/04/2002,null,8.12,176,9.78,10.5,Clear,odour free,8.12,176,null,null,0,.322,null,22,1.1,null,0,72,151.467,73.1,.247,null,29.24,18.808,.989,0,7.988,7.488,0,87.84,null,null,null
160,01/05/2002,02/05/2002,null,8.14,180,9.77,12.5,Clear,odour free,8.14,180,null,null,0,.266,null,22,1.12,null,0,68,134.106,68.8,.209,null,27.52,15.674,.989,0,7.988,7.488,0,82.96,null,null,null
161,01/06/2002,04/06/2002,null,8.16,132,9.68,10,Clear,odour free,8.16,132,null,null,0,.266,null,22,1.11,null,0,64,142.814,68.8,.247,null,27.52,17.763,.92,0,7.988,7.488,0,78.08,null,null,null
162,01/07/2002,02/07/2002,null,8.16,180,9.68,14,Clear,odour free,8.16,180,null,null,0,.21,null,20,1.12,null,0,64,125.452,64.5,.209,null,25.8,14.629,.989,0,6.994,6.48,0,78.08,null,null,null
163,01/08/2002,02/08/2002,null,8.16,148,7.4,14,Clear,odour free,8.16,148,null,null,0,.182,null,18,1.1,null,0,60,130.063,60.2,0,null,24.08,16.767,.69,0,6.994,5.52,0,73.2,null,null,null
164,02/09/2002,03/09/2002,null,8.18,146,7.08,13.5,Clear,odour free,8.18,146,null,null,0,.182,null,16,1.07,null,0,56,116.906,51.6,0,null,20.64,15.674,.69,0,6.994,5.52,0,68.32,null,null,null
165,01/10/2002,04/10/2002,null,8.2,140,6.83,12,Clear,odour free,8.2,140,null,null,0,0,null,16,1.07,null,0,52,108.253,47.3,0,null,18.92,14.629,.989,0,8.165,5.52,0,63.44,null,null,null
166,01/11/2002,02/11/2002,null,8.2,140,8.54,11,Clear,odour free,8.2,140,null,null,0,0,null,18,1.07,null,0,52,103.952,43,.247,null,17.2,14.629,.989,0,7.988,5.52,0,63.44,null,null,null
167,02/12/2002,03/12/2002,null,8.16,132,9.68,12.5,Clear,odour free,8.16,132,null,null,0,.154,null,20,1.11,null,0,52,112.606,47.3,.285,null,18.92,15.674,1.311,0,8.165,6,0,63.44,null,null,null
168,01/01/2003,04/01/2003,null,8.18,124,9.4,9,Clear,odour free,8.18,124,null,null,0,.182,null,22,1.06,null,0,56,121.26,51.6,.247,null,20.64,16.718,1.311,0,7.988,6,0,68.32,null,null,null
169,01/02/2003,04/02/2003,null,8.14,126,9.8,9,Clear,odour free,8.14,126,null,null,0,.182,null,22,1,null,0,56,129.914,55.9,.285,null,22.36,17.763,.989,0,9.017,6.48,0,68.32,null,null,null
170,03/03/2003,04/03/2003,null,8.14,128,9.6,9,Clear,odour free,8.14,128,null,null,0,.182,null,24,1.14,null,0,60,134.268,55.9,.285,null,22.36,18.808,1.38,0,10.011,6.48,0,73.2,null,null,null
171,01/04/2003,02/04/2003,null,8.14,130,9.8,11,Clear,odour free,8.14,130,null,null,0,.21,null,24,1.15,null,0,64,142.921,60.2,.247,null,24.08,19.853,1.702,.391,10.011,7.488,0,78.08,null,null,null
172,01/05/2003,03/05/2003,null,8.12,132,8.6,12.5,Clear,odour free,8.12,132,null,null,0,.266,null,22,1.2,null,0,68,151.575,64.5,.247,null,25.8,20.898,1.311,0,10.011,8.016,0,82.96,null,null,null
173,02/06/2003,03/06/2003,null,8.1,134,8.34,13.5,Clear,odour free,8.1,134,null,null,0,.266,null,22,1.14,null,0,76,129.86,60.2,.19,null,24.08,16.718,1.702,0,10.011,6.48,0,92.72,null,null,null
174,01/07/2003,02/07/2003,null,8.06,136,8.4,13,Clear,odour free,8.06,136,null,null,0,.322,null,null,1.22,null,0,64,112.552,51.6,.209,null,20.64,14.629,1.311,0,9.017,6,0,78.08,null,null,null
175,01/08/2003,02/08/2003,null,8.04,122,8.4,14,Clear,odour free,8.04,122,null,null,0,.182,null,null,1.2,null,0,56,103.899,47.3,0,null,18.92,13.584,.69,0,7.988,4.512,0,68.32,null,null,null
176,01/09/2003,02/09/2003,null,8,106,8.61,14.5,Clear,odour free,8,106,null,null,0,0,null,14,1.11,null,0,48,90.891,43,0,null,17.2,11.494,.69,0,6.994,4.512,0,58.56,null,null,null
177,01/10/2003,03/10/2003,null,8.02,100,9.64,13,Clear,odour free,8.02,100,null,null,0,0,null,14,1.14,null,0,52,86.645,34.4,.171,null,13.76,12.539,.989,0,7.988,4.512,0,63.44,null,null,null
178,03/11/2003,04/11/2003,null,8.01,100,9.6,9,Clear,odour free,8.01,100,null,null,0,.154,null,12,1.18,null,0,52,82.238,38.7,.171,null,15.48,10.449,1.311,0,7.988,5.52,0,63.44,null,null,null
179,01/12/2003,02/12/2003,null,8.03,102,9.6,8.5,Clear,odour free,8.03,102,null,null,0,.182,null,18,1.2,null,0,56,95.245,43,.19,null,17.2,12.539,1.311,.313,9.017,6,0,68.32,null,null,null
180,01/01/2004,02/01/2004,null,8.04,104,9.4,8,Clear,odour free,8.04,104,null,null,0,.21,null,18,1.24,null,0,60,108.199,51.6,.19,null,20.64,13.584,1.311,.391,9.017,6,0,73.2,null,null,null
181,03/02/2004,04/02/2004,null,8.06,106,9.4,8,Clear,odour free,8.06,106,null,null,0,.21,null,18,1.26,null,0,64,116.853,55.9,.19,null,22.36,14.629,1.702,.391,9.017,6.48,0,78.08,null,null,null
182,03/03/2004,04/03/2004,null,8.08,106,9.2,11.5,Clear,odour free,8.08,106,null,null,0,.21,null,20,1.24,null,0,64,125.506,60.2,.209,null,24.08,15.674,1.702,.391,10.011,6.48,0,78.08,null,null,null
183,01/04/2004,02/04/2004,null,8.1,108,9.1,15,Clear,odour free,8.1,108,null,null,0,.266,null,22,1.26,null,0,68,138.514,64.5,.209,null,25.8,17.763,1.702,0,10.011,6.48,0,82.96,null,null,null
184,05/05/2004,06/05/2004,null,8.12,114,9,16.5,Clear,odour free,8.12,114,null,null,0,.322,null,24,1.26,null,0,68,151.467,73.1,.247,null,29.24,18.808,1.311,0,9.017,7.488,0,82.96,null,null,null
185,01/06/2004,03/06/2004,null,8.14,118,9,16,Clear,odour free,8.14,118,null,null,0,.266,null,null,1.26,null,0,72,160.019,77.5,.285,null,31,19.805,.92,0,9.94,6.72,0,87.84,null,null,null
186,01/07/2004,02/07/2004,null,8.12,120,5.8,14.5,Clear,odour free,8.12,120,null,null,0,.182,null,null,1.2,null,0,60,146.913,73,.247,null,29.2,17.739,.92,0,8.875,6.24,0,73.2,null,null,null
187,02/08/2004,03/08/2004,null,8.08,108,5.8,14.5,Clear,odour free,8.08,108,null,null,0,0,null,null,1.2,null,0,44,138.413,64.5,.209,null,25.8,17.739,.69,0,8.165,5.76,0,53.68,null,null,null
188,01/09/2004,02/09/2004,null,8.06,98,6,14,Clear,odour free,8.06,98,null,null,0,0,null,null,1.16,null,0,48,120.75,60,0,null,24,14.58,.69,0,7.1,4.8,0,58.56,null,null,null
189,04/10/2004,05/10/2004,null,8.03,96,6.2,14,Clear,odour free,8.03,96,null,null,0,.154,null,null,1.1,null,0,52,121.306,56,0,null,22.4,15.674,.92,0,8.165,5.76,0,63.44,null,null,null
190,01/11/2004,02/11/2004,null,8.01,98,7.2,12.5,Clear,odour free,8.01,98,null,null,0,.182,null,null,1.12,null,0,56,112.25,51.5,.171,null,20.6,14.58,1.38,.391,8.165,5.76,0,68.32,null,null,null
191,01/12/2004,03/12/2004,null,7.96,102,8.8,11,Clear,odour free,7.96,102,null,null,0,.21,null,null,1.14,null,0,60,121.306,56,.19,null,22.4,15.674,1.61,.391,8.875,6.24,0,73.2,null,null,null
192,03/01/2005,05/01/2005,null,8.02,106,8.8,9,Clear,odour free,8.02,106,null,null,0,.336,null,null,1.2,null,0,56,99.644,47.5,.418,null,19,12.514,1.61,.391,9.94,7.2,0,68.32,null,null,null
193,01/02/2005,02/02/2005,null,8.06,108,8.8,8,Clear,odour free,8.06,108,null,null,0,.378,null,null,1.2,null,0,64,108.2,51.5,.19,null,20.6,13.608,1.61,.391,12.07,7.2,0,78.08,null,null,null
194,01/03/2005,02/03/2005,null,8.08,108,8.6,9,Clear,odour free,8.08,108,null,null,0,.378,null,null,1.2,null,0,68,116.75,56,.418,null,22.4,14.58,1.61,.391,12.07,7.2,0,82.96,null,null,null
195,01/04/2005,02/04/2005,null,7.5,110,8.64,14.5,Clear,odour free,7.5,110,null,null,0,.448,null,null,1.24,null,0,32,138.575,51.5,.38,null,20.6,20.898,2.3,.391,12.07,5.28,0,39.04,null,null,null
196,02/05/2005,03/05/2005,null,7.46,114,8.62,14.5,Clear,odour free,7.46,114,null,null,0,.518,null,null,1.22,null,0,36,134.575,47.5,.76,null,19,20.898,2.53,.391,11.005,6.24,0,43.92,null,null,null
197,01/06/2005,02/06/2005,null,7.5,122,8.9,14,Clear,odour free,7.5,122,null,null,null,null,.816,40,1.2,null,0,44.262,144.167,52.5,.76,.14,21,22,2.5,.4,10,6,0,54,null,null,null
198,01/07/2005,02/07/2005,null,7.6,118,8.6,13,Clear,odour free,7.6,118,null,null,null,null,.651,36,1.2,null,0,44.262,142.083,55,.76,null,22,20.9,2.5,.4,8.2,5.3,0,54,null,null,null
199,01/08/2005,02/08/2005,null,7.7,116,7.9,14.5,Clear,odour free,7.7,116,null,null,null,null,.486,36,1.1,null,0,40.164,135,52.5,.38,.14,21,19.8,2.3,.2,8.2,4.8,0,49,null,null,null
200,01/09/2005,02/09/2005,null,7.8,116,7.9,15.1,Clear,odour free,7.8,116,null,null,null,null,.331,32,1.1,null,0,45.082,113.333,55,null,null,22,14,1.8,null,9.9,5.3,0,55,null,null,null
201,03/10/2005,04/10/2005,null,8,100,8,15,Clear,odour free,8,100,null,null,null,null,.486,36,1.2,null,0,48.361,115.833,55,.38,null,22,14.6,1.8,.2,10,6,0,59,null,null,null
202,02/11/2005,03/11/2005,null,7.8,102,8,12,Clear,odour free,7.8,102,null,null,null,null,.486,36,1.2,null,0,51.639,113.333,52.5,.76,null,21,14.6,2.3,.2,10,6,0,63,null,null,null
203,01/12/2005,02/12/2005,null,7.8,104,8.1,8.5,Clear,odour free,7.8,104,null,null,null,null,.651,40,1.2,null,0,55.738,109.167,52.5,.38,null,21,13.6,3.1,.3,9,7.6,0,68,null,null,null
204,02/01/2006,03/01/2006,null,7.9,108,8.3,7,Clear,odour free,7.9,108,null,null,null,null,.816,44,1.2,null,0,59.836,115.833,55,.38,null,22,14.6,3,.4,8.9,8.6,0,73,null,null,null
205,01/02/2006,02/02/2006,null,7.9,112,8.2,6,Clear,odour free,7.9,112,null,null,null,null,.816,48,1.2,null,0,63.934,115.833,55,.76,null,22,14.6,3,.4,9.9,8.6,0,78,null,null,null
206,01/03/2006,02/03/2006,null,7.9,114,8.2,10.5,Clear,odour free,7.9,114,null,null,null,null,.816,54,1.2,null,0,63.934,135,65,.76,null,26,16.8,2.8,.1,11,8.6,0,78,null,null,null
207,03/04/2006,04/04/2006,null,7.9,116,8.2,11.6,Clear,odour free,7.9,116,null,null,null,null,.816,54,1.2,null,0,59.836,135,65,.76,null,26,16.8,2.8,.1,8.9,8.9,0,73,null,null,null
208,01/05/2006,03/05/2006,null,7.9,118,8.3,14,Clear,odour free,7.9,118,null,null,null,null,.816,40,1.2,null,0,55.738,134.583,65,.08,null,26,16.7,2.7,.1,9,8.4,0,68,null,null,null
209,01/06/2006,02/06/2006,null,7.9,118,8.4,12.5,Light Brown,odour free,7.9,118,null,null,null,null,.651,21,1.2,null,0,63.934,134.583,65,.8,.11,26,16.7,2.6,.1,8,9.2,0,78,null,null,null
210,03/07/2006,04/07/2006,null,7.9,112,8.1,13.5,Light Brown,odour free,7.9,112,null,null,null,null,.486,18,1.2,null,0,59.836,130.417,65,.8,.07,26,15.7,2.5,.1,8,8.4,0,73,null,null,null
211,01/08/2006,02/08/2006,null,7.9,108,8.1,12.5,Brown,odour free,7.9,108,null,null,null,null,.331,18,1.2,null,0,55.738,134.583,65,.05,.07,26,16.7,1.7,.1,9,6.1,0,68,null,null,null
212,01/09/2006,02/09/2006,null,7.9,110,8.3,14.5,Brown,odour free,7.9,110,null,null,null,null,.165,20,1.2,null,0,59.836,120.417,55,.8,.12,22,15.7,1.7,.1,9,6.9,0,73,null,null,null
213,03/10/2006,04/10/2006,null,8.2,122,8.3,13,Clear,odour free,8.2,122,null,null,null,null,.331,20,1.2,null,0,59.836,125.417,60,.8,.13,24,15.7,2.2,.1,10,6.9,0,73,null,null,null
214,01/11/2006,02/11/2006,null,8.1,126,8.3,12.5,Clear,odour free,8.1,126,null,null,null,null,.486,20,1.2,null,0,63.934,134.583,65,.8,.13,26,16.7,2.5,.1,11,6.9,0,78,null,null,null
215,01/12/2006,02/12/2006,null,8.1,137,8.6,9,Clear,odour free,8.1,137,null,null,null,null,.3,21,1.1,null,0,55.738,139.583,70,2,.12,28,16.7,2.6,.2,12,7.6,0,68,null,null,null
216,02/01/2007,03/01/2007,null,8.1,146,8.8,7.5,Clear,odour free,8.1,146,null,null,null,null,.3,21,1.1,null,0,51.639,139.583,70,1.4,.14,28,16.7,2.7,.2,13,8.4,0,63,null,null,null
217,01/02/2007,02/02/2007,null,8,158,8.9,7.5,Clear,odour free,8,158,null,null,null,null,.238,21,1.2,null,0,55.738,144.167,70,1.64,.12,28,17.8,2.7,.3,14,8.4,0,68,null,null,null
218,01/03/2007,02/03/2007,null,8,168,8.9,7.5,Light Brown,odour free,8,168,null,null,null,null,.3,22,1.2,null,0,51.639,150.833,72.5,1.88,.12,29,18.8,3,.4,13,9.2,0,63,null,null,null
219,02/04/2007,03/04/2007,null,8,184,8.8,11,Clear,odour free,8,184,null,null,null,null,.3,22,1.2,null,0,55.738,134.583,65,1.64,.13,26,16.7,3,.3,14,9.2,0,68,null,null,null
220,03/05/2007,04/05/2007,null,8,168,8.8,16,Light Brown,odour free,8,168,null,null,null,null,.165,22,1.2,null,0,59.836,130.417,65,1.4,.13,26,15.7,3.1,.3,12,9.2,0,73,null,null,null
221,01/06/2007,02/06/2007,null,8.16,200,8.56,12.5,Clear,odour free,8.16,200,null,null,null,.378,null,48,1.2,null,0,60,121.217,60.2,1.4,.11,24.08,14.644,3,.2,11,9.2,0,73.2,null,null,null
222,02/07/2007,03/07/2007,null,8.12,198,8.16,14,Clear,odour free,8.12,198,null,null,null,.336,null,44,1.16,null,0,56,125.575,60.2,1.4,.13,24.08,15.69,3,.3,9,9.2,0,68.32,null,null,null
223,01/08/2007,02/08/2007,null,8.04,186,7.68,13.5,Light Brown,odour free,8.04,186,null,null,null,.266,null,44,1.2,null,0,56,116.917,55.9,1.4,.11,22.36,14.644,2.8,.3,9,8.4,0,68.32,null,null,null
224,05/09/2007,06/09/2007,null,null,null,null,null,null,null,null,null,null,null,null,null,null,null,null,null,null,null,null,null,null,null,null,null,null,null,null,null,null,null,null,null,null
225,03/10/2007,04/10/2007,null,8.04,186,7.6,12,Clear,odour free,8.04,186,null,null,null,.378,null,40,1.22,null,0,56,112.617,51.6,1.4,.13,20.64,14.644,2.7,.5,9,7.6,0,68.32,null,null,null
226,01/11/2007,02/11/2007,null,8.06,192,8,10,Clear,odour free,8.06,192,null,null,null,.448,null,38,1.24,null,0,64,121.275,55.9,1.64,.13,22.36,15.69,2.7,.5,10,7.6,0,78.08,null,null,null
227,05/12/2007,06/12/2007,null,8.08,196,8.2,8,Clear,odour free,8.08,196,null,null,null,.448,null,40,1.32,null,0,68,121.217,60.2,.8,.13,24.08,14.644,2.8,.6,11,8.4,0,82.96,null,null,null
228,02/01/2008,02/01/2008,null,8.14,194,8.08,5,Clear,odour free,8.14,194,null,null,null,.518,null,40,.9,null,0,72,129.875,64.5,.8,.07,25.8,15.69,3.2,.4,12,9.2,0,87.84,null,null,null
229,01/02/2008,02/02/2008,null,8.14,198,8.06,5,Clear,odour free,8.14,198,null,null,null,.448,null,42,1.26,null,0,72,134.233,64.5,.8,.11,25.8,16.736,3.2,.5,14,9.2,0,87.84,null,null,null
230,04/03/2008,04/03/2008,null,8.08,200,8.1,9.5,Clear,odour free,8.08,200,null,null,null,.448,null,44,1.28,null,0,76,134.233,64.5,.8,.11,25.8,16.736,3.4,.5,14,8.4,0,92.72,null,null,null
231,01/04/2008,02/04/2008,null,7.98,158,8.92,10.5,Clear,odour free,7.98,158,null,null,null,.518,null,48,1.22,null,0,80,134.233,64.5,1.4,.11,25.8,16.736,3.2,.4,15,9.2,0,97.6,null,null,null
232,01/05/2008,02/05/2008,null,8.02,126,8.84,13,Clear,odour free,8.02,126,null,null,null,.518,null,48,1.24,null,0,72,142.892,68.8,.8,.07,27.52,17.782,3.2,.4,15,8.4,0,87.84,null,null,null
233,02/06/2008,03/06/2008,null,7.42,128,8.9,12,Clear,odour free,7.42,128,null,null,0,.518,null,40,1.26,null,null,null,134.233,64.5,.68,null,25.8,16.736,3.2,.4,13,7.6,0,82.96,null,null,null
234,01/07/2008,02/07/2008,null,7.4,104,8.71,12,Clear,odour free,7.4,104,null,null,0,.378,null,40,1.28,null,null,null,116.917,55.9,.68,null,22.36,14.644,3,.3,7,7.6,0,78.08,null,null,null
235,01/08/2008,02/08/2008,null,7.89,112,8.68,12.5,Clear,odour free,7.89,112,null,null,0,.336,null,38,1.26,null,null,null,108.25,51.6,.44,null,20.64,13.596,2.7,.3,6,6.9,0,73.2,null,null,null
236,01/09/2008,02/09/2008,null,7.42,128,7.42,12.5,Clear,odour free,7.42,128,null,null,0,.336,null,38,1.24,null,null,null,112.617,51.6,.44,null,20.64,14.644,3,.4,6,6.9,0,68.32,null,null,null
237,03/10/2008,04/10/2008,null,7.42,128,8.74,12,Clear,odour free,7.42,128,null,null,0,.336,null,40,1.24,null,null,null,112.617,51.6,.68,null,20.64,14.644,3.2,.4,6,6.1,0,73.2,null,null,null
238,03/11/2008,04/11/2008,null,8.29,130,8.75,10,Clear,odour free,8.29,130,null,null,0,.336,null,40,1.22,null,null,null,121.275,55.9,.84,null,22.36,15.69,3.2,.4,8,6.1,0,78.08,null,null,null
239,01/12/2008,02/12/2008,null,8.2,126,8.78,8,Clear,odour free,8.2,126,null,null,0,.378,null,42,1.22,null,null,null,121.217,60.2,.84,null,24.08,14.644,3.2,.5,8,7.6,0,82.96,null,null,null
240,02/01/2009,02/01/2009,null,8.12,120,8.1,7.5,Clear,odour free,8.12,120,null,null,0,.378,null,42,1.2,null,null,null,129.875,64.5,.84,null,25.8,15.69,2.7,.5,8,8.4,0,87.84,null,null,null
241,02/02/2009,03/02/2009,null,7.96,126,8.41,9,Clear,odour free,7.96,126,null,null,0,.378,null,44,1.18,null,null,null,134.25,64.5,1.18,null,25.8,16.74,2.7,.5,10,9.2,0,87.84,null,null,null
242,03/03/2009,03/03/2009,null,8.05,136,8.48,10,Clear,odour free,8.05,136,null,null,0,.378,null,44,1.2,null,null,null,129.875,64.5,1.18,null,25.8,15.69,3.3,.5,12,9.2,0,92.72,null,null,null
243,01/04/2009,02/04/2009,null,7.95,140,8.6,11,Clear,odour free,7.95,140,null,null,0,.448,null,42,1.21,null,null,null,95.3,43,.84,null,17.2,12.552,3.4,.5,13,8.4,0,87.84,null,null,null
244,01/05/2009,02/05/2009,null,6.65,180,8.4,14,Clear,odour free,6.65,180,null,null,0,.378,null,42,1.23,null,null,null,103.958,47.3,.84,null,18.92,13.598,3.4,.5,13,7.6,0,87.84,null,null,null
245,01/06/2009,02/06/2009,null,6.8,150,8.04,14,Clear,odour free,6.8,150,null,null,null,.378,null,40,1.25,null,0,72,108.258,51.6,.84,null,20.64,13.598,3.1,.7,11,7.6,0,87.84,null,null,null
246,01/07/2009,02/07/2009,null,6.45,146,7.43,11.5,Clear,odour free,6.4,146,null,null,null,.336,null,40,1.29,null,0,68,99.6,47.3,.68,null,18.92,12.552,3.1,.5,10,6.9,0,82.96,null,null,null
247,04/08/2009,04/08/2009,null,6.96,140,7.39,12,Clear,odour free,7,140,null,null,null,.336,null,38,1.32,null,0,68,90.942,43,.68,null,17.2,11.506,2.9,.5,9,6.1,0,82.96,null,null,null
248,02/09/2009,02/09/2009,null,7.5,123,7.32,12,Clear,odour free,7.5,123,null,null,null,.378,null,40,1.32,null,0,56,60.783,17.2,.84,null,6.88,10.46,2.9,.5,8,6.9,0,68.32,null,null,null
249,05/10/2009,06/10/2009,null,7.4,125,7.42,14,Clear,odour free,7.4,125,null,null,null,.378,null,38,1.34,null,0,52,60.725,21.5,.84,null,8.6,9.414,3.1,.6,6,7.6,0,63.44,null,null,null
250,03/11/2009,04/11/2009,null,7.44,129,7.67,11,Clear,odour free,7.4,129,null,null,null,.378,null,36,1.32,null,0,52,69.442,21.5,.84,null,8.6,11.506,3.1,.6,6,7.6,0,63.44,null,null,null
251,01/12/2009,02/12/2009,null,7.78,142,7.96,9,Clear,odour free,7.8,142,null,null,null,.448,null,36,1.26,null,0,56,73.858,17.2,.84,null,6.88,13.598,3.2,.7,6,8.4,0,68.32,null,null,null
252,01/01/2010,02/01/2010,null,7.8,130,8.12,7.5,Clear,odour free,7.8,130,null,null,null,.518,null,36,1.3,null,0,60,78.217,17.2,1.18,null,6.88,14.644,3.2,.7,6,8.4,0,73.2,null,null,null
253,01/02/2010,02/02/2010,null,7.88,138,8.3,9,Clear,odour free,7.9,138,null,null,null,.518,null,38,1.32,null,0,60,86.875,21.5,.84,null,8.6,15.69,3.4,.7,7,9.2,0,73.2,null,null,null
254,02/03/2010,03/03/2010,null,8,156,8.38,11.5,Clear,odour free,8,156,null,null,null,.518,null,38,1.3,null,0,60,69.5,17.2,.84,null,6.88,12.552,3.5,.8,7,9.2,0,73.2,null,null,null
255,05/04/2010,06/04/2010,null,8.03,164,8.42,14.5,Clear,odour free,8,164,null,null,null,.448,null,38,1.2,null,0,56,60.725,21.5,.68,null,8.6,9.414,3.5,.7,7,9.2,0,68.32,null,null,null
256,04/05/2010,04/05/2010,null,7.96,126,8.36,17,Clear,odour free,8,126,null,null,null,.448,null,38,1.3,null,0,60,65.083,21.5,.84,null,8.6,10.46,3.6,.8,8,9.2,0,73.2,null,null,null
257,01/06/2010,02/06/2010,null,7.84,124,8.02,13,Clear,odour free,7.84,124,null,null,null,.378,null,40,1.32,null,0,56,64.984,25.8,.84,null,10.32,9.404,3.6,.6,7,9.216,0,68.32,null,null,null
258,01/07/2010,02/07/2010,null,7.82,120,7.68,12,Clear,odour free,7.82,120,null,null,0,.336,null,36,1.28,null,0,52,56.33,21.5,.68,null,8.6,8.359,3.4,.7,10,8.4,0,63.44,null,null,null
259,03/08/2010,03/08/2010,null,7.88,121,7.32,13,Clear,odour free,7.88,121,null,null,null,.336,null,32,1.24,null,0,44,43.322,17.2,.68,null,6.88,6.269,3.1,.7,4,7.584,0,53.68,null,null,null
260,04/09/2010,04/09/2010,null,8.96,118,7.52,13,Light Brown,odour free,8.96,118,null,null,null,.336,null,32,1.22,null,0,36,34.615,17.2,.68,null,6.88,4.18,2.9,.5,5,7.584,0,43.92,null,null,null
261,04/10/2010,05/10/2010,null,8.4,112,7.6,12,Clear,odour free,8.41,112,null,null,null,.448,null,34,1.2,null,0,36,47.623,21.5,.44,null,8.6,6.269,3.1,.5,6,8.4,0,43.92,null,null,null
262,01/11/2010,02/11/2010,null,8.36,108,7.84,11.5,Clear,odour free,8.36,108,null,null,null,.518,null,36,1.24,null,0,36,56.276,25.8,.68,null,10.32,7.314,3.2,.6,7,8.4,0,43.92,null,null,null
263,01/12/2010,02/12/2010,null,8.29,102,7.82,9,Clear,odour free,8.29,102,null,null,null,.518,null,34,1.24,null,0,40,60.63,25.8,.84,null,10.32,8.359,3.3,.6,7,9.216,0,48.8,null,null,null
264,03/01/2011,04/01/2011,null,8.2,108,8.16,7,Clear,odour free,8.2,108,null,null,null,.448,null,36,1.26,null,0,40,69.284,30.1,.68,null,12.04,9.404,3.3,.6,8,9.216,0,48.8,null,null,null
265,01/02/2011,02/02/2011,null,8.26,114,8.3,7.5,Clear,odour free,8.26,114,null,null,null,.448,null,36,1.26,null,0,40,69.284,30.1,.68,null,12.04,9.404,3.4,.7,9,8.4,0,48.8,null,null,null
266,03/03/2011,04/03/2011,null,8.28,120,8.28,10.5,Clear,odour free,8.28,120,null,null,null,.448,null,38,1.28,null,0,40,77.938,34.4,.84,null,13.76,10.449,3.3,.7,9,9.216,0,48.8,null,null,null
267,01/04/2011,02/04/2011,null,8.32,126,8.08,12,Clear,odour free,8.32,126,null,null,null,.518,null,36,1.3,null,0,36,82.291,34.4,.84,null,13.76,11.494,3.2,.6,8,9.984,0,43.92,null,null,null
268,02/05/2011,03/05/2011,null,8.2,130,8,12.5,Clear,odour free,8.2,130,null,null,null,.518,null,36,1.24,null,0,40,77.938,34.4,.68,null,13.76,10.449,3.3,.7,7,9.984,0,48.8,null,null,null
269,01/06/2011,03/06/2011,null,7.9,null,7.8,12,Green,odour free,7.9,130,69,null,null,null,.093,null,1.3,null,0,49.18,45.833,25,.5,1,10,5,3,.5,6,9.5,0,60,null,null,null
270,01/07/2011,02/07/2011,null,7.8,null,8.2,12.5,Light Brown,odour free,7.8,132,70,null,null,null,.87,null,1.45,null,0,39.344,56.25,27.5,.5,.1,11,6.9,3.2,.6,7,9.5,0,48,null,null,null
271,01/08/2011,02/08/2011,null,7.7,null,7.6,13.5,Light Brown,odour free,7.7,132,70,null,null,null,.89,null,1.5,null,0,56.557,69.167,27.5,.51,.61,11,10,3.2,.7,9.5,9.5,0,69,null,null,null
272,01/09/2011,02/09/2011,null,7.89,null,7,14.5,Light Brown,odour free,7.9,134,71,null,null,null,.92,null,1.2,null,0,53.279,67.5,30,.64,.64,12,9,3.6,.7,9,9.5,0,65,null,null,null
273,03/10/2011,04/10/2011,null,8.16,null,7.3,13,Clear,odour free,8.2,136,72,null,null,null,.92,null,1.3,null,0,50.82,80.833,35,.54,.66,14,11,3.3,.7,9.8,9.7,0,62,null,null,null
274,01/11/2011,02/11/2011,null,7.9,null,7,11.5,Green,odour free,7.9,138,73,null,null,null,.98,null,1.8,null,0,32.787,77.917,35,.63,.21,14,10.3,3.1,.7,4.7,8.5,0,40,null,null,null
275,01/12/2011,02/12/2011,null,7.2,127,8,11,Green,odour free,7.2,127,67,null,null,null,.76,null,1.6,null,0,32.787,67.083,27.5,.67,.16,11,9.5,4.5,.8,4.3,9,0,40,null,null,null
276,02/01/2012,03/01/2012,null,7.7,132,8.8,7,Green,odour free,7.7,132,70,null,null,null,.75,null,1.4,null,0,31.148,71.667,30,.66,.17,12,10,4.5,.9,4.1,8,0,38,null,null,null
277,01/02/2012,02/02/2012,null,7.5,139,8.6,7.5,Green,odour free,7.5,139,74,null,null,null,.6,null,.8,null,0,27.049,76.667,30,.6,.1,12,11.2,4.2,1,4.9,10,0,33,null,null,null
278,01/03/2012,02/03/2012,null,7.5,142,8.8,10,Clear,odour free,8.1,138,73,null,null,null,.36,null,.9,null,0,29.508,87.5,37.5,.5,.2,15,12,null,null,5.5,10.3,0,36,null,null,null
279,02/04/2012,03/04/2012,null,8.2,140,8.4,10.5,Clear,odour free,8.1,127,67,null,null,null,.25,null,1.3,null,0,34.426,97.5,47.5,.41,.19,19,12,null,null,5.6,11,0,42,null,null,null
280,01/05/2012,02/05/2012,null,null,null,7.4,11.5,Green,odour free,7.3,115,61,null,null,null,.1,null,1.1,null,0,32.787,104.167,50,.45,.21,20,13,null,null,5.4,11.6,0,40,null,null,null
281,01/06/2012,02/06/2012,null,7.9,null,6.67,11.5,Green,odour free,7.6,150,80,null,null,null,.2,null,1.2,null,0,32.787,63.333,30,.35,.2,12,8,null,null,5.2,10.1,0,40,null,null,null
282,02/07/2012,03/07/2012,null,7.98,110,6.31,12,Brown,odour free,7.6,81,43,null,null,null,.22,null,1.3,null,0,33.607,57.5,25,.32,.12,10,7.8,null,null,5.1,11.5,0,41,null,null,null
283,01/08/2012,02/08/2012,null,null,90,6.08,12,Brown,odour free,7.76,115,61,null,null,null,.3,null,1.1,null,0,23.77,37.833,15.75,.28,.18,6.3,5.3,null,null,5.1,10.9,0,29,null,null,null
284,03/09/2012,04/09/2012,null,null,null,7.1,13,Brown,odour free,8,175,93,null,null,null,.34,null,1.1,null,0,28.689,45.833,20,null,null,8,6.2,null,null,4.6,10.2,0,35,null,null,null
285,01/10/2012,03/10/2012,null,null,null,7.84,14,Light Green,odour free,7.5,118,63,null,null,null,.25,null,1.07,null,0,22.951,49.167,27.5,.09,.1,11,5.2,null,null,4.2,10.5,0,28,null,null,null
286,01/11/2012,02/11/2012,null,null,null,8.04,11.5,Light Green,odour free,7.4,120,66,null,null,null,.46,6.95,1.18,null,0,40,50,25,.55,.1,10,6,null,null,7,13.5,0,48.8,null,null,null
287,01/12/2012,03/12/2012,null,null,null,8.04,9,Green,odour free,7.75,200,110,null,null,null,.62,12.3,.79,null,0,52.869,60,30,.67,.1,12,7.2,null,null,5,13.5,0,64.5,null,null,null
288,01/01/2013,02/01/2013,null,null,null,8.43,7,Green,odour free,7.7,148.6,81.73,null,null,.251,.28,7.74,.99,null,0,56,60,40,.96,.5,16,4.8,null,null,8,13,0,68.32,null,null,null
289,01/02/2013,02/02/2013,null,null,null,8.43,8,Clear,odour free,7.73,155.7,85.64,null,null,.237,.2,11.68,.98,null,0,53,50,40,.8,.5,16,2.4,3.69,3.2,6,13,0,64.66,null,null,null
290,02/03/2013,,null,null,null,null,null,null,null,null,null,null,null,null,null,null,null,null,null,null,null,null,null,null,null,null,null,null,null,null,null,null,null,null,null,null
291,01/04/2013,02/04/2013,null,null,null,8.04,10,Green,odour free,7.67,168,107.52,null,null,.269,.09,4.26,.98,null,0,42,60,45,.32,.16,18,3.6,4.58,2.98,19,22.5,0,51.24,null,null,null
292,01/05/2013,02/05/2013,null,null,null,7.65,13,Light Green,odour free,7.72,122,78.08,null,null,.232,.07,4.26,.98,null,0,44,41,36,.34,.12,14.4,1.2,4.66,3.1,17,20.25,0,53.68,null,null,null
293,01/06/2013,03/06/2013,null,null,null,7.45,11,Light Green,odour free,7.64,113,72.32,null,null,.168,.06,4.1,.98,null,0,31,43,34,.28,.13,13.6,2.16,4.5,3.2,13,20.75,0,37.82,null,null,null
294,01/07/2013,02/07/2013,null,null,null,6.08,12.5,Brown,odour free,7.76,193,123.52,null,null,.147,.01,4.1,1.37,null,0,41,45,37,.31,.12,14.8,1.92,7.21,5.93,10,19.5,0,50.02,null,null,null
295,01/08/2013,03/08/2013,null,null,null,6.27,13,Dark Brown,odour free,7.65,187,119.68,null,.2,.112,.01,null,1.37,null,0,34,48,36,.35,.1,14.4,2.88,6.93,5.5,9,14,0,41.48,null,null,null
296,02/09/2013,03/09/2013,null,null,null,7.06,12.5,Light Brown,odour free,7.95,134,85.76,null,.18,.119,.007,null,1.18,null,0,57.5,49,37,.31,.1,14.8,2.88,6.74,5.32,8,12.5,0,70.15,null,null,null
297,01/10/2013,03/10/2013,null,null,null,7.45,13,Brown,odour free,7.87,126,90,null,.2,.114,.009,null,1.37,null,0,36,58,47,.28,.11,18.8,2.64,7.09,5.43,9,14.75,0,43.92,null,null,null
298,01/11/2013,02/11/2013,null,null,null,7.84,10.5,Clear,odour free,8.09,120,80,null,.21,.109,.01,null,1.17,null,0,47,59,48,.26,.12,19.2,2.64,7.24,4.92,11,14,0,57.34,null,null,null
299,02/12/2013,03/12/2013,null,null,null,8.43,7.5,Green,odour free,8.04,130,90,null,.18,.111,.12,null,.98,null,0,52,66,54,.24,.12,21.6,2.88,7.16,4.7,8,15.25,0,63.44,null,null,null
300,01/01/2014,02/01/2014,null,null,null,8.63,6,Green,odour free,8,140,90,null,.19,.114,.2,null,1.18,null,0,62,67,52,.22,.14,20.8,3.6,6.66,4.76,8,18,0,75.64,null,null,null
301,03/02/2014,04/02/2014,null,null,null,9.61,8,Clear,odour free,7.96,190,130,null,.24,.119,.6,null,.79,null,0,56,70,54,.2,.14,21.6,3.84,8.06,5.34,8,25.25,0,68.32,null,null,null
302,03/03/2014,04/03/2014,null,null,null,10,6.5,Clear,odour free,8.02,180,120,null,.27,.112,.68,null,.98,null,0,58,69,50,.21,.13,20,4.56,8.4,5.76,8,21.25,0,70.76,null,null,null
303,01/04/2014,02/04/2014,null,null,null,9.02,10,Other,odour free,7.98,196,130,null,.13,.098,.42,null,.98,null,0,53.95,63,46,.24,.13,18.4,4.08,8.52,5.63,9,27.25,0,65.819,null,null,null
304,01/05/2014,02/05/2014,null,null,null,9.16,11.5,Clear,odour free,7.85,175,120,null,.11,.112,.29,null,1.06,null,0,49,49,38,.22,.13,15.2,2.64,8.4,5.48,8,25.5,0,59.78,null,null,null
305,02/06/2014,03/06/2014,null,7.6,160,8.32,12.5,Clear,odour free,7.83,154,110,null,.11,.106,.13,null,1.03,null,0,53,48.2,36.2,.19,.11,14.48,2.88,7.26,4.88,11,26.25,0,64.66,null,null,null
306,01/07/2014,02/07/2014,null,7.5,144,7.46,10.5,Brown,odour free,7.74,138,80,null,.13,.091,.13,null,1.27,null,0,48,59,34,.16,.09,13.6,6,6.8,5.02,11,29,0,58.56,null,null,null
307,01/08/2014,02/08/2014,null,7.7,130,7.25,11,Brown,odour free,7.78,124,90,null,.11,.088,.12,null,1.5,null,0,46,65.833,41,.18,.11,16.4,5.96,6.95,4.96,11,36.25,0,56.12,null,null,null
308,01/09/2014,02/09/2014,null,7.5,130,8.1,11.5,Brown,odour free,7.68,118,80,null,.11,.084,.124,null,1.07,null,0,41.15,58,39,.11,.11,15.6,4.56,5.96,6.06,9,30.5,0,50.203,null,null,null
309,01/10/2014,01/10/2014,null,7.5,135,8.01,11.5,Light Brown,odour free,7.66,130,90,null,.09,.082,.09,null,1.12,null,0,51,67,43,.11,.09,17.2,5.76,6.04,5.98,8,29,0,62.22,null,null,null
310,01/11/2014,01/11/2014,null,8,147,9.13,9,Clear,odour free,8.1,143,100,null,.09,.079,.084,null,.93,null,0,44,59,42,.09,.11,16.8,4.08,6.1,5.9,9,24.75,0,53.68,null,null,null
311,01/12/2014,02/12/2014,null,8,150,9.69,6.5,Clear,odour free,8.1,146,110,null,.09,.077,.089,null,.94,5.12,0,45,62,43,.09,.11,17.2,4.56,6.2,5.76,9,24.5,0,54.9,null,null,null
312,01/01/2015,02/01/2015,null,7.6,143,9.69,4,Clear,odour free,7.78,138,110,null,.09,.05,.09,null,1.12,5.2,0,49,67,45,.1,.1,18,5.28,6.3,5.74,8,24.75,0,59.78,null,null,null
313,02/02/2015,03/02/2015,null,7.5,150,8.36,5.5,Clear,odour free,7.92,134,80,null,.09,.32,.094,null,2.04,10.24,0,67,77,54,.1,.1,21.6,5.52,6.38,5.66,8,28.25,0,81.74,null,null,null
314,02/03/2015,02/03/2015,null,7.3,117,8.92,8,Clear,odour free,7.53,110,70,null,.09,.28,.05,null,2.23,15.6,0,72,56.242,44.075,.07,.16,17.63,2.92,7,2,10,13.5,0,87.84,null,null,null
315,01/04/2015,01/04/2015,null,8.1,121,7.52,10,Clear,odour free,8.33,115,80,null,.1,.28,.072,null,1.88,17.6,0,68,60.325,44.075,.11,.1,17.63,3.9,10.1,3.1,8,14.5,0,82.96,null,null,null
316,01/05/2015,02/05/2015,null,8.2,144,7.75,10,Clear,odour free,8.39,137,90,null,.05,.44,.04,null,2.32,21,0,44,52.383,32.05,.14,.07,12.82,4.88,14,5,12,16,0,53.68,null,null,null
317,01/06/2015,02/06/2015,null,null,null,7.94,11,Clear,odour free,7.34,145,100,null,.05,.62,.1,null,1.35,12.1,0,36,105.075,44.075,.1,.08,17.63,14.64,8,6,14,18,0,43.92,null,null,null
318,01/07/2015,02/07/2015,null,null,null,10.18,11,Light Brown,odour free,7.56,129,90,null,.05,.62,.08,null,2.49,11.24,0,44,133.35,56.1,.14,.1,22.44,18.54,7.3,5,20,22,0,53.68,null,null,null
319,03/08/2015,04/08/2015,null,null,null,7.47,11.5,Light Brown,odour free,8.38,100,70,null,.05,.66,.12,null,2.32,8.23,0,52,133.433,52.1,.15,.12,20.84,19.52,6.8,5.2,18,25,0,63.44,null,null,null
320,01/09/2015,02/09/2015,null,null,null,8.12,11,Light Brown,odour free,7.58,100,60,null,.05,.58,.008,null,1.04,8.1,0,56,108.975,56.1,.13,.08,22.44,12.69,6.4,5,16,23,0,68.32,null,null,null
321,01/10/2015,02/10/2015,null,null,null,7.06,10.5,Clear,odour free,8.18,140,100,null,.05,.4,.005,null,1.79,7.51,0,64,104.767,64.1,.11,.1,25.64,9.76,7,4.9,14,22,0,78.08,null,null,null
322,02/11/2015,03/11/2015,null,null,null,7.67,14,Clear,odour free,7.66,153,100,null,.05,.3,.007,null,2.24,6.83,0,68,104.875,60.125,.14,.14,24.05,10.74,7.4,5.2,16,24,0,82.96,null,null,null
323,01/12/2015,02/12/2015,null,null,null,null,null,null,null,null,null,null,null,null,null,null,null,null,null,null,null,null,null,null,null,null,null,null,null,null,null,null,null,null,null,null
324,01/01/2016,01/01/2016,null,null,null,8.46,7,Clear,odour free,8.52,172,90,null,.05,.32,.2,null,1.35,7.5,0,52,169.508,88.175,.1,.11,35.27,19.52,6,4,16,20,0,63.44,null,null,null
