Standard Parameter Analysis Data of : Villupuram (CP000C6)
Laboratory : CWC CSRO Chennai 
Period : January-1995 To January-2014 
S.No.,Date_of_Collection,Date_of_Receipt,Discharge(cumecs),pH_FLD,EC_FLD(umho/cm),DO(mg/l),Water Temp(deg C),Colour,Odour,pH_GEN,EC_GEN(umho/cm),TDS(mg/l),SS(mg/l),NH3(mg N/l),NO2+NO3(mg N/l),Total_Nutrients(mg P/l),SiO2(mg/l),BOD(mg/l),COD(mg/l),Phen(mg CaCO3/l),Total_Alkallnity(mg CaCO3/l),Total_Hardness(mg CaCO3/l),Ca_Hardness(mg CaCO3/l),F(mg/l),B(mg/l),Ca_Major_Ions(mg/l),Mg(mg/l),Na(mg/l),K(mg/l),Cl(mg/l),SO4(mg/l),CO3(mg/l),HCO3(mg/l),Total_Coliforms(MPN/100ml),Faecal(MPN/100ml),Chlorophyll-A(ug/L)
1,01/06/1995,02/06/1995,null,null,null,null,null,null,null,null,null,null,null,null,null,null,null,null,null,null,null,null,null,null,null,null,null,null,null,null,null,null,null,null,null,null
2,01/08/1995,02/08/1995,null,null,null,null,null,null,null,null,null,null,null,null,null,null,null,null,null,null,null,null,null,null,null,null,null,null,null,null,null,null,null,null,null,null
3,01/09/1995,02/09/1995,null,null,null,null,26.5,null,null,8.71,549,null,null,.028,1.191,null,23.44,null,null,14.94,158.5,149,68,1.026,1.152,27.2,19.44,57.04,3.519,66.74,26.976,18,156.77,null,null,null
4,01/10/1995,02/10/1995,5.76800012588501,null,null,null,null,null,null,null,null,null,null,null,null,null,null,null,null,null,null,null,null,null,null,null,null,null,null,null,null,null,null,null,null,null
5,01/10/1995,02/10/1995,5.76800012588501,null,null,null,null,null,null,null,null,null,null,null,null,null,null,null,null,null,null,null,null,null,null,null,null,null,null,null,null,null,null,null,null,null
6,01/11/1995,02/11/1995,null,null,null,null,null,null,null,null,null,null,null,null,null,null,null,null,null,null,null,null,null,null,null,null,null,null,null,null,null,null,null,null,null,null
7,01/12/1995,02/12/1995,null,null,null,null,null,null,null,null,null,null,null,null,null,null,null,null,null,null,null,null,null,null,null,null,null,null,null,null,null,null,null,null,null,null
8,01/02/1996,02/02/1996,null,null,null,null,null,null,null,null,null,null,null,null,null,null,null,null,null,null,null,null,null,null,null,null,null,null,null,null,null,null,null,null,null,null
9,01/03/1996,02/03/1996,null,null,null,null,null,null,null,null,null,null,null,null,null,null,null,null,null,null,null,null,null,null,null,null,null,null,null,null,null,null,null,null,null,null
10,01/04/1996,02/04/1996,null,null,null,null,null,null,null,null,null,null,null,null,null,null,null,null,null,null,null,null,null,null,null,null,null,null,null,null,null,null,null,null,null,null
11,01/05/1996,02/05/1996,null,null,null,null,null,null,null,null,null,null,null,null,null,null,null,null,null,null,null,null,null,null,null,null,null,null,null,null,null,null,null,null,null,null
12,01/06/1996,02/06/1996,null,null,null,null,null,null,null,null,null,null,null,null,null,null,null,null,null,null,null,null,null,null,null,null,null,null,null,null,null,null,null,null,null,null
13,01/07/1996,02/07/1996,null,null,null,null,null,null,null,null,null,null,null,null,null,null,null,null,null,null,null,null,null,null,null,null,null,null,null,null,null,null,null,null,null,null
14,01/08/1996,02/08/1996,null,null,null,null,null,null,null,null,null,null,null,null,null,null,null,null,null,null,null,null,null,null,null,null,null,null,null,null,null,null,null,null,null,null
15,01/09/1996,02/09/1996,null,null,null,null,null,null,null,null,null,null,null,null,null,null,null,null,null,null,null,null,null,null,null,null,null,null,null,null,null,null,null,null,null,null
16,01/10/1996,02/10/1996,432.20001220703125,null,null,null,30,null,null,8.49,589,null,null,.028,2.088,null,31.85,null,null,10.956,204,173.15,80,.494,1.008,32,22.356,null,null,69.58,null,13.2,222.04,null,null,null
17,01/10/1996,02/10/1996,432.20001220703125,null,null,null,30,null,null,8.49,589,null,null,.028,2.088,null,31.85,null,null,10.956,204,173.15,80,.494,1.008,32,22.356,null,null,69.58,null,13.2,222.04,null,null,null
18,01/11/1996,02/11/1996,11,null,null,null,29,null,null,8.61,620,null,null,.028,.771,null,27.35,null,null,12.45,199,185.2,88,.646,1.404,35.2,23.328,null,null,64.255,null,15,212.28,null,null,null
19,01/11/1996,02/11/1996,11,null,null,null,29,null,null,8.61,620,null,null,.028,.771,null,27.35,null,null,12.45,199,185.2,88,.646,1.404,35.2,23.328,null,null,64.255,null,15,212.28,null,null,null
20,01/12/1996,02/12/1996,59,null,null,null,24.5,null,null,8.77,677,null,null,.028,1.541,null,48.98,null,null,14.193,221.5,189.5,68,1.444,1.296,27.2,29.16,null,null,71.71,null,17.1,235.46,null,null,null
21,01/12/1996,02/12/1996,59,null,null,null,24.5,null,null,8.77,677,null,null,.028,1.541,null,48.98,null,null,14.193,221.5,189.5,68,1.444,1.296,27.2,29.16,null,null,71.71,null,17.1,235.46,null,null,null
22,01/01/1997,02/01/1997,44.5,null,null,null,22,null,null,8.63,568,null,null,.112,1.766,null,38.46,null,null,10.209,193.5,193.1,104,.798,1.26,41.6,21.384,null,null,54.67,null,12.3,211.06,null,null,null
23,01/01/1997,02/01/1997,44.5,null,null,null,22,null,null,8.63,568,null,null,.112,1.766,null,38.46,null,null,10.209,193.5,193.1,104,.798,1.26,41.6,21.384,null,null,54.67,null,12.3,211.06,null,null,null
24,01/02/1997,02/02/1997,null,null,null,null,null,null,null,null,null,null,null,null,null,null,null,null,null,null,null,null,null,null,null,null,null,null,null,null,null,null,null,null,null,null
25,01/03/1997,02/03/1997,null,null,null,null,null,null,null,null,null,null,null,null,null,null,null,null,null,null,null,null,null,null,null,null,null,null,null,null,null,null,null,null,null,null
26,01/04/1997,02/04/1997,0,null,null,null,null,null,null,null,null,null,null,null,null,null,null,null,null,null,null,null,null,null,null,null,null,null,null,null,null,null,null,null,null,null
27,01/04/1997,02/04/1997,0,null,null,null,null,null,null,null,null,null,null,null,null,null,null,null,null,null,null,null,null,null,null,null,null,null,null,null,null,null,null,null,null,null
28,01/05/1997,02/05/1997,null,null,null,null,null,null,null,null,null,null,null,null,null,null,null,null,null,null,null,null,null,null,null,null,null,null,null,null,null,null,null,null,null,null
29,01/06/1997,02/06/1997,null,null,null,null,null,null,null,null,null,null,null,null,null,null,null,null,null,null,null,null,null,null,null,null,null,null,null,null,null,null,null,null,null,null
30,01/08/1997,02/08/1997,null,null,null,null,null,null,null,null,null,null,null,null,null,null,null,null,null,null,null,null,null,null,null,null,null,null,null,null,null,null,null,null,null,null
31,01/09/1997,02/09/1997,null,null,null,null,null,null,null,null,null,null,null,null,null,null,null,null,null,null,null,null,null,null,null,null,null,null,null,null,null,null,null,null,null,null
32,01/10/1997,02/10/1997,0.12999999523162842,null,null,null,null,null,null,null,null,null,null,null,null,null,null,null,null,null,null,null,null,null,null,null,null,null,null,null,null,null,null,null,null,null
33,01/10/1997,02/10/1997,0.12999999523162842,null,null,null,null,null,null,null,null,null,null,null,null,null,null,null,null,null,null,null,null,null,null,null,null,null,null,null,null,null,null,null,null,null
34,01/11/1997,02/11/1997,19.799999237060547,null,null,null,null,null,null,8.36,558,null,null,.028,1.541,null,28.85,null,null,5.478,195.5,173.1,84,1.368,1.152,33.6,21.384,51.98,3.91,53.605,11.376,6.6,225.09,null,null,null
35,01/11/1997,02/11/1997,19.799999237060547,null,null,null,null,null,null,8.36,558,null,null,.028,1.541,null,28.85,null,null,5.478,195.5,173.1,84,1.368,1.152,33.6,21.384,51.98,3.91,53.605,11.376,6.6,225.09,null,null,null
36,01/12/1997,02/12/1997,438,null,null,null,null,null,null,8.4,526,null,null,.028,1.975,null,23.14,null,null,0,164.5,160.95,84,.779,.864,33.6,18.468,45.08,3.519,47.57,9.264,0,200.69,null,null,null
37,01/12/1997,02/12/1997,438,null,null,null,null,null,null,8.4,526,null,null,.028,1.975,null,23.14,null,null,0,164.5,160.95,84,.779,.864,33.6,18.468,45.08,3.519,47.57,9.264,0,200.69,null,null,null
38,01/01/1998,02/01/1998,56,null,null,null,null,null,null,8.3,625,null,null,.028,.784,null,24.34,null,null,8.964,220,185.15,92,1.007,1.116,36.8,22.356,63.25,3.91,62.125,19.2,10.8,246.44,null,null,null
39,01/01/1998,02/01/1998,56,null,null,null,null,null,null,8.3,625,null,null,.028,.784,null,24.34,null,null,8.964,220,185.15,92,1.007,1.116,36.8,22.356,63.25,3.91,62.125,19.2,10.8,246.44,null,null,null
40,01/02/1998,02/02/1998,0,null,null,null,null,null,null,9.13,471,null,null,.042,.364,null,27.95,null,null,22.659,163.5,68.35,40,1.216,1.044,16,6.804,76.82,2.737,45.795,10.992,27.3,143.96,null,null,null
41,01/02/1998,02/02/1998,0,null,null,null,null,null,null,9.13,471,null,null,.042,.364,null,27.95,null,null,22.659,163.5,68.35,40,1.216,1.044,16,6.804,76.82,2.737,45.795,10.992,27.3,143.96,null,null,null
42,01/03/1998,02/03/1998,0,null,null,null,null,null,null,9.04,489,null,null,.028,.392,null,82.64,null,null,14.94,153.5,72.55,28,.912,1.332,11.2,10.692,82.11,1.955,50.41,10.8,18,150.67,null,null,null
43,01/03/1998,02/03/1998,0,null,null,null,null,null,null,9.04,489,null,null,.028,.392,null,82.64,null,null,14.94,153.5,72.55,28,.912,1.332,11.2,10.692,82.11,1.955,50.41,10.8,18,150.67,null,null,null
44,01/04/1998,02/04/1998,0,null,null,null,null,null,null,null,null,null,null,null,null,null,null,null,null,null,null,null,null,null,null,null,null,null,null,null,null,null,null,null,null,null
45,01/04/1998,02/04/1998,0,null,null,null,null,null,null,null,null,null,null,null,null,null,null,null,null,null,null,null,null,null,null,null,null,null,null,null,null,null,null,null,null,null
46,01/05/1998,02/05/1998,null,null,null,null,null,null,null,null,null,null,null,null,null,null,null,null,null,null,null,null,null,null,null,null,null,null,null,null,null,null,null,null,null,null
47,01/06/1998,02/06/1998,null,null,null,null,null,null,null,null,null,null,null,null,null,null,null,null,null,null,null,null,null,null,null,null,null,null,null,null,null,null,null,null,null,null
48,01/07/1998,02/07/1998,null,null,null,null,null,null,null,null,null,null,null,null,null,null,null,null,null,null,null,null,null,null,null,null,null,null,null,null,null,null,null,null,null,null
49,01/08/1998,02/08/1998,null,null,null,null,null,null,null,null,null,null,null,null,null,null,null,null,null,null,null,null,null,null,null,null,null,null,null,null,null,null,null,null,null,null
50,01/09/1998,02/09/1998,3.058000087738037,null,null,null,30,null,null,8.9,543,null,null,.042,2.536,null,23.44,null,null,12.699,160,120.8,56,1.235,1.44,22.4,15.552,61.18,3.519,65.675,16.608,15.3,164.09,null,null,null
51,01/09/1998,02/09/1998,3.058000087738037,null,null,null,30,null,null,8.9,543,null,null,.042,2.536,null,23.44,null,null,12.699,160,120.8,56,1.235,1.44,22.4,15.552,61.18,3.519,65.675,16.608,15.3,164.09,null,null,null
52,01/10/1998,02/10/1998,1.6160000562667847,null,null,null,28.5,null,null,8.08,587,null,null,.028,1.611,null,16.23,null,null,0,190.5,169,88,.589,1.188,35.2,19.44,64.17,4.692,58.93,19.776,0,232.41,null,null,null
53,01/10/1998,02/10/1998,1.6160000562667847,null,null,null,28.5,null,null,8.08,587,null,null,.028,1.611,null,16.23,null,null,0,190.5,169,88,.589,1.188,35.2,19.44,64.17,4.692,58.93,19.776,0,232.41,null,null,null
54,01/11/1998,02/11/1998,11.199999809265137,null,null,null,26.5,null,null,8.55,624,null,null,.042,.728,null,20.13,null,null,9.462,209.5,185.25,84,.627,1.044,33.6,24.3,65.55,4.692,70.29,18.768,11.4,232.41,null,null,null
55,01/11/1998,02/11/1998,11.199999809265137,null,null,null,26.5,null,null,8.55,624,null,null,.042,.728,null,20.13,null,null,9.462,209.5,185.25,84,.627,1.044,33.6,24.3,65.55,4.692,70.29,18.768,11.4,232.41,null,null,null
56,01/12/1998,02/12/1998,5.056000232696533,null,null,null,28.5,null,null,8.78,713,null,null,.028,1.85,null,42.37,null,null,10.458,241,197.3,92,.722,2.34,36.8,25.272,75.44,4.692,79.165,19.92,12.6,268.4,null,null,null
57,01/12/1998,02/12/1998,5.056000232696533,null,null,null,28.5,null,null,8.78,713,null,null,.028,1.85,null,42.37,null,null,10.458,241,197.3,92,.722,2.34,36.8,25.272,75.44,4.692,79.165,19.92,12.6,268.4,null,null,null
58,01/01/1999,02/01/1999,75.83000183105469,null,null,null,23,null,null,8.48,697,null,null,.042,1.835,null,33.06,null,null,10.458,232.5,193,112,.608,1.044,44.8,19.44,66.93,3.91,60.705,22.272,12.6,258.03,null,null,null
59,01/01/1999,02/01/1999,75.83000183105469,null,null,null,23,null,null,8.48,697,null,null,.042,1.835,null,33.06,null,null,10.458,232.5,193,112,.608,1.044,44.8,19.44,66.93,3.91,60.705,22.272,12.6,258.03,null,null,null
60,01/02/1999,02/02/1999,0.33399999141693115,null,null,null,25,null,null,8.72,665,null,null,.042,.294,null,39.37,null,null,20.418,185.5,165.05,80,.665,1.116,32,20.412,68.31,3.91,73.485,21.264,24.6,176.29,null,null,null
61,01/02/1999,02/02/1999,0.33399999141693115,null,null,null,25,null,null,8.72,665,null,null,.042,.294,null,39.37,null,null,20.418,185.5,165.05,80,.665,1.116,32,20.412,68.31,3.91,73.485,21.264,24.6,176.29,null,null,null
62,01/03/1999,02/03/1999,0.890999972820282,null,null,null,null,null,null,null,null,null,null,null,null,null,null,null,null,null,null,null,null,null,null,null,null,null,null,null,null,null,null,null,null,null
63,01/03/1999,02/03/1999,0.890999972820282,null,null,null,null,null,null,null,null,null,null,null,null,null,null,null,null,null,null,null,null,null,null,null,null,null,null,null,null,null,null,null,null,null
64,01/04/1999,02/04/1999,null,null,null,null,null,null,null,null,null,null,null,null,null,null,null,null,null,null,null,null,null,null,null,null,null,null,null,null,null,null,null,null,null,null
65,01/05/1999,02/05/1999,null,null,null,null,null,null,null,null,null,null,null,null,null,null,null,null,null,null,null,null,null,null,null,null,null,null,null,null,null,null,null,null,null,null
66,01/06/1999,02/06/1999,null,null,null,null,null,null,null,null,null,null,null,null,null,null,null,null,null,null,null,null,null,null,null,null,null,null,null,null,null,null,null,null,null,null
67,01/07/1999,02/07/1999,null,null,null,null,null,null,null,null,null,null,null,null,null,null,null,null,null,null,null,null,null,null,null,null,null,null,null,null,null,null,null,null,null,null
68,01/08/1999,02/08/1999,null,null,null,null,null,null,null,null,null,null,null,null,null,null,null,null,null,null,null,null,null,null,null,null,null,null,null,null,null,null,null,null,null,null
69,01/09/1999,02/09/1999,null,null,null,null,null,null,null,null,null,null,null,null,null,null,null,null,null,null,null,null,null,null,null,null,null,null,null,null,null,null,null,null,null,null
70,01/10/1999,02/10/1999,null,null,null,null,null,null,null,null,null,null,null,null,null,null,null,null,null,null,null,null,null,null,null,null,null,null,null,null,null,null,null,null,null,null
71,01/11/1999,02/11/1999,67,null,null,null,26,null,null,8.56,626,null,null,.014,1.625,null,34.56,null,null,15.687,205,161.1,72,.418,1.332,28.8,21.384,74.52,6.256,74.905,19.968,18.9,211.67,null,null,null
72,01/11/1999,02/11/1999,67,null,null,null,26,null,null,8.56,626,null,null,.014,1.625,null,34.56,null,null,15.687,205,161.1,72,.418,1.332,28.8,21.384,74.52,6.256,74.905,19.968,18.9,211.67,null,null,null
73,01/12/1999,02/12/1999,14.359999656677246,null,null,null,26.5,null,null,7.8,518,null,null,.056,.785,null,28.25,null,null,0,167,157,76,1.235,2.052,30.4,19.44,54.51,3.128,47.925,12.576,0,203.74,null,null,null
74,01/12/1999,02/12/1999,14.359999656677246,null,null,null,26.5,null,null,7.8,518,null,null,.056,.785,null,28.25,null,null,0,167,157,76,1.235,2.052,30.4,19.44,54.51,3.128,47.925,12.576,0,203.74,null,null,null
75,01/01/2000,02/01/2000,1.3969999551773071,null,null,null,24,null,null,8.31,633,null,null,.042,.434,null,31.55,null,null,9.96,200,177.25,76,.361,1.368,30.4,24.3,72.68,4.692,67.45,19.44,12,219.6,null,null,null
76,01/01/2000,02/01/2000,1.3969999551773071,null,null,null,24,null,null,8.31,633,null,null,.042,.434,null,31.55,null,null,9.96,200,177.25,76,.361,1.368,30.4,24.3,72.68,4.692,67.45,19.44,12,219.6,null,null,null
77,01/02/2000,02/02/2000,null,null,null,null,null,null,null,null,null,null,null,null,null,null,null,null,null,null,null,null,null,null,null,null,null,null,null,null,null,null,null,null,null,null
78,01/03/2000,02/03/2000,null,null,null,null,null,null,null,null,null,null,null,null,null,null,null,null,null,null,null,null,null,null,null,null,null,null,null,null,null,null,null,null,null,null
79,01/04/2000,02/04/2000,null,null,null,null,null,null,null,null,null,null,null,null,null,null,null,null,null,null,null,null,null,null,null,null,null,null,null,null,null,null,null,null,null,null
80,01/05/2000,02/05/2000,null,null,null,null,null,null,null,null,null,null,null,null,null,null,null,null,null,null,null,null,null,null,null,null,null,null,null,null,null,null,null,null,null,null
81,01/06/2000,02/06/2000,null,null,null,null,null,null,null,null,null,null,null,null,null,null,null,null,null,null,null,null,null,null,null,null,null,null,null,null,null,null,null,null,null,null
82,01/07/2000,02/07/2000,null,null,null,null,null,null,null,null,null,null,null,null,null,null,null,null,null,null,null,null,null,null,null,null,null,null,null,null,null,null,null,null,null,null
83,01/08/2000,02/08/2000,null,null,null,null,null,null,null,null,null,null,null,null,null,null,null,null,null,null,null,null,null,null,null,null,null,null,null,null,null,null,null,null,null,null
84,01/09/2000,02/09/2000,null,null,null,null,null,null,null,null,null,null,null,null,null,null,null,null,null,null,null,null,null,null,null,null,null,null,null,null,null,null,null,null,null,null
85,01/10/2000,02/10/2000,null,null,null,null,28,null,null,7.81,694,null,null,.014,2.227,null,36.36,null,null,0,210,165.35,56,.703,.972,22.4,26.244,63.48,5.865,68.16,20.304,0,256.2,null,null,null
86,01/11/2000,02/11/2000,9.65999984741211,null,null,null,29,null,null,8.24,651,null,null,.014,1.653,null,38.46,null,null,0,214,181.6,52,.646,1.332,20.8,31.104,68.77,4.692,71.71,18.336,0,261.08,null,null,null
87,01/11/2000,02/11/2000,9.65999984741211,null,null,null,29,null,null,8.24,651,null,null,.014,1.653,null,38.46,null,null,0,214,181.6,52,.646,1.332,20.8,31.104,68.77,4.692,71.71,18.336,0,261.08,null,null,null
88,01/12/2000,02/12/2000,2.747999906539917,null,null,null,25,null,null,8.11,702,null,null,.014,1.765,null,41.47,null,null,null,null,165.05,80,.703,1.764,32,20.412,85.33,3.91,79.165,17.76,0,241.56,null,null,null
89,01/12/2000,02/12/2000,2.747999906539917,null,null,null,25,null,null,8.11,702,null,null,.014,1.765,null,41.47,null,null,null,null,165.05,80,.703,1.764,32,20.412,85.33,3.91,79.165,17.76,0,241.56,null,null,null
90,01/01/2001,02/01/2001,1.4739999771118164,null,null,null,24,null,null,8.1,668,null,null,.014,1.695,null,39.67,null,null,0,204,189.25,88,.665,1.08,35.2,24.3,66.93,4.692,72.42,28.08,0,248.88,null,null,null
91,01/01/2001,02/01/2001,1.4739999771118164,null,null,null,24,null,null,8.1,668,null,null,.014,1.695,null,39.67,null,null,0,204,189.25,88,.665,1.08,35.2,24.3,66.93,4.692,72.42,28.08,0,248.88,null,null,null
92,01/02/2001,02/02/2001,null,null,null,null,null,null,null,null,null,null,null,null,null,null,null,null,null,null,null,null,null,null,null,null,null,null,null,null,null,null,null,null,null,null
93,01/03/2001,02/03/2001,null,null,null,null,null,null,null,null,null,null,null,null,null,null,null,null,null,null,null,null,null,null,null,null,null,null,null,null,null,null,null,null,null,null
94,01/04/2001,02/04/2001,null,null,null,null,null,null,null,null,null,null,null,null,null,null,null,null,null,null,null,null,null,null,null,null,null,null,null,null,null,null,null,null,null,null
95,01/05/2001,02/05/2001,null,null,null,null,null,null,null,null,null,null,null,null,null,null,null,null,null,null,null,null,null,null,null,null,null,null,null,null,null,null,null,null,null,null
96,01/06/2001,02/06/2001,null,null,null,null,null,null,null,null,null,null,null,null,null,null,null,null,null,null,null,null,null,null,null,null,null,null,null,null,null,null,null,null,null,null
97,01/07/2001,02/07/2001,null,null,null,null,null,null,null,null,null,null,null,null,null,null,null,null,null,null,null,null,null,null,null,null,null,null,null,null,null,null,null,null,null,null
98,01/08/2001,02/08/2001,null,null,null,null,null,null,null,null,null,null,null,null,null,null,null,null,null,null,null,null,null,null,null,null,null,null,null,null,null,null,null,null,null,null
99,01/09/2001,02/09/2001,null,null,null,null,null,null,null,null,null,null,null,null,null,null,null,null,null,null,null,null,null,null,null,null,null,null,null,null,null,null,null,null,null,null
100,01/10/2001,02/10/2001,null,null,null,null,null,null,null,null,null,null,null,null,null,null,null,null,null,null,null,null,null,null,null,null,null,null,null,null,null,null,null,null,null,null
101,01/11/2001,02/11/2001,28.420000076293945,null,null,null,24,null,null,8.31,596,null,null,.028,1.499,null,35.46,null,null,4.233,239,165.05,80,.589,1.152,32,20.412,60.26,3.91,45.085,21.408,5.1,281.21,null,null,null
102,01/11/2001,02/11/2001,28.420000076293945,null,null,null,24,null,null,8.31,596,null,null,.028,1.499,null,35.46,null,null,4.233,239,165.05,80,.589,1.152,32,20.412,60.26,3.91,45.085,21.408,5.1,281.21,null,null,null
103,01/12/2001,02/12/2001,null,null,null,null,null,null,null,null,null,null,null,null,null,null,null,null,null,null,null,null,null,null,null,null,null,null,null,null,null,null,null,null,null,null
104,01/01/2002,02/01/2002,null,null,null,null,null,null,null,null,null,null,null,null,null,null,null,null,null,null,null,null,null,null,null,null,null,null,null,null,null,null,null,null,null,null
105,01/02/2002,02/02/2002,null,null,null,null,null,null,null,null,null,null,null,null,null,null,null,null,null,null,null,null,null,null,null,null,null,null,null,null,null,null,null,null,null,null
106,01/03/2002,02/03/2002,null,null,null,null,null,null,null,null,null,null,null,null,null,null,null,null,null,null,null,null,null,null,null,null,null,null,null,null,null,null,null,null,null,null
107,01/04/2002,02/04/2002,null,null,null,null,null,null,null,null,null,null,null,null,null,null,null,null,null,null,null,null,null,null,null,null,null,null,null,null,null,null,null,null,null,null
108,01/05/2002,02/05/2002,null,null,null,null,null,null,null,null,null,null,null,null,null,null,null,null,null,null,null,null,null,null,null,null,null,null,null,null,null,null,null,null,null,null
109,01/06/2002,02/06/2002,null,null,null,null,null,null,null,null,null,null,null,null,null,null,null,null,null,null,null,null,null,null,null,null,null,null,null,null,null,null,null,null,null,null
110,01/07/2002,02/07/2002,null,null,null,null,null,null,null,null,null,null,null,null,null,null,null,null,null,null,null,null,null,null,null,null,null,null,null,null,null,null,null,null,null,null
111,01/08/2002,02/08/2002,null,null,null,null,null,null,null,null,null,null,null,null,null,null,null,null,null,null,null,null,null,null,null,null,null,null,null,null,null,null,null,null,null,null
112,01/09/2002,02/09/2002,null,null,null,null,null,null,null,null,null,null,null,null,null,null,null,null,null,null,null,null,null,null,null,null,null,null,null,null,null,null,null,null,null,null
113,01/10/2002,02/10/2002,null,null,null,null,null,null,null,null,null,null,null,null,null,null,null,null,null,null,null,null,null,null,null,null,null,null,null,null,null,null,null,null,null,null
114,01/11/2002,02/11/2002,null,null,null,null,null,null,null,null,null,null,null,null,null,null,null,null,null,null,null,null,null,null,null,null,null,null,null,null,null,null,null,null,null,null
115,01/12/2002,02/12/2002,null,null,null,null,null,null,null,null,null,null,null,null,null,null,null,null,null,null,null,null,null,null,null,null,null,null,null,null,null,null,null,null,null,null
116,01/01/2003,02/01/2003,null,null,null,null,null,null,null,null,null,null,null,null,null,null,null,null,null,null,null,null,null,null,null,null,null,null,null,null,null,null,null,null,null,null
117,01/02/2003,02/02/2003,null,null,null,null,null,null,null,null,null,null,null,null,null,null,null,null,null,null,null,null,null,null,null,null,null,null,null,null,null,null,null,null,null,null
118,01/03/2003,02/03/2003,null,null,null,null,null,null,null,null,null,null,null,null,null,null,null,null,null,null,null,null,null,null,null,null,null,null,null,null,null,null,null,null,null,null
119,01/04/2003,02/04/2003,null,null,null,null,null,null,null,null,null,null,null,null,null,null,null,null,null,null,null,null,null,null,null,null,null,null,null,null,null,null,null,null,null,null
120,01/05/2003,02/05/2003,null,null,null,null,null,null,null,null,null,null,null,null,null,null,null,null,null,null,null,null,null,null,null,null,null,null,null,null,null,null,null,null,null,null
121,01/06/2003,02/06/2003,null,null,null,null,null,null,null,null,null,null,null,null,null,null,null,null,null,null,null,null,null,null,null,null,null,null,null,null,null,null,null,null,null,null
122,01/07/2003,02/07/2003,null,null,null,null,null,null,null,null,null,null,null,null,null,null,null,null,null,null,null,null,null,null,null,null,null,null,null,null,null,null,null,null,null,null
123,01/08/2003,02/08/2003,null,null,null,null,null,null,null,null,null,null,null,null,null,null,null,null,null,null,null,null,null,null,null,null,null,null,null,null,null,null,null,null,null,null
124,01/09/2003,02/09/2003,null,null,null,null,null,null,null,null,null,null,null,null,null,null,null,null,null,null,null,null,null,null,null,null,null,null,null,null,null,null,null,null,null,null
125,01/10/2003,02/10/2003,null,null,null,null,null,null,null,null,null,null,null,null,null,null,null,null,null,null,null,null,null,null,null,null,null,null,null,null,null,null,null,null,null,null
126,01/11/2003,02/11/2003,null,null,null,null,null,null,null,null,null,null,null,null,null,null,null,null,null,null,null,null,null,null,null,null,null,null,null,null,null,null,null,null,null,null
127,01/12/2003,02/12/2003,null,null,null,null,null,null,null,null,null,null,null,null,null,null,null,null,null,null,null,null,null,null,null,null,null,null,null,null,null,null,null,null,null,null
128,01/01/2004,02/01/2004,null,null,null,null,null,null,null,null,null,null,null,null,null,null,null,null,null,null,null,null,null,null,null,null,null,null,null,null,null,null,null,null,null,null
129,01/02/2004,02/02/2004,null,null,null,null,null,null,null,null,null,null,null,null,null,null,null,null,null,null,null,null,null,null,null,null,null,null,null,null,null,null,null,null,null,null
130,01/03/2004,02/03/2004,null,null,null,null,null,null,null,null,null,null,null,null,null,null,null,null,null,null,null,null,null,null,null,null,null,null,null,null,null,null,null,null,null,null
131,01/04/2004,02/04/2004,null,null,null,null,null,null,null,null,null,null,null,null,null,null,null,null,null,null,null,null,null,null,null,null,null,null,null,null,null,null,null,null,null,null
132,01/05/2004,02/05/2004,null,null,null,null,null,null,null,null,null,null,null,null,null,null,null,null,null,null,null,null,null,null,null,null,null,null,null,null,null,null,null,null,null,null
133,01/06/2004,02/06/2004,null,null,null,null,null,null,null,null,null,null,null,null,null,null,null,null,null,null,null,null,null,null,null,null,null,null,null,null,null,null,null,null,null,null
134,01/07/2004,02/07/2004,null,null,null,null,null,null,null,null,null,null,null,null,null,null,null,null,null,null,null,null,null,null,null,null,null,null,null,null,null,null,null,null,null,null
135,01/08/2004,02/08/2004,null,null,null,null,null,null,null,null,null,null,null,null,null,null,null,null,null,null,null,null,null,null,null,null,null,null,null,null,null,null,null,null,null,null
136,01/09/2004,02/09/2004,null,null,null,null,null,null,null,null,null,null,null,null,null,null,null,null,null,null,null,null,null,null,null,null,null,null,null,null,null,null,null,null,null,null
137,01/10/2004,02/10/2004,null,null,null,null,null,null,null,null,null,null,null,null,null,null,null,null,null,null,null,null,null,null,null,null,null,null,null,null,null,null,null,null,null,null
138,01/11/2004,02/11/2004,143.6999969482422,null,null,null,26,null,null,8.21,380,null,null,.042,1.4,null,21.34,null,null,0,106.5,128.7,72,.399,1.033,28.8,13.608,28.06,3.128,39.05,10.224,0,129.93,null,null,null
139,01/11/2004,02/11/2004,143.6999969482422,null,null,null,26,null,null,8.21,380,null,null,.042,1.4,null,21.34,null,null,0,106.5,128.7,72,.399,1.033,28.8,13.608,28.06,3.128,39.05,10.224,0,129.93,null,null,null
140,01/12/2004,02/12/2004,2.4040000438690186,null,null,null,24,null,null,8.33,630,null,null,.028,.896,null,30.95,null,null,1.494,156,181.05,96,.475,1.141,38.4,20.412,52.44,4.301,70.645,42,1.8,186.66,null,null,null
141,01/12/2004,02/12/2004,2.4040000438690186,null,null,null,24,null,null,8.33,630,null,null,.028,.896,null,30.95,null,null,1.494,156,181.05,96,.475,1.141,38.4,20.412,52.44,4.301,70.645,42,1.8,186.66,null,null,null
142,01/01/2005,02/01/2005,null,null,null,null,null,null,null,null,null,null,null,null,null,null,null,null,null,null,null,null,null,null,null,null,null,null,null,null,null,null,null,null,null,null
143,01/02/2005,02/02/2005,null,null,null,null,null,null,null,null,null,null,null,null,null,null,null,null,null,null,null,null,null,null,null,null,null,null,null,null,null,null,null,null,null,null
144,01/03/2005,02/03/2005,null,null,null,null,null,null,null,null,null,null,null,null,null,null,null,null,null,null,null,null,null,null,null,null,null,null,null,null,null,null,null,null,null,null
145,01/04/2005,02/04/2005,null,null,null,null,null,null,null,null,null,null,null,null,null,null,null,null,null,null,null,null,null,null,null,null,null,null,null,null,null,null,null,null,null,null
146,01/05/2005,02/05/2005,null,null,null,null,null,null,null,null,null,null,null,null,null,null,null,null,null,null,null,null,null,null,null,null,null,null,null,null,null,null,null,null,null,null
147,01/06/2005,02/06/2005,null,null,null,null,null,null,null,null,null,null,null,null,null,null,null,null,null,null,null,null,null,null,null,null,null,null,null,null,null,null,null,null,null,null
148,01/07/2005,02/07/2005,null,null,null,null,null,null,null,null,null,null,null,null,null,null,null,null,null,null,null,null,null,null,null,null,null,null,null,null,null,null,null,null,null,null
149,01/08/2005,02/08/2005,null,null,null,null,null,null,null,null,null,null,null,null,null,null,null,null,null,null,null,null,null,null,null,null,null,null,null,null,null,null,null,null,null,null
150,01/09/2005,02/09/2005,null,null,null,null,null,null,null,null,null,null,null,null,null,null,null,null,null,null,null,null,null,null,null,null,null,null,null,null,null,null,null,null,null,null
151,01/10/2005,02/10/2005,null,null,null,null,null,null,null,null,null,null,null,null,null,null,null,null,null,null,null,null,null,null,null,null,null,null,null,null,null,null,null,null,null,null
152,02/11/2005,02/11/2005,156.8000030517578,null,null,null,23,Light Brown,odour free,7.88,585,null,null,null,null,null,null,null,null,0,191.5,182.819,76,null,null,30.4,25.636,49.22,null,110.405,null,0,233.63,null,null,null
153,02/11/2005,02/11/2005,156.8000030517578,null,null,null,23,Light Brown,odour free,7.88,585,null,null,null,null,null,null,null,null,0,191.5,182.819,76,null,null,30.4,25.636,49.22,null,110.405,null,0,233.63,null,null,null
154,01/12/2005,01/12/2005,193.6999969482422,null,null,null,23,Clear,odour free,7.39,566,null,null,null,null,null,null,null,null,0,129,162.925,88,null,null,35.2,17.982,52.9,null,45.795,null,0,157.38,null,null,null
155,01/12/2005,01/12/2005,193.6999969482422,null,null,null,23,Clear,odour free,7.39,566,null,null,null,null,null,null,null,null,0,129,162.925,88,null,null,35.2,17.982,52.9,null,45.795,null,0,157.38,null,null,null
156,02/01/2006,02/01/2006,34.22999954223633,null,null,null,27,Clear,odour free,7.72,694,null,null,null,null,null,null,null,null,0,212.5,209.425,94,null,null,37.6,27.702,57.04,null,70.29,null,0,259.25,null,null,null
157,02/01/2006,02/01/2006,34.22999954223633,null,null,null,27,Clear,odour free,7.72,694,null,null,null,null,null,null,null,null,0,212.5,209.425,94,null,null,37.6,27.702,57.04,null,70.29,null,0,259.25,null,null,null
158,01/02/2006,01/02/2006,0.14100000262260437,null,null,null,25.5,Clear,odour free,8.11,658,null,null,null,null,null,null,null,null,0,183.5,136.55,92,null,null,36.8,10.692,61.18,null,74.195,24.24,0,223.87,null,null,null
159,01/02/2006,01/02/2006,0.14100000262260437,null,null,null,25.5,Clear,odour free,8.11,658,null,null,null,null,null,null,null,null,0,183.5,136.55,92,null,null,36.8,10.692,61.18,null,74.195,24.24,0,223.87,null,null,null
160,01/03/2006,02/03/2006,null,null,null,null,null,null,null,null,null,null,null,null,null,null,null,null,null,null,null,null,null,null,null,null,null,null,null,null,null,null,null,null,null,null
161,01/04/2006,02/04/2006,null,null,null,null,null,null,null,null,null,null,null,null,null,null,null,null,null,null,null,null,null,null,null,null,null,null,null,null,null,null,null,null,null,null
162,01/05/2006,02/05/2006,null,null,null,null,null,null,null,null,null,null,null,null,null,null,null,null,null,null,null,null,null,null,null,null,null,null,null,null,null,null,null,null,null,null
163,01/06/2006,01/06/2006,null,null,null,null,null,null,null,null,null,null,null,null,null,null,null,null,null,null,null,null,null,null,null,null,null,null,null,null,null,null,null,null,null,null
164,01/07/2006,,null,null,null,null,null,null,null,null,null,null,null,null,null,null,null,null,null,null,null,null,null,null,null,null,null,null,null,null,null,null,null,null,null,null
165,01/08/2006,,null,null,null,null,null,null,null,null,null,null,null,null,null,null,null,null,null,null,null,null,null,null,null,null,null,null,null,null,null,null,null,null,null,null
166,01/09/2006,,null,null,null,null,null,null,null,null,null,null,null,null,null,null,null,null,null,null,null,null,null,null,null,null,null,null,null,null,null,null,null,null,null,null
167,01/10/2006,,null,null,null,null,null,null,null,null,null,null,null,null,null,null,null,null,null,null,null,null,null,null,null,null,null,null,null,null,null,null,null,null,null,null
168,01/11/2006,,0,null,null,null,null,null,null,null,null,null,null,null,null,null,null,null,null,null,null,null,null,null,null,null,null,null,null,null,null,null,null,null,null,null
169,01/11/2006,,0,null,null,null,null,null,null,null,null,null,null,null,null,null,null,null,null,null,null,null,null,null,null,null,null,null,null,null,null,null,null,null,null,null
170,01/12/2006,,0,null,null,null,null,null,null,null,null,null,null,null,null,null,null,null,null,null,null,null,null,null,null,null,null,null,null,null,null,null,null,null,null,null
171,01/12/2006,,0,null,null,null,null,null,null,null,null,null,null,null,null,null,null,null,null,null,null,null,null,null,null,null,null,null,null,null,null,null,null,null,null,null
172,01/01/2007,,null,null,null,null,null,null,null,null,null,null,null,null,null,null,null,null,null,null,null,null,null,null,null,null,null,null,null,null,null,null,null,null,null,null
173,01/02/2007,,null,null,null,null,null,null,null,null,null,null,null,null,null,null,null,null,null,null,null,null,null,null,null,null,null,null,null,null,null,null,null,null,null,null
174,01/03/2007,,null,null,null,null,null,null,null,null,null,null,null,null,null,null,null,null,null,null,null,null,null,null,null,null,null,null,null,null,null,null,null,null,null,null
175,01/04/2007,,null,null,null,null,null,null,null,null,null,null,null,null,null,null,null,null,null,null,null,null,null,null,null,null,null,null,null,null,null,null,null,null,null,null
176,01/05/2007,,null,null,null,null,null,null,null,null,null,null,null,null,null,null,null,null,null,null,null,null,null,null,null,null,null,null,null,null,null,null,null,null,null,null
177,01/06/2007,,null,null,null,null,null,null,null,null,null,null,null,null,null,null,null,null,null,null,null,null,null,null,null,null,null,null,null,null,null,null,null,null,null,null
178,01/07/2007,,null,null,null,null,null,null,null,null,null,null,null,null,null,null,null,null,null,null,null,null,null,null,null,null,null,null,null,null,null,null,null,null,null,null
179,01/08/2007,,null,null,null,null,null,null,null,null,null,null,null,null,null,null,null,null,null,null,null,null,null,null,null,null,null,null,null,null,null,null,null,null,null,null
180,01/09/2007,,null,null,null,null,null,null,null,null,null,null,null,null,null,null,null,null,null,null,null,null,null,null,null,null,null,null,null,null,null,null,null,null,null,null
181,01/10/2007,,null,null,null,null,null,null,null,null,null,null,null,null,null,null,null,null,null,null,null,null,null,null,null,null,null,null,null,null,null,null,null,null,null,null
182,01/11/2007,,null,null,null,null,null,null,null,null,null,null,null,null,null,null,null,null,null,null,null,null,null,null,null,null,null,null,null,null,null,null,null,null,null,null
183,01/12/2007,,null,null,null,null,null,null,null,null,null,null,null,null,null,null,null,null,null,null,null,null,null,null,null,null,null,null,null,null,null,null,null,null,null,null
184,01/01/2008,,11.361000061035156,null,null,null,null,null,null,null,null,null,null,null,null,null,null,null,null,null,null,null,null,null,null,null,null,null,null,null,null,null,null,null,null,null
185,01/01/2008,,11.361000061035156,null,null,null,null,null,null,null,null,null,null,null,null,null,null,null,null,null,null,null,null,null,null,null,null,null,null,null,null,null,null,null,null,null
186,01/02/2008,,null,null,null,null,null,null,null,null,null,null,null,null,null,null,null,null,null,null,null,null,null,null,null,null,null,null,null,null,null,null,null,null,null,null
187,01/03/2008,,null,null,null,null,null,null,null,null,null,null,null,null,null,null,null,null,null,null,null,null,null,null,null,null,null,null,null,null,null,null,null,null,null,null
188,01/04/2008,,0,null,null,null,null,null,null,null,null,null,null,null,null,null,null,null,null,null,null,null,null,null,null,null,null,null,null,null,null,null,null,null,null,null
189,01/05/2008,,null,null,null,null,null,null,null,null,null,null,null,null,null,null,null,null,null,null,null,null,null,null,null,null,null,null,null,null,null,null,null,null,null,null
190,01/06/2008,02/06/2008,null,null,null,null,null,null,null,null,null,null,null,null,null,null,null,null,null,null,null,null,null,null,null,null,null,null,null,null,null,null,null,null,null,null
191,01/07/2008,02/07/2008,null,null,null,null,null,null,null,null,null,null,null,null,null,null,null,null,null,null,null,null,null,null,null,null,null,null,null,null,null,null,null,null,null,null
192,01/08/2008,02/08/2008,null,null,null,null,null,null,null,null,null,null,null,null,null,null,null,null,null,null,null,null,null,null,null,null,null,null,null,null,null,null,null,null,null,null
193,01/09/2008,02/09/2008,null,null,null,null,null,null,null,null,null,null,null,null,null,null,null,null,null,null,null,null,null,null,null,null,null,null,null,null,null,null,null,null,null,null
194,01/10/2008,02/10/2008,null,null,null,null,null,null,null,null,null,null,null,null,null,null,null,null,null,null,null,null,null,null,null,null,null,null,null,null,null,null,null,null,null,null
195,01/11/2008,02/11/2008,null,null,null,null,null,null,null,null,null,null,null,null,null,null,null,null,null,null,null,null,null,null,null,null,null,null,null,null,null,null,null,null,null,null
196,01/12/2008,02/12/2008,261.6260070800781,7,null,null,25,Clear,odour free,7.75,485,null,null,null,null,null,null,null,null,0,174.95,156.95,80,null,null,32,18.468,null,null,76.254,null,0,213.439,null,null,null
197,01/12/2008,02/12/2008,261.6260070800781,7,null,null,25,Clear,odour free,7.75,485,null,null,null,null,null,null,null,null,0,174.95,156.95,80,null,null,32,18.468,null,null,76.254,null,0,213.439,null,null,null
198,01/01/2009,02/01/2009,null,null,null,null,null,null,null,null,null,null,null,null,null,null,null,null,null,null,null,null,null,null,null,null,null,null,null,null,null,null,null,null,null,null
199,02/02/2009,03/02/2009,null,null,null,null,null,null,null,null,null,null,null,null,null,null,null,null,null,null,null,null,null,null,null,null,null,null,null,null,null,null,null,null,null,null
200,02/03/2009,03/03/2009,null,null,null,null,null,null,null,null,null,null,null,null,null,null,null,null,null,null,null,null,null,null,null,null,null,null,null,null,null,null,null,null,null,null
201,01/04/2009,02/04/2009,null,null,null,null,null,null,null,null,null,null,null,null,null,null,null,null,null,null,null,null,null,null,null,null,null,null,null,null,null,null,null,null,null,null
202,01/05/2009,02/05/2009,null,null,null,null,null,null,null,null,null,null,null,null,null,null,null,null,null,null,null,null,null,null,null,null,null,null,null,null,null,null,null,null,null,null
203,01/06/2009,02/06/2009,null,null,null,null,null,null,null,null,null,null,null,null,null,null,null,null,null,null,null,null,null,null,null,null,null,null,null,null,null,null,null,null,null,null
204,01/07/2009,02/07/2009,null,null,null,null,null,null,null,null,null,null,null,null,null,null,null,null,null,null,null,null,null,null,null,null,null,null,null,null,null,null,null,null,null,null
205,01/08/2009,02/08/2009,null,null,null,null,null,null,null,null,null,null,null,null,null,null,null,null,null,null,null,null,null,null,null,null,null,null,null,null,null,null,null,null,null,null
206,01/09/2009,01/09/2009,null,null,null,null,null,null,null,null,null,null,null,null,null,null,null,null,null,null,null,null,null,null,null,null,null,null,null,null,null,null,null,null,null,null
207,01/10/2009,01/10/2009,null,null,null,null,null,null,null,null,null,null,null,null,null,null,null,null,null,null,null,null,null,null,null,null,null,null,null,null,null,null,null,null,null,null
208,03/11/2009,03/11/2009,null,null,null,null,null,null,null,null,null,null,null,null,null,null,null,null,null,null,null,null,null,null,null,null,null,null,null,null,null,null,null,null,null,null
209,17/12/2009,17/12/2009,1.1679999828338623,7,null,null,26.5,Clear,odour free,8.56,595,null,null,null,null,null,null,1.109,null,33.192,278.65,227.15,44.9,.391,null,17.96,43.74,70.127,6.999,85.555,26.352,39.99,258.64,null,null,null
210,17/12/2009,17/12/2009,1.1679999828338623,7,null,null,26.5,Clear,odour free,8.56,595,null,null,null,null,null,null,1.109,null,33.192,278.65,227.15,44.9,.391,null,17.96,43.74,70.127,6.999,85.555,26.352,39.99,258.64,null,null,null
211,01/01/2010,01/01/2010,null,null,null,null,null,null,null,null,null,null,null,null,null,null,null,null,null,null,null,null,null,null,null,null,null,null,null,null,null,null,null,null,null,null
212,01/02/2010,01/02/2010,null,null,null,null,null,null,null,null,null,null,null,null,null,null,null,null,null,null,null,null,null,null,null,null,null,null,null,null,null,null,null,null,null,null
213,01/03/2010,01/03/2010,null,null,null,null,null,null,null,null,null,null,null,null,null,null,null,null,null,null,null,null,null,null,null,null,null,null,null,null,null,null,null,null,null,null
214,01/04/2010,02/04/2010,null,null,null,null,null,null,null,null,null,null,null,null,null,null,null,null,null,null,null,null,null,null,null,null,null,null,null,null,null,null,null,null,null,null
215,01/05/2010,02/05/2010,null,null,null,null,null,null,null,null,null,null,null,null,null,null,null,null,null,null,null,null,null,null,null,null,null,null,null,null,null,null,null,null,null,null
216,01/06/2010,01/06/2010,null,null,null,null,null,null,null,null,null,null,null,null,null,null,null,null,null,null,null,null,null,null,null,null,null,null,null,null,null,null,null,null,null,null
217,01/07/2010,01/07/2010,null,null,null,null,null,null,null,null,null,null,null,null,null,null,null,null,null,null,null,null,null,null,null,null,null,null,null,null,null,null,null,null,null,null
218,01/08/2010,01/08/2010,null,null,null,null,null,null,null,null,null,null,null,null,null,null,null,null,null,null,null,null,null,null,null,null,null,null,null,null,null,null,null,null,null,null
219,01/09/2010,01/09/2010,null,null,null,null,null,null,null,null,null,null,null,null,null,null,null,null,null,null,null,null,null,null,null,null,null,null,null,null,null,null,null,null,null,null
220,01/10/2010,01/10/2010,null,null,null,null,null,null,null,null,null,null,null,null,null,null,null,null,null,null,null,null,null,null,null,null,null,null,null,null,null,null,null,null,null,null
221,11/11/2010,11/11/2010,41.016998291015625,7,null,null,26,Light Brown,odour free,8.04,526,null,null,null,null,null,null,.802,null,0,181.238,166.85,85.85,.324,null,34.34,19.44,42.6,5.8,68.91,14.5,0,221.11,null,null,null
222,11/11/2010,11/11/2010,41.016998291015625,7,null,null,26,Light Brown,odour free,8.04,526,null,null,null,null,null,null,.802,null,0,181.238,166.85,85.85,.324,null,34.34,19.44,42.6,5.8,68.91,14.5,0,221.11,null,null,null
223,01/12/2010,01/12/2010,145.82400512695313,7.4,null,null,25,Light Brown,odour free,8.18,620,null,null,null,null,null,null,.709,null,0,217.492,199.467,106.3,.384,null,42.52,22.36,56.7,5.4,88.06,19.92,0,265.34,null,null,null
224,01/12/2010,01/12/2010,145.82400512695313,7.4,null,null,25,Light Brown,odour free,8.18,620,null,null,null,null,null,null,.709,null,0,217.492,199.467,106.3,.384,null,42.52,22.36,56.7,5.4,88.06,19.92,0,265.34,null,null,null
225,03/01/2011,04/01/2011,13.600000381469727,7,null,null,26.5,Clear,odour free,8.36,831,null,null,null,null,null,null,.288,null,45.177,263.217,239.858,94.025,.485,null,37.61,35,81.4,6.2,122.52,29.33,54.43,210.45,null,null,null
226,03/01/2011,04/01/2011,13.600000381469727,7,null,null,26.5,Clear,odour free,8.36,831,null,null,null,null,null,null,.288,null,45.177,263.217,239.858,94.025,.485,null,37.61,35,81.4,6.2,122.52,29.33,54.43,210.45,null,null,null
227,01/02/2011,01/02/2011,0.2879999876022339,7,null,null,26,Clear,odour free,8.35,662,null,null,null,null,null,null,.575,null,30.635,230.377,191.092,77.675,.471,null,31.07,27.22,75.8,5.6,100.79,25.23,36.91,206.01,null,null,null
228,01/02/2011,01/02/2011,0.2879999876022339,7,null,null,26,Clear,odour free,8.35,662,null,null,null,null,null,null,.575,null,30.635,230.377,191.092,77.675,.471,null,31.07,27.22,75.8,5.6,100.79,25.23,36.91,206.01,null,null,null
229,01/03/2011,01/03/2011,null,null,null,null,null,null,null,null,null,null,null,null,null,null,null,null,null,null,null,null,null,null,null,null,null,null,null,null,null,null,null,null,null,null
230,01/04/2011,01/04/2011,null,null,null,null,null,null,null,null,null,null,null,null,null,null,null,null,null,null,null,null,null,null,null,null,null,null,null,null,null,null,null,null,null,null
231,02/05/2011,02/05/2011,null,7,null,null,29.5,Clear,odour free,8.3,799,null,null,null,null,null,null,1.199,null,35.856,224,209.917,68.125,.549,null,27.25,34.03,93.9,6.6,152.18,20.9,43.2,185.44,null,null,null
232,01/06/2011,01/06/2011,null,null,null,null,null,null,null,null,null,null,null,null,null,null,null,null,null,null,null,null,null,null,null,null,null,null,null,null,null,null,null,null,null,null
233,01/07/2011,01/07/2011,null,null,null,null,null,null,null,null,null,null,null,null,null,null,null,null,null,null,null,null,null,null,null,null,null,null,null,null,null,null,null,null,null,null
234,01/08/2011,01/08/2011,null,null,null,null,null,null,null,null,null,null,null,null,null,null,null,null,null,null,null,null,null,null,null,null,null,null,null,null,null,null,null,null,null,null
235,01/09/2011,01/09/2011,null,null,null,null,null,null,null,null,null,null,null,null,null,null,null,null,null,null,null,null,null,null,null,null,null,null,null,null,null,null,null,null,null,null
236,29/10/2011,29/10/2011,1.8969999551773071,7,null,null,23,Brown,odour free,8.71,701,null,null,null,null,null,null,2.05,null,35.856,168,221.942,80.15,.466,null,32.06,34.03,77.7,6.1,129.02,23.98,43.2,117.12,null,null,null
237,29/10/2011,29/10/2011,1.8969999551773071,7,null,null,23,Brown,odour free,8.71,701,null,null,null,null,null,null,2.05,null,35.856,168,221.942,80.15,.466,null,32.06,34.03,77.7,6.1,129.02,23.98,43.2,117.12,null,null,null
238,01/11/2011,01/11/2011,4.052000045776367,7,null,null,26,Clear,odour free,8.46,731,null,null,null,null,null,null,1.64,null,11.471,86.394,116.883,28.05,.401,null,11.22,21.32,82.6,5.2,137.46,21.55,13.82,77.3,null,null,null
239,01/11/2011,01/11/2011,4.052000045776367,7,null,null,26,Clear,odour free,8.46,731,null,null,null,null,null,null,1.64,null,11.471,86.394,116.883,28.05,.401,null,11.22,21.32,82.6,5.2,137.46,21.55,13.82,77.3,null,null,null
240,01/12/2011,01/12/2011,35.01900100708008,7,null,null,25,Green,odour free,8.32,752,null,null,null,null,null,null,1.9,null,17.214,184.329,197.733,72.15,.371,null,28.86,30.14,66.7,5.6,96.22,21.65,20.74,182.71,null,null,null
241,01/12/2011,01/12/2011,35.01900100708008,7,null,null,25,Green,odour free,8.32,752,null,null,null,null,null,null,1.9,null,17.214,184.329,197.733,72.15,.371,null,28.86,30.14,66.7,5.6,96.22,21.65,20.74,182.71,null,null,null
242,02/01/2012,02/01/2012,91.16200256347656,7,null,null,25,Green,odour free,7.8,557,null,null,null,null,null,null,2.01,null,0,126.721,141.45,32.075,.29,null,12.83,26.25,50.6,4.6,79.04,19.89,0,154.6,null,null,null
243,02/01/2012,02/01/2012,91.16200256347656,7,null,null,25,Green,odour free,7.8,557,null,null,null,null,null,null,2.01,null,0,126.721,141.45,32.075,.29,null,12.83,26.25,50.6,4.6,79.04,19.89,0,154.6,null,null,null
244,01/02/2012,01/02/2012,null,null,null,null,null,null,null,null,null,null,null,null,null,null,null,null,null,null,null,null,null,null,null,null,null,null,null,null,null,null,null,null,null,null
245,01/03/2012,01/03/2012,null,null,null,null,null,null,null,null,null,null,null,null,null,null,null,null,null,null,null,null,null,null,null,null,null,null,null,null,null,null,null,null,null,null
246,02/04/2012,02/04/2012,0,null,null,null,null,null,null,null,null,null,null,null,null,null,null,null,null,null,null,null,null,null,null,null,null,null,null,null,null,null,null,null,null,null
247,02/04/2012,02/04/2012,0,null,null,null,null,null,null,null,null,null,null,null,null,null,null,null,null,null,null,null,null,null,null,null,null,null,null,null,null,null,null,null,null,null
248,01/05/2012,01/05/2012,null,null,null,null,null,null,null,null,null,null,null,null,null,null,null,null,null,null,null,null,null,null,null,null,null,null,null,null,null,null,null,null,null,null
249,01/06/2012,02/06/2012,null,null,null,null,null,null,null,null,null,null,null,null,null,null,null,null,null,null,null,null,null,null,null,null,null,null,null,null,null,null,null,null,null,null
250,02/07/2012,03/07/2012,null,null,null,null,null,null,null,null,null,null,null,null,null,null,null,null,null,null,null,null,null,null,null,null,null,null,null,null,null,null,null,null,null,null
251,01/08/2012,02/08/2012,null,null,null,null,null,null,null,null,null,null,null,null,null,null,null,null,null,null,null,null,null,null,null,null,null,null,null,null,null,null,null,null,null,null
252,01/09/2012,02/09/2012,null,null,null,null,null,null,null,null,null,null,null,null,null,null,null,null,null,null,null,null,null,null,null,null,null,null,null,null,null,null,null,null,null,null
253,01/10/2012,02/10/2012,null,null,null,null,null,null,null,null,null,null,null,null,null,null,null,null,null,null,null,null,null,null,null,null,null,null,null,null,null,null,null,null,null,null
254,01/11/2012,02/11/2012,null,7,null,null,24,Brown,odour free,7.67,386,206,null,null,null,null,null,.68,null,0,102.041,98.525,51.025,.51,null,20.41,11.4,38.5,3.4,63.67,10.91,0,124.49,null,null,null
255,01/12/2012,02/12/2012,null,null,null,null,null,null,null,null,null,null,null,null,null,null,null,null,null,null,null,null,null,null,null,null,null,null,null,null,null,null,null,null,null,null
256,01/01/2013,02/01/2013,null,null,null,null,null,null,null,null,null,null,null,null,null,null,null,null,null,null,null,null,null,null,null,null,null,null,null,null,null,null,null,null,null,null
257,01/02/2013,02/02/2013,null,null,null,null,null,null,null,null,null,null,null,null,null,null,null,null,null,null,null,null,null,null,null,null,null,null,null,null,null,null,null,null,null,null
258,01/03/2013,02/03/2013,null,null,null,null,null,null,null,null,null,null,null,null,null,null,null,null,null,null,null,null,null,null,null,null,null,null,null,null,null,null,null,null,null,null
259,01/04/2013,01/04/2013,null,null,null,null,null,null,null,null,null,null,null,null,null,null,null,null,null,null,null,null,null,null,null,null,null,null,null,null,null,null,null,null,null,null
260,01/05/2013,01/05/2013,null,null,null,null,null,null,null,null,null,null,null,null,null,null,null,null,null,null,null,null,null,null,null,null,null,null,null,null,null,null,null,null,null,null
261,01/06/2013,01/06/2013,null,null,null,null,null,null,null,null,null,null,null,null,null,null,null,null,null,null,null,null,null,null,null,null,null,null,null,null,null,null,null,null,null,null
262,01/07/2013,01/07/2013,null,null,null,null,null,null,null,null,null,null,null,null,null,null,null,null,null,null,null,null,null,null,null,null,null,null,null,null,null,null,null,null,null,null
263,01/08/2013,01/08/2013,null,null,null,null,null,null,null,null,null,null,null,null,null,null,null,null,null,null,null,null,null,null,null,null,null,null,null,null,null,null,null,null,null,null
264,01/09/2013,01/09/2013,null,null,null,null,null,null,null,null,null,null,null,null,null,null,null,null,null,null,null,null,null,null,null,null,null,null,null,null,null,null,null,null,null,null
265,01/10/2013,01/10/2013,null,null,null,null,null,null,null,null,null,null,null,null,null,null,null,null,null,null,null,null,null,null,null,null,null,null,null,null,null,null,null,null,null,null
266,01/11/2013,01/11/2013,null,null,null,null,null,null,null,null,null,null,null,null,null,null,null,null,null,null,null,null,null,null,null,null,null,null,null,null,null,null,null,null,null,null
267,01/12/2013,01/12/2013,null,null,null,null,null,null,null,null,null,null,null,null,null,null,null,null,null,null,null,null,null,null,null,null,null,null,null,null,null,null,null,null,null,null
268,01/01/2014,01/01/2014,null,null,null,null,null,null,null,null,null,null,null,null,null,null,null,null,null,null,null,null,null,null,null,null,null,null,null,null,null,null,null,null,null,null
