"TOPWET","STREAMS_KM_SQ_KM","STRAHLER_MAX","PCT_1ST_ORDER","PCT_2ND_ORDER","PCT_3RD_ORDER","PCT_4TH_ORDER","PCT_5TH_ORDER","PCT_6TH_ORDER_OR_MORE"
7.43399749806248,0.311380711224313,6,0.455020410633886,0.213290338145763,0.145313078596737,0.112824475788586,0.0457058141828152,0.0278458826522128
7.43437139266601,0.311614758779241,6,0.454715942587738,0.213130140078354,0.145203936876756,0.112739735602345,0.04567148546842,0.0285387593863866
7.57833554660244,0.453045064664204,6,0.444381086416482,0.221743644822887,0.153796516577566,0.120577178819928,0.0335508213032463,0.0259507520598905
8.68703537057398,0.013696143999882,4,0.502357757523158,0.25306375068839,0.144911834085776,0.0996666577026759,0,0.0996666577026759
7.33312921467659,0.223123056830843,6,0.459332608966425,0.211047579237873,0.152781413760958,0.0928206803784465,0.0638129801114962,0.0202047375448012
7.62814082243555,0.0143585112097721,4,0.447771798803308,0.245307266479944,0.251785614813725,0.0551353199030235,0,0.0551353199030235
7.94904718706508,0.00823009349298758,4,0.447737635815338,0.2745651728905,0.144790149009134,0.132907042285029,0,0.132907042285029
7.36166952479213,0.244862322802571,6,0.453267777120087,0.217090482251202,0.149230706969711,0.0995141350879946,0.0581475623730109,0.0227493361979942
8.19335598563254,0.0418422581056469,5,0.484324000673703,0.241505853048007,0.0965008093533701,0.145917167357659,0.0317521695672613,0.0317521695672613
8.08477184944412,0.00990806642306192,3,0.487194545907339,0.316800988626083,0.196004465466577,0,0,0.196004465466577
8.14790229482856,0.0394162670528161,5,0.4856529092582,0.245086507033073,0.102257668379495,0.155120857459901,0.0118820578693303,0.0118820578693303
7.36178001921376,0.244887987405489,6,0.453220274024331,0.217067730865627,0.14921506738331,0.0995037058677261,0.0581414684273063,0.0228517534317003
8.08477184944412,0.00990806642306192,3,0.487194545907339,0.316800988626083,0.196004465466577,0,0,0.196004465466577
7.84027064430629,0.00654535528859879,3,0.374637357329053,0.342760029531153,0.282602613139794,0,0,0.282602613139794
7.13609281511257,0.00567736247580122,3,0.717312648456926,0.184907104232823,0.0977802473102509,0,0,0.0977802473102509
7.20213938676308,0.00670341478498423,3,0.553119913766155,0.289679517692875,0.157200568540971,0,0,0.157200568540971
9.14110178520533,0.184835220294325,5,0.467770241800034,0.260932812796167,0.150761929446079,0.0638419645819338,0.0566930513757871,0.0566930513757871
8.91600057259611,0.0158744914862859,4,0.494868034698757,0.283221056165463,0.165205098012184,0.0567058111235968,0,0.0567058111235968
9.07551065487964,0.154797851656859,5,0.470291796607314,0.255342925360726,0.147987766304247,0.0766560693047785,0.0497214424229339,0.0497214424229339
8.92216880028074,0.394220825058088,6,0.492774499615377,0.257149025061332,0.126933286482038,0.06671841794326,0.0344233698413372,0.0220014010566558
8.99686385763574,0.185742886231194,6,0.495409990804191,0.24713720076235,0.118971319922629,0.111307279005305,0.0178089064334697,0.00936530307205493
8.98036804575911,0.665226784345771,6,0.497445419052888,0.260146501908353,0.120054306678372,0.0663794956979251,0.020378593789765,0.0355956828726964
8.900402526827,0.45757396544984,6,0.491305854745335,0.263836165067119,0.12549436118746,0.0607756552805238,0.0296063568925568,0.0289816068270056
9.06651011722016,0.114894352874952,5,0.479131345688506,0.252800423829164,0.138328482149572,0.0987208993443449,0.0310188489884134,0.0310188489884134
8.91370151611494,0.556082049183862,6,0.492325276882679,0.264259647310796,0.126388545076072,0.0622513924129084,0.024488851692097,0.0302862866254471
8.78930509338383,0.0460608897441364,4,0.488241683278688,0.276583203300548,0.119269027553169,0.115906085867595,0,0.115906085867595
7.59172160822213,0.580592870223536,6,0.50591932431318,0.234879045936497,0.124395865931471,0.0752291767007092,0.0437847543517365,0.0157918327664066
7.1309099299919,0.0640487336543288,5,0.490632480073969,0.21581137995146,0.136418956001153,0.121861899040173,0.0352752849332446,0.0352752849332446
7.39092240787612,0.072203371310821,5,0.513310633065767,0.190278875705849,0.113814659942991,0.0768220762544622,0.105773755030931,0.105773755030931
7.15017186375948,0.144190801513668,6,0.475285721747923,0.247176364474768,0.13756311805766,0.0815172672543942,0.0348619934470107,0.0235955350182431
7.89738711126749,5.81468633358502,7,0.497719469307097,0.243459954417379,0.118755184095105,0.0664134205062415,0.0317000384290411,0.041951933245136
7.39352781171817,0.0506321359723797,5,0.456728476288085,0.238880085075269,0.125745716989189,0.115336624355653,0.0633090972918041,0.0633090972918041
8.43407921141509,0.0525338675318351,5,0.52352743775726,0.227516849127587,0.138192767598896,0.0947766144295087,0.0159863310867487,0.0159863310867487
8.37225376914509,0.0970658148141532,4,0.422209439529403,0.268107848618548,0.200009565197095,0.109673146654954,0,0.109673146654954
7.29434393022565,0.413849202237329,6,0.516052264699692,0.24210401993846,0.113877350985135,0.0726864093016567,0.0469962172293969,0.0082837378456591
7.3462897598873,0.125741447102372,6,0.495038426282599,0.229377512175051,0.153853801596728,0.0596315791136863,0.0498806258287697,0.0122180550031659
8.24307742413372,0.330254728797376,6,0.448786288474227,0.285992578148106,0.120109288510326,0.0674960501323922,0.0528282126111321,0.0247875821238172
7.38527054642399,0.020193244708043,4,0.445127719929267,0.35029562911595,0.0567417415966887,0.147834909358094,0,0.147834909358094
7.40145949505537,0.138193555341728,6,0.490109998958876,0.246074161985305,0.141847944882776,0.0542044769057742,0.0451350420253304,0.0226283752419379
7.63907854767235,0.0734459820352269,4,0.498134786947569,0.208566888096027,0.122914972405684,0.170383352550719,0,0.170383352550719
8.11603498461228,0.169156875336221,5,0.474700306700542,0.243053716122323,0.143545016570814,0.101914242206036,0.0367867184002852,0.0367867184002852
7.95032809948977,6.47680741461002,7,0.493923115234407,0.247000443800821,0.117679549013712,0.0662582636309756,0.0329383124704079,0.0422003158496761
7.44027974060255,0.0633932895325764,5,0.512312758200888,0.219978128293064,0.100711941342748,0.0520728846642771,0.114924287499023,0.114924287499023
7.33257638132645,0.293600894674523,6,0.506469528433119,0.262180264877687,0.114135381604805,0.0563720084250679,0.0362543995283557,0.024588417130966
7.29520057360607,0.17252231401563,6,0.474594928707701,0.255324119512687,0.137914605976236,0.0681040318093415,0.0290877308296007,0.0349745831644345
7.30218662666765,0.211959489286413,6,0.487953200969534,0.278764233888397,0.113541420294785,0.0628885860942918,0.024229889623426,0.0326226691295662
7.42603617102078,0.0733443467516759,5,0.510115976199946,0.212885544720556,0.175210085827039,0.0463819772613446,0.055406415991114,0.055406415991114
7.42617197669097,0.0732074330359558,5,0.510906397172976,0.213283686681584,0.175537766540423,0.0464687215793181,0.0538034280256992,0.0538034280256992
7.96297845852079,0.143110446355611,6,0.440288630056433,0.278758017364409,0.157738882987974,0.0640931200939768,0.0551092341207061,0.00401211537650044
8.88575731188693,0.0164599755258344,3,0.440217152291076,0.339917251721052,0.219865595987873,0,0,0.219865595987873
9.00349780376233,0.000850760164062155,2,0.33145175908412,0.66854824091588,0,0,0,0.66854824091588
8.94819945650789,0.0846173252967028,5,0.479949925147571,0.287826796152895,0.109597181808739,0.0894993591206571,0.0331267377701379,0.0331267377701379
7.30754410961748,0.444723014356377,6,0.521611109020497,0.23879583257438,0.115822378604946,0.0628302298029776,0.0532387635596212,0.00770168643757795
7.61853995504969,0.163589124917686,6,0.482328423669372,0.252420620145757,0.137137560366911,0.0461093426662236,0.0382424995870472,0.0437615535646896
8.19255736476511,0.0333485325788559,5,0.496147924332893,0.265478228990995,0.136568280734588,0.0400504641884567,0.0617551017530675,0.0617551017530675
7.40973362544281,0.0409394851446049,4,0.513077268892272,0.204733493365253,0.14877415227948,0.133415085462995,0,0.133415085462995
7.52996223303252,0.0128793926663737,4,0.484137668826419,0.289879650742373,0.177596528589213,0.0483861518419944,0,0.0483861518419944
8.06982849007591,0.0799195765397824,4,0.428707775582403,0.25062578850222,0.209269714709146,0.111396721206231,0,0.111396721206231
7.59808005124083,0.0465648987597853,5,0.481950683583052,0.213900160497738,0.168176841285538,0.0210132246878812,0.114959089945791,0.114959089945791
9.61524333206595,0.00303299833362531,2,0.732748602572008,0.267251397427991,0,0,0,0.267251397427991
7.950486076885,6.47793502553774,7,0.493868028032562,0.247044449362584,0.11765906459315,0.0662392870262498,0.03293257891474,0.0422565920707142
7.09405149656136,0.0195077103032561,4,0.460157911448382,0.216276805350681,0.110722284777386,0.212842998423551,0,0.212842998423551
7.45590500674319,0.0589314978765297,5,0.521435692363355,0.212159209276606,0.185353275057515,0.0577778493864634,0.0232739739160614,0.0232739739160614
7.34654491627549,0.125856865008951,6,0.494642005857591,0.22924825193382,0.153749186079179,0.059590496507697,0.0498473402955029,0.0129227193262098
7.7177253106554,0.0261922947658584,4,0.492557338558009,0.256529886406298,0.148693582933162,0.102219192102531,0,0.102219192102531
7.34629951958876,0.118782253012257,6,0.497626042433214,0.224126266419126,0.160418509109215,0.0631337655365612,0.0528097149337447,0.00188570156813957
7.30300059338196,0.347114999118327,6,0.508661319070601,0.256345674650872,0.119144117758093,0.0533553981294931,0.0306651229835917,0.0318283674073494
7.36658364803468,0.00247590384735408,2,0.622908187747417,0.377091812252583,0,0,0,0.377091812252583
7.31605959054661,0.0138170659398327,3,0.388821785320014,0.213050392174286,0.398127822505699,0,0,0.398127822505699
7.39854216839759,0.0309814680950486,4,0.519472409279887,0.19935307707781,0.196606591057648,0.0845679225846552,0,0.0845679225846552
9.0211996075114,0.0878491059450028,5,0.469665469604843,0.276451970265365,0.107264005168666,0.0813427785156179,0.0652757764455078,0.0652757764455078
9.11301162378317,0.672229459286743,6,0.487924714046763,0.252818304737284,0.121872650523581,0.0834311577083391,0.0421398372747968,0.0118133357092366
8.65588538340738,0.0517893180660312,4,0.525333408550449,0.244826705384143,0.096861289367829,0.132978596697579,0,0.132978596697579
9.85068726967973,0.0637819618846951,4,0.514150455069441,0.224420636896835,0.151541092884578,0.109887815149146,0,0.109887815149146
8.96015034907944,0.0254352042454952,4,0.441511139236381,0.23246746920275,0.142694738622382,0.183326652938487,0,0.183326652938487
9.2436426226326,0.0573803722194205,5,0.526210023435462,0.231198797612882,0.132321001495633,0.100507409217912,0.00976276823811124,0.00976276823811124
9.03136783270568,0.952428354806073,6,0.492070309470942,0.255799583066154,0.122906158100119,0.0736865728253785,0.0371631093289106,0.0183742672084964
9.01465222157885,0.390958241203479,6,0.477395295281894,0.270004880326917,0.101410954777963,0.103973303075043,0.0415329452723429,0.00568262126583976
8.20702848515579,0.0313798320634761,4,0.50323956425104,0.277397340009692,0.120555796022963,0.0988072997163046,0,0.0988072997163046
8.15648176662177,0.0126077295270748,4,0.579233149483365,0.196853396384207,0.215866836497931,0.0080466176344966,0,0.0080466176344966
8.74313598187666,0.0516183865272032,5,0.483062750912159,0.280495076232208,0.0870101116397407,0.137410239276834,0.0120218219390579,0.0120218219390579
9.18315061915754,1.27023472189238,7,0.49874158408529,0.252288091939572,0.118338106835978,0.0756615444810037,0.0357228897658298,0.0192477828923263
8.10040284919591,0.0266878114117976,4,0.478310110881714,0.313674271497749,0.17011661642036,0.037899001200177,0,0.037899001200177
9.52203000447086,0.164125695789351,5,0.49996633698672,0.272065678937392,0.118465733818702,0.0722843625713953,0.0372178876857903,0.0372178876857903
7.83290022929232,0.0254484419615299,4,0.505641752986061,0.281818311242299,0.141763019831295,0.0707769159403455,0,0.0707769159403455
8.49426882808461,0.103675979845328,5,0.49476890778357,0.279544308676622,0.106540542537914,0.0828340086740273,0.0363122323278661,0.0363122323278661
9.24229464708455,0.0578744410787278,5,0.526025751283721,0.229291110040872,0.131235457862518,0.0996840801247404,0.013763600688148,0.013763600688148
8.95630233844435,0.126798265860902,5,0.477032389976213,0.269235673812406,0.103398265414636,0.11127257101454,0.0390610997822052,0.0390610997822052
9.50598454450368,0.145415125114353,5,0.474531664537576,0.268175535530509,0.126729645147824,0.0754182535738614,0.0551449012102292,0.0551449012102292
8.09674821262549,0.0249743104415571,4,0.451248521892334,0.292831666168423,0.166708391944604,0.0892114199946389,0,0.0892114199946389
9.5499521694597,0.0236949376207638,4,0.57547788751391,0.192946789577111,0.0964653195246025,0.135110003384377,0,0.135110003384377
8.97891010084727,0.0162459576048395,4,0.463553208239765,0.335867873498868,0.0642545910448763,0.136324327216491,0,0.136324327216491
8.77220266733699,0.00579736442744107,3,0.601059520397936,0.163222591762798,0.235717887839266,0,0,0.235717887839266
9.0635710972537,0.804178785004893,6,0.491389765767332,0.251104060789804,0.121921927675001,0.0811983310737741,0.0369771303292657,0.0174087843648229
8.54541079622416,0.0420282625087725,5,0.477720132051832,0.265775862007178,0.175073557544587,0.0599676808728329,0.0214627675235702,0.0214627675235702
8.25543672430299,0.177189494031376,5,0.495035851524749,0.228178414486129,0.145395201485988,0.0899610703437065,0.0414294621594279,0.0414294621594279
8.25439350414167,0.0552360504498193,5,0.497370955815263,0.226468015230973,0.179548457988428,0.0690513986916363,0.0275611722736995,0.0275611722736995
8.161452678452,0.123471131880037,5,0.487367732768221,0.22005883155064,0.17475151714072,0.0873779818877539,0.0304439366526649,0.0304439366526649
9.77945469070793,0.0433570890165481,4,0.508152339539526,0.231853226385563,0.129253109063564,0.130741325011348,0,0.130741325011348
8.20651523712053,0.142490795041246,5,0.493591286311951,0.221297564321806,0.158611857657184,0.0851901564578016,0.0413091352512579,0.0413091352512579
8.18566147670137,0.00286549657061787,3,0.484447815352201,0.410958216253049,0.10459396839475,0,0,0.10459396839475
9.2382320421724,0.141193145084644,6,0.466229994181224,0.283191540381928,0.142200352487071,0.0580653214527727,0.0207044627398661,0.0296083287571377
8.98812838205694,0.134382942433002,5,0.477186906439632,0.242854251633446,0.163320196489647,0.0725327602398747,0.0441058851974003,0.0441058851974003
8.2564586436992,0.0302545111976332,5,0.506110367205483,0.23348262241564,0.226379401269684,0.0313373827535122,0.00269022635568153,0.00269022635568153
8.51670084991979,0.177868941783137,6,0.487780605902053,0.273606079180254,0.115787689544224,0.06926054037322,0.0316001822676244,0.0219649027326248
9.3395385554803,0.159191533987029,6,0.475053587335668,0.27560748173784,0.141937595241631,0.0533171424249253,0.0183605414789525,0.0357236517809838
9.6528889559206,0.0244770797575751,4,0.491978820193414,0.250614719474151,0.190698890422176,0.0667075699102584,0,0.0667075699102584
8.35462333412978,0.0120795854718379,4,0.529449947183333,0.235495653523543,0.202578632941432,0.0324757663516913,0,0.0324757663516913
9.33425902065892,0.202393744536309,6,0.505418063136404,0.257285498862862,0.115339046289147,0.0467542850319464,0.0721188764717993,0.00308423020784196
9.63934494582754,0.0564332508725404,5,0.483822589479703,0.230461447687244,0.11938942910593,0.0634870752511714,0.102839458475951,0.102839458475951
9.39569807827796,0.322080342063225,6,0.481524468594211,0.261767926796938,0.114940850698161,0.0540440770359259,0.0675086420222198,0.0202140348525436
9.56013417187,0.088347572130125,5,0.480000332587131,0.238031752480912,0.187815047210105,0.0832513351666536,0.0109015325551973,0.0109015325551973
9.6924957346416,0.0809304241451067,5,0.495793609434435,0.289710290706699,0.105666115120083,0.0996173073146104,0.00921267742417218,0.00921267742417218
9.49593981659465,0.151036980847866,6,0.472742165368908,0.256936254846096,0.145054205356236,0.0488331684261521,0.0758724021497578,0.000561803852850589
9.61548277094832,0.0459088462783541,5,0.431692933427875,0.296885466726168,0.138953168612124,0.114185087875238,0.018283343358596,0.018283343358596
9.58833026632679,0.0888624066112073,6,0.51258746124675,0.241944940240396,0.150473182076779,0.0534525916065399,0.0346046731378591,0.00693715169167501
9.24241124263889,0.0491014781007609,5,0.452357546753496,0.318487748323612,0.101401551623084,0.0562056639614646,0.0715474893383427,0.0715474893383427
9.44983184240029,0.215088907866372,6,0.49484463475681,0.24821810724677,0.150750921254428,0.0568876186769116,0.0301411609185096,0.0191575571465713
9.4832001779528,0.247874915480278,6,0.497790583818061,0.24859074403816,0.13624768133488,0.0580249041404278,0.0260832963085627,0.033262790359909
9.72310641476616,0.116290451377366,5,0.509908046789524,0.252535276292376,0.120013031080868,0.0964766609162633,0.021066984920969,0.021066984920969
9.58738196483864,0.214985315109552,5,0.462681272437027,0.275266456906135,0.156761023703442,0.0586556759595413,0.0466355709938548,0.0466355709938548
9.87632018603106,0.11010146886794,5,0.500380169783602,0.235071108668523,0.138131389559525,0.0766903392756996,0.0497269927126495,0.0497269927126495
7.8784097153826,1.61064657565468,7,0.479630093631408,0.253409358525247,0.120813975299216,0.0695507178157714,0.0469664494785145,0.0296294052498435
9.20741932525576,17.1673844459138,8,0.477174459503929,0.249767604456839,0.12959259244108,0.0720170631124073,0.0385814556922617,0.0328668247934836
9.84733931354072,0.116092933800504,5,0.402085899544991,0.235134751034912,0.20271223161851,0.126639191930185,0.0334279258714017,0.0334279258714017
7.1750415547598,0.0191823892689285,4,0.432996190155929,0.406961015879885,0.153662106550783,0.00638068741340285,0,0.00638068741340285
8.06382379999289,0.330549066945649,5,0.497421322144013,0.248200696604331,0.109397432000346,0.0760835089538334,0.0688970402974763,0.0688970402974763
9.50992572792454,11.181755410699,8,0.479871342720821,0.249908496844887,0.126793783788298,0.0723324281567508,0.0410105828166503,0.0300833656725925
9.46025040915126,0.0995261765359656,5,0.474322430470087,0.253280052223704,0.127081321484366,0.138628115629445,0.00668808019239792,0.00668808019239792
9.41667462893615,0.0824679917546443,5,0.476452677962119,0.250944115040118,0.133027732701923,0.137263177620224,0.00231229667561602,0.00231229667561602
7.15816165632604,0.248261214688901,6,0.477063079767698,0.251942233045568,0.134609133512792,0.0880656349849608,0.0280874394442837,0.0202324792446982
9.51911454653786,0.498223651980631,6,0.506692864770489,0.242591328945461,0.128700083287236,0.0578589172328856,0.0387492002633608,0.0254076055005681
9.70827251331274,1.11749523257793,7,0.49476045139143,0.257550169463445,0.130519127551494,0.0608416744981336,0.0361613226793503,0.0201672544161474
9.42781567300182,0.0511647387430725,4,0.473976789069144,0.272588084700665,0.119950770013791,0.133484356216399,0,0.133484356216399
9.78398829835304,0.470375582200856,6,0.507247764445327,0.24826133072975,0.101537735822349,0.0822209184735552,0.0473484649728241,0.013383785556195
9.78448128465944,0.155439313759989,5,0.486712104413456,0.281882673482151,0.113941024294705,0.0694169541962662,0.0480472436134227,0.0480472436134227
7.08141921931011,0.0329161785343122,4,0.47005907693967,0.258605574373849,0.149632984658012,0.121702364028468,0,0.121702364028468
8.90273937636449,0.0196275576146805,4,0.528068272952541,0.276694984497125,0.188730105511646,0.00650663703868748,0,0.00650663703868748
9.2045433196648,17.0942679114189,8,0.476225763411063,0.251276204282237,0.128154427550262,0.0705179854957222,0.0389267252980957,0.0348988939626207
9.54115013875648,0.129820723002388,6,0.47873953622936,0.198105921931422,0.117061898437761,0.0636215216280632,0.107498900315949,0.0349722214574445
7.7557748817658,0.132931385632743,5,0.486145298328062,0.250888085836148,0.0797336419823822,0.0489913826623269,0.134241591191081,0.134241591191081
8.97748843648463,2.03369767536628,7,0.463246029166422,0.249277253869829,0.146761269825513,0.0687881171116588,0.040658375166178,0.0312689548603985
9.5338161849264,0.282592887122465,6,0.505034653883961,0.279826367684383,0.106605361793971,0.0592575302997108,0.0486656719676838,0.000610414370289964
9.50357822210261,10.9227543428991,8,0.481758631842969,0.247060740215411,0.130063738266741,0.0727157875521325,0.0378369004984618,0.0305642016242854
7.12653262089937,0.0178863208892984,4,0.469035548517825,0.358487149868926,0.118696224093118,0.0537810775201301,0,0.0537810775201301
9.47174597523688,9.31753537684203,8,0.483455254905543,0.25027282336381,0.124043310776303,0.0720048515907135,0.0375002006551791,0.0327235587084515
9.59781520570596,6.90670336306754,8,0.492378386940595,0.249314762933257,0.11961610369678,0.0680346222362348,0.0401424117624687,0.0305137124306652
9.85508791523234,0.0274821904365855,4,0.502426429998892,0.296866007744929,0.122581100287176,0.0781264619690026,0,0.0781264619690026
9.01099105736685,0.888856151239962,7,0.474740969765734,0.257140898776313,0.127780055753534,0.0708757558904935,0.0437347105620337,0.0257276092518922
8.33887399781227,2.58841956398638,7,0.474490544338244,0.250073925398831,0.124929175172733,0.0711017452183887,0.0485150657415755,0.0308895441302283
7.22157935210608,0.120975353750886,5,0.513732329009462,0.234117272916511,0.116414400965052,0.0379811817430494,0.0977548153659263,0.0977548153659263
7.20333897438303,0.291613950021621,6,0.494929608580364,0.248449815711286,0.112643580011737,0.0628028260471078,0.0808528260578937,0.000321343591611922
9.32450766863558,0.300570521966975,6,0.434639340070215,0.295573646816873,0.147127777512493,0.0905029968156711,0.0312589497806713,0.000897289004077169
9.7705837641337,2.84174366122939,8,0.50149936310078,0.256627324090259,0.118893089639128,0.0596822352814717,0.0361050238896251,0.0271929639987355
9.26145340637581,15.3279110799846,8,0.477768915240024,0.250907616695991,0.125554208564959,0.0731402894591864,0.0403740467139633,0.0322549233258767
8.95637866869432,0.0868079955453607,5,0.484601929106254,0.231582033414154,0.145387677828317,0.0880953715764744,0.0503329880748008,0.0503329880748008
7.64537283774969,0.693030344507833,6,0.486885449989522,0.242763074251139,0.130940567368632,0.0567244050814798,0.0514458791126975,0.0312406241965294
9.31274011112201,0.37430085920573,6,0.47989587527027,0.252243580590566,0.131523212565305,0.0756020296808762,0.034583938539695,0.0261513633532884
7.68875685530284,1.36493882404063,7,0.479858507301957,0.249859518515077,0.125997104532986,0.070999507483082,0.0431226029389554,0.0301627592279423
8.37968135021576,0.828688845627167,6,0.482879988711411,0.242973622792058,0.120911060462064,0.0817234982920863,0.0310730867257215,0.0404387430166587
9.8709194231303,0.107753602829202,5,0.492680523999565,0.243338450881441,0.119251778493864,0.128979310004673,0.0157499366204576,0.0157499366204576
8.34342141050778,2.60487047309258,7,0.473948200430573,0.252021759286175,0.122285390645954,0.0734731134811654,0.0476498690038607,0.0306216671522712
9.69889645779711,0.03400587261251,5,0.492752252630282,0.259294854201376,0.133633265211898,0.102154569493553,0.0121650584628913,0.0121650584628913
7.71040031449833,0.520603906664161,6,0.485636693211027,0.255229726454386,0.124207129382321,0.0522223530292319,0.0528509653545662,0.0298531325684678
9.23751064905376,0.0616455466531582,5,0.437658697449435,0.333067929224099,0.0666307727977757,0.152151202329399,0.0104913981992914,0.0104913981992914
7.11293092018674,0.0654779387232323,5,0.485317113534215,0.284747874118281,0.126718413021079,0.0993170900172115,0.00389950930921272,0.00389950930921272
9.49996276237052,10.6535811036847,8,0.48195935060417,0.248198863191129,0.129809407941886,0.0719954619900833,0.0371192071002165,0.0309177091725143
9.79724435384518,0.0108425901527141,4,0.466364338408589,0.249823661865375,0.175071801502176,0.108740198223861,0,0.108740198223861
9.065888722039,0.197531732746075,5,0.478471355819476,0.262587953561608,0.138642940677138,0.10286750932502,0.0174302406167573,0.0174302406167573
7.82767044023597,0.775051609357506,6,0.485034012807484,0.242902415710378,0.131088392775246,0.0677039549410086,0.0378874190986466,0.0353838046672362
9.5904740644228,5.34451877324339,8,0.488616221996334,0.250522711825709,0.124006971377146,0.0617704295153157,0.0442841495446576,0.0307995157408377
7.2561201691813,0.375288621159505,6,0.493656974171632,0.244536940181361,0.129629923253665,0.0558728887747059,0.0629504081065596,0.0133528655120763
9.36917346276519,0.420458329158098,6,0.471227773520915,0.2580032184744,0.128768037646157,0.0626496297784479,0.0353779487941712,0.0439733917859086
7.10202163039648,0.0787580733866867,5,0.483247037683238,0.265039086451286,0.113219079152191,0.0800508773706318,0.0584439193426534,0.0584439193426534
9.18654964513247,16.2688474716043,8,0.477647012751764,0.24791061211327,0.130303465499199,0.0727757542852493,0.0388220111571456,0.0325411441933727
9.0315801312566,1.26487443956947,7,0.476586090756798,0.259234863498336,0.126406559854243,0.0710108370775932,0.0410040347730098,0.0257576140400198
9.48924800301238,0.0530419264707483,5,0.475631542372098,0.233793475715073,0.183445117010141,0.0770498434089159,0.0300800214937724,0.0300800214937724
7.17876482494039,0.0330329189751835,4,0.470731611472507,0.259301937735959,0.110539166429187,0.159427284362347,0,0.159427284362347
9.72530915887931,0.417171631172294,5,0.49444293648452,0.207054699889399,0.149705373224088,0.0833201657573759,0.0654768246446173,0.0654768246446173
9.35305780126411,0.31490469369228,6,0.442868597806835,0.262395552247456,0.143087713986024,0.12196151030778,0.0136841018259967,0.0160025238259077
8.69112847869212,0.110635630379507,5,0.457553695131211,0.285881361703139,0.119582677116708,0.0353275267217523,0.10165473932719,0.10165473932719
7.34089254476145,0.0690495321509999,5,0.501094096591376,0.257977180059512,0.120139850929268,0.0745936975368887,0.0461951748829548,0.0461951748829548
9.02512506030963,0.0291561259319878,5,0.466732242403784,0.271853701940128,0.0797632116801828,0.0502794011513104,0.131371442824594,0.131371442824594
9.20738219010694,17.1663776196961,8,0.477171567832317,0.249781151197815,0.129600193183798,0.0720212869893877,0.0385835137769134,0.0328422870197686
7.62206539930622,0.123198747158821,5,0.494353260500036,0.240460609495145,0.0818233565386699,0.0529613758545726,0.130401397611576,0.130401397611576
9.64470984877976,0.487135448096631,6,0.463773925799357,0.235321950771501,0.145467038520535,0.0631075266405205,0.0731177998261566,0.0192117584419292
9.64470984877976,0.487135448096631,6,0.463773925799357,0.235321950771501,0.145467038520535,0.0631075266405205,0.0731177998261566,0.0192117584419292
9.59349842756665,5.08034166757602,8,0.490655998319223,0.250561414102207,0.119018848638486,0.0635741671203556,0.0421461185893502,0.0340434532303778
9.34635456799214,0.0661347439091913,5,0.515204334378553,0.199159134014289,0.131602694547539,0.145480362035887,0.00855347502373152,0.00855347502373152
8.94961481489209,1.97900000891694,7,0.46616140229953,0.243907754998351,0.133638660205695,0.0889812653484034,0.0360119469159662,0.0312989702320544
7.70790696778774,0.252495913274054,5,0.49594110624956,0.257478769130182,0.100217351770517,0.0861233730481524,0.0602393998015873,0.0602393998015873
7.43604626030027,0.611477978324705,6,0.491365957673504,0.241469694488703,0.130692226502688,0.0656392091117082,0.0516619683230564,0.0191709439003404
9.36292767860398,0.0215453702551023,4,0.457041828408778,0.226858576248465,0.181994143349454,0.134105451993302,0,0.134105451993302
9.0996946894789,0.119139079639078,5,0.490633322951207,0.225083282327827,0.162243590955361,0.0846387182753612,0.0374010854902429,0.0374010854902429
9.03965302661753,1.27693724551621,7,0.474047550010839,0.259077831699467,0.123011385529765,0.0722506591291532,0.0404859010725991,0.0311266725581769
9.32073699036719,0.0179501558049247,4,0.438611140373902,0.196968465102044,0.264423145133129,0.0999972493909252,0,0.0999972493909252
8.94960469751159,0.10205039705711,5,0.493720344491697,0.240426646788073,0.126315600800795,0.0741970212404777,0.0653403866789577,0.0653403866789577
9.14134321217301,0.443830679682567,6,0.466977172987911,0.269936726308474,0.126511671880372,0.0879166120372296,0.0356235414763403,0.0130342753096722
8.5289588641137,2.12038065063555,7,0.466460893644986,0.256318548735807,0.131026012153265,0.0745685541079852,0.0442403350260331,0.0273856563319239
9.64785841539564,0.00135908004928743,2,0.536768642432825,0.463231357567175,0,0,0,0.463231357567175
9.36123050003034,0.320320492367488,6,0.441079691511996,0.263793367331298,0.140686208272797,0.119913552819595,0.013454293709137,0.0210728863551766
9.28158092865213,0.0539306926158077,5,0.418307940589911,0.291560994182192,0.2091543673386,0.0246074263941291,0.0563692714951686,0.0563692714951686
9.56553148141324,0.189278206293892,5,0.470810435649327,0.292087548556073,0.187590754243267,0.0249534303001066,0.0245578312512265,0.0245578312512265
7.73043417254602,0.728705121605233,6,0.485391347304421,0.241716957902708,0.124285113330036,0.0660931160852741,0.0458425378373922,0.0366709275401695
9.40613361766647,0.0939322689645031,5,0.501328553106153,0.205197599934919,0.139665897916658,0.105189051466089,0.0486188975761802,0.0486188975761802
10.0775883086075,0.0859824816115194,5,0.504705569768111,0.258723405157761,0.0955609547629805,0.0957503201519469,0.0452597501591997,0.0452597501591997
9.69997194798124,0.696093314725784,6,0.466384618166651,0.226063369137892,0.149428774735945,0.0704993748933667,0.0607369713838515,0.0268868916822944
9.96682100873411,0.55891026764687,6,0.530524794731884,0.250530524050232,0.100416835430518,0.0674454193867488,0.0205590553417759,0.0305233710588407
9.77548957753506,2.81846624852252,8,0.502407512807257,0.254883856761156,0.120232883986051,0.0610156876289508,0.0359412750162795,0.0255187838003057
9.4785799963386,0.410101552029208,6,0.50809022366631,0.245730004764134,0.144747771652506,0.0544072896116304,0.0346736917751451,0.0123510185302742
9.04287113414684,1.27794592986286,7,0.474843278633698,0.254686377827206,0.125564292778105,0.0707876907999688,0.0423973882845297,0.0317209716764937
7.048533717673,0.0306858874564436,4,0.506353807285465,0.242890806314978,0.212211719257525,0.0385436671420319,0,0.0385436671420319
9.36056903995435,0.0327429537403074,4,0.491078212093018,0.263373466721952,0.156633511740697,0.088914809444333,0,0.088914809444333
7.95162465738104,0.298034258104883,5,0.484200697065683,0.26102755060929,0.118058910378717,0.0804698714212902,0.0562429705250204,0.0562429705250204
9.67143537869657,0.34557854094117,6,0.48886670236008,0.277256261352905,0.110017466481206,0.0746827793580204,0.0387904731827806,0.0103863172650082
9.48002357672294,9.726838218094,8,0.484785984411599,0.248482769634919,0.125719460317522,0.0711520186449734,0.036337005729482,0.0335227612615043
9.10663153077684,0.209096255132741,5,0.493696363840835,0.260861477058826,0.12548400097537,0.0828400565968663,0.0371181015281022,0.0371181015281022
8.82013152691645,0.740546033778829,6,0.469798098044431,0.267217525362114,0.129935351142586,0.0715557982740857,0.0562230377800315,0.00527018939675211
9.64215407951114,0.763135596710053,7,0.494220866536784,0.261480350685997,0.119390300234015,0.0692364541315534,0.0270617838835441,0.0286102445281072
9.46839645984697,0.10990980335328,5,0.505908737085064,0.202750698559754,0.125629064101521,0.0914031603665704,0.0743083398870904,0.0743083398870904
9.59791839490198,7.1541107230033,8,0.491517026556904,0.250922798052625,0.122325665029695,0.0674245711382184,0.0357210915336179,0.0320888476889404
9.45491089287709,0.10095597132587,5,0.47270634307206,0.255259753489283,0.125292397712044,0.136676450168392,0.010065055558222,0.010065055558222
9.45551138607803,0.100417042116386,5,0.471599860597722,0.25565629148585,0.125953899556388,0.137398254501394,0.00939169385864607,0.00939169385864607
7.0700207960838,0.0178929940899954,4,0.512099284673664,0.197442997058,0.25098728276643,0.0394704355019066,0,0.0394704355019066
7.15406324399385,0.012022840141941,4,0.467328441625442,0.278067976951856,0.184574437048408,0.0700291443742944,0,0.0700291443742944
9.73822220546439,0.509535175704915,6,0.487772716345788,0.273974821313964,0.121188374642389,0.0709120032032631,0.022556623556075,0.0235954609385207
9.84960948860775,1.52623052346666,7,0.510704760111786,0.252443424384988,0.113576410658401,0.0729463029671361,0.0220754417790315,0.028253660098657
8.08039325521387,0.334016935772376,5,0.49857946837764,0.246045998651486,0.108244981829542,0.0752824770691947,0.0718470740721371,0.0718470740721371
7.25940889722428,0.179199016693598,5,0.491877824612339,0.259354307723783,0.114974238086662,0.0989045364063326,0.034889093170883,0.034889093170883
9.00754286759016,2.10886500001249,7,0.462042801613397,0.248785835003529,0.142360244911274,0.0694226791101135,0.0419785307531675,0.0354099086085187
9.68284489116066,0.219321330174839,5,0.47096184117667,0.219901480547657,0.174054959224961,0.134548170917631,0.000533548133080986,0.000533548133080986
9.59792679611017,7.14317453596995,8,0.492302449924759,0.248877112939151,0.119055490214317,0.0685109259014433,0.0377316188940991,0.0335224021262305
9.1301207722467,0.158151502618562,6,0.489647606113251,0.239617645462392,0.134793911836754,0.0703410932028934,0.0514186273062123,0.0141811160784976
9.59877314859266,7.1054382423733,8,0.491564117958182,0.249760790979249,0.120038946306887,0.0683341436007256,0.0386550951630522,0.0316469059919049
9.78927682403686,0.331487495988028,6,0.486484208320327,0.274673409950336,0.123734889375331,0.0641465728953538,0.0346248345430694,0.016336084915583
9.34160435207042,0.00460992550335388,3,0.506198165435806,0.219501608936074,0.27430022562812,0,0,0.27430022562812
7.71970754514822,0.723552117619167,6,0.484583445892427,0.242403014582031,0.125175272906155,0.0665667197472034,0.0461711013989648,0.0351004454732185
8.95012424996404,0.235285315342142,6,0.475405649597751,0.238342825461834,0.155050510387617,0.0685267527086331,0.0442756880213503,0.0183985738228138
7.17695299187008,0.343204087111526,6,0.488859416355468,0.245805566026059,0.124035064681135,0.0570910661436439,0.0434082506104662,0.0408006361832281
7.21565134348222,0.130128264547347,5,0.484207642294777,0.247818558401406,0.116411220781039,0.0884314323705559,0.0631311461522224,0.0631311461522224
9.79826903475294,0.12936987588381,5,0.542215447584735,0.24766159182123,0.0784731524051809,0.106486839346199,0.0251629688426551,0.0251629688426551
9.83553448225073,0.169731652003809,5,0.512689419728863,0.223043019577761,0.125232168536346,0.0717022671062057,0.0673331250508243,0.0673331250508243
9.54831665522321,0.0521217002473659,5,0.422111338443658,0.321618068885677,0.154335579419141,0.0957583956971204,0.00617661755440295,0.00617661755440295
9.87908670095042,0.0496269075192536,5,0.544352601797985,0.256998221143774,0.076829657219845,0.0386331290327546,0.083186390805642,0.083186390805642
9.63304202744566,0.853412586982992,6,0.495381743928981,0.256834409272639,0.112072669051479,0.0721719200045499,0.0318717336759096,0.0316675240664415
8.99764631149293,2.07446785677002,7,0.463594658518318,0.242723116170126,0.148185740006902,0.0735961284982441,0.0373684609185631,0.0345318958878471
7.6448897359392,0.345643766384203,6,0.4676012386339,0.248448869761061,0.118225441409284,0.0928699886580887,0.0240462643566972,0.0488081971809684
9.30003932268803,0.0147126161159736,4,0.565768342257838,0.180742236009763,0.208298768911444,0.0451906528209546,0,0.0451906528209546
9.47899810885746,9.69291143254706,8,0.484814122585719,0.248683889514627,0.125755949295794,0.0711973988934863,0.0364641912309055,0.0330844484794687
9.47913597491712,9.69952790483666,8,0.484857027505214,0.248519455340039,0.125670165661587,0.0711488320331719,0.0364393174109413,0.0333652020490463
7.19677069464548,0.162895037194013,5,0.479472730307706,0.258515541616254,0.119159672746561,0.0797271187408304,0.0631249365886487,0.0631249365886487
9.72473043526842,0.377401220443577,5,0.476505598221404,0.222469221214018,0.164998468894754,0.0817899093812239,0.0542368022886005,0.0542368022886005
10.0697091663228,0.0858505864983135,5,0.549990126978429,0.227882942067463,0.11857358738135,0.0693207603424137,0.0342325832303442,0.0342325832303442
7.23066539085128,0.114844132747393,5,0.51196869974089,0.240150995377524,0.125538601099336,0.03818681461845,0.0841548891637999,0.0841548891637999
9.4757559230676,0.0187981958507027,4,0.46139480847588,0.256627256303934,0.148258023100293,0.133719912119893,0,0.133719912119893
9.32860083790458,0.0573628280451109,5,0.483686754361317,0.245158547284351,0.174216753705597,0.0718008096505106,0.0251371349982241,0.0251371349982241
9.6860611539699,0.902445076815413,7,0.497071446536314,0.262341360557163,0.122781645945823,0.0717026047973654,0.0321686897965198,0.0139342523668142
9.65658438021507,0.323093093969689,5,0.493604932331407,0.277805315251008,0.117110080305784,0.0777274267242174,0.0337522453875841,0.0337522453875841
7.41691096354373,0.605671221162185,6,0.493404217463632,0.24096581747211,0.131365171766522,0.0662710062300955,0.0521600499255151,0.0158337371421248
8.28864882790273,2.48622954698939,7,0.471440550720074,0.251738617378495,0.122984818830932,0.0729520032589226,0.0492861098881232,0.0315978999234534
9.4195646613621,0.0280722469647279,4,0.56315563690758,0.190842079281758,0.107140836303414,0.138861447507248,0,0.138861447507248
9.77085330611586,2.87361159957609,8,0.502217350263842,0.252554696353944,0.119662751165194,0.0618640804905464,0.0323190851349321,0.0313820365915416
10.1242736914188,0.0398066923870649,5,0.517171421335503,0.274084246547625,0.155615944133882,0.0431813027419343,0.00994708524105601,0.00994708524105601
9.02174987416452,0.0523986951411606,4,0.472620560896745,0.266096626471937,0.157548603755407,0.103734208875911,0,0.103734208875911
7.28544967914908,0.0710908650262954,5,0.544182769384235,0.240429772537642,0.0898314040389989,0.0461328816385371,0.079423172400587,0.079423172400587
9.48094315250321,9.77142642063769,8,0.484689975275539,0.248537424668704,0.125731085755126,0.0708211098796654,0.0363125829890349,0.0339078214319314
7.05671364670633,0.0221719968012068,4,0.515201569275793,0.336817651150799,0.075627743127542,0.0723530364458662,0,0.0723530364458662
9.39534007061776,0.0332994429459916,4,0.568460799440635,0.164803017586051,0.0795120041827002,0.187224178790614,0,0.187224178790614
9.46281536406718,1.00840189384099,7,0.483649644155664,0.258391985962859,0.127237660564697,0.0743522788355333,0.0309922988469142,0.0253761316343326
9.7483176586182,1.07468840765187,7,0.504161861482556,0.255072401536478,0.124078927433788,0.0537897336886847,0.0348233171023151,0.0280737587561769
9.38212209545611,0.163476389511468,5,0.466250805266717,0.271384021359591,0.143161262177987,0.0803801931323983,0.0388237180633065,0.0388237180633065
9.68110607741287,0.881019770773479,7,0.495748540200896,0.255991867020315,0.116927518400289,0.0694858194068247,0.0390812949811464,0.0227649599905298
9.79946517164304,1.62586300103056,7,0.494912680994871,0.266285633903237,0.114545626698262,0.0586559927885149,0.0300953335764653,0.0355047320386498
9.58541784565115,0.0371769071095991,4,0.518096600587782,0.264088228876905,0.0330325786477692,0.184782591887544,0,0.184782591887544
9.55398822234077,5.29140699862817,8,0.493858848723329,0.259315246389625,0.120351473419775,0.0641875549811827,0.0285074718978954,0.0337794045881937
9.38924849591019,0.407129471399272,6,0.479679669316911,0.268394232161911,0.129307359655552,0.0736856187681849,0.0346556167181255,0.0142775033793155
10.126656548192,0.0773057357929533,4,0.514233921789434,0.252412511207354,0.131181077868318,0.102172489134895,0,0.102172489134895
8.96473767152842,0.0578952207060659,5,0.443674309673428,0.316686723328631,0.142869609360806,0.0741486906637596,0.0226206669733757,0.0226206669733757
9.39724219782346,0.100254799435385,5,0.472652775938345,0.287560502011868,0.143188543877534,0.0442357684095543,0.0523624097626987,0.0523624097626987
9.60337551518007,0.0957653742434749,5,0.478982957469481,0.279482119472649,0.130153943845707,0.0786572062301646,0.0327237729819985,0.0327237729819985
9.24879363121348,0.0177409646060362,4,0.525283922203949,0.265121632200243,0.0715359562728852,0.138058489322923,0,0.138058489322923
9.09022128960359,0.31931824919923,6,0.468687412720324,0.260893934230171,0.123874546489361,0.102200692405598,0.0308465365290886,0.0134968776254571
9.54219515126011,0.0324924796868648,5,0.475044600266635,0.270663789651616,0.116552799780098,0.0779015091752732,0.059837301126378,0.059837301126378
9.66965661357313,0.620244455526652,6,0.501761424810685,0.26699120948518,0.127513518027853,0.0608426531536471,0.023718466969239,0.0191727275533961
9.55422996860182,5.28011955028845,8,0.493795428978657,0.259272279573295,0.120429694270424,0.0643247703801907,0.0285684130590337,0.0336094137384004
9.56472450258583,5.14430165283729,8,0.493654178442723,0.25916408308641,0.120577023173653,0.0641194706439144,0.0289967248148432,0.0334885198384558
9.71059239986336,0.670804744599651,6,0.497793354381331,0.262538937133903,0.132841219495576,0.0550932085214474,0.0260092308731987,0.025724049594544
9.69934885402818,0.0272899438672763,5,0.554945441757911,0.21278829653155,0.103627396913197,0.113627269383011,0.0150115954143306,0.0150115954143306
8.31048048499646,0.0105518151408984,3,0.526616319988418,0.157095537190263,0.316288142821319,0,0,0.316288142821319
9.71478461766232,0.393720733335292,6,0.484894795845258,0.26440215580496,0.13689467218029,0.0513501517458951,0.0393933743110872,0.02306485011251
8.94499788149271,0.132177487746719,5,0.43267333429043,0.310736892660173,0.148652708908709,0.0951156029941366,0.0128214611465506,0.0128214611465506
7.94522896358785,0.0335647725396053,5,0.489813309471935,0.22850168505967,0.109020967766521,0.16379512450402,0.00886891319785386,0.00886891319785386
9.66993128170979,4.31363524399975,8,0.494235814730442,0.261900709607305,0.117534465218292,0.0635707755888243,0.0315190908273854,0.0312391440277512
9.94793079537687,0.060755952944235,4,0.504671104305469,0.256145949235206,0.103965102823773,0.135217843635551,0,0.135217843635551
9.47635884911344,0.0556272425107438,4,0.482218191586865,0.228801455410962,0.172507579302727,0.116472773699446,0,0.116472773699446
9.48080400563397,5.80344120793041,8,0.492769171576062,0.258630827159722,0.121596087981315,0.0657496877860634,0.0293303831027069,0.03192384239413
9.51889499929232,0.0286792611642712,4,0.417148749171335,0.393120664679358,0.124677608618103,0.0650529775312033,0,0.0650529775312033
8.31886221629343,0.0299017625789748,4,0.493809411147084,0.258539352718037,0.110786079518941,0.136865156615938,0,0.136865156615938
9.37505568003135,0.159384752729075,5,0.485311642925581,0.250678479188153,0.147208271093714,0.0829720104007427,0.0338295963918089,0.0338295963918089
9.54879335507817,5.38911233069334,8,0.494422821178397,0.259026318238381,0.11992527318856,0.0650887989313819,0.0277976211267712,0.0337391673365085
9.77869064507689,1.91223428275748,7,0.499160351913091,0.258772049927429,0.117649253446368,0.0576790723845089,0.0298468234134576,0.036892448915145
9.71239828880739,0.0391119897010162,4,0.500103498605977,0.190267408489675,0.119512081186066,0.190117011718282,0,0.190117011718282
9.47289601832887,0.0734145370496783,5,0.515816591202353,0.256961645996315,0.129497495268251,0.0902993529642335,0.00742491456884689,0.00742491456884689
9.79342431902849,0.127337183514363,5,0.505753983447058,0.243446131760847,0.0804496254735053,0.168495240820689,0.00185501849790134,0.00185501849790134
9.01171924358243,0.430363225837276,6,0.472711484613244,0.257624395071816,0.126431661083158,0.0925016233885739,0.026554560053734,0.0241762757894732
9.67750920003245,0.0880907987181118,5,0.482663682583789,0.265103622839276,0.136873643366891,0.0950263105095075,0.0203327407005368,0.0203327407005368
8.28166851223969,0.066738472208844,4,0.422507392229252,0.319224579255334,0.18648616913617,0.0717818593792447,0,0.0717818593792447
9.65483303234616,0.35454469764983,6,0.50788190360792,0.248372289433491,0.0813709079865604,0.1103802903368,0.0413648761465095,0.0106297324887194
9.14078817058143,0.109899360748042,5,0.519034319500937,0.219630340438784,0.149006747382225,0.111516900314593,0.000811692363460801,0.000811692363460801
9.01385022147112,0.702800341128276,7,0.483895536670061,0.24954332274597,0.127370618876429,0.086836194551233,0.0214501742161046,0.0309041529402025
9.41065937695898,0.698957078818254,7,0.476221874840335,0.262067044598003,0.121743731379008,0.0774610132286366,0.0436474342177827,0.0188589017362342
9.56878716424644,5.0935152529109,8,0.493795169548031,0.259135767728208,0.120566288717355,0.0638251828154516,0.0292858452336268,0.0333917459573279
9.02256807675953,0.0207246615585602,4,0.493770632155981,0.254773399289873,0.191232625892504,0.0602233426616423,0,0.0602233426616423
9.83936168771121,0.28591582221558,6,0.517380807394257,0.227662327640358,0.123180180041521,0.0495671993570323,0.0777438700404188,0.00446561552641221
9.09180138430746,0.100679977207606,5,0.457365230586885,0.274324524866878,0.103074867970124,0.144012291945303,0.0212230846308099,0.0212230846308099
9.00998713815087,0.0454186258072937,5,0.494391752842634,0.223192395087202,0.15639327930963,0.0457998953098894,0.080222677450644,0.080222677450644
10.1101858937849,0.169753024717784,5,0.499418103057862,0.261825484736694,0.113653245712451,0.0958374756867408,0.0292656908062523,0.0292656908062523
9.46427235030691,0.0345380828833181,4,0.470583038174245,0.310283624382848,0.129246055758765,0.0898872816841417,0,0.0898872816841417
9.37263669265119,0.0285050208347087,5,0.485643452585742,0.270305127056242,0.133101233004869,0.0689690894246665,0.0419810979284798,0.0419810979284798
9.23886395993575,0.213498955717547,6,0.473200638567637,0.265783982878504,0.114308590417411,0.0676405010731806,0.0757340334265825,0.00333225363668434
9.67664106157393,0.900164043075219,7,0.496458822692978,0.257229263189392,0.113708770019469,0.0687784373351599,0.0382421816127686,0.0255825251502328
9.86663032309731,0.252490641954943,6,0.509308444116468,0.263675483852722,0.128352800891056,0.0619482886853894,0.0256893166218259,0.0110256658325393
9.46348594086017,0.0263141706875433,5,0.455283076165088,0.281285970355834,0.193270979543771,0.0654442045983461,0.0047157693369606,0.0047157693369606
9.08670596340769,0.0598526774767217,5,0.482909566340249,0.268868666781868,0.153382324918665,0.0848627332249589,0.00997670873425953,0.00997670873425953
8.81226748292102,0.156747590346538,5,0.485826829784966,0.26132753333172,0.116971655816025,0.0961436069772691,0.0397303740900208,0.0397303740900208
9.55019307896307,2.09127838511249,8,0.488844081013334,0.259836402895015,0.122584063179562,0.0672252287167225,0.0339490886717452,0.0275611355236211
8.82324576586172,0.0329125780220457,5,0.495297131355607,0.242555296736243,0.135365131818356,0.085934671128711,0.0408477689610832,0.0408477689610832
9.7400750648752,1.04702529728617,7,0.504026206053672,0.259583848446701,0.121823011868095,0.0525222047721216,0.0361173179846989,0.0259274108747125
10.0109543691238,0.106868304423725,5,0.529894739521238,0.230702991395332,0.141713151020147,0.038647442994097,0.0590416750691864,0.0590416750691864
7.16249964109672,0.31437122072607,6,0.497103143368401,0.253275568409303,0.103251054197416,0.0634330791753866,0.0249998169858529,0.0579373378636393
7.23963580054086,0.155952943297221,6,0.493374858959576,0.248207110195396,0.0895867900975946,0.104085214352293,0.0643718958430467,0.000374130552093308
7.73548162231927,0.0406165289339801,5,0.449138146615391,0.278221946316047,0.175985251883405,0.00883621936320109,0.0878184358219558,0.0878184358219558
7.497482941205,0.0158473753727277,4,0.559077698201396,0.180208704322439,0.0682231293805062,0.192490468095658,0,0.192490468095658
7.22500139881258,0.0101595168306866,4,0.60841866092426,0.180136943987003,0.203565327064062,0.00787906802467523,0,0.00787906802467523
7.17693873791092,0.271885075711095,6,0.495436152896143,0.254526009365584,0.100028792429861,0.0680005437591622,0.0289212073739143,0.0530872941753352
8.0391299845825,0.0729334588913307,6,0.502851912004789,0.237525974897316,0.148877048323595,0.081168105683291,0.0275364870306899,0.00204047206031932
9.49912009279776,0.589552872111722,6,0.512053561241091,0.246709561545305,0.124316839578681,0.0585871308396985,0.0576247606115088,0.000708146183716609
9.29440561399901,0.212904315870963,5,0.511030363531808,0.242752691888407,0.130507240278373,0.0804519876077316,0.0352577166936809,0.0352577166936809
9.64550412246116,0.146211735499981,5,0.48767792929419,0.264147569342014,0.132583243900843,0.043799891672054,0.0717913657908995,0.0717913657908995
9.61179400637696,1.28287139537242,7,0.509675545950977,0.252890573590991,0.119932848342457,0.0692110307145355,0.0152131972564884,0.0330768041445505
9.51242776681434,0.0521290832142041,5,0.499428580755041,0.308937074125356,0.0524938348403501,0.124144871658997,0.0149956386202566,0.0149956386202566
9.95750972905723,0.174038458052654,5,0.475684222695452,0.297847404903279,0.113095985474237,0.080668239973985,0.0327041469530477,0.0327041469530477
9.00272017955443,0.0168346759950626,4,0.442704475652238,0.396401895072717,0.156175790206989,0.00471783906805646,0,0.00471783906805646
9.66731517080902,4.0473724684536,8,0.502006597118095,0.257298546748182,0.122682921663144,0.057145909454053,0.0284951042330301,0.0323709207834959
9.8705672656608,0.213855884395303,6,0.512149003029315,0.239471680421489,0.121267258516445,0.0791914088770774,0.0250483337103759,0.0228723154452971
9.62738914762481,0.952294859109859,6,0.500509312134948,0.270626989197795,0.116818331774615,0.0501709796973635,0.0352377316376603,0.0266366555576177
9.71180480785777,2.25142797173564,7,0.500481296395737,0.260340791591242,0.123053253756862,0.0516426179496472,0.0352242340477903,0.0292578062587213
9.61116918790736,0.807074586546984,6,0.503017730450252,0.259528309284279,0.119597573363306,0.0617619093617765,0.0532900407755189,0.00280443676486719
9.2546163799736,0.1954583254035,6,0.503200078829652,0.242064556593657,0.137198286530983,0.0856401649712186,0.0304542786668232,0.00144263440766618
9.29369521790996,0.0456321602025608,5,0.460875243555609,0.276219710329294,0.134853913971592,0.0952144816886657,0.0328366504548393,0.0328366504548393
9.42976114465183,0.0152115129537181,4,0.416165909220981,0.309186801424132,0.226909262231777,0.0477380271231108,0,0.0477380271231108
9.81688301559039,0.0678740871239552,5,0.4283578820885,0.297970200718451,0.203636720442412,0.0667072446981732,0.00332795205246478,0.00332795205246478
9.09833104983324,0.271795030019742,6,0.507096142360012,0.268229866506736,0.0878506525946707,0.0978585497928626,0.0258287248085281,0.0131360639371912
8.50899790666949,0.0590174141089591,5,0.51159486517854,0.239187622579691,0.167119783927784,0.0389692648221962,0.0431284634917893,0.0431284634917893
8.6267359016368,0.130944468831777,5,0.506824817398367,0.261739547889933,0.106326247412547,0.103076408181395,0.0220329791177574,0.0220329791177574
9.9255815699675,0.200790730452244,5,0.472317480086187,0.304742827725919,0.106859841306988,0.0727042878503795,0.0433755630305274,0.0433755630305274
9.68441395109692,0.956027454023396,6,0.503056343530406,0.252034471118226,0.129497724453262,0.0615554075539069,0.0448895346640783,0.00896651868012032
9.68699338866614,0.0356101929342346,4,0.527494665287489,0.250249884081145,0.142037508007946,0.0802179426234201,0,0.0802179426234201
9.71599438397275,2.31693477111867,7,0.500582821051242,0.260507278113737,0.122782464263087,0.0518539865101555,0.0342283377187471,0.0300451123430307
8.93967209188465,0.0852604865246484,5,0.49545361287546,0.27920799725728,0.150331221260907,0.0732883233581774,0.00171884524817554,0.00171884524817554
9.81188701035924,0.196858270596146,6,0.515148746942026,0.250390971302936,0.108154533681243,0.076704013220362,0.0492876750391188,0.000314059814314304
9.40872255471788,0.0792351102501268,5,0.530536383370894,0.243781770194018,0.0999386915023236,0.0976760907466547,0.0280670641861103,0.0280670641861103
7.92192351498488,0.0130737219908549,3,0.436467706264049,0.351923196410619,0.211609097325332,0,0,0.211609097325332
9.58660735334105,0.0352758371400256,4,0.506849727043882,0.250565162585714,0.114094371479961,0.128490738890444,0,0.128490738890444
9.25280017829229,0.259580388809334,5,0.497616883194712,0.249336783861316,0.130490354128624,0.0878445579113674,0.0347114209039808,0.0347114209039808
8.14441039835905,0.0339541776430586,4,0.536611442574711,0.239227196546125,0.181136372340684,0.0430249885384803,0,0.0430249885384803
9.78085749279023,0.0323896990486407,4,0.55277044692351,0.241454724781075,0.138884118141174,0.066890710154241,0,0.066890710154241
9.82716408331931,0.149304742994573,6,0.497754717514521,0.247205337902085,0.148053483677021,0.0684221331369055,0.0377812307427388,0.000783097026728926
9.59732133339302,1.24468358163703,7,0.513026188214188,0.24574958335276,0.123995378517371,0.06858022378689,0.0177727481423219,0.0308758779864698
9.69457993672918,0.0931710498320885,5,0.517177298273972,0.19713343647355,0.156873744544285,0.0952926787720266,0.0335228419361666,0.0335228419361666
9.67911257109623,3.79490960918089,8,0.503267272972661,0.257724256038954,0.121499123676768,0.058094493194778,0.0280214151264918,0.0313934389903474
9.54079144289312,0.112900142310341,5,0.494024642949348,0.254700455425852,0.150366509876152,0.0566284562516427,0.0442799354970055,0.0442799354970055
9.67490734082761,4.03291963523438,8,0.503214190458601,0.255215758202537,0.125377333268992,0.0555161503128117,0.0283320707612115,0.0323444969958476
9.43347953632222,0.397329758579425,6,0.494889052251869,0.263631038667097,0.127006665842737,0.0477102146503623,0.0424130120228929,0.0243500165650421
9.63011223637768,0.835712306774157,6,0.502557579149017,0.259168262331627,0.122086677809745,0.0598225436692639,0.0514689955800827,0.00489594146026499
10.11378532812,0.0545198305309469,5,0.44259414906905,0.357763618827133,0.121640326042231,0.0488310758054989,0.0291708302560875,0.0291708302560875
9.46835587060174,0.617869940183898,6,0.512815332749847,0.245490246721149,0.123917380697452,0.0780300463434426,0.0174616486750234,0.0222853448130858
9.71536737182323,2.30911837869925,7,0.500184892819447,0.260842302945375,0.122921169016553,0.0520295128542415,0.0343442010378139,0.0296779213265694
9.99353066443144,0.0491358693854907,4,0.485976075978087,0.227996082843664,0.199418988702069,0.0866088524761799,0,0.0866088524761799
9.76306218872731,0.012121019008528,4,0.556750681852376,0.208855020158495,0.138012720792021,0.096381577197108,0,0.096381577197108
8.96925644665786,0.0350853569429462,4,0.466920530008782,0.280186343274022,0.24946970690785,0.00342341980934551,0,0.00342341980934551
9.6794696194531,4.15512893237953,8,0.503090879044258,0.256382110040985,0.124092267696352,0.0577822234697204,0.0266717147121699,0.0319808050365152
9.69644206750137,4.74296073867238,8,0.503321208244211,0.254811042900131,0.124351046972272,0.0583919404568663,0.0276603303917638,0.0314644310347561
9.74193740630516,0.133589364015326,6,0.489302647277138,0.277640809124643,0.130433428927035,0.0506389728087504,0.0418206390043621,0.0101635028580723
9.29943345476501,0.0358747001622536,4,0.544978206862988,0.205959580280925,0.208620500698594,0.0404417121574926,0,0.0404417121574926
9.06947107267257,0.0325747626669953,4,0.499786588996392,0.185739915641619,0.153360748259645,0.161112747102344,0,0.161112747102344
9.50823991725743,0.128281496344927,5,0.494762868137754,0.292917315011035,0.104380265524306,0.0356858615327076,0.0722536897941973,0.0722536897941973
8.43194083670367,0.0480109616928002,4,0.46469219843962,0.278281987573847,0.0922637155311973,0.164762098455335,0,0.164762098455335
9.74561495500869,0.0112105918358634,3,0.493196931422137,0.350468688637081,0.156334379940782,0,0,0.156334379940782
9.58480170589849,0.0893263191049312,5,0.50829039410055,0.301906633402843,0.111832691086986,0.0567866560637462,0.0211836253458756,0.0211836253458756
9.67860845302434,3.86839814990291,8,0.504104302054638,0.254103389284089,0.124489280819042,0.0591356815710017,0.0259178257735484,0.0322495204976812
9.66683286130963,0.456064018816132,6,0.514682836036615,0.251641938008304,0.110876762479029,0.066955052513365,0.0191674130288466,0.03667599793384
9.46589878212344,0.540118272397886,6,0.512650663120565,0.24597266786428,0.117298374706861,0.0851825629394534,0.020019785595239,0.0188759457736014
9.53613744362824,0.606696340601314,6,0.499532179948777,0.27006101618629,0.119834227202111,0.0450389713069618,0.0320726416560271,0.0334609636998334
10.2664886522598,0.0412829960638255,4,0.509404569544783,0.242910947238819,0.154213622116348,0.0934708611000501,0,0.0934708611000501
8.97105840558336,0.0396122857809424,4,0.437499924402994,0.311910423441799,0.133309422737854,0.117280229417353,0,0.117280229417353
9.08449608515999,0.00867877840959203,3,0.458568548345722,0.152676853700575,0.388754597953703,0,0,0.388754597953703
9.69586274656339,4.73281827050821,8,0.503348743707411,0.254666487607013,0.124331584518922,0.0585170748616285,0.0277196067054472,0.031416502599579
9.74526947019362,0.217518428713587,6,0.493576237782588,0.281641553205718,0.119570125603217,0.0450941074827789,0.0255561983158478,0.0345617776098507
9.69424896879852,4.48023823891457,8,0.502981680063086,0.254762378000817,0.125784885619414,0.0585876716158954,0.0260774030933488,0.031805981607439
8.3281550991098,0.0275569181312318,4,0.404327627834718,0.310928799205456,0.268718541793455,0.0160250311663716,0,0.0160250311663716
9.7139473030223,1.24974096286984,7,0.499994399168233,0.259874566787437,0.12365893193553,0.0553668722210852,0.021533515706033,0.0395717141816816
9.70431394648152,2.41870968272273,7,0.502364236604909,0.255831800555158,0.123728922645961,0.0535584557458987,0.0350916167577114,0.0294249676903619
9.07222066329456,0.0502485069955081,5,0.495430434963441,0.195008429648175,0.196612945136401,0.102047766776438,0.0109004234755445,0.0109004234755445
8.98992777124177,0.180345973492493,6,0.468306392178094,0.270626806728094,0.139327527811936,0.0481846109250662,0.0262278971846936,0.047326765172116
8.97434255750871,0.0594735047127396,5,0.497338115019347,0.241719596552526,0.0922931148057114,0.12939738394528,0.0392517896771348,0.0392517896771348
9.34625928778567,1.17146897114846,7,0.491463479370647,0.254544034717241,0.129384880364806,0.0708006345238995,0.0322563103248563,0.0215506606985505
9.03088840302334,0.0581278811674464,5,0.488486731416795,0.238164243442675,0.0891391091480603,0.0787417813837349,0.105468134608734,0.105468134608734
9.49618303773331,0.607148632489056,6,0.493085126026635,0.251721379012542,0.134930688059284,0.0735330164276931,0.0345728505609149,0.0121569399129317
8.95978944795976,0.389176868579663,5,0.503679721614251,0.247033793988001,0.128723959755623,0.0945669053265331,0.0259956193155917,0.0259956193155917
9.00214079999755,0.0207404454808285,4,0.509889368854111,0.306527729756094,0.111652971756584,0.071929929633211,0,0.071929929633211
9.10006303409575,0.232585960050844,6,0.501294236972369,0.261649748039456,0.116853274255914,0.077201093437586,0.0419696577779479,0.00103198951672779
9.24823440941058,2.29893453371598,7,0.497105781057079,0.243692997680598,0.134512528872977,0.0747179356838491,0.0312495109585588,0.0187212457469376
9.49647433628106,0.0216538915388561,5,0.484991093187277,0.323741805373437,0.0527829868418151,0.0951006498500011,0.0433834647474696,0.0433834647474696
8.91564888718769,0.162511688776411,6,0.479846923294154,0.257039989023071,0.149078093316134,0.053815628658553,0.028813535070338,0.0314058306377502
9.53655176142066,0.134009229596199,5,0.50838398900295,0.255527977645674,0.130475514661749,0.075423493545486,0.0301890251441405,0.0301890251441405
8.99553535444606,0.0893840531311693,4,0.511155667655347,0.253468603767125,0.11761403936945,0.117761689208077,0,0.117761689208077
8.40027038372243,0.00669678473322715,3,0.567394888782989,0.207101733105116,0.225503378111895,0,0,0.225503378111895
8.93122186193154,0.019840274740729,4,0.485339639736624,0.263685093709768,0.219128834984356,0.0318464315692522,0,0.0318464315692522
9.20847596843787,2.57982386739014,7,0.495586280769452,0.249961458638953,0.131431750846396,0.0733167423468424,0.0294526296070215,0.0202511377913354
9.2026573733691,2.54347289670235,7,0.496561297432099,0.246508184359343,0.133852352825537,0.0735277399743398,0.0273196168267506,0.0222308085819297
9.12310540388049,0.119934547449713,5,0.494836617666188,0.290445146767781,0.111470800307083,0.0732731896791872,0.0299742455797601,0.0299742455797601
9.90064953372542,0.0485736636863878,4,0.472995415247846,0.312208183119952,0.0732460158420931,0.141550385790109,0,0.141550385790109
9.234429220148,0.160927293899426,6,0.499456951223231,0.258112680331054,0.106969810260414,0.0907259157489131,0.0436680967915729,0.00106654564481573
9.11154863973895,0.062860666147522,5,0.502010086242064,0.228684553150586,0.143915535809074,0.0689726636132991,0.0564171611849763,0.0564171611849763
9.23114117141819,0.0869998209548044,5,0.509614169428646,0.254647609056013,0.0963022130214163,0.086729821976961,0.0527061865169638,0.0527061865169638
9.14872509005279,0.0428515400915615,5,0.507558195659057,0.228379711454665,0.12720277378187,0.127904860245324,0.0089544588590836,0.0089544588590836
9.43369772312042,0.96721379614192,6,0.499573963630893,0.256510184999705,0.117455337507362,0.0859563592309862,0.0311961877016283,0.00930796692942477
9.13711344813668,0.0225545525698992,4,0.496457485604033,0.185096835974397,0.15921649398378,0.15922918443779,0,0.15922918443779
8.98487480730896,0.105179584547219,5,0.517178925171706,0.235007391900932,0.150397719645088,0.0365824772486777,0.0608334860335955,0.0608334860335955
9.34065620373523,1.35369623777096,7,0.493153305724898,0.250754496858914,0.130351482219038,0.0750857412071664,0.0265835085388294,0.0240714654511547
8.86092635798804,0.0483291445321625,5,0.526870220224508,0.233457748868914,0.14696148772331,0.0911486738811689,0.00156186930209878,0.00156186930209878
9.21390982066475,2.4630027287397,7,0.49580720293034,0.250625350392333,0.133350851469422,0.0731723492789337,0.0289556149443311,0.0180886309846403
9.21271351077034,0.0931052455327906,5,0.521865275581215,0.237569849940982,0.140441250749904,0.0591336438780724,0.0409899798498262,0.0409899798498262
9.17576039278578,0.063369631726746,5,0.498518046394866,0.268280780868481,0.141217708058137,0.0725613831244458,0.0194220815540697,0.0194220815540697
9.4072897237845,0.0233007867027319,4,0.494564241330393,0.2385562189264,0.133771976312094,0.133107563431114,0,0.133107563431114
9.13860196252917,0.4883595344662,6,0.510004230272351,0.245100890350204,0.128017933747976,0.0530157372242418,0.0519322149785468,0.0119289934266803
9.2010291858952,0.627847103946544,6,0.504278238533611,0.244758082180819,0.134255824448996,0.0471126191205058,0.0467535888296727,0.0228416468863959
9.30629140078716,0.115482213007905,5,0.522233998576785,0.232991719510187,0.151361734669526,0.0487460847045925,0.0446664625389098,0.0446664625389098
9.4733838870848,0.074785239961351,4,0.537216986727111,0.263647509242617,0.112436406769338,0.0866990972609336,0,0.0866990972609336
9.08506874238271,0.310268976258532,6,0.500742448643884,0.25360141356603,0.133011446619193,0.0512836539823897,0.0568769810254218,0.00448405616308095
9.22223751039688,0.0436721200518732,5,0.483977197205845,0.27923144601714,0.10977630268003,0.104081659704129,0.022933394392856,0.022933394392856
9.94015122661327,0.0597830608635609,5,0.492931996893907,0.246680017893324,0.120244436774423,0.109912121104521,0.0302314273338247,0.0302314273338247
8.89737219239793,0.165866012724717,6,0.486727899518989,0.263267855804701,0.14063426115039,0.0554384890907456,0.0515600537321465,0.00237144070302728
8.73634940798222,0.103953945404374,5,0.482194133896321,0.282557904780493,0.138444104248374,0.0519977882107209,0.0448060688640907,0.0448060688640907
9.1437617852675,0.574702381576454,6,0.514656069162321,0.245491555640445,0.126361853384568,0.0478316556800754,0.0478618443999313,0.0177970217326586
8.81313520328156,0.168305105272229,5,0.444645163002681,0.250969693164054,0.150668449731767,0.124836637457763,0.0288800566437347,0.0288800566437347
8.8790333450264,0.2790631588518,6,0.478873954370144,0.22860013166929,0.147450924408682,0.106309126924853,0.0214618714449053,0.0173039911821259
9.06288017393083,0.514449995520537,6,0.481066515102729,0.242397134308188,0.14091991793066,0.0791729097499271,0.031246367978367,0.025197154930128
9.13036176761073,0.0284308899418873,4,0.471088557047913,0.213067311284734,0.264275900115542,0.0515682315518107,0,0.0515682315518107
9.32730476089821,0.0796530449195013,5,0.511676829024165,0.257811453164499,0.0786709504707802,0.107722904449914,0.0441178628906419,0.0441178628906419
8.69570294481496,0.0336396618335405,5,0.424271270462908,0.186023185491261,0.300267885774531,0.0874783641160387,0.00195929415526123,0.00195929415526123
9.20526667660527,0.013262666724454,3,0.4624140909344,0.32228537032359,0.21530053874201,0,0,0.21530053874201
8.81999046797738,0.0414637549874272,4,0.50381508392234,0.267102842941402,0.132957638641186,0.0961244344950728,0,0.0961244344950728
8.70740163639993,0.0443810631171448,4,0.419442703486493,0.224994644449298,0.238636619746338,0.116926032317871,0,0.116926032317871
9.21583496649615,1.73833413913166,6,0.483769014041474,0.251058973027569,0.150620700691281,0.0660054569972423,0.0172951624278129,0.0312506928146211
9.17059994030666,1.05063893454927,6,0.475811054844791,0.251180908072944,0.147499046381195,0.0744638796877141,0.0228618171549805,0.0281832938583745
9.1517834898471,0.0638249547680165,5,0.505102942301911,0.198216646185517,0.161509818411275,0.133784586510806,0.00138600659049094,0.00138600659049094
9.15035136942216,0.901838492099855,6,0.480825179288254,0.243348796341525,0.149188150919934,0.0780253104442045,0.0221627856041033,0.0264497774019791
8.90167957661821,0.316522795412041,6,0.475731558070451,0.240491714721255,0.144015097925428,0.101849506964106,0.0189892138254671,0.0189229084932938
9.26042608087619,0.0159471208341696,4,0.580631638587372,0.139906062009314,0.237528515045202,0.0419337843581126,0,0.0419337843581126
9.36391805372823,0.0769009859739404,5,0.502979258928472,0.296901163144421,0.103833713514483,0.077656008184844,0.0186298562277794,0.0186298562277794
9.26653505552107,1.4507170358622,6,0.48101088321439,0.25310700774789,0.145860956643889,0.0707356108794695,0.0214002115531471,0.0278853299612143
8.81348951477664,0.0887437789892391,4,0.450801392151897,0.228476938014018,0.174797276692462,0.145924393141623,0,0.145924393141623
8.67809461603588,0.0741336333669361,5,0.445962150693126,0.284127886031022,0.130810536817739,0.109967974112831,0.0291314523452817,0.0291314523452817
9.24455015941117,1.32582961225448,6,0.47647979998671,0.253197585577573,0.148877558019847,0.0708891817233815,0.0220851587029755,0.0284707159895125
9.36723336298906,0.0881797789992995,5,0.467040661705769,0.272061643546853,0.142747305821707,0.0504812951965422,0.0676690937291292,0.0676690937291292
9.27368094784697,1.57225263532637,6,0.481842191718557,0.257516242322069,0.142222393160137,0.0699394659095401,0.0196189301263904,0.0288607767633073
9.10720099338782,0.649898148576157,6,0.477474297179972,0.235956717188637,0.151711402866237,0.0830470507142535,0.0245128853119116,0.0272976467389893
9.37952909144151,0.0170154311929922,3,0.43238054195275,0.303599077022336,0.264020381024915,0,0,0.264020381024915
8.87867384743872,0.114118916225426,5,0.495821854562677,0.276694569898338,0.176346151576061,0.044124126832411,0.00701329713051249,0.00701329713051249
9.73919900072054,0.18570357435782,5,0.491966403508825,0.287711394848074,0.109706708686719,0.0676626957094896,0.0429527972468929,0.0429527972468929
9.50141704458279,0.757626413691415,6,0.502797951839315,0.254539237320849,0.123635798475422,0.0562158551049862,0.0503733879219025,0.0124377693375253
9.21553074784081,0.133376498188539,5,0.465527165086556,0.294854829591634,0.123273863539466,0.0556012882508471,0.0607428535314979,0.0607428535314979
9.52088105928981,0.100859203249168,5,0.50266296815137,0.236958071346977,0.175950546653345,0.0562872632827107,0.0281411505655977,0.0281411505655977
9.06742751605675,0.0526802888548531,4,0.49850132649367,0.278689057386493,0.138007402204656,0.0848022139151802,0,0.0848022139151802
9.43274332336472,1.08197787569675,7,0.494552560190708,0.264137070661283,0.123140802341153,0.05393633252327,0.0419540317161521,0.0222792025674333
9.27798309221021,0.112198551688841,5,0.531562400746067,0.232867805065513,0.126075480621382,0.0736975671557424,0.0357967464112954,0.0357967464112954
9.56904539736403,0.256841454417363,6,0.508731690829436,0.244231914348511,0.136573602792831,0.0461448606623421,0.0558245155476217,0.00849341581925734
8.66657786426064,0.117661813148495,5,0.493833904986447,0.245125236771756,0.146186894827748,0.0814434893195939,0.0334104740944555,0.0334104740944555
8.46326560587621,0.0991317051781804,5,0.479621509479166,0.259520419391656,0.166046555860836,0.0903791791583239,0.0044323361100177,0.0044323361100177
8.31310196614229,0.00856995047837692,3,0.563439457640772,0.239116491631205,0.197444050728023,0,0,0.197444050728023
9.24249935217798,0.0273284328055187,5,0.537182969300773,0.184274655954563,0.151848582728188,0.10148697737396,0.0252068146425162,0.0252068146425162
8.2173861866201,0.0631869783981739,4,0.473595059930322,0.235962140892442,0.196501073161323,0.0939417260159138,0,0.0939417260159138
9.53660141908931,0.0545219893241871,4,0.453754105852284,0.272019307939033,0.165954968924416,0.108271617284266,0,0.108271617284266
8.12748559594209,0.00581010058937513,3,0.488924074923971,0.351643604260173,0.159432320815856,0,0,0.159432320815856
9.34889918984047,0.0213497008209005,4,0.487806641458473,0.296705812625749,0.180053815018481,0.0354337308972976,0,0.0354337308972976
9.13263774773738,0.116687898601755,6,0.494528904986443,0.259030124531131,0.137877528260199,0.0445713572018719,0.0559595234876832,0.00803256153267243
8.75918435334558,0.0303849470279773,4,0.475624295439332,0.197074389051054,0.207191902231648,0.120109413277966,0,0.120109413277966
9.10825111020845,0.264447682556777,6,0.493174268827291,0.253369483315494,0.136508463573137,0.0579774844725264,0.041735446311301,0.0172348535002503
9.16267812203119,0.0876893805778482,5,0.454676852163088,0.228300751284031,0.173567933674754,0.137386671170498,0.00606779170762944,0.00606779170762944
9.12254736889257,0.236685702227588,6,0.487016827322047,0.259426034681762,0.134638667935145,0.0647545015640887,0.0466203536818541,0.00754361481510357
9.10794901745891,0.296158006693656,6,0.494065468722784,0.259110709978688,0.127978223910527,0.0537884987156034,0.0372684545479776,0.0277886441244203
9.24548489325118,0.0241014492939309,4,0.52384091703568,0.252452029035058,0.162707682012889,0.0609993719163733,0,0.0609993719163733
9.28496855843754,0.0235819700074769,4,0.416110865505108,0.282135001022154,0.11501534204639,0.186738791426347,0,0.186738791426347
9.21240652047452,0.349000379789074,6,0.491302093650412,0.262032637330935,0.107364928474374,0.0650554486866176,0.0317029446012005,0.0425419472564613
9.3998155445307,0.65237434631686,6,0.483145401462787,0.273302001681786,0.140697392697947,0.0576801953722905,0.0341781138430577,0.0109968949421315
8.83215858525953,0.171365732080785,5,0.481865147131083,0.280327770882137,0.12693029855316,0.0463140606355099,0.0645627227981106,0.0645627227981106
9.55444204304239,0.177877934396481,6,0.530483041329286,0.240598796149615,0.123142034944259,0.0531505429268217,0.0425889513564431,0.0100366332935747
9.49626883953933,1.36824448330578,7,0.494537175911235,0.269906699812133,0.132194866314825,0.0554159068548786,0.0225469066675378,0.0253984444393912
9.41728856001143,0.0949843469710513,5,0.536182258733507,0.256049072656869,0.136783812532395,0.0690236264933369,0.0019612295838917,0.0019612295838917
9.76298825884912,0.18680067517241,5,0.470992807752573,0.292340192030418,0.122071006218299,0.0934848127797688,0.0211111812189414,0.0211111812189414
9.39748105348386,0.645461967293863,6,0.481656638837286,0.27524518650526,0.140824178965773,0.0582979039170795,0.0345441339792476,0.00943195779535437
9.49876655991224,1.34552586701269,7,0.498966735412689,0.264063998293238,0.129220517650648,0.0601909578218246,0.020014424657613,0.0275433661639879
9.71138743170855,0.0775351772642291,5,0.480391888433722,0.297510668865115,0.0902367582035476,0.120594848333965,0.0112658361636513,0.0112658361636513
10.1287469776597,0.0318566510918819,4,0.548930789107486,0.180906555665248,0.148473357302266,0.121689297925,0,0.121689297925
9.82183002255353,0.0177496137268742,4,0.441845808205735,0.401373871078856,0.0556671173264876,0.101113203388921,0,0.101113203388921
9.51479667745925,1.18507908858035,7,0.498199494902856,0.260845211826732,0.137213810210251,0.058485865385416,0.0256274841613027,0.0196281335134422
9.45943908527389,0.952559535041786,7,0.495599178502699,0.261841657289684,0.139277540119172,0.0537860210066753,0.0313576601923019,0.0181379428894679
9.49998407316646,1.36961356546077,7,0.497031405660324,0.262295644776759,0.134687366899927,0.0557885208300321,0.0229838089071963,0.0272132529257613
9.370356830146,0.0269024834795947,4,0.453672442760119,0.360031847512386,0.0571791494300848,0.12911656029741,0,0.12911656029741
9.5079913317324,1.335779569578,7,0.500895915781462,0.266513428405912,0.129745176518192,0.0571528056597029,0.0228401295526592,0.0228525440820716
9.72073229748879,0.364859552999543,6,0.476271680477649,0.267015107543883,0.14231814655862,0.0841459827089606,0.0204079567313348,0.00984112597955269
8.96723059430719,0.0273323146110517,5,0.528904345990263,0.245006384561945,0.108631104482213,0.10145666841973,0.0160014965458494,0.0160014965458494
8.70247834691483,0.00479979781189239,3,0.386573185005197,0.393441767235675,0.219985047759128,0,0,0.219985047759128
8.93827381280975,0.0522790102512699,5,0.494709283713482,0.281785173448889,0.097431436307795,0.0527261986084041,0.0733479079214292,0.0733479079214292
10.0687340124824,0.0985173461832844,5,0.528231778682444,0.264512536014434,0.0985516615503827,0.056606216836217,0.0520978069165217,0.0520978069165217
9.81870548137524,0.0467464854362273,5,0.506005086430631,0.263095654821625,0.158494929480792,0.031671983093268,0.0407323461736838,0.0407323461736838
9.40529295171451,0.127760376221132,5,0.48820442826569,0.270956466296993,0.0926590666045162,0.0656547149835254,0.0825253238492753,0.0825253238492753
9.90293039508506,0.0875054933025469,5,0.543591636730711,0.250416404694368,0.105687494890063,0.0584768691349595,0.0418275945498987,0.0418275945498987
8.90985546454044,0.0421627153099649,5,0.52917824088139,0.262094449846069,0.0865316270854151,0.0652343130475144,0.0569613691396116,0.0569613691396116
9.55451250791159,0.0098731450562071,4,0.494116598990837,0.332017211500718,0.0995812329770752,0.0742849565313692,0,0.0742849565313692
8.38533110194951,0.0129678458370328,4,0.592727395275454,0.211945098378392,0.0904601184426844,0.10486738790347,0,0.10486738790347
7.87179932079131,0.0243847022334294,4,0.482093356246021,0.179118020412286,0.16297084309293,0.175817780248763,0,0.175817780248763
8.19227195135996,0.00571738014026356,3,0.448335114007116,0.161012925685055,0.390651960307829,0,0,0.390651960307829
8.08815161744278,0.00913325997001674,3,0.48207527317457,0.312264876085162,0.205659850740268,0,0,0.205659850740268
8.15238863792466,0.0576430290172593,5,0.475298539844265,0.297524315817957,0.106442371146661,0.0614989978941787,0.0592357752969383,0.0592357752969383
7.94340931877352,0.0156237349937921,3,0.429697109356986,0.321879066723119,0.248423823919894,0,0,0.248423823919894
8.25399075722155,0.00977957356194026,4,0.415669732792214,0.267256036495722,0.298689711859741,0.0183845188523237,0,0.0183845188523237
8.08643071644477,0.00693366374473635,3,0.574973750770609,0.197718252384754,0.227307996844637,0,0,0.227307996844637
7.98626924657941,0.0124313475700199,4,0.487225416672261,0.226825102472629,0.135962970474585,0.149986510380525,0,0.149986510380525
8.3488946983568,0.0142222154150449,4,0.451094820029893,0.268501980416501,0.214285723010928,0.0661174765426781,0,0.0661174765426781
7.97965886783193,0.0118941691778939,4,0.53419610158931,0.204271230737486,0.189847917442872,0.0716847502303314,0,0.0716847502303314
8.72513697925735,0.108488130505904,5,0.458689172968732,0.256271594643732,0.100750548772242,0.112103855018246,0.0721848285970475,0.0721848285970475
8.02371927556467,0.0389841868158049,4,0.524771027985887,0.22950306071019,0.180851720005818,0.0648741912981054,0,0.0648741912981054
7.73431427346548,0.0047558357456241,3,0.52758804485162,0.388184041906325,0.0842279132420542,0,0,0.0842279132420542
8.06250762185863,0.0129200907545843,4,0.475402674885901,0.253781370658251,0.198374390314176,0.0724415641416722,0,0.0724415641416722
7.57444297456382,0.0291311090214938,4,0.464394089552552,0.149646083265908,0.250749642095406,0.135210185086134,0,0.135210185086134
8.96463351226831,0.0530223860884712,5,0.437493671468034,0.279150755847022,0.112424162004157,0.129162077939782,0.041769332741005,0.041769332741005
7.71528168112439,0.0704792083468956,5,0.464111367647817,0.231728709417019,0.145071471749688,0.101874269104338,0.057214182081138,0.057214182081138
7.86611278354111,0.019447592346384,4,0.469870160447063,0.278284826033439,0.106469100960971,0.145375912558527,0,0.145375912558527
7.96121305929713,0.0183772629039481,4,0.538184906120564,0.267343486471205,0.147563525557553,0.0469080818506782,0,0.0469080818506782
8.80594064751475,0.0232352434534696,4,0.402535152006009,0.303709640780845,0.104592915299809,0.189162291913337,0,0.189162291913337
8.17448519136652,0.0230929699179361,4,0.470056893146109,0.236725643694677,0.215867582686993,0.0773498804722208,0,0.0773498804722208
8.20420243217006,0.0194481269839695,4,0.500098404520339,0.248860443008132,0.124308610846386,0.126732541625143,0,0.126732541625143
7.73737133313271,0.0131716341676743,3,0.501608744500735,0.242310726431266,0.256080529067999,0,0,0.256080529067999
7.61587675059842,0.0126760966077401,4,0.488183409731479,0.306384187419747,0.0824553795291113,0.122977023319663,0,0.122977023319663
8.43663461718904,0.00597709825361616,3,0.513894486506403,0.389895340310067,0.0962101731835298,0,0,0.0962101731835298
7.95881706745551,0.00470842679952234,3,0.386990350858641,0.285380175079176,0.327629474062183,0,0,0.327629474062183
8.72295714291296,0.0150917213593659,4,0.438492846021287,0.241200529175008,0.211970727619482,0.108335897184222,0,0.108335897184222
8.40919230331909,0.00981101565326917,4,0.445074515424963,0.217144267669398,0.267878684810015,0.0699025320956237,0,0.0699025320956237
8.31692998927376,0.0448785650816875,5,0.425997772265288,0.292725411936257,0.125864520380399,0.070799470251872,0.084612825166185,0.084612825166185
8.63551462853134,0.0368370235903953,4,0.50977893277469,0.174772706331785,0.214136707098282,0.101311653795243,0,0.101311653795243
8.57244251484122,0.030855820765849,4,0.481107410722589,0.187370984387737,0.200277192493671,0.131244412396002,0,0.131244412396002
8.13434496029946,0.0146719665941228,4,0.420339566212417,0.215717938166119,0.270369086797581,0.0935734088238831,0,0.0935734088238831
8.38832164725893,0.00504758434580853,3,0.504314114614139,0.237592496791714,0.258093388594147,0,0,0.258093388594147
8.12895772784549,0.036029584530948,5,0.4535641944318,0.272552630264496,0.144995155449041,0.0913185779565174,0.0375694418981455,0.0375694418981455
8.72976997477297,0.0334388163084825,4,0.454555072844844,0.226202029804177,0.136034036349098,0.183208861001881,0,0.183208861001881
8.67218666153888,0.00506847557957193,3,0.501979053179404,0.208493394580674,0.289527552239922,0,0,0.289527552239922
8.1955928767457,0.0153129454645024,4,0.451373209317563,0.331523223806099,0.118724152980437,0.0983794138959009,0,0.0983794138959009
8.04827153120018,0.00756337868312732,3,0.578182029285228,0.152271594936761,0.269546375778012,0,0,0.269546375778012
8.04172988354302,0.0127474723319832,4,0.419579593603952,0.27064566860055,0.266704350826062,0.0430703869694362,0,0.0430703869694362
8.39159306668829,0.00484452804165703,4,0.442567546521368,0.301876214178117,0.104263381906108,0.151292857394408,0,0.151292857394408
8.24383999229671,0.00156616741615718,2,0.328608342226462,0.671391657773538,0,0,0,0.671391657773538
7.56051847855745,0.0050777460358488,4,0.638406995455048,0.0921020747047596,0.233202157507786,0.0362887723324072,0,0.0362887723324072
8.23727967231645,0.0417721182457429,5,0.435860258334986,0.298651713497451,0.134521053970446,0.0766205663874424,0.0543464078096755,0.0543464078096755
8.28107658646298,0.0438233400533124,5,0.423461079303482,0.313270192505119,0.12135345040572,0.0733130466471805,0.0686022311384989,0.0686022311384989
