"V1","V2","V3","V4","V5","V6","V7","V8","V9","V10","V11","V12","V13","V14","V15","V16"
0,0,86.046511627907,0,12.093023255814,1.86046511627907,0,0,0,0,0,0,0,0,0,0
0,0,86.046511627907,0,12.093023255814,1.86046511627907,0,0,0,0,0,0,0,0,0,0
0,0,90.0221729490022,0,8.64745011086475,1.33037694013304,0,0,0,0,0,0,0,0,0,0
13.5226791013141,0,86.4773208986859,0,0,0,0,0,0,0,0,0,0,0,0,0
0,0,81.5195071868583,0,16.0164271047228,2.46406570841889,0,0,0,0,0,0,0,0,0,0
0,0,0,0,87.7966101694915,0,0,12.2033898305085,0,0,0,0,0,0,0,0
100,0,0,0,0,0,0,0,0,0,0,0,0,0,0,0
0,0,82.9545454545455,0,14.7727272727273,2.27272727272727,0,0,0,0,0,0,0,0,0,0
0,0,100,0,0,0,0,0,0,0,0,0,0,0,0,0
0,0,0,0,100,0,0,0,0,0,0,0,0,0,0,0
0,0,100,0,0,0,0,0,0,0,0,0,0,0,0,0
0,0,82.9545454545455,0,14.7727272727273,2.27272727272727,0,0,0,0,0,0,0,0,0,0
0,0,0,0,100,0,0,0,0,0,0,0,0,0,0,0
90.9609120521173,0,0,0,9.03908794788274,0,0,0,0,0,0,0,0,0,0,0
0,0,0,0,100,0,0,0,0,0,0,0,0,0,0,0
0,0,100,0,0,0,0,0,0,0,0,0,0,0,0,0
12.615823235923,13.1860299358517,0,0,0,0,0,35.4953670705631,38.7027797576621,0,0,0,0,0,0,0
38.8731507711678,0,0,0,0,0,0,61.1268492288322,0,0,0,0,0,0,0,0
4.90440565253533,15.378221113882,0,0,0,0,0,34.5802161263508,45.1371571072319,0,0,0,0,0,0,0
7.41222366710013,2.73081924577373,1.1703511053316,0,0,0,0,81.0143042912874,7.67230169050715,0,0,0,0,0,0,0
2.43243243243243,1.62162162162162,2.43243243243243,0,0,0,0,86.7567567567568,6.75675675675676,0,0,0,0,0,0,0
23.3333333333333,4.28571428571429,0.714285714285714,0,0,0,0,56.3492063492063,15.3174603174603,0,0,0,0,0,0,0
9.09090909090909,6.06060606060606,1.01010101010101,0,0,0,0,70.2581369248036,13.5802469135802,0,0,0,0,0,0,0
0.111358574610245,20.6013363028953,0,0,0,0,0,24.6102449888641,54.6770601336303,0,0,0,0,0,0,0
14.3790849673203,5.04201680672269,0.840336134453782,0,0,0,0,61.71802054155,18.0205415499533,0,0,0,0,0,0,0
50.070201965655,0,0,0,0,0,0,49.929798034345,0,0,0,0,0,0,0,0
9.70088924818108,0,23.4438156831043,0,33.2255456750202,0,0,33.6297493936944,0,0,0,0,0,0,0,0
0,0,0,0,29.5053003533569,0,0,70.4946996466431,0,0,0,0,0,0,0,0
0.143472022955524,0,0,0,0,0,0,99.8565279770445,0,0,0,0,0,0,0,0
0,0,0,0,23.5920852359209,0,0,76.4079147640791,0,0,0,0,0,0,0,0
11.8668720054757,0,11.6786447638604,0.915468856947296,34.3856947296372,1.91649555099247,7.56331279945243,17.2227926078029,13.1245722108145,0,0,0,0.0684462696783025,0,0,1.25770020533881
0,0,47.1264367816092,0,47.816091954023,5.05747126436782,0,0,0,0,0,0,0,0,0,0
0,0,100,0,0,0,0,0,0,0,0,0,0,0,0,0
21.900826446281,0,0.137741046831956,0,70.2479338842975,7.71349862258953,0,0,0,0,0,0,0,0,0,0
0.411946446961895,0,19.1555097837281,0,42.3274974253347,0,0,38.1050463439753,0,0,0,0,0,0,0,0
2.84757118927973,0,0,0,3.18257956448911,0,0,93.9698492462312,0,0,0,0,0,0,0,0
32.5,0,39.1071428571429,0,1.96428571428571,0,0,26.4285714285714,0,0,0,0,0,0,0,0
20.1297141484506,0,77.3480662983425,0,0.0720634158059092,2.45015613740091,0,0,0,0,0,0,0,0,0,0
7.46268656716418,0,0,0,2.98507462686567,0,0,89.5522388059701,0,0,0,0,0,0,0,0
21.8152866242038,0,0,0,0,0,0,78.1847133757962,0,0,0,0,0,0,0,0
0.248344370860927,0,75.3311258278146,0,24.4205298013245,0,0,0,0,0,0,0,0,0,0,0
14.7026431718062,0,12.4606670862177,0.841724354940214,31.7101950912524,1.76211453744493,6.95405915670233,18.2819383259912,12.0673379483952,0,0,0,0.0629326620516048,0,0,1.15638766519824
14.1608391608392,0,0,0,0,0,0,85.8391608391608,0,0,0,0,0,0,0,0
0,0,4.94350282485876,0,10.1694915254237,0.141242937853107,0,28.5310734463277,41.3841807909604,0,0,0,1.12994350282486,0,0,13.7005649717514
5.03926701570681,0,0,0,26.0471204188482,0,0,68.913612565445,0,0,0,0,0,0,0,0
3.30843116328709,0,15.9018143009605,0,0,0,0,29.9893276414087,50.8004268943436,0,0,0,0,0,0,0
0.420168067226891,0,0,0,5.32212885154062,0,0,94.2577030812325,0,0,0,0,0,0,0,0
0.420168067226891,0,0,0,5.32212885154062,0,0,94.2577030812325,0,0,0,0,0,0,0,0
24.3243243243243,0,61.8725868725869,0,4.63320463320463,0,0,9.16988416988417,0,0,0,0,0,0,0,0
99.390243902439,0,0,0,0,0.609756097560976,0,0,0,0,0,0,0,0,0,0
0,0,100,0,0,0,0,0,0,0,0,0,0,0,0,0
76.0914760914761,0,0,0,0,0,0,23.9085239085239,0,0,0,0,0,0,0,0
3.94990366088632,0,0,0,48.3622350674374,6.74373795761079,0,38.3429672447013,0,0,0,0,0,0,0,2.60115606936416
16.3738580463809,0,0,0,2.67041461700632,0,0,80.9557273366128,0,0,0,0,0,0,0,0
49.7828730241445,0,0,0,0,0,0,50.2171269758555,0,0,0,0,0,0,0,0
2.08955223880597,0,45.3731343283582,0,0,0,0,52.5373134328358,0,0,0,0,0,0,0,0
9.27536231884058,0,0,0,0,0,0,90.7246376811594,0,0,0,0,0,0,0,0
10.8333333333333,0,0.166666666666667,0,79.6666666666667,9.33333333333333,0,0,0,0,0,0,0,0,0,0
3.78787878787879,0,0,8.58585858585859,70.7070707070707,0,0,16.9191919191919,0,0,0,0,0,0,0,0
100,0,0,0,0,0,0,0,0,0,0,0,0,0,0,0
14.7003303445021,0,12.4587069372345,0.841591945886424,31.7052068585811,1.76183734465943,6.95296523517382,18.2947931414189,12.0654396728016,0,0,0,0.0629227623092654,0,0,1.15620575743275
31.5776815776816,0,0,0,0,0,0,68.4223184223184,0,0,0,0,0,0,0,0
0.524475524475524,0,0,0,6.64335664335664,0,0,92.8321678321678,0,0,0,0,0,0,0,0
2.84757118927973,0,0,0,3.18257956448911,0,0,93.9698492462312,0,0,0,0,0,0,0,0
4.69838741787776,0,0,0,0,0,0,95.3016125821222,0,0,0,0,0,0,0,0
0.352733686067019,0,0,0,3.35097001763668,0,0,96.2962962962963,0,0,0,0,0,0,0,0
0,0,4.19161676646707,0,9.82035928143713,0.119760479041916,0,26.2275449101796,47.0658682634731,0,0,0,0.958083832335329,0,0,11.6167664670659
0,0,0,0,0,0,0,100,0,0,0,0,0,0,0,0
0,0,1.16204002582311,0,59.974176888315,38.8637830858618,0,0,0,0,0,0,0,0,0,0
0,0,31.1806098514464,0,0,0,0,68.8193901485536,0,0,0,0,0,0,0,0
0,0,0,0,0,0,0,72.2627737226277,27.7372262773723,0,0,0,0,0,0,0
0,0,0,0,0,0,0,76.9784172661871,23.0215827338129,0,0,0,0,0,0,0
0,0,0,0,0,0,0,54.1450777202072,45.8549222797927,0,0,0,0,0,0,0
0,0,0,0,0,0,0,100,0,0,0,0,0,0,0,0
0,0,0,0,0,0,0,69.740099009901,30.259900990099,0,0,0,0,0,0,0
0,0,0,0,0,0,0,69.7630073549442,30.2369926450558,0,0,0,0,0,0,0
0,0,0,0,0,0,0,68.9891490576813,31.0108509423187,0,0,0,0,0,0,0
0,0,0,0,0,0,0,78.6501377410468,21.3498622589532,0,0,0,0,0,0,0
0,0,0,0,0,0,0,23.0434782608696,76.9565217391305,0,0,0,0,0,0,0
0,0,0,0,0,0,0,0,100,0,0,0,0,0,0,0
0,0,0,0,0,0,0,52.7363184079602,47.2636815920398,0,0,0,0,0,0,0
0,0,0,0,0,0,0,69.2207792207792,30.7792207792208,0,0,0,0,0,0,0
0,0,0,0,0,0,0,63.7821171634121,36.2178828365879,0,0,0,0,0,0,0
0,0,0,0,0,0,0,77.3913043478261,22.6086956521739,0,0,0,0,0,0,0
0,0,0,0,0,0,0,100,0,0,0,0,0,0,0,0
0,0,0,0,0,0,0,86.6035182679296,13.3964817320704,0,0,0,0,0,0,0
0,0,0,0,0,0,0,69.9095022624434,30.0904977375566,0,0,0,0,0,0,0
0,0,0,0,0,0,0,92.5690021231423,7.43099787685775,0,0,0,0,0,0,0
0,0,0,0,0,0,0,84.0445269016698,15.9554730983302,0,0,0,0,0,0,0
0,0,0,0,0,0,0,100,0,0,0,0,0,0,0,0
0,0,0,0,0,0,0,0.07577671129073,99.9242232887093,0,0,0,0,0,0,0
0,0,0,0,0,0,0,5.77695396972505,94.2230460302749,0,0,0,0,0,0,0
0,0,0,0,0,0,0,0,100,0,0,0,0,0,0,0
0,0,0,0,0,0,0,65.7736101808439,34.2263898191561,0,0,0,0,0,0,0
0,0,0,0,0,0,0,100,0,0,0,0,0,0,0,0
21.8277945619335,0,0,0,0,0,0,71.9033232628399,6.26888217522658,0,0,0,0,0,0,0
64.622641509434,0,0,0,0,0,0,32.0754716981132,3.30188679245283,0,0,0,0,0,0,0
30.293501048218,0,0,0,0,0,0,61.0062893081761,8.70020964360587,0,0,0,0,0,0,0
0,0,0,0,0,0,0,56.8690095846645,43.1309904153355,0,0,0,0,0,0,0
26.6359447004608,0,0,0,0,0,0,65.7142857142857,7.64976958525346,0,0,0,0,0,0,0
0,0,0,0,0,0,0,100,0,0,0,0,0,0,0,0
0,0,30.7529162248144,0,0,0,0,62.6723223753977,6.57476139978791,0,0,0,0,0,0,0
33.8493292053664,0,0,0,0,0,0,36.7389060887513,29.4117647058824,0,0,0,0,0,0,0
0,0,0,0,0,0,0,0.287047003946896,99.7129529960531,0,0,0,0,0,0,0
0.40290088638195,0,0,0,0,0,0,99.597099113618,0,0,0,0,0,0,0,0
1.30597014925373,0,27.0522388059701,0,0,0,0,65.8582089552239,5.78358208955224,0,0,0,0,0,0,0
0,0,0,0,0,0,0,55.0437042286794,44.9562957713206,0,0,0,0,0,0,0
0,0,0,0,0,0,0,0,100,0,0,0,0,0,0,0
0,0,0,21.6272600834492,0,0,0,51.3908205841446,26.9819193324061,0,0,0,0,0,0,0
0,0,0,4.91803278688525,0,0,0,38.6416861826698,56.440281030445,0,0,0,0,0,0,0
0.368324125230203,0,0,16.390423572744,0,0,0,39.2265193370166,44.0147329650092,0,0,0,0,0,0,0
0,0,0,0,0,0,0,96.3181148748159,3.68188512518409,0,0,0,0,0,0,0
0.393700787401575,0,1.77165354330709,0,0,0,0,41.9291338582677,55.9055118110236,0,0,0,0,0,0,0
0,0,16.6489925768823,0,0,0,0,34.2523860021209,49.0986214209968,0,0,0,0,0,0,0
0.537856847331402,0,0,0,0,0,0,5.14411805268239,94.3180250999862,0,0,0,0,0,0,0
0,0,0,0,0,0,0,87.1710526315789,12.8289473684211,0,0,0,0,0,0,0
0.0761421319796954,0,0,0,0,0,0,99.9238578680203,0,0,0,0,0,0,0,0
0,0,0,2.90697674418605,0,0,0,65.374677002584,31.71834625323,0,0,0,0,0,0,0
0,0,0,2.5,0,0,0,61.8181818181818,35.6818181818182,0,0,0,0,0,0,0
0,100,0,0,0,0,0,0,0,0,0,0,0,0,0,0
92.0704845814978,0,7.9295154185022,0,0,0,0,0,0,0,0,0,0,0,0,0
0,100,0,0,0,0,0,0,0,0,0,0,0,0,0,0
27.0194986072423,0.340451872485299,8.17084493964717,0,9.37790157845868,0.804704425874342,0,50.8511296812132,3.43546889507892,0,0,0,0,0,0,0
44.2328804720735,10.5393165911898,13.7916838205023,0,7.07767256758611,1.28310690270344,0,18.2208041718128,4.85453547413202,0,0,0,0,0,0,0
100,0,0,0,0,0,0,0,0,0,0,0,0,0,0,0
0,0.578034682080925,3.46820809248555,0,0,0,0,95.9537572254335,0,0,0,0,0,0,0,0
38.1789137380192,0,10.8626198083067,0,0.798722044728435,29.2332268370607,0,20.926517571885,0,0,0,0,0,0,0,0
49.6622708266324,14.6617347485794,10.2122869089739,0,8.13230406347164,1.8655516243165,0,9.67620885600943,5.78964297201673,0,0,0,0,0,0,0
0,0,2.76679841897233,0,0,0,0,97.1014492753623,0.131752305665349,0,0,0,0,0,0,0
0,0,2.56410256410256,0,0,0,0,97.275641025641,0.16025641025641,0,0,0,0,0,0,0
0,1.93661971830986,16.7253521126761,0,27.112676056338,4.22535211267606,0,34.6830985915493,15.3169014084507,0,0,0,0,0,0,0
8.15642458100559,16.0893854748603,9.60893854748604,0,50.5027932960894,0,0,0,15.6424581005587,0,0,0,0,0,0,0
27.639751552795,0,4.39958592132505,0,9.26501035196687,0.05175983436853,0,54.5031055900621,4.1407867494824,0,0,0,0,0,0,0
0,0,0,0,0,0,0,99.885069480723,0.114930519276983,0,0,0,0,0,0,0
19.4982896237172,75.0285062713797,5.47320410490308,0,0,0,0,0,0,0,0,0,0,0,0,0
3.44202898550725,69.8369565217391,26.7210144927536,0,0,0,0,0,0,0,0,0,0,0,0,0
0.62111801242236,0,7.14285714285714,0,0,85.7142857142857,0,6.52173913043478,0,0,0,0,0,0,0,0
32.9430132708821,34.6604215456674,0,0,0,0,0,32.3965651834504,0,0,0,0,0,0,0,0
44.2031233840108,10.5905471093184,13.8587237563347,0,7.11207639535285,1.28934395145999,0,18.0680525390423,4.87813286448099,0,0,0,0,0,0,0
46.2637362637363,0,53.7362637362637,0,0,0,0,0,0,0,0,0,0,0,0,0
19.6270853778214,0,32.5809617271835,0,39.2541707556428,0,0,8.53778213935231,0,0,0,0,0,0,0,0
65.5658961272891,3.57250075052537,8.91624136895827,0,1.32092464725308,4.92344641248874,0,15.7009906934854,0,0,0,0,0,0,0,0
0,0,17.2239108409321,0,7.09219858156028,0.151975683890578,0,75.2279635258359,0.303951367781155,0,0,0,0,0,0,0
48.6070822615073,14.96907667889,10.4263587105249,0,8.30277488916863,1.90465765420612,0,9.87904329264955,5.91100651305347,0,0,0,0,0,0,0
0,15.0144798396079,2.02717754511027,0,0,0,0,82.9583426152818,0,0,0,0,0,0,0,0
44.8203630823918,17.360670305954,8.75333248698743,0,8.56290465913419,2.20896280309763,0,11.4383648597182,6.85540180271677,0,0,0,0,0,0,0
36.6680761099366,22.122621564482,8.66807610993658,0,11.0359408033827,1.55602536997886,0,10.816067653277,9.13319238900634,0,0,0,0,0,0,0
0,0,85.9814963797265,0,14.0185036202735,0,0,0,0,0,0,0,0,0,0,0
0,19.6503918022905,62.0855937311634,0,1.62748643761302,0,0,16.6365280289331,0,0,0,0,0,0,0,0
41.947166595654,0.234341712824883,10.8223263740946,0,8.6067319982957,0.553898593949723,0,35.4708138048573,2.36472092032382,0,0,0,0,0,0,0
0,0,15.1041666666667,0,14.9305555555556,30.2083333333333,0,39.7569444444444,0,0,0,0,0,0,0,0
0,13.5785007072136,13.012729844413,0,6.22347949080622,12.7298444130127,0,54.4554455445545,0,0,0,0,0,0,0,0
62.9538461538462,0,22.0307692307692,0,0,0,0,15.0153846153846,0,0,0,0,0,0,0,0
21.8102073365231,34.469696969697,7.67543859649123,0,13.1180223285486,0.0199362041467305,0,21.3118022328549,1.59489633173844,0,0,0,0,0,0,0
44.6254947926675,11.8058491218631,14.0617193805004,0,7.48626109680643,1.43730064178932,0,16.0063026017447,4.57707236462857,0,0,0,0,0,0,0
1.13798008534851,0,18.9189189189189,0,0,0,0,79.9431009957326,0,0,0,0,0,0,0,0
11.1637347767253,0,24.424898511502,0,7.7807848443843,0,0,48.2408660351827,8.38971583220568,0,0,0,0,0,0,0
1.13314447592068,0,23.0878186968839,0,0,0,0,75.7790368271955,0,0,0,0,0,0,0,0
21.8169063486496,0.385829533497019,7.43598737285163,0,10.4524728165556,0.911960715538408,0,55.1034724658015,3.89337074710628,0,0,0,0,0,0,0
43.2767624020888,7.11488250652741,15.0783289817232,0,2.87206266318538,5.87467362924282,0,25.7832898172324,0,0,0,0,0,0,0,0
100,0,0,0,0,0,0,0,0,0,0,0,0,0,0,0
42.3280423280423,0.232804232804233,10.7513227513227,0,8.55026455026455,0.55026455026455,0,35.2380952380952,2.34920634920635,0,0,0,0,0,0,0
0,73.4145104008118,0,0,26.5854895991882,0,0,0,0,0,0,0,0,0,0,0
19.3129062209842,10.1207056638812,21.4484679665738,0,4.08542246982358,8.35654596100279,0,36.6759517177344,0,0,0,0,0,0,0,0
15.0224215246637,0,0,0,0,0,0,84.9775784753363,0,0,0,0,0,0,0,0
0,0.171526586620926,10.1200686106346,0,0,5.83190394511149,0,81.8181818181818,2.05831903945111,0,0,0,0,0,0,0
48.2399686608092,15.3058369242823,9.87184509485702,0,8.48956293021434,1.94750685544798,0,10.1012927416196,6.0439867927696,0,0,0,0,0,0,0
0,0,0,0,0,0,0,100,0,0,0,0,0,0,0,0
0,47.2430224642614,52.7569775357386,0,0,0,0,0,0,0,0,0,0,0,0,0
17.8861788617886,0,22.5766103814884,0,7.19199499687305,0,0,44.5903689806129,7.75484677923702,0,0,0,0,0,0,0
42.1812968681076,20.3683281870313,8.46934274371416,0,9.40670489633877,2.02911336568152,0,14.1045434494927,3.44067048963388,0,0,0,0,0,0,0
0.689655172413793,12.5287356321839,25.9770114942529,0,5.05747126436782,10.3448275862069,0,45.4022988505747,0,0,0,0,0,0,0,0
9.30232558139535,0,21.5762273901809,0,0,0,0,69.1214470284238,0,0,0,0,0,0,0,0
0,0,0.130039011703511,0,3.25097529258778,36.0208062418726,0,60.5981794538362,0,0,0,0,0,0,0,0
43.5455492118209,11.0309167295055,14.4349886890014,0,7.40780638443032,1.342956659126,0,17.5158892599375,4.72189306617832,0,0,0,0,0,0,0
2.59023354564756,13.8428874734607,52.9087048832272,0,1.14649681528662,0,0,29.5116772823779,0,0,0,0,0,0,0,0
0,0,0,0,0,0,0,100,0,0,0,0,0,0,0,0
0,9.93975903614458,71.9879518072289,0,0,0,0,18.0722891566265,0,0,0,0,0,0,0,0
100,0,0,0,0,0,0,0,0,0,0,0,0,0,0,0
64.7127784290739,0,20.9847596717468,0,0,0,0,14.3024618991794,0,0,0,0,0,0,0,0
0,0,49.2771084337349,0,0,0,0,50.7228915662651,0,0,0,0,0,0,0,0
0,11.8155619596542,1.00864553314121,0,0,1.72910662824208,0,85.4466858789625,0,0,0,0,0,0,0,0
0,0,0,0,0,0,0,26.0958776347696,73.9041223652304,0,0,0,0,0,0,0
44.2290537294998,10.5400397996295,13.7926302065464,0,7.0781582378371,1.28319494956426,0,18.2220544843203,4.85486859260276,0,0,0,0,0,0,0
14.5985401459854,0,34.6193952033368,0,41.7101147028154,0,0,9.07194994786236,0,0,0,0,0,0,0,0
50,8.92857142857143,8.80952380952381,0,0,0,0,32.2619047619048,0,0,0,0,0,0,0,0
50,8.92857142857143,8.80952380952381,0,0,0,0,32.2619047619048,0,0,0,0,0,0,0,0
39.4873571181157,21.3254820459531,8.86733633529616,0,9.84874725782242,2.12446599699804,0,14.767347881307,3.57926336450756,0,0,0,0,0,0,0
0,0,0,0,0,0,0,100,0,0,0,0,0,0,0,0
64.5659561322212,3.67624343527958,9.17516218721038,0,1.35928328699413,5.06641952425085,0,16.1569354340439,0,0,0,0,0,0,0,0
24.8189280540802,0,13.5683244809271,0,1.2071463061323,35.2969579913085,0,25.1086431675519,0,0,0,0,0,0,0,0
3.59765051395007,0,26.5051395007342,0,8.44346549192364,0,0,52.3494860499266,9.10425844346549,0,0,0,0,0,0,0
0,0,0,0,0,0,0,100,0,0,0,0,0,0,0,0
0,0,70.8652792990142,0,0,0,0,29.1347207009858,0,0,0,0,0,0,0,0
3.3291192583228,13.7378845343447,52.5073746312684,0,1.1378002528445,0,0,29.2878213232196,0,0,0,0,0,0,0,0
0,0,0,0,0,0,0,100,0,0,0,0,0,0,0,0
0.97442143727162,0,16.1997563946407,0,0,0,0,82.8258221680877,0,0,0,0,0,0,0,0
0,39.5151515151515,52.1212121212121,0,3.27272727272727,0,0,5.09090909090909,0,0,0,0,0,0,0,0
35.8346927678086,0,18.1348558999456,0,10.0598151169114,0,0,33.2517672648178,2.71886895051659,0,0,0,0,0,0,0
0,0,100,0,0,0,0,0,0,0,0,0,0,0,0,0
65.4022988505747,0,20.5747126436782,0,0,0,0,14.0229885057471,0,0,0,0,0,0,0,0
16.1725067385445,0,0,0,0,0,0,82.2102425876011,1.61725067385445,0,0,0,0,0,0,0
91.743119266055,0,8.25688073394496,0,0,0,0,0,0,0,0,0,0,0,0,0
14.3509458577952,0,23.5485975212003,0,7.50163078930202,0,0,46.5101108936725,8.08871493803001,0,0,0,0,0,0,0
4.09026798307475,0,0,0,0,0,0,95.9097320169252,0,0,0,0,0,0,0,0
0,100,0,0,0,0,0,0,0,0,0,0,0,0,0,0
100,0,0,0,0,0,0,0,0,0,0,0,0,0,0,0
5.28893241919686,72.6738491674829,16.356513222331,0,5.68070519098923,0,0,0,0,0,0,0,0,0,0,0
21.2791633145615,34.7747385358005,7.58246178600161,0,13.2341110217216,0.0201126307320998,0,21.5004022526146,1.60901045856798,0,0,0,0,0,0,0
1.92837465564738,19.8347107438017,7.30027548209367,0,62.2589531680441,0,0,0,8.67768595041322,0,0,0,0,0,0,0
3.41052631578947,13.7263157894737,52.4631578947368,0,1.13684210526316,0,0,29.2631578947368,0,0,0,0,0,0,0,0
0,18.6551621541208,65.0104135673907,0,0,0,0,16.3344242784885,0,0,0,0,0,0,0,0
0,0,0,0,0,0,0,100,0,0,0,0,0,0,0,0
33.160621761658,0,11.7443868739206,0,0.863557858376511,31.6062176165803,0,22.6252158894646,0,0,0,0,0,0,0,0
13.9423076923077,0,58.6538461538462,0,26.9230769230769,0,0,0.480769230769231,0,0,0,0,0,0,0,0
43.8996232835095,16.6180580872524,10.6209746020173,0,9.21740187143031,2.1144732045206,0,10.9673107303439,6.56215822092599,0,0,0,0,0,0,0
11.2882653061224,0,38.5841836734694,0,0,0,0,50.1275510204082,0,0,0,0,0,0,0,0
68.5365853658537,0,5.52845528455285,0,0.40650406504065,14.8780487804878,0,10.650406504065,0,0,0,0,0,0,0,0
4.95049504950495,44.2008486562942,12.0933521923621,0,0,0,0,0,38.7553041018388,0,0,0,0,0,0,0
14.0372670807453,0,0,0,0,0,0,85.9627329192547,0,0,0,0,0,0,0,0
38.2336089056233,21.4127854628796,8.85651141851518,0,10.6818367848081,1.50609806008022,0,10.4690185806663,8.84014078742736,0,0,0,0,0,0,0
0,0,3.11688311688312,0,0,0,0,96.7532467532467,0.12987012987013,0,0,0,0,0,0,0
0,0,3.13725490196078,0,0,0,0,96.7320261437908,0.130718954248366,0,0,0,0,0,0,0
0,1.11731843575419,9.49720670391062,0,0,0,0,89.3854748603352,0,0,0,0,0,0,0,0
0,0,0,0,0.363516192994052,82.3529411764706,0,17.2835426305354,0,0,0,0,0,0,0,0
1.05374077976818,56.4805057955743,12.6448893572181,0,0,0,0,0,29.8208640674394,0,0,0,0,0,0,0
17.8283198826119,62.6925898752751,7.88701393983859,0,11.0051357300073,0,0,0.586940572267058,0,0,0,0,0,0,0,0
38.7658227848101,0,10.7594936708861,0,0.791139240506329,28.9556962025316,0,20.7278481012658,0,0,0,0,0,0,0,0
6.91747572815534,0,16.3834951456311,0,1.51699029126214,43.628640776699,0,31.5533980582524,0,0,0,0,0,0,0,0
66.8784291077101,3.43632688420445,8.57637886225816,0,1.27057464626047,4.73577822697083,0,15.102512272596,0,0,0,0,0,0,0,0
100,0,0,0,0,0,0,0,0,0,0,0,0,0,0,0
38.1475409836066,21.4426229508197,8.86885245901639,0,10.6967213114754,1.50819672131148,0,10.483606557377,8.85245901639344,0,0,0,0,0,0,0
0,0,24.2857142857143,0,0,0,0,75.7142857142857,0,0,0,0,0,0,0,0
37.8623188405797,21.5415019762846,8.90974967061924,0,10.74604743083,1.51515151515152,0,10.5319499341238,8.89328063241107,0,0,0,0,0,0,0
1.669449081803,79.6327212020033,14.1903171953255,0,0,0,0,0,4.50751252086811,0,0,0,0,0,0,0
0,0,0,0,0,0,0,100,0,0,0,0,0,0,0,0
13.8451443569554,0,23.6876640419948,0,7.54593175853018,0,0,46.7847769028871,8.13648293963255,0,0,0,0,0,0,0
0,0,81.9889502762431,0,0,0,0,18.0110497237569,0,0,0,0,0,0,0,0
0.122249388753056,13.3251833740831,21.8826405867971,0,5.37897310513447,11.0024449877751,0,48.2885085574572,0,0,0,0,0,0,0,0
0,27.047913446677,1.85471406491499,0,0,0.927357032457496,0,70.1700154559505,0,0,0,0,0,0,0,0
0,100,0,0,0,0,0,0,0,0,0,0,0,0,0,0
13.1736526946108,86.8263473053892,0,0,0,0,0,0,0,0,0,0,0,0,0,0
72.5490196078431,0,0,0,0,0,0,27.4509803921569,0,0,0,0,0,0,0,0
0,100,0,0,0,0,0,0,0,0,0,0,0,0,0,0
10.4658583280153,39.8851308232291,10.9125717932355,0,0,0,0,0,38.7364390555201,0,0,0,0,0,0,0
66.3932024611779,3.48666861998242,8.70202168180486,0,1.28918839730442,4.80515675358922,0,15.3237620861412,0,0,0,0,0,0,0,0
18.2960893854749,1.53631284916201,13.268156424581,0,21.5083798882682,3.63128491620112,0,27.7932960893855,13.9664804469274,0,0,0,0,0,0,0
0,0,0,0,0,0,0,100,0,0,0,0,0,0,0,0
43.7160802487957,16.6778462101348,10.640892737362,0,9.25056405878407,2.12208061467163,0,11.0067687054089,6.58576742484298,0,0,0,0,0,0,0
43.7538086532602,16.6666666666667,10.6337599024985,0,9.24436319317489,2.12065813528336,0,10.9993906154784,6.58135283363803,0,0,0,0,0,0,0
0,24.6867167919799,7.64411027568922,0,0,0.75187969924812,0,66.9172932330827,0,0,0,0,0,0,0,0
100,0,0,0,0,0,0,0,0,0,0,0,0,0,0,0
0,100,0,0,0,0,0,0,0,0,0,0,0,0,0,0
0,0,11.1716621253406,0,15.622161671208,31.6076294277929,0,41.5985467756585,0,0,0,0,0,0,0,0
0,0,0,0,0,0,0,100,0,0,0,0,0,0,0,0
0.671140939597315,0,7.60626398210291,0,0,0,0,91.7225950782998,0,0,0,0,0,0,0,0
25.820991629105,0,5.47327752736639,0,5.66645202833226,0.0643915003219575,0,57.8235672891178,5.1513200257566,0,0,0,0,0,0,0
8.4192439862543,0,62.1993127147766,0,28.8659793814433,0,0,0.515463917525773,0,0,0,0,0,0,0,0
2.74074074074074,0,26.7407407407407,0,8.51851851851852,0,0,52.8148148148148,9.18518518518519,0,0,0,0,0,0,0
40.1624945103206,0.241545893719807,11.1550285463329,0,8.87132191480018,0.57092665788318,0,36.5612648221344,2.43741765480896,0,0,0,0,0,0,0
0,0,0,0,0,0,0,100,0,0,0,0,0,0,0,0
22.7039810800158,34.0756799369334,7.58770201024833,0,12.9680725266062,0.0197083169097359,0,21.0681907765077,1.57666535277887,0,0,0,0,0,0,0
0,100,0,0,0,0,0,0,0,0,0,0,0,0,0,0
31.1728395061728,0,68.8271604938272,0,0,0,0,0,0,0,0,0,0,0,0,0
0,0,0,0,25.1094890510949,31.970802919708,0,42.9197080291971,0,0,0,0,0,0,0,0
44.0505716532575,16.5446736434577,10.6708608069687,0,9.17669832436029,2.10513580545642,0,10.9188796806001,6.53318008589922,0,0,0,0,0,0,0
0,0,40.7464114832536,0,0,43.5406698564593,0,15.7129186602871,0,0,0,0,0,0,0,0
0,0,22.635589421784,0,0,0,0,0,77.3644105782161,0,0,0,0,0,0,0
5.57103064066852,19.7771587743733,4.73537604456824,0,1.94986072423398,0,0,46.908077994429,17.4930362116992,3.56545961002786,0,0,0,0,0,0
0,98.6315789473684,0,0,0,0,0,1.36842105263158,0,0,0,0,0,0,0,0
0,29.5833333333333,0,0,0,0,0,70.4166666666667,0,0,0,0,0,0,0,0
1.87852222917971,84.4708829054477,0,0,12.773951158422,0,0,0.876643706950532,0,0,0,0,0,0,0,0
2.25817323896191,85.3387259858443,0,0,0,0,0,12.0997640714526,0.303336703741153,0,0,0,0,0,0,0
0,97.9674796747967,0,0,0,0,0,2.03252032520325,0,0,0,0,0,0,0,0
2.38443840200795,44.7814264798159,6.95461200585651,0,6.70361848985568,0,0,32.095795858607,6.27483790002092,0.805270863836017,0,0,0,0,0,0
0,12.0218579234973,0,0,0,0,0,65.1639344262295,14.344262295082,8.46994535519126,0,0,0,0,0,0
0,100,0,0,0,0,0,0,0,0,0,0,0,0,0,0
0,0,0,0,86.9605654761905,0,0,13.0394345238095,0,0,0,0,0,0,0,0
14.014598540146,85.985401459854,0,0,0,0,0,0,0,0,0,0,0,0,0,0
0,100,0,0,0,0,0,0,0,0,0,0,0,0,0,0
0,0,0,0,0,0,0,87.4647887323944,12.5352112676056,0,0,0,0,0,0,0
5,0,39.6774193548387,0,0,0,0,28.8709677419355,26.4516129032258,0,0,0,0,0,0,0
0,93.4615384615385,0,0,0,0,0,6.53846153846154,0,0,0,0,0,0,0,0
0,100,0,0,0,0,0,0,0,0,0,0,0,0,0,0
2.38943617690212,44.8752881995389,6.96918884929784,0,6.53950953678474,0,0,32.1316285893943,6.2879899392161,0.806958708866066,0,0,0,0,0,0
2.44792785054756,45.9738028773889,6.91432252523084,0,5.47562808675113,0,0,31.919690788061,6.4419153961778,0.826712475842817,0,0,0,0,0,0
0,100,0,0,0,0,0,0,0,0,0,0,0,0,0,0
0,0,0,0,0,0,0,100,0,0,0,0,0,0,0,0
0,100,0,0,0,0,0,0,0,0,0,0,0,0,0,0
4.40528634361234,91.0425844346549,0,0,4.40528634361233,0,0,0.146842878120411,0,0,0,0,0,0,0,0
12.124248496994,0,27.1543086172345,0,0,0,0,47.5951903807615,13.12625250501,0,0,0,0,0,0,0
0,0,0,0,0,0,0,100,0,0,0,0,0,0,0,0
2.53996905621454,55.2088705518308,2.34657039711191,0,6.44662197008767,0,0,28.4682826199072,4.16451779267664,0.825167612171222,0,0,0,0,0,0
0,100,0,0,0,0,0,0,0,0,0,0,0,0,0,0
0,56.1320754716981,0,0,0,0,0,43.8679245283019,0,0,0,0,0,0,0,0
2.82884084198495,40.7848366511096,6.76254881417278,0,7.0863891799219,0,0,36.0891513477474,5.71482998380798,0.733403181255358,0,0,0,0,0,0
0,0,41.3799126637555,0,0,0,0,1.55458515283843,57.0655021834061,0,0,0,0,0,0,0
85.5932203389831,0,0,0,0,0,0,14.4067796610169,0,0,0,0,0,0,0,0
0,30.1358234295416,0,0,0,0,0,69.8641765704584,0,0,0,0,0,0,0,0
2.34134319162046,43.9720681864859,6.94187718217293,0,7.64017252002465,0,0,32.152392688437,6.16142945163278,0.790716779626207,0,0,0,0,0,0
1.92694851883808,74.1443773367846,0.0287604256542997,0,0.94909404659189,0,0,22.6919758412424,0.258843830888697,0,0,0,0,0,0,0
0,100,0,0,0,0,0,0,0,0,0,0,0,0,0,0
0,100,0,0,0,0,0,0,0,0,0,0,0,0,0,0
0,100,0,0,0,0,0,0,0,0,0,0,0,0,0,0
3.7394451145959,0,34.37876960193,0,0,0,0,42.0989143546442,19.7828709288299,0,0,0,0,0,0,0
0,98.8906497622821,0,0,0,0,0,1.10935023771791,0,0,0,0,0,0,0,0
24.3951612903226,0,0,0,0,0,0,75.6048387096774,0,0,0,0,0,0,0,0
0,97.7973568281938,0,0,0.293685756240822,0,0,1.90895741556535,0,0,0,0,0,0,0,0
0,100,0,0,0,0,0,0,0,0,0,0,0,0,0,0
2.31516056758775,0,22.4794622852875,0,0,0,0,53.5474234503361,20.6870799103809,0.970873786407767,0,0,0,0,0,0
1.66666666666667,27.1428571428571,6.74603174603175,0,0,0,0,51.1904761904762,8.33333333333333,4.92063492063492,0,0,0,0,0,0
2.47261685283592,46.4374796659798,6.15985251057369,0,5.43325018978419,0,0,32.154863897625,6.50688645483136,0.835050428370025,0,0,0,0,0,0
0,0,0,0,0,0,0,100,0,0,0,0,0,0,0,0
0,100,0,0,0,0,0,0,0,0,0,0,0,0,0,0
0,0,0,0,0,0,0,17.3913043478261,50.5928853754941,32.0158102766798,0,0,0,0,0,0
0,64.6160908986572,35.3839091013428,0,0,0,0,0,0,0,0,0,0,0,0,0
0.0715307582260372,99.928469241774,0,0,0,0,0,0,0,0,0,0,0,0,0,0
7.83042394014963,0,0,0,0,0,0,22.0282626766417,70.1413133832087,0,0,0,0,0,0,0
0,0,0,0,60.7749077490775,0,0,39.2250922509225,0,0,0,0,0,0,0,0
0,54.0178571428571,21.4285714285714,0,0,0,0,24.5535714285714,0,0,0,0,0,0,0,0
1.8359853121175,82.5581395348837,0,0,14.1370869033048,0,0,1.468788249694,0,0,0,0,0,0,0,0
0,0,2.71954674220963,0,0,0,0,97.2804532577904,0,0,0,0,0,0,0,0
0,0,63.5684810375319,0,0,0,0,0,36.4315189624681,0,0,0,0,0,0,0
0,0,0,0,32.432675853373,0,0,67.567324146627,0,0,0,0,0,0,0,0
21.5331610680448,0,4.90956072351421,0,0,0,0,73.557278208441,0,0,0,0,0,0,0,0
3.47500668270516,45.5493183640738,2.27211975407645,0,12.4565624164662,0,0,26.1427425821973,8.39347767976477,1.71077252071639,0,0,0,0,0,0
0,0,6.90903367957192,0,0,0,0,93.0909663204281,0,0,0,0,0,0,0,0
0,100,0,0,0,0,0,0,0,0,0,0,0,0,0,0
0,100,0,0,0,0,0,0,0,0,0,0,0,0,0,0
0,0.12970168612192,0.389105058365759,0,67.3151750972763,1.42671854734112,0,30.7392996108949,0,0,0,0,0,0,0,0
0,0,0,0,54.9870466321243,2.91450777202073,0,42.0984455958549,0,0,0,0,0,0,0,0
17.3134328358209,0,62.6865671641791,0,20,0,0,0,0,0,0,0,0,0,0,0
0,0,0,0,67.761917586857,0,0,32.238082413143,0,0,0,0,0,0,0,0
0,94.0896469654899,0,0,5.91035303451012,0,0,0,0,0,0,0,0,0,0,0
0,0.148588410104012,0,0,63.001485884101,1.63447251114413,0,35.2154531946508,0,0,0,0,0,0,0,0
0,16.9369369369369,0.900900900900901,0,82.1621621621622,0,0,0,0,0,0,0,0,0,0,0
0,84.0909090909091,0,0,13.4615384615385,0,0,2.44755244755245,0,0,0,0,0,0,0,0
0,100,0,0,0,0,0,0,0,0,0,0,0,0,0,0
0,57.2687224669604,0,0,33.215859030837,0,0,9.51541850220264,0,0,0,0,0,0,0,0
0,0,0,0,0,0,0,79.3395805443998,16.1981258366801,0,4.46229361892012,0,0,0,0,0
0,0,0,0,0,0,0,100,0,0,0,0,0,0,0,0
0,5.07462686567164,0,0,2.98507462686567,0,0,91.9402985074627,0,0,0,0,0,0,0,0
0,99.9444598722577,0,0,0,0,0,0.0555401277422938,0,0,0,0,0,0,0,0
0.442240686143125,42.0932725810775,2.51943178772447,0,4.78424015009381,0,0,39.5202358616993,9.30045564191906,0,1.3401232913428,0,0,0,0,0
0,0,4.62239583333333,0,0,0,0,70.8333333333333,24.5442708333333,0,0,0,0,0,0,0
0,100,0,0,0,0,0,0,0,0,0,0,0,0,0,0
0.769948670088661,73.2851143257116,0,0,6.99953336444237,0,0,15.0023331777881,3.9430704619692,0,0,0,0,0,0,0
0,62.948717948718,0,0,12.8205128205128,0,0,24.2307692307692,0,0,0,0,0,0,0,0
0,100,0,0,0,0,0,0,0,0,0,0,0,0,0,0
0,100,0,0,0,0,0,0,0,0,0,0,0,0,0,0
0,100,0,0,0,0,0,0,0,0,0,0,0,0,0,0
0,0,0,0,0,0,0,100,0,0,0,0,0,0,0,0
0,0,0,0,0,0,0,94.5835462442514,5.4164537557486,0,0,0,0,0,0,0
0,0,0,0,0,0,0,76.7543859649123,23.2456140350877,0,0,0,0,0,0,0
0,0,0,0,0,0,0,89.3574297188755,10.6425702811245,0,0,0,0,0,0,0
0,4.38144329896907,0,0,9.53608247422681,0,0,86.0824742268041,0,0,0,0,0,0,0,0
0,58.5286103542234,0,0,10.8991825613079,0,0,29.1553133514986,1.41689373297003,0,0,0,0,0,0,0
0,1.97722239797532,0,0,2.27776020246757,0,0,0,95.7450173995571,0,0,0,0,0,0,0
0.75,71.3863636363636,0,0,6.81818181818182,0,0,16.2954545454545,4.75,0,0,0,0,0,0,0
0,100,0,0,0,0,0,0,0,0,0,0,0,0,0,0
0,0,0.215827338129496,0,16.4748201438849,0,0,83.3093525179856,0,0,0,0,0,0,0,0
0,0,0,0,0,0,0,83.1493848857645,16.8506151142355,0,0,0,0,0,0,0
0,100,0,0,0,0,0,0,0,0,0,0,0,0,0,0
0,0,0,0,0,0,0,100,0,0,0,0,0,0,0,0
0,100,0,0,0,0,0,0,0,0,0,0,0,0,0,0
0,0,0,0,0,0,0,61.2653419053185,38.7346580946815,0,0,0,0,0,0,0
0,0,0,0,2.17391304347826,0,0,97.8260869565217,0,0,0,0,0,0,0,0
11.5351257588899,33.0442324371206,0,0,27.4934952298352,0,0,3.46921075455334,24.457935819601,0,0,0,0,0,0,0
0,0,0,0,0,0,0,81.4951545916013,13.8901707429626,0,4.61467466543609,0,0,0,0,0
0,0,0,0,0,0,0,100,0,0,0,0,0,0,0,0
0.472576256623228,44.9806673349563,0,0,4.81168552198196,0,0,38.5507661463554,9.75225547758843,0,1.43204926249463,0,0,0,0,0
0,72.7069351230425,0,0,15.2125279642058,0,0,12.0805369127517,0,0,0,0,0,0,0,0
0.443727309398951,42.2347720855184,2.31276052171575,0,4.80032271077047,0,0,39.5320693828156,9.33171977948097,0,1.34462821029985,0,0,0,0,0
0,100,0,0,0,0,0,0,0,0,0,0,0,0,0,0
0,60.8426270136307,0,0,12.3915737298637,0,0,26.7657992565056,0,0,0,0,0,0,0,0
0,0,0,0,0,0,0,100,0,0,0,0,0,0,0,0
0,0,0,0,0,0,0,87.1584699453552,3.73406193078324,0,9.10746812386157,0,0,0,0,0
0.752393980848153,71.6142270861833,0,0,6.83994528043776,0,0,16.3474692202462,4.44596443228454,0,0,0,0,0,0,0
0,0,0.804289544235925,0,0,0,0,99.1957104557641,0,0,0,0,0,0,0,0
0,100,0,0,0,0,0,0,0,0,0,0,0,0,0,0
0,100,0,0,0,0,0,0,0,0,0,0,0,0,0,0
0.431598221292179,41.0803034266283,2.69421919958148,0,4.66910803034266,0,0,40.740256343186,9.07664138111431,0,1.30787339785509,0,0,0,0,0
0.414842129522932,36.1949758008758,3.3302604286702,0,4.75916109702696,0,0,44.6416224936621,9.50679880156718,0,1.15233924867481,0,0,0,0,0
0,100,0,0,0,0,0,0,0,0,0,0,0,0,0,0
0,100,0,0,0,0,0,0,0,0,0,0,0,0,0,0
0,100,0,0,0,0,0,0,0,0,0,0,0,0,0,0
0,100,0,0,0,0,0,0,0,0,0,0,0,0,0,0
0,0,0,0,0,0,0,100,0,0,0,0,0,0,0,0
0,100,0,0,0,0,0,0,0,0,0,0,0,0,0,0
0,100,0,0,0,0,0,0,0,0,0,0,0,0,0,0
0.46335299073294,44.1027801179444,0.9126649817467,0,5.01263689974726,0,0,38.5425442291491,9.56192080876158,0,1.404099971918,0,0,0,0,0
0,0,0,0,0,0,0,77.6649746192893,22.3350253807107,0,0,0,0,0,0,0
0,0,0,0,0,0,0,90.0621118012422,2.69151138716356,0,7.2463768115942,0,0,0,0,0
0,100,0,0,0,0,0,0,0,0,0,0,0,0,0,0
0,99.6932515337423,0,0,0,0,0,0.306748466257669,0,0,0,0,0,0,0,0
0,100,0,0,0,0,0,0,0,0,0,0,0,0,0,0
0,100,0,0,0,0,0,0,0,0,0,0,0,0,0,0
0.380886426592798,36.2534626038781,3.33564173591874,0,4.7668513388735,0,0,44.6791320406279,9.42982456140351,0,1.15420129270545,0,0,0,0,0
0,100,0,0,0,0,0,0,0,0,0,0,0,0,0,0
0.400631297802598,38.1328153453927,3.50855894136215,0,4.33410222168265,0,0,42.7947068107321,9.61515114726235,0,1.21403423576545,0,0,0,0,0
0,100,0,0,0,0,0,0,0,0,0,0,0,0,0,0
1.39240506329114,87.2151898734177,0,0,4.21940928270042,0,0,1.64556962025316,5.52742616033755,0,0,0,0,0,0,0
0.721626940739121,68.6857642685327,0,0,6.56024491581019,0,0,18.3468182812158,5.68554559370217,0,0,0,0,0,0,0
0,0,0,0,22.5913621262458,0,0,77.4086378737541,0,0,0,0,0,0,0,0
0,0,81.4949201741655,0,2.97532656023222,0,0,15.5297532656023,0,0,0,0,0,0,0,0
0,0,0,0,11.6071428571429,0,0,0,88.3928571428571,0,0,0,0,0,0,0
0,1.75438596491228,14.3762183235867,0,46.4912280701754,0,0,9.50292397660819,22.8557504873294,5.01949317738791,0,0,0,0,0,0
0,27.7159309021113,15.6238003838772,0,56.6602687140115,0,0,0,0,0,0,0,0,0,0,0
0,3.46820809248555,1.63776493256262,0,69.1714836223507,0,0,8.47784200385356,7.32177263969171,9.92292870905588,0,0,0,0,0,0
3.7410071942446,0,0,0,0,0,0,54.8201438848921,41.4388489208633,0,0,0,0,0,0,0
0,0,49.4659206510682,0,15.8697863682604,0,0,34.6642929806714,0,0,0,0,0,0,0,0
0,0,0,0,0,0,0,53.6764705882353,46.3235294117647,0,0,0,0,0,0,0
0.632603406326034,0.875912408759124,12.1654501216545,0,29.1970802919708,0,0,31.8248175182482,22.7980535279805,2.50608272506083,0,0,0,0,0,0
65.725,0,0,0,0,0,0,34.275,0,0,0,0,0,0,0,0
0,0,90.2733118971061,0,2.0096463022508,0,0,7.71704180064309,0,0,0,0,0,0,0,0
0,0,0,0,41.7525773195876,0,0,5.05154639175258,19.2783505154639,33.9175257731959,0,0,0,0,0,0
0,0,48.3483483483483,0,0.600600600600601,0,0,51.051051051051,0,0,0,0,0,0,0,0
0,0,0,0,0,0,0,24.2834394904459,75.7165605095541,0,0,0,0,0,0,0
0,0,100,0,0,0,0,0,0,0,0,0,0,0,0,0
3.14806773773339,0.781589231437256,10.8554059921841,0,26.0529743812419,0,0,36.322188449848,20.6035605731654,2.23621363438993,0,0,0,0,0,0
1.99912126537786,0.790861159929701,10.9841827768014,0,26.3620386643234,0,0,36.7530755711775,20.8479789103691,2.26274165202109,0,0,0,0,0,0
0,0,0,0,0,0,0,74.6287128712871,25.3712871287129,0,0,0,0,0,0,0
0,0,0,0,100,0,0,0,0,0,0,0,0,0,0,0
0,0,0,0,26.0533104041273,0,0,14.1014617368874,59.8452278589854,0,0,0,0,0,0,0
0,0,0,0,8.40336134453782,0,0,10.5042016806723,81.0924369747899,0,0,0,0,0,0,0
0,0,0,0,33.3333333333333,0,0,38.6541471048513,28.0125195618153,0,0,0,0,0,0,0
0,0,0,0,0,0,0,15.3374233128834,84.6625766871166,0,0,0,0,0,0,0
0,2.16216216216216,1.02102102102102,0,54.1141141141141,0,0,8.34834834834835,28.1681681681682,6.18618618618619,0,0,0,0,0,0
0,0,0,0,0,0,0,100,0,0,0,0,0,0,0,0
0,0,0,0,0,0,0,100,0,0,0,0,0,0,0,0
0,1.50943396226415,15.9748427672956,0,45.4926624737945,0,0,12.8301886792453,19.874213836478,4.31865828092243,0,0,0,0,0,0
0,0,0,0,0,0,0,100,0,0,0,0,0,0,0,0
0.590372388737511,0.817438692098093,11.3533151680291,0,27.2479564032698,0,0,36.1035422343324,21.5485921889192,2.33878292461399,0,0,0,0,0,0
0,38.1177990739744,0,0,0,0,0,61.8822009260256,0,0,0,0,0,0,0,0
0,55.0670284072774,0,0,0,0,0,44.9329715927226,0,0,0,0,0,0,0,0
0,0.384789497510186,0,0,96.7179719330014,0,0,2.89723856948846,0,0,0,0,0,0,0,0
0,32.752992383025,0,0,6.85527747551687,28.835690968444,0,31.5560391730141,0,0,0,0,0,0,0,0
5.22260273972603,25.7705479452055,0,0,5.39383561643836,23.1164383561644,0,40.4965753424658,0,0,0,0,0,0,0,0
0,97.1941638608305,0,0,0.897867564534231,0,0,1.90796857463524,0,0,0,0,0,0,0,0
0,100,0,0,0,0,0,0,0,0,0,0,0,0,0,0
0,39.7923875432526,0,0,10.8996539792388,31.4878892733564,0,17.8200692041523,0,0,0,0,0,0,0,0
0,0,0,0,0,0,0,100,0,0,0,0,0,0,0,0
99.8545861297539,0,0,0,0,0,0,0.145413870246085,0,0,0,0,0,0,0,0
0,0.0825082508250825,0,0,18.3993399339934,48.2673267326733,0,33.2508250825083,0,0,0,0,0,0,0,0
0,0,0,0,6.55307994757536,67.3656618610747,0,26.0812581913499,0,0,0,0,0,0,0,0
1.76088971269694,27.8962001853568,0,0,5.83873957367933,25.0231696014829,0,39.4810009267841,0,0,0,0,0,0,0,0
0,77.2865853658537,1.82926829268293,0,0,0,0,20.8841463414634,0,0,0,0,0,0,0,0
0,64.6153846153846,1.15384615384615,0,0,0,0,30.3846153846154,0,3.84615384615385,0,0,0,0,0,0
9.37840785169029,62.1592148309706,4.14394765539804,0,4.90730643402399,0,0,17.2300981461287,0,2.18102508178844,0,0,0,0,0,0
0,100,0,0,0,0,0,0,0,0,0,0,0,0,0,0
51.4545454545454,0,0,0,0,0,0,7.09090909090909,41.4545454545454,0,0,0,0,0,0,0
44.0353460972018,2.01276386843397,0,0,0,0,0,53.9518900343643,0,0,0,0,0,0,0,0
0,100,0,0,0,0,0,0,0,0,0,0,0,0,0,0
0,96.9418960244648,2.14067278287462,0,0,0,0,0.91743119266055,0,0,0,0,0,0,0,0
0,50.9344598054275,49.0655401945724,0,0,0,0,0,0,0,0,0,0,0,0,0
12.5450376678677,62.626924336718,9.13855224369473,0,1.7359973796266,0,0,8.64723223059286,4.65116279069767,0.655093350802489,0,0,0,0,0,0
17.7570093457944,48.7080813633865,15.3380978559648,0,2.91368884002199,0,0,14.1836173721825,0,1.09950522264981,0,0,0,0,0,0
0,6.73684210526316,0,0,0.210526315789474,0,0,75.7894736842105,0,17.2631578947368,0,0,0,0,0,0
14.8218829516539,49.236641221374,17.7480916030534,0,3.37150127226463,0,0,13.5496183206107,0,1.27226463104326,0,0,0,0,0,0
1.01351351351351,67.9054054054054,1.01351351351351,0,0,0,0,26.6891891891892,0,3.37837837837838,0,0,0,0,0,0
0,52.5871172122492,0,0,0,0,0,22.562478000704,24.8504047870468,0,0,0,0,0,0,0
4.04411764705882,95.9558823529412,0,0,0,0,0,0,0,0,0,0,0,0,0,0
15.102523659306,56.9006309148265,11.0015772870662,0,2.08990536277603,0,0,10.1735015772871,3.94321766561514,0.788643533123028,0,0,0,0,0,0
0,96.0812772133527,3.4833091436865,0,0,0,0,0.435413642960813,0,0,0,0,0,0,0,0
0,53.2758620689655,0,0,0,0,0,46.7241379310345,0,0,0,0,0,0,0,0
16.2790697674419,53.1438415159345,12.015503875969,0,2.28251507321275,0,0,11.1111111111111,4.30663221360896,0.861326442721792,0,0,0,0,0,0
26.8760907504363,39.9650959860384,22.3385689354276,0,10.8202443280977,0,0,0,0,0,0,0,0,0,0,0
13.9526411657559,60.1821493624772,10.1639344262295,0,1.93078324225865,0,0,9.39890710382514,3.64298724954463,0.728597449908925,0,0,0,0,0,0
8.36236933797909,58.5365853658537,12.9790940766551,0,4.61672473867596,0,0,13.7630662020906,0,1.74216027874564,0,0,0,0,0,0
0,59.6147966982574,0,0,0,0,0,40.3852033017426,0,0,0,0,0,0,0,0
12.2765196662694,11.4421930870083,49.4636471990465,0,0,0,0,26.8176400476758,0,0,0,0,0,0,0,0
0,0,11.9724375538329,0,66.7527993109389,0,0,21.2747631352283,0,0,0,0,0,0,0,0
0,0,2.86852589641434,0,24.8605577689243,0,0,57.6892430278885,14.5816733067729,0,0,0,0,0,0,0
0,0,0,0,8.72765509989485,0,0,86.1198738170347,5.15247108307045,0,0,0,0,0,0,0
0,0,0,0,0,0,0,31.2597200622084,68.7402799377916,0,0,0,0,0,0,0
0,0,1.80722891566265,0,25.9036144578313,0,0,58.433734939759,13.855421686747,0,0,0,0,0,0,0
0,0,2.04194260485651,0,18.9293598233996,0,0,68.1015452538631,10.9271523178808,0,0,0,0,0,0,0
0,0,0,0,0.630517023959647,0,0,98.9911727616646,0.378310214375788,0,0,0,0,0,0,0
0,0,0,0,0.647820965842167,0,0,58.7750294464075,40.5771495877503,0,0,0,0,0,0,0
15.6884875846501,0,0,0,61.9638826185102,2.48306997742664,0,6.32054176072235,13.5440180586907,0,0,0,0,0,0,0
1.1968085106383,0,0,0,73.0053191489362,2.92553191489362,0,6.91489361702128,15.9574468085106,0,0,0,0,0,0,0
0,0,0,0,72.3474801061008,0,0,27.6525198938992,0,0,0,0,0,0,0,0
6.53743039802021,0,0,0,1.54671066199216,0,0,91.9158589399876,0,0,0,0,0,0,0,0
0,0,0,0,90.6639004149378,4.5643153526971,0,3.52697095435685,1.2448132780083,0,0,0,0,0,0,0
54.9504950495049,0,0,0,0,24.2574257425743,0,20.7920792079208,0,0,0,0,0,0,0,0
0,0,0,0,100,0,0,0,0,0,0,0,0,0,0,0
21.9356423483174,0,0,0,0,48.8332105133874,0,29.2311471382953,0,0,0,0,0,0,0,0
0,0,0,0,0,0,0,51.4285714285714,48.5714285714286,0,0,0,0,0,0,0
48.9012905476107,0,0,0,0,0,0,21.2940355772585,29.8046738751308,0,0,0,0,0,0,0
0,0,0,0,0,0,0,78.4274193548387,21.5725806451613,0,0,0,0,0,0,0
69.7712418300654,0,0,0,0,0,0,18.9542483660131,11.2745098039216,0,0,0,0,0,0,0
0,0,0,0,0,0,0,76.1503928170595,23.8496071829405,0,0,0,0,0,0,0
4.86486486486486,0,0,0,0,0,0,73.5135135135135,21.6216216216216,0,0,0,0,0,0,0
69.3083573487032,0,0,0,0,0,0,30.6916426512968,0,0,0,0,0,0,0,0
0,0,0,0,0,0,0,100,0,0,0,0,0,0,0,0
16.2538699690402,0,0,0,0,0,0,65.1702786377709,18.5758513931889,0,0,0,0,0,0,0
18.9292543021032,81.0707456978967,0,0,0,0,0,0,0,0,0,0,0,0,0,0
7.71065182829889,92.2098569157393,0,0,0,0,0,0.0794912559618442,0,0,0,0,0,0,0,0
0,100,0,0,0,0,0,0,0,0,0,0,0,0,0,0
22.7498869289914,77.2501130710086,0,0,0,0,0,0,0,0,0,0,0,0,0,0
0,100,0,0,0,0,0,0,0,0,0,0,0,0,0,0
46.0584588131089,53.9415411868911,0,0,0,0,0,0,0,0,0,0,0,0,0,0
18.6653771760155,81.3346228239845,0,0,0,0,0,0,0,0,0,0,0,0,0,0
21.651376146789,78.348623853211,0,0,0,0,0,0,0,0,0,0,0,0,0,0
47.6861167002012,52.3138832997988,0,0,0,0,0,0,0,0,0,0,0,0,0,0
3.36134453781513,96.6386554621849,0,0,0,0,0,0,0,0,0,0,0,0,0,0
55.4896142433234,44.5103857566766,0,0,0,0,0,0,0,0,0,0,0,0,0,0
23.8489394723228,76.1510605276772,0,0,0,0,0,0,0,0,0,0,0,0,0,0
18.0519480519481,81.948051948052,0,0,0,0,0,0,0,0,0,0,0,0,0,0
22.9936880072137,77.0063119927863,0,0,0,0,0,0,0,0,0,0,0,0,0,0
0,100,0,0,0,0,0,0,0,0,0,0,0,0,0,0
21.4451134784623,78.5548865215378,0,0,0,0,0,0,0,0,0,0,0,0,0,0
26.513098464318,73.486901535682,0,0,0,0,0,0,0,0,0,0,0,0,0,0
0,0,0,0,87.2090786689748,0,0,0,12.7909213310252,0,0,0,0,0,0,0
0.100401606425703,0,0,0,0,0,0,0,99.8995983935743,0,0,0,0,0,0,0
7.26817042606516,0,0,0,50.125313283208,0,0,0,42.6065162907268,0,0,0,0,0,0,0
0,81.25,0,0,0,18.75,0,0,0,0,0,0,0,0,0,0
0,75.7348419628582,24.2651580371418,0,0,0,0,0,0,0,0,0,0,0,0,0
45.8620689655172,0,0,0,33.448275862069,0,0,0,20.6896551724138,0,0,0,0,0,0,0
0,100,0,0,0,0,0,0,0,0,0,0,0,0,0,0
0,0,0,0,63.4725948639325,0,0,0,36.5274051360675,0,0,0,0,0,0,0
0,0,0,0,100,0,0,0,0,0,0,0,0,0,0,0
0.302375809935205,0,0,0,0,0,0,92.829373650108,0,0,0,0,0,0,0,0
0,0,0,0,0,0,0,100,0,0,0,0,0,0,0,0
15.3686396677051,0,0,0,0,0,0,84.6313603322949,0,0,0,0,0,0,0,0
50.5694760820046,0,0,0,0,0,0,49.4305239179954,0,0,0,0,0,0,0,0
0,0,0,0,0,0,0,98.1651376146789,1.8348623853211,0,0,0,0,0,0,0
0,0,0,0,0,0,0,67.2142368240931,32.7857631759069,0,0,0,0,0,0,0
0,0,0,0,0,0,0,100,0,0,0,0,0,0,0,0
0,0,0,0,0,0,0,11.9047619047619,88.0952380952381,0,0,0,0,0,0,0
0,0,0,0,0,0,0,0,100,0,0,0,0,0,0,0
0,0,0,0,0,0,0,84.7470817120623,15.2529182879377,0,0,0,0,0,0,0
0,0,0,0,0,0,0,0,100,0,0,0,0,0,0,0
0,0,0,0,0,0,0,70.3412073490814,29.6587926509186,0,0,0,0,0,0,0
0,0,0,0,0,0,0,99.2805755395683,0,0,0,0,0,0,0,0
0,0,0,0,0,0,0,0,100,0,0,0,0,0,0,0
0,0,0,0,0,0,0,100,0,0,0,0,0,0,0,0
0,0,0,0,0,0,0,0,100,0,0,0,0,0,0,0
0,0,0,0,0,0,0,99.1780821917808,0.821917808219178,0,0,0,0,0,0,0
0,0,0,0,0,0,0,47.4766355140187,52.5233644859813,0,0,0,0,0,0,0
8.83061279100883,0,0,0,0,0,0,51.6457051110516,39.5236820979395,0,0,0,0,0,0,0
0,0,0,0,0,0,0,0,100,0,0,0,0,0,0,0
0,0,0,0,0,0,0,100,0,0,0,0,0,0,0,0
0,0,0,0,0,0,0,27.0538243626062,70.491029272899,0,0,0,0,0,0,0
0,0,0,0,0,0,0,100,0,0,0,0,0,0,0,0
0,0,0,0,0,0,0,0,100,0,0,0,0,0,0,0
0,0,0,0,0,0,0,0,100,0,0,0,0,0,0,0
6.27240143369176,0,0,0,0,0,0,93.7275985663082,0,0,0,0,0,0,0,0
0,100,0,0,0,0,0,0,0,0,0,0,0,0,0,0
0,100,0,0,0,0,0,0,0,0,0,0,0,0,0,0
0,100,0,0,0,0,0,0,0,0,0,0,0,0,0,0
0,100,0,0,0,0,0,0,0,0,0,0,0,0,0,0
0,100,0,0,0,0,0,0,0,0,0,0,0,0,0,0
0,99.1820837390458,0,0,0,0,0,0,0,0,0,0,0,0,0,0
0,71.0264332303467,0,0,0,0,0,28.9735667696533,0,0,0,0,0,0,0,0
0,100,0,0,0,0,0,0,0,0,0,0,0,0,0,0
0,100,0,0,0,0,0,0,0,0,0,0,0,0,0,0
14.1458474004051,85.8541525995949,0,0,0,0,0,0,0,0,0,0,0,0,0,0
0,100,0,0,0,0,0,0,0,0,0,0,0,0,0,0
0,100,0,0,0,0,0,0,0,0,0,0,0,0,0,0
12.7547666009204,82.7744904667982,0,0,0,0,0,0,0,0,0,0,0,0,0,0
0,100,0,0,0,0,0,0,0,0,0,0,0,0,0,0
0,100,0,0,0,0,0,0,0,0,0,0,0,0,0,0
0,100,0,0,0,0,0,0,0,0,0,0,0,0,0,0
0,100,0,0,0,0,0,0,0,0,0,0,0,0,0,0
0,100,0,0,0,0,0,0,0,0,0,0,0,0,0,0
0,100,0,0,0,0,0,0,0,0,0,0,0,0,0,0
