Gauge-Discharge Data: Bendrehalli (CCN00J5)
Period: 2004-2014,(HZS=Absolute Gauge;HHS=With M.S.L.) 
Day,Data Type,Mean Gauge (m),Discharge (cumecs),Observed/Computed
3/2/2004,HHS,,,null
4/2/2004,HHS,,,null
5/2/2004,HHS,,,null
6/2/2004,HHS,,,null
7/2/2004,HHS,,,null
8/2/2004,HHS,,,null
9/2/2004,HHS,,,null
10/2/2004,HHS,,,null
11/2/2004,HHS,,,null
12/2/2004,HHS,,,null
13/2/2004,HHS,,,null
14/2/2004,HHS,,,null
15/2/2004,HHS,,,null
16/2/2004,HHS,,,null
17/2/2004,HHS,,,null
18/2/2004,HHS,,,null
19/2/2004,HHS,,,null
20/2/2004,HHS,,,null
21/2/2004,HHS,,,null
22/2/2004,HHS,,,null
23/2/2004,HHS,,,null
24/2/2004,HHS,,,null
25/2/2004,HHS,,,null
26/2/2004,HHS,,,null
27/2/2004,HHS,,,null
28/2/2004,HHS,,,null
29/2/2004,HHS,,,null
1/3/2004,HHS,,,null
2/3/2004,HHS,,,null
3/3/2004,HHS,,,null
4/3/2004,HHS,,,null
5/3/2004,HHS,,,null
6/3/2004,HHS,,,null
7/3/2004,HHS,,,null
8/3/2004,HHS,,,null
9/3/2004,HHS,,,null
10/3/2004,HHS,,,null
11/3/2004,HHS,,,null
12/3/2004,HHS,,,null
13/3/2004,HHS,,,null
14/3/2004,HHS,,,null
15/3/2004,HHS,,,null
16/3/2004,HHS,,,null
17/3/2004,HHS,,,null
18/3/2004,HHS,,,null
19/3/2004,HHS,,,null
20/3/2004,HHS,,,null
21/3/2004,HHS,,,null
22/3/2004,HHS,,,null
23/3/2004,HHS,,,null
24/3/2004,HHS,,,null
25/3/2004,HHS,,,null
26/3/2004,HHS,,,null
27/3/2004,HHS,,,null
28/3/2004,HHS,,,null
29/3/2004,HHS,,,null
30/3/2004,HHS,,,null
31/3/2004,HHS,,,null
1/4/2004,HHS,,,null
2/4/2004,HHS,,,null
3/4/2004,HHS,,,null
4/4/2004,HHS,,,null
5/4/2004,HHS,,,null
6/4/2004,HHS,,,null
7/4/2004,HHS,,,null
8/4/2004,HHS,,,null
9/4/2004,HHS,,,null
10/4/2004,HHS,,,null
11/4/2004,HHS,,,null
12/4/2004,HHS,,,null
13/4/2004,HHS,,,null
14/4/2004,HHS,,,null
15/4/2004,HHS,,,null
16/4/2004,HHS,,,null
17/4/2004,HHS,,,null
18/4/2004,HHS,,,null
19/4/2004,HHS,,,null
20/4/2004,HHS,,,null
21/4/2004,HHS,,,null
22/4/2004,HHS,,,null
23/4/2004,HHS,,,null
24/4/2004,HHS,,,null
25/4/2004,HHS,,,null
26/4/2004,HHS,,,null
27/4/2004,HHS,,,null
28/4/2004,HHS,,,null
29/4/2004,HHS,,,null
30/4/2004,HHS,,,null
1/5/2004,HHS,,,null
2/5/2004,HHS,,,null
3/5/2004,HHS,,,null
4/5/2004,HHS,,,null
5/5/2004,HHS,,,null
6/5/2004,HHS,,,null
7/5/2004,HHS,,,null
8/5/2004,HHS,,,null
9/5/2004,HHS,,,null
10/5/2004,HHS,,,null
11/5/2004,HHS,,,null
12/5/2004,HHS,,,null
13/5/2004,HHS,,,null
14/5/2004,HHS,,,null
15/5/2004,HHS,,,null
16/5/2004,HHS,,,null
17/5/2004,HHS,,,null
18/5/2004,HHS,,,null
19/5/2004,HHS,,,null
20/5/2004,HHS,,,null
21/5/2004,HHS,,,null
22/5/2004,HHS,,,null
23/5/2004,HHS,,,null
24/5/2004,HHS,,,null
25/5/2004,HHS,,,null
26/5/2004,HHS,,,null
27/5/2004,HHS,,,null
28/5/2004,HHS,,,null
29/5/2004,HHS,,,null
30/5/2004,HHS,,,null
31/5/2004,HHS,,,null
1/6/2004,HHS,,,null
2/6/2004,HHS,,,null
3/6/2004,HHS,,,null
4/6/2004,HHS,,,null
5/6/2004,HHS,,,null
6/6/2004,HHS,,,null
7/6/2004,HHS,,,null
8/6/2004,HHS,,,null
9/6/2004,HHS,,,null
10/6/2004,HHS,,,null
11/6/2004,HHS,,,null
12/6/2004,HHS,,,null
13/6/2004,HHS,,,null
14/6/2004,HHS,,,null
15/6/2004,HHS,,,null
16/6/2004,HHS,,,null
17/6/2004,HHS,,,null
18/6/2004,HHS,,,null
19/6/2004,HHS,,,null
20/6/2004,HHS,,,null
21/6/2004,HHS,,,null
22/6/2004,HHS,,,null
23/6/2004,HHS,,,null
24/6/2004,HHS,,,null
25/6/2004,HHS,,,null
26/6/2004,HHS,,,null
27/6/2004,HHS,,,null
28/6/2004,HHS,,,null
29/6/2004,HHS,,,null
30/6/2004,HHS,,,null
1/7/2004,HHS,,,null
2/7/2004,HHS,,,null
3/7/2004,HHS,,,null
4/7/2004,HHS,,,null
5/7/2004,HHS,,,null
6/7/2004,HHS,,,null
7/7/2004,HHS,,,null
8/7/2004,HHS,,,null
9/7/2004,HHS,,,null
10/7/2004,HHS,,,null
11/7/2004,HHS,,,null
12/7/2004,HHS,,,null
13/7/2004,HHS,,,null
14/7/2004,HHS,,,null
15/7/2004,HHS,,,null
16/7/2004,HHS,,,null
17/7/2004,HHS,,,null
18/7/2004,HHS,,,null
19/7/2004,HHS,,,null
20/7/2004,HHS,,,null
21/7/2004,HHS,,,null
22/7/2004,HHS,,,null
23/7/2004,HHS,,,null
24/7/2004,HHS,,,null
25/7/2004,HHS,,,null
26/7/2004,HHS,,,null
27/7/2004,HHS,,,null
28/7/2004,HHS,,,null
29/7/2004,HHS,,,null
30/7/2004,HHS,,,null
31/7/2004,HHS,,,null
1/8/2004,HHS,,,null
2/8/2004,HHS,,,null
3/8/2004,HHS,,,null
4/8/2004,HHS,,,null
5/8/2004,HHS,,,null
6/8/2004,HHS,,,null
7/8/2004,HHS,,,null
8/8/2004,HHS,,,null
9/8/2004,HHS,,,null
10/8/2004,HHS,,,null
11/8/2004,HHS,,,null
12/8/2004,HHS,,,null
13/8/2004,HHS,,,null
14/8/2004,HHS,,,null
15/8/2004,HHS,,,null
16/8/2004,HHS,,,null
17/8/2004,HHS,,,null
18/8/2004,HHS,,,null
19/8/2004,HHS,,,null
20/8/2004,HHS,,,null
21/8/2004,HHS,,,null
22/8/2004,HHS,,,null
23/8/2004,HHS,,,null
24/8/2004,HHS,,,null
25/8/2004,HHS,,,null
26/8/2004,HHS,,,null
27/8/2004,HHS,,,null
28/8/2004,HHS,,,null
29/8/2004,HHS,,,null
30/8/2004,HHS,,,null
31/8/2004,HHS,,,null
1/9/2004,HHS,,,null
2/9/2004,HHS,,,null
3/9/2004,HHS,,,null
4/9/2004,HHS,,,null
5/9/2004,HHS,,,null
6/9/2004,HHS,,,null
7/9/2004,HHS,,,null
8/9/2004,HHS,,,null
9/9/2004,HHS,,,null
10/9/2004,HHS,,,null
11/9/2004,HHS,,,null
12/9/2004,HHS,,,null
13/9/2004,HHS,,,null
14/9/2004,HHS,,,null
15/9/2004,HHS,,,null
16/9/2004,HHS,,,null
17/9/2004,HHS,,,null
18/9/2004,HHS,,,null
19/9/2004,HHS,,,null
20/9/2004,HHS,,,null
21/9/2004,HHS,,,null
22/9/2004,HHS,,,null
23/9/2004,HHS,,,null
24/9/2004,HHS,,,null
25/9/2004,HHS,,,null
26/9/2004,HHS,,,null
27/9/2004,HHS,,,null
28/9/2004,HHS,,,null
29/9/2004,HHS,,,null
30/9/2004,HHS,,,null
1/10/2004,HHS,,,null
2/10/2004,HHS,,,null
3/10/2004,HHS,,,null
4/10/2004,HHS,,,null
5/10/2004,HHS,,,null
6/10/2004,HHS,,,null
7/10/2004,HHS,,,null
8/10/2004,HHS,,,null
9/10/2004,HHS,,,null
10/10/2004,HHS,,,null
11/10/2004,HHS,,,null
12/10/2004,HHS,,,null
13/10/2004,HHS,,,null
14/10/2004,HHS,,,null
15/10/2004,HHS,,,null
16/10/2004,HHS,,,null
17/10/2004,HHS,,,null
18/10/2004,HHS,,,null
19/10/2004,HHS,,,null
20/10/2004,HHS,,,null
21/10/2004,HHS,,,null
22/10/2004,HHS,,,null
23/10/2004,HHS,,,null
24/10/2004,HHS,,,null
25/10/2004,HHS,,,null
26/10/2004,HHS,,,null
27/10/2004,HHS,,,null
28/10/2004,HHS,,,null
29/10/2004,HHS,,,null
30/10/2004,HHS,,,null
31/10/2004,HHS,,,null
1/11/2004,HHS,,,null
2/11/2004,HHS,,,null
3/11/2004,HHS,,,null
4/11/2004,HHS,,,null
5/11/2004,HHS,,,null
6/11/2004,HHS,,,null
7/11/2004,HHS,,,null
8/11/2004,HHS,,,null
9/11/2004,HHS,,,null
10/11/2004,HHS,,,null
11/11/2004,HHS,,,null
12/11/2004,HHS,,,null
13/11/2004,HHS,,,null
14/11/2004,HHS,,,null
15/11/2004,HHS,,,null
16/11/2004,HHS,,,null
17/11/2004,HHS,,,null
18/11/2004,HHS,,,null
19/11/2004,HHS,,,null
20/11/2004,HHS,,,null
21/11/2004,HHS,,,null
22/11/2004,HHS,,,null
23/11/2004,HHS,,,null
24/11/2004,HHS,,,null
25/11/2004,HHS,,,null
26/11/2004,HHS,,,null
27/11/2004,HHS,,,null
28/11/2004,HHS,,,null
29/11/2004,HHS,,,null
30/11/2004,HHS,,,null
1/12/2004,HHS,,,null
2/12/2004,HHS,,,null
3/12/2004,HHS,,,null
4/12/2004,HHS,,,null
5/12/2004,HHS,,,null
6/12/2004,HHS,,,null
7/12/2004,HHS,,,null
8/12/2004,HHS,,,null
9/12/2004,HHS,,,null
10/12/2004,HHS,,,null
11/12/2004,HHS,,,null
12/12/2004,HHS,,,null
13/12/2004,HHS,,,null
14/12/2004,HHS,,,null
15/12/2004,HHS,,,null
16/12/2004,HHS,,,null
17/12/2004,HHS,,,null
18/12/2004,HHS,,,null
19/12/2004,HHS,,,null
20/12/2004,HHS,,,null
21/12/2004,HHS,,,null
22/12/2004,HHS,,,null
23/12/2004,HHS,,,null
24/12/2004,HHS,,,null
25/12/2004,HHS,,,null
26/12/2004,HHS,,,null
27/12/2004,HHS,,,null
28/12/2004,HHS,,,null
29/12/2004,HHS,,,null
30/12/2004,HHS,,,null
31/12/2004,HHS,,,null
1/1/2005,HHS,,,null
2/1/2005,HHS,,,null
3/1/2005,HHS,,,null
4/1/2005,HHS,,,null
5/1/2005,HHS,,,null
6/1/2005,HHS,,,null
7/1/2005,HHS,,,null
8/1/2005,HHS,,,null
9/1/2005,HHS,,,null
10/1/2005,HHS,,,null
11/1/2005,HHS,,,null
12/1/2005,HHS,,,null
13/1/2005,HHS,,,null
14/1/2005,HHS,,,null
15/1/2005,HHS,,,null
16/1/2005,HHS,,,null
17/1/2005,HHS,,,null
18/1/2005,HHS,,,null
19/1/2005,HHS,,,null
20/1/2005,HHS,,,null
21/1/2005,HHS,,,null
22/1/2005,HHS,,,null
23/1/2005,HHS,,,null
24/1/2005,HHS,,,null
25/1/2005,HHS,,,null
26/1/2005,HHS,,,null
27/1/2005,HHS,,,null
28/1/2005,HHS,,,null
29/1/2005,HHS,,,null
30/1/2005,HHS,,,null
31/1/2005,HHS,,,null
1/2/2005,HHS,,,null
2/2/2005,HHS,,,null
3/2/2005,HHS,,,null
4/2/2005,HHS,,,null
5/2/2005,HHS,,,null
6/2/2005,HHS,,,null
7/2/2005,HHS,,,null
8/2/2005,HHS,,,null
9/2/2005,HHS,,,null
10/2/2005,HHS,,,null
11/2/2005,HHS,,,null
12/2/2005,HHS,,,null
13/2/2005,HHS,,,null
14/2/2005,HHS,,,null
15/2/2005,HHS,,,null
16/2/2005,HHS,,,null
17/2/2005,HHS,,,null
18/2/2005,HHS,,,null
19/2/2005,HHS,,,null
20/2/2005,HHS,,,null
21/2/2005,HHS,,,null
22/2/2005,HHS,,,null
23/2/2005,HHS,,,null
24/2/2005,HHS,,,null
25/2/2005,HHS,,,null
26/2/2005,HHS,,,null
27/2/2005,HHS,,,null
28/2/2005,HHS,,,null
1/3/2005,HHS,,,null
2/3/2005,HHS,,,null
3/3/2005,HHS,,,null
4/3/2005,HHS,,,null
5/3/2005,HHS,,,null
6/3/2005,HHS,,,null
7/3/2005,HHS,,,null
8/3/2005,HHS,,,null
9/3/2005,HHS,,,null
10/3/2005,HHS,,,null
11/3/2005,HHS,,,null
12/3/2005,HHS,,,null
13/3/2005,HHS,,,null
14/3/2005,HHS,,,null
15/3/2005,HHS,,,null
16/3/2005,HHS,,,null
17/3/2005,HHS,,,null
18/3/2005,HHS,,,null
19/3/2005,HHS,,,null
20/3/2005,HHS,,,null
21/3/2005,HHS,,,null
22/3/2005,HHS,,,null
23/3/2005,HHS,,,null
24/3/2005,HHS,,,null
25/3/2005,HHS,,,null
26/3/2005,HHS,,,null
27/3/2005,HHS,,,null
28/3/2005,HHS,,,null
29/3/2005,HHS,,,null
30/3/2005,HHS,,,null
31/3/2005,HHS,,,null
1/4/2005,HHS,,,null
2/4/2005,HHS,,,null
3/4/2005,HHS,,,null
4/4/2005,HHS,,,null
5/4/2005,HHS,,,null
6/4/2005,HHS,,,null
7/4/2005,HHS,,,null
8/4/2005,HHS,,,null
9/4/2005,HHS,,,null
10/4/2005,HHS,,,null
11/4/2005,HHS,,,null
12/4/2005,HHS,,,null
13/4/2005,HHS,,,null
14/4/2005,HHS,,,null
15/4/2005,HHS,,,null
16/4/2005,HHS,,,null
17/4/2005,HHS,,,null
18/4/2005,HHS,,,null
19/4/2005,HHS,,,null
20/4/2005,HHS,,,null
21/4/2005,HHS,,,null
22/4/2005,HHS,,,null
23/4/2005,HHS,,,null
24/4/2005,HHS,,,null
25/4/2005,HHS,,,null
26/4/2005,HHS,,,null
27/4/2005,HHS,,,null
28/4/2005,HHS,,,null
29/4/2005,HHS,,,null
30/4/2005,HHS,,,null
1/5/2005,HHS,,,null
2/5/2005,HHS,,,null
3/5/2005,HHS,,,null
4/5/2005,HHS,,,null
5/5/2005,HHS,,,null
6/5/2005,HHS,,,null
7/5/2005,HHS,,,null
8/5/2005,HHS,,,null
9/5/2005,HHS,,,null
10/5/2005,HHS,,,null
11/5/2005,HHS,,,null
12/5/2005,HHS,,,null
13/5/2005,HHS,,,null
14/5/2005,HHS,,,null
15/5/2005,HHS,,,null
16/5/2005,HHS,,,null
17/5/2005,HHS,,,null
18/5/2005,HHS,,,null
19/5/2005,HHS,,,null
20/5/2005,HHS,,,null
21/5/2005,HHS,,,null
22/5/2005,HHS,,,null
23/5/2005,HHS,,,null
24/5/2005,HHS,,,null
25/5/2005,HHS,,,null
26/5/2005,HHS,,,null
27/5/2005,HHS,,,null
28/5/2005,HHS,,,null
29/5/2005,HHS,,,null
30/5/2005,HHS,,,null
31/5/2005,HHS,,,null
1/6/2005,HHS,,,null
2/6/2005,HHS,,,null
3/6/2005,HHS,,,null
4/6/2005,HHS,,,null
5/6/2005,HHS,,,null
6/6/2005,HHS,,,null
7/6/2005,HHS,,,null
8/6/2005,HHS,,,null
9/6/2005,HHS,,,null
10/6/2005,HHS,,,null
11/6/2005,HHS,,,null
12/6/2005,HHS,,,null
13/6/2005,HHS,,,null
14/6/2005,HHS,,,null
15/6/2005,HHS,,,null
16/6/2005,HHS,,,null
17/6/2005,HHS,,,null
18/6/2005,HHS,,,null
19/6/2005,HHS,,,null
20/6/2005,HHS,,,null
21/6/2005,HHS,,,null
22/6/2005,HHS,,,null
23/6/2005,HHS,,,null
24/6/2005,HHS,,,null
25/6/2005,HHS,,,null
26/6/2005,HHS,,,null
27/6/2005,HHS,,,null
28/6/2005,HHS,,,null
29/6/2005,HHS,,,null
30/6/2005,HHS,,,null
1/7/2005,HHS,,,null
2/7/2005,HHS,,,null
3/7/2005,HHS,,,null
4/7/2005,HHS,,,null
5/7/2005,HHS,,,null
6/7/2005,HHS,,,null
7/7/2005,HHS,,,null
8/7/2005,HHS,,,null
9/7/2005,HHS,,,null
10/7/2005,HHS,,,null
11/7/2005,HHS,,,null
12/7/2005,HHS,,,null
13/7/2005,HHS,,,null
14/7/2005,HHS,,,null
15/7/2005,HHS,,,null
16/7/2005,HHS,,,null
17/7/2005,HHS,,,null
18/7/2005,HHS,,,null
19/7/2005,HHS,,,null
20/7/2005,HHS,,,null
21/7/2005,HHS,,,null
22/7/2005,HHS,,,null
23/7/2005,HHS,,,null
24/7/2005,HHS,,,null
25/7/2005,HHS,,,null
26/7/2005,HHS,,,null
27/7/2005,HHS,,,null
28/7/2005,HHS,,,null
29/7/2005,HHS,,,null
30/7/2005,HHS,,,null
31/7/2005,HHS,,,null
1/8/2005,HHS,,,null
2/8/2005,HHS,,,null
3/8/2005,HHS,,,null
4/8/2005,HHS,,,null
5/8/2005,HHS,,,null
6/8/2005,HHS,,,null
7/8/2005,HHS,,,null
8/8/2005,HHS,,,null
9/8/2005,HHS,,,null
10/8/2005,HHS,,,null
11/8/2005,HHS,,,null
12/8/2005,HHS,,,null
13/8/2005,HHS,,,null
14/8/2005,HHS,,,null
15/8/2005,HHS,,,null
16/8/2005,HHS,,,null
17/8/2005,HHS,,,null
18/8/2005,HZS,0.870,0.649,O
19/8/2005,HZS,0.830,0.641,C
20/8/2005,HZS,0.800,0.547,C
21/8/2005,HZS,0.750,0.404,C
22/8/2005,HZS,0.695,0.347,O
23/8/2005,HZS,0.690,0.256,C
24/8/2005,HZS,0.810,0.578,C
25/8/2005,HZS,0.915,0.830,O
26/8/2005,HZS,0.800,0.547,C
27/8/2005,HZS,0.770,0.459,C
28/8/2005,HZS,0.700,0.279,C
29/8/2005,HZS,1.313,2.800,O
30/8/2005,HZS,1.210,2.294,C
31/8/2005,HZS,1.320,2.915,C
1/9/2005,HZS,1.475,4.158,O
2/9/2005,HZS,1.530,4.260,C
3/9/2005,HZS,1.620,4.897,C
4/9/2005,HZS,1.740,5.800,C
5/9/2005,HZS,1.430,4.081,O
6/9/2005,HZS,1.270,2.626,C
7/9/2005,HZS,1.160,2.032,C
8/9/2005,HZS,1.030,1.503,O
9/9/2005,HZS,1.075,1.615,C
10/9/2005,HZS,1.115,1.806,C
11/9/2005,HZS,1.180,2.135,C
12/9/2005,HZS,1.210,2.180,O
13/9/2005,HZS,1.190,2.188,C
14/9/2005,HZS,1.220,2.348,C
15/9/2005,HZS,1.215,2.376,O
16/9/2005,HZS,1.200,2.241,C
17/9/2005,HZS,1.070,1.592,C
18/9/2005,HZS,1.010,1.323,C
19/9/2005,HZS,0.975,1.191,O
20/9/2005,HZS,0.960,1.114,C
21/9/2005,HZS,1.090,1.686,C
22/9/2005,HZS,1.180,2.039,O
23/9/2005,HZS,1.100,1.734,C
24/9/2005,HZS,1.030,1.411,C
25/9/2005,HZS,1.005,1.302,C
26/9/2005,HZS,0.990,1.099,O
27/9/2005,HZS,0.990,1.238,C
28/9/2005,HZS,1.000,1.280,C
29/9/2005,HZS,1.020,1.184,O
30/9/2005,HZS,0.995,1.259,C
1/10/2005,HZS,1.010,1.323,C
2/10/2005,HZS,1.260,2.569,C
3/10/2005,HZS,1.445,4.203,O
4/10/2005,HZS,1.520,4.191,C
5/10/2005,HZS,1.545,4.363,C
6/10/2005,HZS,1.450,3.724,C
7/10/2005,HZS,1.480,3.921,C
8/10/2005,HZS,1.710,5.569,C
9/10/2005,HZS,1.760,5.957,C
10/10/2005,HZS,1.820,6.436,C
11/10/2005,HZS,1.840,6.599,C
12/10/2005,HZS,1.830,6.517,D
13/10/2005,HZS,1.800,6.274,C
14/10/2005,HZS,1.970,7.698,C
15/10/2005,HZS,1.950,7.525,C
16/10/2005,HZS,1.890,7.014,C
17/10/2005,HZS,1.800,6.274,C
18/10/2005,HZS,1.810,6.355,C
19/10/2005,HZS,1.840,6.599,C
20/10/2005,HZS,1.920,7.267,C
21/10/2005,HZS,1.970,7.698,C
22/10/2005,HZS,2.010,8.050,C
23/10/2005,HZS,2.860,16.920,C
24/10/2005,HZS,3.230,21.560,C
25/10/2005,HZS,3.470,24.800,C
26/10/2005,HZS,3.920,31.360,C
27/10/2005,HZS,3.860,30.450,C
28/10/2005,HZS,3.840,30.150,C
29/10/2005,HZS,3.850,30.300,C
30/10/2005,HZS,2.320,10.980,C
31/10/2005,HZS,2.630,14.270,C
1/11/2005,HZS,2.830,16.560,C
2/11/2005,HZS,2.970,18.250,C
3/11/2005,HZS,3.940,31.670,C
4/11/2005,HZS,3.950,31.820,C
5/11/2005,HZS,3.870,30.600,C
6/11/2005,HZS,3.840,30.150,C
7/11/2005,HZS,3.630,27.060,C
8/11/2005,HZS,2.540,13.280,C
9/11/2005,HZS,2.870,17.040,C
10/11/2005,HZS,2.010,8.050,C
11/11/2005,HZS,2.030,8.228,C
12/11/2005,HZS,2.000,7.961,C
13/11/2005,HZS,1.980,7.785,C
14/11/2005,HZS,1.985,7.829,C
15/11/2005,HZS,1.975,7.741,C
16/11/2005,HZS,1.935,7.395,C
17/11/2005,HZS,1.900,7.098,C
18/11/2005,HZS,1.790,6.194,C
19/11/2005,HZS,1.685,5.379,C
20/11/2005,HZS,1.560,4.468,C
21/11/2005,HZS,1.490,3.988,C
22/11/2005,HZS,1.580,4.609,C
23/11/2005,HZS,1.560,4.468,C
24/11/2005,HZS,1.530,4.260,C
25/11/2005,HZS,1.560,4.468,C
26/11/2005,HZS,1.490,3.988,C
27/11/2005,HZS,1.480,3.921,C
28/11/2005,HZS,1.520,4.191,C
29/11/2005,HZS,1.540,4.329,C
30/11/2005,HZS,1.540,4.329,C
1/12/2005,HZS,1.560,8.226,C
2/12/2005,HZS,1.610,8.823,C
3/12/2005,HZS,1.580,8.464,C
4/12/2005,HZS,1.590,8.583,C
5/12/2005,HZS,1.620,8.944,C
6/12/2005,HZS,1.640,9.188,C
7/12/2005,HZS,1.665,9.496,C
8/12/2005,HZS,1.710,10.060,C
9/12/2005,HZS,1.690,9.807,C
10/12/2005,HZS,1.680,9.682,C
11/12/2005,HZS,1.580,8.464,C
12/12/2005,HZS,1.610,8.823,C
13/12/2005,HZS,1.600,8.702,C
14/12/2005,HZS,1.570,8.345,C
15/12/2005,HZS,1.480,7.117,O
16/12/2005,HZS,1.570,8.345,C
17/12/2005,HZS,1.600,8.702,C
18/12/2005,HZS,1.490,7.415,C
19/12/2005,HZS,1.390,6.160,O
20/12/2005,HZS,1.300,5.364,C
21/12/2005,HZS,1.220,4.368,O
22/12/2005,HZS,1.210,4.299,O
23/12/2005,HZS,1.220,4.570,C
24/12/2005,HZS,1.230,4.667,C
25/12/2005,HZS,1.190,4.285,C
26/12/2005,HZS,1.110,3.069,O
27/12/2005,HZS,1.120,3.642,C
28/12/2005,HZS,1.030,2.870,D
29/12/2005,HZS,1.020,2.788,C
30/12/2005,HZS,1.040,2.952,D
31/12/2005,HZS,1.010,2.707,C
1/1/2006,HZS,1.020,2.788,C
2/1/2006,HZS,1.020,2.788,D
3/1/2006,HZS,1.020,2.788,C
4/1/2006,HZS,1.020,2.788,D
5/1/2006,HZS,1.010,2.707,C
6/1/2006,HZS,1.010,2.707,D
7/1/2006,HZS,1.000,2.626,C
8/1/2006,HZS,1.000,2.626,C
9/1/2006,HZS,0.980,2.468,D
10/1/2006,HZS,0.900,1.871,C
11/1/2006,HZS,0.840,1.462,C
12/1/2006,HZS,0.840,1.462,C
13/1/2006,HZS,0.840,1.639,O
14/1/2006,HZS,0.820,1.333,C
15/1/2006,HZS,0.820,1.333,C
16/1/2006,HZS,0.810,1.563,O
17/1/2006,HZS,0.800,1.209,C
18/1/2006,HZS,0.790,1.148,C
19/1/2006,HZS,0.915,1.804,O
20/1/2006,HZS,0.915,1.979,C
21/1/2006,HZS,0.905,1.907,C
22/1/2006,HZS,0.900,1.871,C
23/1/2006,HZS,0.745,0.877,O
24/1/2006,HZS,0.740,0.861,C
25/1/2006,HZS,0.740,0.869,O
26/1/2006,HZS,0.730,0.807,C
27/1/2006,HZS,0.720,0.837,O
28/1/2006,HZS,0.720,0.754,C
29/1/2006,HZS,0.710,0.703,C
30/1/2006,HZS,0.700,0.752,O
31/1/2006,HZS,0.720,0.754,C
1/2/2006,HZS,0.720,0.830,O
2/2/2006,HZS,0.710,0.703,C
3/2/2006,HZS,0.710,0.792,O
4/2/2006,HZS,0.700,0.653,C
5/2/2006,HZS,0.690,0.604,C
6/2/2006,HZS,0.670,0.627,O
7/2/2006,HZS,0.660,0.465,C
8/2/2006,HZS,0.660,0.585,O
9/2/2006,HZS,0.670,0.510,C
10/2/2006,HZS,0.680,0.570,O
11/2/2006,HZS,0.680,0.556,C
12/2/2006,HZS,0.685,0.580,C
13/2/2006,HZS,0.690,0.654,O
14/2/2006,HZS,0.680,0.556,C
15/2/2006,HZS,0.690,0.636,O
16/2/2006,HZS,0.690,0.604,C
17/2/2006,HZS,0.690,0.635,O
18/2/2006,HZS,0.690,0.604,C
19/2/2006,HZS,0.680,0.556,C
20/2/2006,HZS,0.680,0.561,O
21/2/2006,HZS,0.680,0.556,C
22/2/2006,HZS,0.670,0.543,O
23/2/2006,HZS,0.670,0.510,C
24/2/2006,HZS,0.670,0.561,O
25/2/2006,HZS,0.680,0.556,C
26/2/2006,HZS,0.680,0.556,C
27/2/2006,HZS,0.670,0.534,O
28/2/2006,HZS,0.670,0.510,C
1/3/2006,HZS,0.680,0.561,O
2/3/2006,HZS,0.670,0.510,C
3/3/2006,HZS,0.670,0.514,O
4/3/2006,HZS,0.730,0.807,C
5/3/2006,HZS,0.640,0.380,C
6/3/2006,HZS,0.650,0.459,O
7/3/2006,HZS,0.670,0.510,C
8/3/2006,HZS,0.640,0.371,O
9/3/2006,HZS,0.660,0.465,C
10/3/2006,HZS,0.650,0.382,O
11/3/2006,HZS,0.670,0.510,C
12/3/2006,HZS,0.670,0.510,C
13/3/2006,HZS,0.660,0.400,O
14/3/2006,HZS,0.680,0.556,C
15/3/2006,HZS,0.670,0.540,O
16/3/2006,HZS,0.650,0.422,C
17/3/2006,HZS,0.640,0.381,O
18/3/2006,HZS,0.680,0.556,C
19/3/2006,HZS,0.660,0.465,C
20/3/2006,HZS,0.665,0.498,O
21/3/2006,HZS,0.675,0.533,C
22/3/2006,HZS,0.665,0.499,O
23/3/2006,HZS,0.660,0.465,C
24/3/2006,HZS,0.650,0.360,O
25/3/2006,HZS,0.650,0.422,C
26/3/2006,HZS,0.650,0.422,C
27/3/2006,HZS,0.690,0.606,O
28/3/2006,HZS,0.680,0.556,C
29/3/2006,HZS,0.680,0.594,O
30/3/2006,HZS,0.680,0.556,C
31/3/2006,HZS,0.675,0.519,O
1/4/2006,HZS,0.675,0.533,C
2/4/2006,HZS,0.670,0.510,C
3/4/2006,HZS,0.660,0.500,O
4/4/2006,HZS,0.650,0.422,C
5/4/2006,HZS,0.660,0.459,O
6/4/2006,HZS,0.660,0.465,C
7/4/2006,HZS,0.675,0.515,O
8/4/2006,HZS,0.670,0.510,C
9/4/2006,HZS,0.670,0.510,C
10/4/2006,HZS,0.670,0.487,O
11/4/2006,HZS,0.660,0.465,C
12/4/2006,HZS,0.660,0.451,O
13/4/2006,HZS,0.665,0.487,C
14/4/2006,HZS,0.665,0.487,C
15/4/2006,HZS,0.670,0.510,C
16/4/2006,HZS,0.670,0.510,C
17/4/2006,HZS,0.675,0.501,O
18/4/2006,HZS,0.675,0.533,C
19/4/2006,HZS,0.635,0.293,O
20/4/2006,HZS,0.630,0.339,C
21/4/2006,HZS,0.650,0.340,O
22/4/2006,HZS,0.645,0.400,C
23/4/2006,HZS,0.645,0.400,C
24/4/2006,HZS,0.645,0.329,O
25/4/2006,HZS,0.640,0.380,C
26/4/2006,HZS,0.635,0.314,O
27/4/2006,HZS,0.635,0.359,C
28/4/2006,HZS,0.635,0.311,O
29/4/2006,HZS,0.630,0.339,C
30/4/2006,HZS,0.630,0.339,C
1/5/2006,HZS,0.625,0.281,O
2/5/2006,HZS,0.625,0.320,C
3/5/2006,HZS,0.620,0.291,O
4/5/2006,HZS,0.620,0.300,C
5/5/2006,HZS,0.620,0.302,O
6/5/2006,HZS,0.615,0.282,C
7/5/2006,HZS,0.610,0.263,C
8/5/2006,HZS,0.600,0.246,O
9/5/2006,HZS,0.610,0.263,C
10/5/2006,HZS,0.610,0.300,O
11/5/2006,HZS,0.600,0.228,C
12/5/2006,HZS,0.600,0.244,O
13/5/2006,HZS,0.610,0.263,C
14/5/2006,HZS,0.630,0.339,C
15/5/2006,HZS,0.620,0.310,O
16/5/2006,HZS,0.610,0.263,C
17/5/2006,HZS,0.630,0.345,O
18/5/2006,HZS,0.600,0.228,C
19/5/2006,HZS,0.630,0.318,O
20/5/2006,HZS,0.620,0.300,C
21/5/2006,HZS,0.620,0.300,C
22/5/2006,HZS,0.620,0.273,O
23/5/2006,HZS,0.610,0.263,C
24/5/2006,HZS,0.600,0.236,O
25/5/2006,HZS,0.600,0.228,C
26/5/2006,HZS,0.600,0.235,O
27/5/2006,HZS,0.610,0.263,C
28/5/2006,HZS,0.620,0.300,C
29/5/2006,HZS,0.620,0.260,O
30/5/2006,HZS,0.630,0.339,C
31/5/2006,HZS,0.630,0.334,O
1/6/2006,HZS,0.630,0.317,C
2/6/2006,HZS,0.630,0.333,O
3/6/2006,HZS,0.620,0.307,C
4/6/2006,HZS,0.620,0.307,C
5/6/2006,HZS,0.600,0.268,O
6/6/2006,HZS,0.610,0.297,C
7/6/2006,HZS,0.610,0.276,O
8/6/2006,HZS,0.600,0.287,C
9/6/2006,HZS,0.600,0.271,O
10/6/2006,HZS,0.610,0.297,C
11/6/2006,HZS,0.610,0.297,C
12/6/2006,HZS,0.590,0.278,D
13/6/2006,HZS,0.500,0.198,C
14/6/2006,HZS,0.400,0.131,O
15/6/2006,HZS,0.420,0.137,C
16/6/2006,HZS,0.400,0.129,O
17/6/2006,HZS,0.400,0.123,C
18/6/2006,HZS,0.400,0.123,C
19/6/2006,HZS,0.395,0.126,O
20/6/2006,HZS,0.390,0.116,C
21/6/2006,HZS,0.430,0.145,O
22/6/2006,HZS,0.200,0.123,C
23/6/2006,HZS,0.400,0.128,O
24/6/2006,HZS,0.410,0.130,C
25/6/2006,HZS,0.410,0.130,C
26/6/2006,HZS,0.440,0.148,O
27/6/2006,HZS,0.450,0.159,C
28/6/2006,HZS,0.450,0.163,O
29/6/2006,HZS,0.440,0.151,C
30/6/2006,HZS,0.460,0.170,O
1/7/2006,HZS,0.450,0.159,C
2/7/2006,HZS,0.440,0.151,C
3/7/2006,HZS,0.540,0.218,O
4/7/2006,HZS,0.500,0.198,C
5/7/2006,HZS,0.470,0.178,O
6/7/2006,HZS,0.390,0.108,O
7/7/2006,HZS,0.350,0.000,O
8/7/2006,HZS,0.330,0.000,O
9/7/2006,HZS,0.320,0.000,O
10/7/2006,HZS,0.300,0.000,O
11/7/2006,HZS,0.300,0.000,O
12/7/2006,HZS,0.300,0.000,O
13/7/2006,HZS,0.300,0.000,O
14/7/2006,HZS,0.310,0.000,O
15/7/2006,HZS,0.305,0.000,O
16/7/2006,HZS,0.305,0.000,O
17/7/2006,HZS,0.300,0.000,O
18/7/2006,HZS,0.300,0.000,O
19/7/2006,HZS,0.300,0.000,O
20/7/2006,HZS,0.320,0.000,O
21/7/2006,HZS,0.470,0.174,D
22/7/2006,HZS,0.450,0.159,C
23/7/2006,HZS,0.460,0.166,C
24/7/2006,HZS,0.460,0.166,D
25/7/2006,HZS,0.450,0.159,C
26/7/2006,HZS,0.450,0.159,D
27/7/2006,HZS,0.470,0.174,C
28/7/2006,HZS,0.480,0.182,D
29/7/2006,HZS,0.480,0.182,C
30/7/2006,HZS,0.470,0.174,C
31/7/2006,HZS,0.470,0.174,D
1/8/2006,HZS,0.420,0.000,O
2/8/2006,HZS,0.400,0.000,O
3/8/2006,HZS,0.400,0.000,O
4/8/2006,HZS,0.390,0.000,O
5/8/2006,HZS,0.390,0.000,O
6/8/2006,HZS,0.480,0.182,O
7/8/2006,HZS,0.560,0.252,O
8/8/2006,HZS,0.570,0.259,C
9/8/2006,HZS,0.560,0.251,O
10/8/2006,HZS,0.540,0.232,C
11/8/2006,HZS,0.560,0.215,D
12/8/2006,HZS,0.600,0.287,C
13/8/2006,HZS,0.590,0.278,C
14/8/2006,HZS,0.640,0.333,O
15/8/2006,HZS,0.680,0.368,C
16/8/2006,HZS,0.680,0.368,C
17/8/2006,HZS,0.680,0.403,O
18/8/2006,HZS,0.660,0.347,C
19/8/2006,HZS,0.640,0.331,O
20/8/2006,HZS,0.650,0.444,C
21/8/2006,HZS,0.600,0.286,O
22/8/2006,HZS,0.560,0.213,C
23/8/2006,HZS,0.875,1.278,O
24/8/2006,HZS,0.870,1.254,C
25/8/2006,HZS,0.860,1.257,O
26/8/2006,HZS,0.840,1.125,C
27/8/2006,HZS,0.800,0.961,C
28/8/2006,HZS,0.700,0.776,O
29/8/2006,HZS,0.780,0.884,C
30/8/2006,HZS,0.840,1.194,O
31/8/2006,HZS,0.850,1.167,C
1/9/2006,HZS,0.970,1.479,O
2/9/2006,HZS,0.870,1.254,C
3/9/2006,HZS,0.870,1.254,C
4/9/2006,HZS,0.890,1.292,O
5/9/2006,HZS,0.920,1.481,C
6/9/2006,HZS,0.970,1.557,O
7/9/2006,HZS,0.990,1.823,C
8/9/2006,HZS,0.942,1.411,O
9/9/2006,HZS,0.900,1.388,C
10/9/2006,HZS,0.820,1.042,C
11/9/2006,HZS,0.810,1.095,O
12/9/2006,HZS,1.000,1.968,O
13/9/2006,HZS,1.000,1.910,O
14/9/2006,HZS,0.965,1.698,C
15/9/2006,HZS,0.900,1.381,O
16/9/2006,HZS,0.885,1.320,C
17/9/2006,HZS,0.900,1.388,C
18/9/2006,HZS,0.890,1.300,O
19/9/2006,HZS,0.880,1.298,C
20/9/2006,HZS,0.895,1.325,O
21/9/2006,HZS,0.900,1.388,C
22/9/2006,HZS,0.900,1.381,O
23/9/2006,HZS,0.945,1.600,C
24/9/2006,HZS,0.960,1.673,C
25/9/2006,HZS,0.975,1.655,O
26/9/2006,HZS,0.970,1.722,C
27/9/2006,HZS,0.935,1.517,O
28/9/2006,HZS,0.930,1.528,C
29/9/2006,HZS,0.920,1.481,C
30/9/2006,HZS,0.910,1.404,O
1/10/2006,HZS,0.910,1.434,C
2/10/2006,HZS,0.910,1.434,C
3/10/2006,HZS,0.900,1.388,C
4/10/2006,HZS,0.870,1.233,O
5/10/2006,HZS,0.860,1.210,C
6/10/2006,HZS,0.850,1.202,O
7/10/2006,HZS,0.845,1.146,C
8/10/2006,HZS,0.860,1.210,C
9/10/2006,HZS,0.980,1.675,O
10/10/2006,HZS,0.970,1.722,C
11/10/2006,HZS,0.970,1.626,O
12/10/2006,HZS,0.960,1.673,C
13/10/2006,HZS,0.950,1.565,O
14/10/2006,HZS,0.945,1.600,C
15/10/2006,HZS,0.940,1.576,C
16/10/2006,HZS,0.935,1.552,C
17/10/2006,HZS,0.850,1.167,C
18/10/2006,HZS,0.890,1.298,O
19/10/2006,HZS,0.900,1.388,C
20/10/2006,HZS,0.840,1.125,C
21/10/2006,HZS,0.840,1.179,O
22/10/2006,HZS,0.880,1.298,C
23/10/2006,HZS,0.870,1.254,O
24/10/2006,HZS,0.850,1.167,C
25/10/2006,HZS,0.850,1.189,O
26/10/2006,HZS,0.920,1.481,C
27/10/2006,HZS,0.890,1.319,O
28/10/2006,HZS,0.870,1.254,C
29/10/2006,HZS,0.895,1.366,C
30/10/2006,HZS,0.950,1.475,O
31/10/2006,HZS,0.965,1.698,C
1/11/2006,HZS,1.120,2.893,O
2/11/2006,HZS,1.290,3.587,C
3/11/2006,HZS,1.185,3.312,O
4/11/2006,HZS,1.310,3.721,C
5/11/2006,HZS,1.360,4.063,C
6/11/2006,HZS,1.230,3.418,O
7/11/2006,HZS,1.310,3.721,C
8/11/2006,HZS,1.235,3.428,O
9/11/2006,HZS,1.420,4.490,C
10/11/2006,HZS,1.350,4.010,O
11/11/2006,HZS,1.150,2.707,C
12/11/2006,HZS,1.055,2.165,C
13/11/2006,HZS,0.895,1.351,O
14/11/2006,HZS,0.970,1.722,C
15/11/2006,HZS,0.925,1.518,O
16/11/2006,HZS,0.975,1.747,C
17/11/2006,HZS,0.960,1.586,O
18/11/2006,HZS,1.055,2.165,C
19/11/2006,HZS,1.220,3.134,C
20/11/2006,HZS,1.010,1.898,O
21/11/2006,HZS,0.970,1.722,C
22/11/2006,HZS,0.980,1.748,O
23/11/2006,HZS,0.995,1.849,C
24/11/2006,HZS,0.990,1.990,O
25/11/2006,HZS,1.010,1.926,C
26/11/2006,HZS,0.990,1.823,C
27/11/2006,HZS,0.960,1.625,O
28/11/2006,HZS,0.900,1.388,C
29/11/2006,HZS,0.900,1.420,O
30/11/2006,HZS,0.880,1.298,C
1/12/2006,HZS,0.920,1.468,O
2/12/2006,HZS,0.970,1.636,C
3/12/2006,HZS,0.920,1.455,C
4/12/2006,HZS,0.840,1.134,O
5/12/2006,HZS,0.790,1.020,C
6/12/2006,HZS,0.810,1.072,O
7/12/2006,HZS,0.810,1.083,C
8/12/2006,HZS,0.860,1.176,O
9/12/2006,HZS,0.890,1.350,C
10/12/2006,HZS,0.930,1.491,C
11/12/2006,HZS,0.840,1.125,O
12/12/2006,HZS,0.850,1.214,C
13/12/2006,HZS,0.840,1.124,O
14/12/2006,HZS,0.830,1.148,C
15/12/2006,HZS,0.810,1.043,O
16/12/2006,HZS,0.820,1.116,C
17/12/2006,HZS,0.830,1.148,C
18/12/2006,HZS,0.830,1.102,O
19/12/2006,HZS,0.950,1.563,C
20/12/2006,HZS,1.000,1.928,O
21/12/2006,HZS,1.000,1.748,C
22/12/2006,HZS,0.950,1.449,O
23/12/2006,HZS,0.900,1.385,C
24/12/2006,HZS,0.790,1.020,C
25/12/2006,HZS,0.740,0.867,C
26/12/2006,HZS,0.730,0.837,C
27/12/2006,HZS,0.680,0.742,O
28/12/2006,HZS,0.670,0.667,C
29/12/2006,HZS,0.660,0.723,O
30/12/2006,HZS,0.660,0.640,C
31/12/2006,HZS,0.660,0.640,C
1/1/2007,HZS,0.650,0.613,C
2/1/2007,HZS,0.650,0.613,C
3/1/2007,HZS,0.650,0.685,O
4/1/2007,HZS,0.640,0.587,C
5/1/2007,HZS,0.630,0.662,O
6/1/2007,HZS,0.660,0.640,C
7/1/2007,HZS,0.640,0.587,C
8/1/2007,HZS,0.620,0.646,O
9/1/2007,HZS,0.630,0.561,C
10/1/2007,HZS,0.600,0.512,O
11/1/2007,HZS,0.600,0.505,O
12/1/2007,HZS,0.610,0.501,O
13/1/2007,HZS,0.610,0.510,C
14/1/2007,HZS,0.590,0.461,C
15/1/2007,HZS,0.600,0.507,O
16/1/2007,HZS,0.590,0.461,C
17/1/2007,HZS,0.590,0.493,O
18/1/2007,HZS,0.590,0.461,C
19/1/2007,HZS,0.590,0.493,O
20/1/2007,HZS,0.570,0.414,C
21/1/2007,HZS,0.570,0.414,C
22/1/2007,HZS,0.530,0.296,O
23/1/2007,HZS,0.530,0.325,C
24/1/2007,HZS,0.540,0.312,O
25/1/2007,HZS,0.530,0.325,C
26/1/2007,HZS,0.550,0.369,C
27/1/2007,HZS,0.550,0.330,O
28/1/2007,HZS,0.540,0.347,C
29/1/2007,HZS,0.540,0.302,O
30/1/2007,HZS,0.530,0.325,C
31/1/2007,HZS,0.530,0.291,O
1/2/2007,HZS,0.530,0.325,C
2/2/2007,HZS,0.540,0.297,O
3/2/2007,HZS,0.540,0.347,C
4/2/2007,HZS,0.530,0.325,C
5/2/2007,HZS,0.520,0.295,O
6/2/2007,HZS,0.510,0.283,C
7/2/2007,HZS,0.510,0.279,O
8/2/2007,HZS,0.490,0.243,C
9/2/2007,HZS,0.480,0.244,O
10/2/2007,HZS,0.490,0.243,C
11/2/2007,HZS,0.520,0.304,C
12/2/2007,HZS,0.520,0.299,O
13/2/2007,HZS,0.510,0.283,C
14/2/2007,HZS,0.480,0.237,O
15/2/2007,HZS,0.480,0.224,C
16/2/2007,HZS,0.470,0.238,O
17/2/2007,HZS,0.490,0.243,C
18/2/2007,HZS,0.490,0.243,C
19/2/2007,HZS,0.520,0.291,O
20/2/2007,HZS,0.500,0.263,C
21/2/2007,HZS,0.500,0.268,O
22/2/2007,HZS,0.500,0.263,C
23/2/2007,HZS,0.550,0.319,O
24/2/2007,HZS,0.420,0.000,O
25/2/2007,HZS,0.430,0.000,O
26/2/2007,HZS,0.430,0.000,O
27/2/2007,HZS,0.420,0.000,O
28/2/2007,HZS,0.420,0.000,O
1/3/2007,HZS,0.420,0.000,O
2/3/2007,HZS,0.420,0.000,O
3/3/2007,HZS,0.410,0.000,O
4/3/2007,HZS,0.410,0.000,O
5/3/2007,HZS,0.420,0.000,O
6/3/2007,HZS,0.440,0.000,O
7/3/2007,HZS,0.430,0.000,O
8/3/2007,HZS,0.430,0.000,O
9/3/2007,HZS,0.410,0.000,O
10/3/2007,HZS,0.420,0.000,O
11/3/2007,HZS,0.410,0.000,O
12/3/2007,HZS,0.410,0.000,O
13/3/2007,HZS,0.400,0.000,O
14/3/2007,HZS,0.515,0.000,O
15/3/2007,HZS,0.490,0.000,O
16/3/2007,HZS,0.440,0.000,O
17/3/2007,HZS,0.400,0.000,O
18/3/2007,HZS,0.390,0.000,O
19/3/2007,HZS,0.390,0.000,O
20/3/2007,HZS,0.390,0.000,O
21/3/2007,HZS,0.390,0.000,O
22/3/2007,HZS,0.400,0.000,O
23/3/2007,HZS,0.400,0.000,O
24/3/2007,HZS,0.380,0.000,O
25/3/2007,HZS,0.380,0.000,O
26/3/2007,HZS,0.380,0.000,O
27/3/2007,HZS,0.390,0.000,O
28/3/2007,HZS,0.370,0.000,O
29/3/2007,HZS,0.360,0.000,O
30/3/2007,HZS,0.340,0.000,O
31/3/2007,HZS,0.330,0.000,O
1/4/2007,HZS,0.380,0.000,O
2/4/2007,HZS,0.390,0.000,O
3/4/2007,HZS,0.390,0.000,O
4/4/2007,HZS,0.390,0.000,O
5/4/2007,HZS,0.270,0.000,O
6/4/2007,HZS,0.270,0.000,O
7/4/2007,HZS,0.260,0.000,O
8/4/2007,HZS,0.240,0.000,O
9/4/2007,HZS,0.240,0.000,O
10/4/2007,HZS,0.230,0.000,O
11/4/2007,HZS,0.230,0.000,O
12/4/2007,HZS,0.220,0.000,O
13/4/2007,HZS,0.220,0.000,O
14/4/2007,HZS,0.230,0.000,O
15/4/2007,HZS,0.235,0.000,O
16/4/2007,HZS,0.240,0.000,O
17/4/2007,HZS,0.240,0.000,O
18/4/2007,HZS,0.240,0.000,O
19/4/2007,HZS,0.220,0.000,O
20/4/2007,HZS,0.220,0.000,O
21/4/2007,HZS,0.220,0.000,O
22/4/2007,HZS,0.220,0.000,O
23/4/2007,HZS,0.240,0.000,O
24/4/2007,HZS,0.240,0.000,O
25/4/2007,HZS,0.230,0.000,O
26/4/2007,HZS,0.220,0.000,O
27/4/2007,HZS,0.220,0.000,O
28/4/2007,HZS,0.210,0.000,O
29/4/2007,HZS,0.210,0.000,O
30/4/2007,HZS,0.210,0.000,O
1/5/2007,HZS,0.200,0.000,O
2/5/2007,HZS,0.200,0.000,O
3/5/2007,HZS,0.200,0.000,O
4/5/2007,HZS,0.205,0.000,O
5/5/2007,HZS,0.190,0.000,O
6/5/2007,HZS,0.190,0.000,O
7/5/2007,HZS,0.300,0.000,O
8/5/2007,HZS,0.300,0.000,O
9/5/2007,HZS,0.310,0.000,O
10/5/2007,HZS,0.320,0.000,O
11/5/2007,HZS,0.320,0.000,O
12/5/2007,HZS,0.310,0.000,O
13/5/2007,HZS,0.310,0.000,O
14/5/2007,HZS,0.310,0.000,O
15/5/2007,HZS,0.300,0.000,O
16/5/2007,HZS,0.300,0.000,O
17/5/2007,HZS,0.300,0.000,O
18/5/2007,HZS,0.300,0.000,O
19/5/2007,HZS,0.290,0.000,O
20/5/2007,HZS,0.290,0.000,O
21/5/2007,HZS,0.285,0.000,O
22/5/2007,HZS,0.285,0.000,O
23/5/2007,HZS,0.280,0.000,O
24/5/2007,HZS,0.290,0.000,O
25/5/2007,HZS,0.300,0.000,O
26/5/2007,HZS,0.295,0.000,O
27/5/2007,HZS,0.295,0.000,O
28/5/2007,HZS,0.290,0.000,O
29/5/2007,HZS,0.280,0.000,O
30/5/2007,HZS,0.285,0.000,O
31/5/2007,HZS,0.285,0.000,O
1/6/2007,HZS,0.280,0.000,O
2/6/2007,HZS,0.275,0.000,O
3/6/2007,HZS,0.270,0.000,O
4/6/2007,HZS,0.280,0.000,O
5/6/2007,HZS,0.280,0.000,O
6/6/2007,HZS,0.290,0.000,O
7/6/2007,HZS,0.295,0.000,O
8/6/2007,HZS,0.295,0.000,O
9/6/2007,HZS,0.295,0.000,O
10/6/2007,HZS,0.200,0.000,O
11/6/2007,HZS,0.200,0.000,O
12/6/2007,HZS,0.200,0.000,O
13/6/2007,HZS,0.210,0.000,O
14/6/2007,HZS,0.210,0.000,O
15/6/2007,HZS,0.200,0.000,O
16/6/2007,HZS,0.190,0.000,O
17/6/2007,HZS,0.190,0.000,O
18/6/2007,HZS,0.190,0.000,O
19/6/2007,HZS,0.200,0.000,O
20/6/2007,HZS,0.205,0.000,O
21/6/2007,HZS,0.205,0.000,O
22/6/2007,HZS,0.210,0.000,O
23/6/2007,HZS,0.215,0.000,O
24/6/2007,HZS,0.210,0.000,O
25/6/2007,HZS,0.200,0.000,O
26/6/2007,HZS,0.195,0.000,O
27/6/2007,HZS,0.190,0.000,O
28/6/2007,HZS,0.195,0.000,O
29/6/2007,HZS,0.200,0.000,O
30/6/2007,HZS,0.205,0.000,O
1/7/2007,HZS,0.225,0.000,O
2/7/2007,HZS,0.210,0.000,O
3/7/2007,HZS,0.200,0.000,O
4/7/2007,HZS,0.200,0.000,O
5/7/2007,HZS,0.230,0.000,O
6/7/2007,HZS,0.230,0.000,O
7/7/2007,HZS,0.220,0.000,O
8/7/2007,HZS,0.220,0.000,O
9/7/2007,HZS,0.210,0.000,O
10/7/2007,HZS,0.210,0.000,O
11/7/2007,HZS,0.230,0.000,O
12/7/2007,HZS,0.200,0.000,O
13/7/2007,HZS,0.210,0.000,O
14/7/2007,HZS,0.220,0.000,O
15/7/2007,HZS,0.225,0.000,O
16/7/2007,HZS,0.643,0.367,O
17/7/2007,HZS,0.660,0.395,C
18/7/2007,HZS,0.708,0.415,O
19/7/2007,HZS,0.690,0.428,C
20/7/2007,HZS,0.780,0.522,O
21/7/2007,HZS,1.160,1.062,C
22/7/2007,HZS,0.805,0.564,C
23/7/2007,HZS,0.675,0.418,O
24/7/2007,HZS,0.625,0.357,C
25/7/2007,HZS,0.620,0.352,O
26/7/2007,HZS,0.660,0.395,C
27/7/2007,HZS,0.675,0.417,O
28/7/2007,HZS,0.680,0.417,C
29/7/2007,HZS,0.710,0.451,C
30/7/2007,HZS,0.725,0.482,O
31/7/2007,HZS,0.720,0.462,C
1/8/2007,HZS,0.690,0.433,O
2/8/2007,HZS,0.700,0.439,C
3/8/2007,HZS,0.728,0.478,O
4/8/2007,HZS,0.810,0.570,C
5/8/2007,HZS,0.805,0.564,C
6/8/2007,HZS,0.693,0.449,O
7/8/2007,HZS,0.680,0.417,C
8/8/2007,HZS,0.723,0.477,O
9/8/2007,HZS,0.735,0.480,C
10/8/2007,HZS,0.770,0.521,O
11/8/2007,HZS,0.790,0.546,C
12/8/2007,HZS,0.780,0.533,C
13/8/2007,HZS,0.730,0.487,O
14/8/2007,HZS,0.710,0.451,C
15/8/2007,HZS,0.680,0.417,C
16/8/2007,HZS,0.665,0.400,C
17/8/2007,HZS,0.760,0.506,O
18/8/2007,HZS,0.775,0.527,C
19/8/2007,HZS,0.795,0.552,C
20/8/2007,HZS,0.665,0.406,O
21/8/2007,HZS,0.725,0.604,C
22/8/2007,HZS,1.030,1.618,O
23/8/2007,HZS,1.080,2.618,C
24/8/2007,HZS,1.220,4.307,O
25/8/2007,HZS,2.050,12.000,C
26/8/2007,HZS,1.990,11.290,C
27/8/2007,HZS,0.920,1.433,O
28/8/2007,HZS,0.810,0.992,C
29/8/2007,HZS,0.900,1.473,C
30/8/2007,HZS,0.960,1.828,C
31/8/2007,HZS,1.210,3.766,O
1/9/2007,HZS,1.180,3.350,C
2/9/2007,HZS,1.090,2.689,C
3/9/2007,HZS,0.938,1.340,O
4/9/2007,HZS,0.920,1.588,C
5/9/2007,HZS,1.060,2.434,O
6/9/2007,HZS,1.140,3.049,C
7/9/2007,HZS,1.120,2.916,O
8/9/2007,HZS,1.110,2.831,C
9/9/2007,HZS,1.015,2.178,C
10/9/2007,HZS,1.230,3.700,O
11/9/2007,HZS,1.365,4.583,O
12/9/2007,HZS,1.380,4.994,C
13/9/2007,HZS,1.230,3.739,C
14/9/2007,HZS,1.175,2.687,O
15/9/2007,HZS,1.230,3.739,C
16/9/2007,HZS,1.210,3.581,C
17/9/2007,HZS,1.150,2.953,O
18/9/2007,HZS,1.175,3.311,C
19/9/2007,HZS,1.130,2.798,O
20/9/2007,HZS,1.125,2.939,C
21/9/2007,HZS,1.100,2.595,O
22/9/2007,HZS,1.125,2.939,C
23/9/2007,HZS,1.115,2.867,C
24/9/2007,HZS,0.935,1.651,O
25/9/2007,HZS,0.910,1.530,C
26/9/2007,HZS,0.885,1.557,O
27/9/2007,HZS,0.915,1.559,C
28/9/2007,HZS,1.100,2.582,O
29/9/2007,HZS,1.060,2.480,C
30/9/2007,HZS,0.980,1.953,C
1/10/2007,HZS,0.870,1.459,O
2/10/2007,HZS,0.840,1.145,C
3/10/2007,HZS,0.960,1.571,O
4/10/2007,HZS,1.010,2.145,C
5/10/2007,HZS,1.010,2.145,C
6/10/2007,HZS,0.990,2.016,C
7/10/2007,HZS,0.960,1.828,C
8/10/2007,HZS,0.860,1.286,O
9/10/2007,HZS,0.830,1.093,C
10/10/2007,HZS,0.930,1.495,O
11/10/2007,HZS,0.975,1.921,C
12/10/2007,HZS,0.990,1.765,O
13/10/2007,HZS,0.985,1.984,C
14/10/2007,HZS,0.935,1.677,C
15/10/2007,HZS,0.810,1.105,O
16/10/2007,HZS,0.800,0.943,C
17/10/2007,HZS,0.875,1.226,O
18/10/2007,HZS,1.220,3.659,C
19/10/2007,HZS,1.355,4.776,C
20/10/2007,HZS,1.220,3.990,O
21/10/2007,HZS,2.070,12.240,C
22/10/2007,HZS,3.700,36.890,C
23/10/2007,HZS,1.210,3.882,O
24/10/2007,HZS,1.500,6.087,C
25/10/2007,HZS,2.310,15.260,C
26/10/2007,HZS,2.120,12.850,C
27/10/2007,HZS,2.060,12.120,C
28/10/2007,HZS,2.000,11.410,C
29/10/2007,HZS,2.100,12.610,C
30/10/2007,HZS,2.240,14.360,C
31/10/2007,HZS,1.210,3.942,O
1/11/2007,HZS,1.325,4.293,O
2/11/2007,HZS,1.820,9.359,C
3/11/2007,HZS,2.120,12.850,C
4/11/2007,HZS,1.840,9.579,C
5/11/2007,HZS,1.650,7.559,C
6/11/2007,HZS,1.225,4.072,O
7/11/2007,HZS,1.175,3.311,C
8/11/2007,HZS,1.275,4.102,C
9/11/2007,HZS,1.315,4.434,C
10/11/2007,HZS,1.270,4.061,C
11/11/2007,HZS,1.185,3.388,C
12/11/2007,HZS,1.020,2.466,O
13/11/2007,HZS,0.940,1.707,C
14/11/2007,HZS,1.000,2.386,O
15/11/2007,HZS,1.035,2.310,C
16/11/2007,HZS,1.133,3.062,O
17/11/2007,HZS,1.145,3.086,C
18/11/2007,HZS,1.170,3.273,C
19/11/2007,HZS,1.010,2.604,O
20/11/2007,HZS,0.990,2.016,C
21/11/2007,HZS,1.145,3.001,O
22/11/2007,HZS,1.130,2.976,C
23/11/2007,HZS,1.120,2.895,O
24/11/2007,HZS,1.140,3.049,C
25/11/2007,HZS,1.130,2.976,C
26/11/2007,HZS,1.060,2.800,O
27/11/2007,HZS,1.045,2.377,C
28/11/2007,HZS,1.020,2.635,O
29/11/2007,HZS,1.010,2.145,C
30/11/2007,HZS,1.035,2.591,O
1/12/2007,HZS,1.030,2.365,C
2/12/2007,HZS,0.980,2.004,C
3/12/2007,HZS,0.900,1.453,O
4/12/2007,HZS,0.880,1.346,C
5/12/2007,HZS,0.870,1.303,O
6/12/2007,HZS,0.870,1.286,C
7/12/2007,HZS,0.990,2.257,O
8/12/2007,HZS,1.010,2.218,C
9/12/2007,HZS,0.950,1.798,C
10/12/2007,HZS,0.800,0.887,D
11/12/2007,HZS,0.850,1.167,C
12/12/2007,HZS,0.920,1.599,C
13/12/2007,HZS,1.150,2.971,O
14/12/2007,HZS,1.380,5.384,C
15/12/2007,HZS,0.930,1.769,O
16/12/2007,HZS,0.910,1.534,C
17/12/2007,HZS,1.150,2.819,O
18/12/2007,HZS,1.080,2.744,C
19/12/2007,HZS,0.860,1.384,O
20/12/2007,HZS,1.320,4.810,C
21/12/2007,HZS,1.150,3.307,C
22/12/2007,HZS,1.030,2.580,O
23/12/2007,HZS,1.000,2.146,C
24/12/2007,HZS,0.980,2.140,O
25/12/2007,HZS,0.850,1.167,C
26/12/2007,HZS,0.800,0.887,C
27/12/2007,HZS,0.750,0.634,C
28/12/2007,HZS,0.740,0.503,O
29/12/2007,HZS,0.720,0.466,C
30/12/2007,HZS,0.720,0.466,C
31/12/2007,HZS,0.720,0.481,O
1/1/2008,HZS,0.700,0.440,C
2/1/2008,HZS,0.700,0.443,O
3/1/2008,HZS,0.710,0.453,C
4/1/2008,HZS,0.700,0.438,O
5/1/2008,HZS,0.690,0.427,C
6/1/2008,HZS,0.685,0.421,C
7/1/2008,HZS,0.680,0.415,O
8/1/2008,HZS,0.675,0.408,C
9/1/2008,HZS,0.660,0.375,O
10/1/2008,HZS,0.655,0.384,C
11/1/2008,HZS,0.650,0.361,O
12/1/2008,HZS,0.645,0.372,C
13/1/2008,HZS,0.640,0.366,C
14/1/2008,HZS,0.630,0.354,C
15/1/2008,HZS,0.625,0.348,C
16/1/2008,HZS,0.620,0.346,O
17/1/2008,HZS,0.615,0.336,C
18/1/2008,HZS,0.610,0.338,O
19/1/2008,HZS,0.600,0.319,C
20/1/2008,HZS,0.590,0.308,C
21/1/2008,HZS,0.620,0.347,O
22/1/2008,HZS,0.630,0.354,C
23/1/2008,HZS,0.640,0.361,O
24/1/2008,HZS,0.640,0.366,C
25/1/2008,HZS,0.620,0.343,O
26/1/2008,HZS,0.630,0.354,C
27/1/2008,HZS,0.620,0.342,C
28/1/2008,HZS,0.615,0.336,C
29/1/2008,HZS,0.610,0.334,O
30/1/2008,HZS,0.620,0.342,C
31/1/2008,HZS,0.610,0.333,O
1/2/2008,HZS,0.615,0.336,C
2/2/2008,HZS,0.605,0.325,C
3/2/2008,HZS,0.610,0.330,C
4/2/2008,HZS,0.600,0.319,C
5/2/2008,HZS,0.600,0.315,O
6/2/2008,HZS,0.620,0.268,C
7/2/2008,HZS,0.615,0.261,C
8/2/2008,HZS,0.615,0.261,C
9/2/2008,HZS,0.620,0.268,C
10/2/2008,HZS,0.625,0.275,C
11/2/2008,HZS,0.640,0.295,C
12/2/2008,HZS,0.845,0.609,O
13/2/2008,HZS,0.845,0.618,C
14/2/2008,HZS,0.840,0.609,C
15/2/2008,HZS,0.830,0.591,C
16/2/2008,HZS,0.820,0.574,C
17/2/2008,HZS,0.810,0.557,C
18/2/2008,HZS,0.860,0.645,C
19/2/2008,HZS,0.850,0.625,O
20/2/2008,HZS,0.845,0.618,C
21/2/2008,HZS,0.840,0.621,O
22/2/2008,HZS,0.845,0.618,C
23/2/2008,HZS,0.830,0.591,C
24/2/2008,HZS,0.830,0.591,C
25/2/2008,HZS,0.820,0.579,O
26/2/2008,HZS,0.810,0.557,C
27/2/2008,HZS,0.815,0.565,C
28/2/2008,HZS,0.800,0.540,C
29/2/2008,HZS,0.815,0.565,C
1/3/2008,HZS,0.810,0.553,O
2/3/2008,HZS,0.810,0.557,C
3/3/2008,HZS,0.800,0.540,C
4/3/2008,HZS,0.800,0.540,C
5/3/2008,HZS,0.815,0.554,O
6/3/2008,HZS,0.800,0.540,C
7/3/2008,HZS,0.805,0.548,C
8/3/2008,HZS,0.780,0.506,C
9/3/2008,HZS,0.770,0.490,C
10/3/2008,HZS,0.780,0.500,O
11/3/2008,HZS,0.790,0.523,O
12/3/2008,HZS,0.780,0.492,O
13/3/2008,HZS,0.760,0.474,C
14/3/2008,HZS,0.750,0.457,C
15/3/2008,HZS,0.740,0.442,C
16/3/2008,HZS,0.770,0.490,C
17/3/2008,HZS,0.775,0.494,O
18/3/2008,HZS,0.760,0.896,C
19/3/2008,HZS,0.750,0.858,C
20/3/2008,HZS,0.745,0.839,C
21/3/2008,HZS,0.790,1.012,C
22/3/2008,HZS,0.810,1.093,C
23/3/2008,HZS,0.790,1.012,C
24/3/2008,HZS,0.750,0.858,C
25/3/2008,HZS,0.740,0.820,C
26/3/2008,HZS,0.730,0.784,D
27/3/2008,HZS,0.725,0.766,C
28/3/2008,HZS,0.720,0.748,C
29/3/2008,HZS,0.730,0.784,C
30/3/2008,HZS,0.740,0.820,C
31/3/2008,HZS,0.750,0.858,C
1/4/2008,HZS,0.740,0.820,D
2/4/2008,HZS,0.750,0.858,C
3/4/2008,HZS,0.770,0.934,C
4/4/2008,HZS,0.765,0.915,C
5/4/2008,HZS,0.775,0.953,C
6/4/2008,HZS,0.730,0.784,C
7/4/2008,HZS,0.690,0.644,C
8/4/2008,HZS,0.680,0.610,C
9/4/2008,HZS,0.665,0.561,C
10/4/2008,HZS,0.635,0.468,C
11/4/2008,HZS,0.620,0.422,O
12/4/2008,HZS,0.620,0.424,C
13/4/2008,HZS,0.610,0.395,C
14/4/2008,HZS,0.610,0.398,O
15/4/2008,HZS,0.610,0.395,C
16/4/2008,HZS,0.690,0.644,C
17/4/2008,HZS,0.680,0.610,C
18/4/2008,HZS,0.670,0.577,C
19/4/2008,HZS,0.665,0.561,C
20/4/2008,HZS,0.670,0.577,C
21/4/2008,HZS,0.570,0.230,O
22/4/2008,HZS,0.580,0.314,C
23/4/2008,HZS,0.565,0.276,C
24/4/2008,HZS,0.555,0.251,C
25/4/2008,HZS,0.540,0.216,C
26/4/2008,HZS,0.525,0.174,O
27/4/2008,HZS,0.530,0.194,C
28/4/2008,HZS,0.530,0.194,C
29/4/2008,HZS,0.525,0.183,C
30/4/2008,HZS,0.630,0.453,C
1/5/2008,HZS,0.640,0.458,O
2/5/2008,HZS,0.620,0.424,C
3/5/2008,HZS,0.610,0.395,C
4/5/2008,HZS,0.600,0.367,C
5/5/2008,HZS,0.590,0.393,O
6/5/2008,HZS,0.590,0.340,C
7/5/2008,HZS,0.580,0.314,C
8/5/2008,HZS,0.580,0.314,C
9/5/2008,HZS,0.630,0.453,O
10/5/2008,HZS,0.620,0.424,C
11/5/2008,HZS,0.600,0.367,C
12/5/2008,HZS,0.600,0.367,C
13/5/2008,HZS,0.590,0.340,C
14/5/2008,HZS,0.580,0.314,C
15/5/2008,HZS,0.570,0.288,C
16/5/2008,HZS,0.570,0.288,C
17/5/2008,HZS,0.560,0.263,C
18/5/2008,HZS,0.550,0.239,C
19/5/2008,HZS,0.530,0.194,C
20/5/2008,HZS,0.530,0.194,C
21/5/2008,HZS,0.530,0.194,C
22/5/2008,HZS,0.530,0.194,D
23/5/2008,HZS,0.540,0.216,C
24/5/2008,HZS,0.510,0.152,C
25/5/2008,HZS,0.510,0.152,C
26/5/2008,HZS,0.660,0.545,C
27/5/2008,HZS,0.710,0.716,O
28/5/2008,HZS,0.700,0.678,C
29/5/2008,HZS,0.700,0.678,C
30/5/2008,HZS,0.730,0.784,C
31/5/2008,HZS,0.720,0.748,C
1/6/2008,HZS,0.720,0.565,C
2/6/2008,HZS,0.700,0.482,D
3/6/2008,HZS,0.710,0.523,C
4/6/2008,HZS,0.695,0.462,C
5/6/2008,HZS,0.690,0.443,C
6/6/2008,HZS,0.680,0.405,C
7/6/2008,HZS,0.670,0.369,C
8/6/2008,HZS,0.670,0.369,C
9/6/2008,HZS,0.675,0.372,O
10/6/2008,HZS,0.670,0.369,C
11/6/2008,HZS,0.660,0.356,O
12/6/2008,HZS,0.680,0.405,C
13/6/2008,HZS,0.685,0.385,O
14/6/2008,HZS,0.670,0.369,C
15/6/2008,HZS,0.660,0.335,C
16/6/2008,HZS,0.665,0.352,C
17/6/2008,HZS,0.650,0.315,O
18/6/2008,HZS,0.655,0.318,C
19/6/2008,HZS,0.650,0.311,O
20/6/2008,HZS,0.655,0.318,C
21/6/2008,HZS,0.650,0.302,C
22/6/2008,HZS,0.655,0.297,O
23/6/2008,HZS,0.650,0.302,C
24/6/2008,HZS,0.650,0.290,O
25/6/2008,HZS,0.660,0.335,C
26/6/2008,HZS,0.650,0.291,O
27/6/2008,HZS,0.645,0.286,C
28/6/2008,HZS,0.645,0.280,O
29/6/2008,HZS,0.640,0.271,C
30/6/2008,HZS,0.640,0.278,O
1/7/2008,HZS,0.660,0.351,O
2/7/2008,HZS,0.640,0.272,O
3/7/2008,HZS,0.660,0.335,C
4/7/2008,HZS,0.650,0.302,C
5/7/2008,HZS,0.620,0.213,C
6/7/2008,HZS,0.625,0.227,C
7/7/2008,HZS,0.630,0.228,O
8/7/2008,HZS,0.640,0.271,C
9/7/2008,HZS,0.630,0.241,C
10/7/2008,HZS,0.640,0.271,C
11/7/2008,HZS,0.645,0.286,C
12/7/2008,HZS,0.640,0.250,O
13/7/2008,HZS,0.635,0.256,C
14/7/2008,HZS,0.630,0.244,O
15/7/2008,HZS,0.630,0.241,C
16/7/2008,HZS,0.620,0.213,C
17/7/2008,HZS,0.630,0.241,C
18/7/2008,HZS,0.620,0.213,C
19/7/2008,HZS,0.620,0.227,O
20/7/2008,HZS,0.640,0.271,C
21/7/2008,HZS,0.640,0.271,C
22/7/2008,HZS,0.630,0.233,O
23/7/2008,HZS,0.625,0.227,C
24/7/2008,HZS,0.620,0.228,O
25/7/2008,HZS,0.620,0.213,C
26/7/2008,HZS,0.790,0.906,C
27/7/2008,HZS,0.790,0.906,C
28/7/2008,HZS,0.795,0.933,C
29/7/2008,HZS,0.805,1.014,O
30/7/2008,HZS,0.795,0.933,C
31/7/2008,HZS,0.720,0.565,C
1/8/2008,HZS,0.720,0.550,O
2/8/2008,HZS,0.685,0.424,C
3/8/2008,HZS,0.710,0.581,O
4/8/2008,HZS,0.680,0.405,C
5/8/2008,HZS,0.660,0.335,C
6/8/2008,HZS,0.660,0.335,C
7/8/2008,HZS,0.650,0.302,D
8/8/2008,HZS,0.650,0.286,C
9/8/2008,HZS,0.675,0.387,C
10/8/2008,HZS,0.685,0.522,O
11/8/2008,HZS,0.650,0.302,C
12/8/2008,HZS,0.665,0.352,C
13/8/2008,HZS,0.730,0.539,O
14/8/2008,HZS,0.730,0.609,C
15/8/2008,HZS,0.780,0.853,C
16/8/2008,HZS,0.835,1.165,C
17/8/2008,HZS,0.845,1.227,C
18/8/2008,HZS,0.710,0.523,C
19/8/2008,HZS,0.750,0.584,O
20/8/2008,HZS,0.700,0.482,C
21/8/2008,HZS,0.870,1.375,O
22/8/2008,HZS,1.060,2.916,C
23/8/2008,HZS,1.010,2.462,C
24/8/2008,HZS,0.840,1.196,C
25/8/2008,HZS,0.770,0.993,O
26/8/2008,HZS,0.780,1.322,C
27/8/2008,HZS,1.290,3.520,O
28/8/2008,HZS,1.800,7.227,C
29/8/2008,HZS,1.350,3.971,C
30/8/2008,HZS,1.090,2.567,C
31/8/2008,HZS,1.370,4.093,C
1/9/2008,HZS,2.150,10.520,C
2/9/2008,HZS,1.210,3.173,C
3/9/2008,HZS,1.100,2.614,C
4/9/2008,HZS,1.250,3.391,C
5/9/2008,HZS,1.280,3.407,O
6/9/2008,HZS,1.265,3.474,C
7/9/2008,HZS,1.490,4.869,C
8/9/2008,HZS,1.300,3.492,O
9/9/2008,HZS,1.065,2.539,O
10/9/2008,HZS,1.215,3.306,O
11/9/2008,HZS,1.180,3.104,O
12/9/2008,HZS,1.190,3.067,C
13/9/2008,HZS,1.170,3.005,O
14/9/2008,HZS,1.140,2.810,C
15/9/2008,HZS,0.970,2.130,O
16/9/2008,HZS,0.920,1.828,C
17/9/2008,HZS,1.030,2.421,O
18/9/2008,HZS,1.050,2.380,C
19/9/2008,HZS,1.030,2.394,O
20/9/2008,HZS,1.020,2.245,C
21/9/2008,HZS,1.020,2.354,O
22/9/2008,HZS,0.850,1.563,C
23/9/2008,HZS,0.840,1.287,O
24/9/2008,HZS,0.810,1.422,C
25/9/2008,HZS,1.000,2.285,O
26/9/2008,HZS,1.040,2.335,C
27/9/2008,HZS,1.040,2.252,O
28/9/2008,HZS,1.010,2.202,C
29/9/2008,HZS,0.900,1.877,O
30/9/2008,HZS,0.860,1.600,C
1/10/2008,HZS,0.880,1.797,O
2/10/2008,HZS,0.920,1.828,C
3/10/2008,HZS,0.900,1.874,O
4/10/2008,HZS,0.960,2.202,O
5/10/2008,HZS,0.980,2.073,C
6/10/2008,HZS,0.940,2.097,O
7/10/2008,HZS,0.915,1.808,C
8/10/2008,HZS,0.920,2.024,O
9/10/2008,HZS,1.440,4.537,C
10/10/2008,HZS,1.345,3.940,C
11/10/2008,HZS,1.190,3.067,C
12/10/2008,HZS,1.280,3.559,C
13/10/2008,HZS,0.990,2.258,O
14/10/2008,HZS,0.950,1.948,C
15/10/2008,HZS,1.050,2.586,O
16/10/2008,HZS,1.190,3.067,C
17/10/2008,HZS,1.360,3.979,O
18/10/2008,HZS,1.270,3.503,C
19/10/2008,HZS,1.240,3.335,C
20/10/2008,HZS,1.020,2.245,C
21/10/2008,HZS,1.020,2.511,O
22/10/2008,HZS,1.710,6.489,C
23/10/2008,HZS,2.030,9.314,C
24/10/2008,HZS,2.610,15.910,C
25/10/2008,HZS,2.250,11.590,C
26/10/2008,HZS,2.100,10.010,C
27/10/2008,HZS,1.870,7.831,C
28/10/2008,HZS,1.520,5.075,C
29/10/2008,HZS,1.330,4.052,O
30/10/2008,HZS,1.270,3.503,C
31/10/2008,HZS,1.240,3.523,O
1/11/2008,HZS,1.255,3.418,C
2/11/2008,HZS,1.250,3.547,O
3/11/2008,HZS,1.235,3.308,C
4/11/2008,HZS,1.210,3.173,C
5/11/2008,HZS,1.170,2.963,C
6/11/2008,HZS,1.270,3.503,C
7/11/2008,HZS,1.240,3.422,O
8/11/2008,HZS,1.215,3.200,C
9/11/2008,HZS,1.150,2.861,C
10/11/2008,HZS,1.110,2.662,C
11/11/2008,HZS,1.110,2.901,O
12/11/2008,HZS,1.090,2.567,C
13/11/2008,HZS,1.080,2.519,C
14/11/2008,HZS,1.170,2.807,O
15/11/2008,HZS,1.160,2.735,O
16/11/2008,HZS,1.145,2.836,C
17/11/2008,HZS,1.080,2.519,C
18/11/2008,HZS,0.980,1.869,O
19/11/2008,HZS,1.040,2.094,O
20/11/2008,HZS,1.060,2.146,O
21/11/2008,HZS,1.020,1.992,O
22/11/2008,HZS,1.015,2.009,O
23/11/2008,HZS,1.010,2.202,C
24/11/2008,HZS,1.000,2.158,C
25/11/2008,HZS,0.990,1.868,O
26/11/2008,HZS,0.970,1.754,O
27/11/2008,HZS,0.990,1.858,O
28/11/2008,HZS,1.340,4.054,O
29/11/2008,HZS,1.340,3.911,C
30/11/2008,HZS,1.275,3.531,C
1/12/2008,HZS,1.260,3.556,O
2/12/2008,HZS,1.245,3.444,O
3/12/2008,HZS,1.310,3.674,C
4/12/2008,HZS,1.330,3.783,O
5/12/2008,HZS,1.210,3.255,O
6/12/2008,HZS,1.260,3.361,C
7/12/2008,HZS,1.200,3.146,O
8/12/2008,HZS,1.290,3.547,C
9/12/2008,HZS,1.110,2.514,C
10/12/2008,HZS,1.150,2.553,O
11/12/2008,HZS,1.150,2.727,C
12/12/2008,HZS,1.120,2.566,C
13/12/2008,HZS,1.090,2.412,C
14/12/2008,HZS,1.130,2.295,O
15/12/2008,HZS,1.145,2.700,C
16/12/2008,HZS,1.150,2.502,O
17/12/2008,HZS,1.260,3.361,C
18/12/2008,HZS,1.230,3.189,O
19/12/2008,HZS,1.150,2.727,C
20/12/2008,HZS,1.140,2.673,C
21/12/2008,HZS,1.110,2.514,C
22/12/2008,HZS,1.120,2.566,C
23/12/2008,HZS,1.010,2.028,O
24/12/2008,HZS,0.970,1.922,O
25/12/2008,HZS,1.000,1.980,C
26/12/2008,HZS,1.020,2.072,C
27/12/2008,HZS,1.010,2.026,C
28/12/2008,HZS,1.000,1.980,C
29/12/2008,HZS,0.990,2.038,O
30/12/2008,HZS,0.970,1.846,C
31/12/2008,HZS,0.960,1.803,C
1/1/2009,HZS,0.950,1.752,O
2/1/2009,HZS,0.940,1.718,C
3/1/2009,HZS,0.960,1.845,O
4/1/2009,HZS,0.945,1.739,C
5/1/2009,HZS,0.950,1.697,O
6/1/2009,HZS,0.945,1.739,C
7/1/2009,HZS,0.950,1.761,C
8/1/2009,HZS,0.940,1.718,C
9/1/2009,HZS,0.950,1.761,C
10/1/2009,HZS,0.960,1.803,C
11/1/2009,HZS,0.920,1.636,C
12/1/2009,HZS,0.915,1.615,C
13/1/2009,HZS,0.910,1.614,O
14/1/2009,HZS,0.910,1.595,C
15/1/2009,HZS,0.910,1.595,C
16/1/2009,HZS,0.915,1.615,C
17/1/2009,HZS,0.910,1.609,O
18/1/2009,HZS,0.900,1.556,C
19/1/2009,HZS,0.710,0.939,O
20/1/2009,HZS,0.710,0.904,C
21/1/2009,HZS,0.700,0.850,O
22/1/2009,HZS,0.700,0.875,C
23/1/2009,HZS,0.680,0.851,O
24/1/2009,HZS,0.680,0.819,C
25/1/2009,HZS,0.660,0.765,C
26/1/2009,HZS,0.660,0.765,C
27/1/2009,HZS,0.680,0.852,O
28/1/2009,HZS,0.680,0.819,C
29/1/2009,HZS,0.650,0.739,C
30/1/2009,HZS,0.680,0.819,C
31/1/2009,HZS,0.670,0.815,O
1/2/2009,HZS,0.660,0.765,C
2/2/2009,HZS,0.650,0.760,O
3/2/2009,HZS,0.660,0.765,O
4/2/2009,HZS,0.670,0.786,O
5/2/2009,HZS,0.670,0.806,O
6/2/2009,HZS,0.680,0.855,O
7/2/2009,HZS,0.680,0.819,C
8/2/2009,HZS,0.680,0.819,C
9/2/2009,HZS,0.675,0.805,C
10/2/2009,HZS,0.670,0.781,O
11/2/2009,HZS,0.680,0.819,C
12/2/2009,HZS,0.675,0.805,C
13/2/2009,HZS,0.660,0.755,O
14/2/2009,HZS,0.660,0.765,C
15/2/2009,HZS,0.650,0.739,C
16/2/2009,HZS,0.640,0.713,C
17/2/2009,HZS,0.650,0.739,C
18/2/2009,HZS,0.640,0.713,C
19/2/2009,HZS,0.640,0.713,C
20/2/2009,HZS,0.650,0.725,O
21/2/2009,HZS,0.660,0.765,C
22/2/2009,HZS,0.655,0.752,C
23/2/2009,HZS,0.640,0.713,C
24/2/2009,HZS,0.640,0.702,O
25/2/2009,HZS,0.610,0.638,C
26/2/2009,HZS,0.620,0.663,C
27/2/2009,HZS,0.620,0.670,O
28/2/2009,HZS,0.640,0.713,C
1/3/2009,HZS,0.630,0.687,C
2/3/2009,HZS,0.640,0.725,O
3/3/2009,HZS,0.590,0.592,C
4/3/2009,HZS,0.585,0.606,O
5/3/2009,HZS,0.600,0.615,C
6/3/2009,HZS,0.600,0.615,C
7/3/2009,HZS,0.610,0.652,O
8/3/2009,HZS,0.615,0.651,C
9/3/2009,HZS,0.610,0.657,O
10/3/2009,HZS,0.600,0.615,C
11/3/2009,HZS,0.600,0.615,C
12/3/2009,HZS,0.600,0.615,C
13/3/2009,HZS,0.600,0.613,O
14/3/2009,HZS,0.600,0.615,C
15/3/2009,HZS,0.600,0.615,C
16/3/2009,HZS,0.600,0.615,C
17/3/2009,HZS,0.590,0.592,C
18/3/2009,HZS,0.610,0.642,O
19/3/2009,HZS,0.600,0.615,C
20/3/2009,HZS,0.570,0.547,C
21/3/2009,HZS,0.580,0.586,O
22/3/2009,HZS,0.580,0.569,C
23/3/2009,HZS,0.570,0.547,C
24/3/2009,HZS,0.570,0.547,C
25/3/2009,HZS,0.570,0.547,C
26/3/2009,HZS,0.580,0.584,O
27/3/2009,HZS,0.560,0.525,C
28/3/2009,HZS,0.580,0.569,C
29/3/2009,HZS,0.570,0.547,C
30/3/2009,HZS,0.570,0.547,C
31/3/2009,HZS,0.570,0.535,O
1/4/2009,HZS,0.550,0.482,O
2/4/2009,HZS,0.545,0.493,C
3/4/2009,HZS,0.540,0.483,C
4/4/2009,HZS,0.545,0.461,O
5/4/2009,HZS,0.535,0.473,C
6/4/2009,HZS,0.520,0.443,C
7/4/2009,HZS,0.510,0.424,C
8/4/2009,HZS,0.510,0.424,C
9/4/2009,HZS,0.650,0.667,O
10/4/2009,HZS,0.500,0.405,C
11/4/2009,HZS,0.490,0.387,C
12/4/2009,HZS,0.480,0.369,C
13/4/2009,HZS,0.480,0.369,C
14/4/2009,HZS,0.470,0.351,C
15/4/2009,HZS,0.480,0.369,C
16/4/2009,HZS,0.570,0.544,O
17/4/2009,HZS,0.570,0.547,C
18/4/2009,HZS,0.570,0.547,C
19/4/2009,HZS,0.560,0.525,C
20/4/2009,HZS,0.570,0.547,C
21/4/2009,HZS,0.580,0.569,C
22/4/2009,HZS,0.580,0.576,O
23/4/2009,HZS,0.585,0.580,C
24/4/2009,HZS,0.600,0.615,C
25/4/2009,HZS,0.600,0.615,C
26/4/2009,HZS,0.590,0.592,C
27/4/2009,HZS,0.580,0.580,O
28/4/2009,HZS,0.570,0.547,C
29/4/2009,HZS,0.570,0.547,C
30/4/2009,HZS,0.580,0.569,C
1/5/2009,HZS,0.580,0.583,O
2/5/2009,HZS,0.570,0.547,C
3/5/2009,HZS,0.560,0.525,C
4/5/2009,HZS,0.510,0.424,C
5/5/2009,HZS,0.530,0.463,C
6/5/2009,HZS,0.530,0.463,C
7/5/2009,HZS,0.525,0.453,C
8/5/2009,HZS,0.520,0.448,O
9/5/2009,HZS,0.520,0.443,C
10/5/2009,HZS,0.520,0.443,C
11/5/2009,HZS,0.530,0.463,C
12/5/2009,HZS,0.530,0.463,C
13/5/2009,HZS,0.520,0.449,O
14/5/2009,HZS,0.510,0.424,C
15/5/2009,HZS,0.490,0.387,C
16/5/2009,HZS,0.530,0.463,C
17/5/2009,HZS,0.540,0.483,C
18/5/2009,HZS,0.530,0.467,O
19/5/2009,HZS,0.510,0.424,C
20/5/2009,HZS,1.150,2.727,C
21/5/2009,HZS,0.730,0.756,O
22/5/2009,HZS,0.650,0.739,D
23/5/2009,HZS,0.630,0.687,C
24/5/2009,HZS,0.610,0.638,C
25/5/2009,HZS,0.620,0.663,C
26/5/2009,HZS,0.620,0.663,C
27/5/2009,HZS,0.610,0.638,D
28/5/2009,HZS,0.610,0.638,C
29/5/2009,HZS,0.590,0.592,C
30/5/2009,HZS,0.610,0.638,C
31/5/2009,HZS,0.590,0.592,C
1/6/2009,HZS,0.600,0.331,O
2/6/2009,HZS,0.580,0.317,O
3/6/2009,HZS,0.580,0.280,C
4/6/2009,HZS,0.600,0.330,C
5/6/2009,HZS,0.570,0.256,C
6/6/2009,HZS,0.590,0.359,O
7/6/2009,HZS,0.600,0.330,C
8/6/2009,HZS,0.600,0.330,C
9/6/2009,HZS,0.595,0.338,O
10/6/2009,HZS,0.580,0.280,C
11/6/2009,HZS,0.570,0.256,C
12/6/2009,HZS,0.570,0.303,O
13/6/2009,HZS,0.560,0.233,C
14/6/2009,HZS,0.545,0.200,C
15/6/2009,HZS,0.550,0.210,C
16/6/2009,HZS,0.630,0.399,O
17/6/2009,HZS,0.590,0.305,C
18/6/2009,HZS,0.545,0.224,O
19/6/2009,HZS,0.545,0.200,C
20/6/2009,HZS,0.560,0.233,C
21/6/2009,HZS,0.560,0.233,C
22/6/2009,HZS,0.525,0.199,O
23/6/2009,HZS,0.535,0.178,C
24/6/2009,HZS,0.505,0.121,D
25/6/2009,HZS,0.505,0.121,C
26/6/2009,HZS,0.480,0.056,O
27/6/2009,HZS,0.490,0.095,C
28/6/2009,HZS,0.490,0.095,C
29/6/2009,HZS,0.520,0.149,C
30/6/2009,HZS,0.560,0.205,O
1/7/2009,HZS,0.540,0.184,O
2/7/2009,HZS,0.520,0.182,O
3/7/2009,HZS,0.490,0.095,C
4/7/2009,HZS,0.445,0.032,C
5/7/2009,HZS,0.420,0.009,C
6/7/2009,HZS,0.435,0.022,C
7/7/2009,HZS,0.450,0.038,C
8/7/2009,HZS,0.435,0.022,C
9/7/2009,HZS,0.550,0.184,O
10/7/2009,HZS,0.565,0.244,C
11/7/2009,HZS,0.580,0.280,C
12/7/2009,HZS,0.570,0.258,C
13/7/2009,HZS,0.570,0.258,C
14/7/2009,HZS,0.575,0.221,O
15/7/2009,HZS,0.575,0.268,C
16/7/2009,HZS,0.570,0.256,C
17/7/2009,HZS,0.575,0.268,C
18/7/2009,HZS,0.560,0.203,O
19/7/2009,HZS,0.575,0.268,C
20/7/2009,HZS,0.585,0.292,C
21/7/2009,HZS,0.585,0.292,C
22/7/2009,HZS,0.555,0.222,C
23/7/2009,HZS,0.540,0.189,C
24/7/2009,HZS,0.530,0.184,O
25/7/2009,HZS,0.520,0.149,C
26/7/2009,HZS,0.510,0.130,C
27/7/2009,HZS,0.530,0.168,C
28/7/2009,HZS,0.510,0.168,O
29/7/2009,HZS,0.515,0.139,C
30/7/2009,HZS,0.510,0.130,C
31/7/2009,HZS,0.520,0.149,C
1/8/2009,HZS,0.575,0.268,C
2/8/2009,HZS,0.585,0.292,C
3/8/2009,HZS,0.590,0.238,O
4/8/2009,HZS,0.550,0.210,C
5/8/2009,HZS,0.520,0.149,C
6/8/2009,HZS,0.450,0.038,C
7/8/2009,HZS,0.420,0.009,C
8/8/2009,HZS,0.410,0.003,C
9/8/2009,HZS,0.465,0.057,C
10/8/2009,HZS,0.450,0.038,C
11/8/2009,HZS,0.465,0.057,C
12/8/2009,HZS,0.520,0.175,O
13/8/2009,HZS,0.550,0.210,C
14/8/2009,HZS,0.600,0.330,C
15/8/2009,HZS,0.810,1.013,C
16/8/2009,HZS,1.060,2.133,C
17/8/2009,HZS,1.390,4.020,C
18/8/2009,HZS,1.060,2.133,C
19/8/2009,HZS,0.875,1.328,O
20/8/2009,HZS,0.885,1.318,C
21/8/2009,HZS,0.990,1.790,C
22/8/2009,HZS,0.880,1.331,O
23/8/2009,HZS,0.895,1.360,C
24/8/2009,HZS,0.800,0.975,C
25/8/2009,HZS,0.740,0.756,C
26/8/2009,HZS,0.860,1.260,O
27/8/2009,HZS,0.910,1.425,C
28/8/2009,HZS,0.940,1.559,C
29/8/2009,HZS,0.940,1.559,C
30/8/2009,HZS,0.870,1.254,C
31/8/2009,HZS,0.810,1.013,C
1/9/2009,HZS,0.780,1.021,O
2/9/2009,HZS,0.920,1.469,C
3/9/2009,HZS,1.035,2.008,C
4/9/2009,HZS,1.060,2.133,C
5/9/2009,HZS,1.070,2.274,O
6/9/2009,HZS,1.040,2.033,C
7/9/2009,HZS,0.960,1.650,C
8/9/2009,HZS,0.930,1.514,C
9/9/2009,HZS,1.000,1.612,O
10/9/2009,HZS,1.035,1.557,O
11/9/2009,HZS,1.040,2.033,C
12/9/2009,HZS,0.970,1.696,C
13/9/2009,HZS,0.930,1.514,C
14/9/2009,HZS,0.900,1.382,C
15/9/2009,HZS,0.845,1.152,C
16/9/2009,HZS,1.150,2.150,O
17/9/2009,HZS,1.180,2.769,C
18/9/2009,HZS,1.720,6.302,C
19/9/2009,HZS,2.100,9.359,C
20/9/2009,HZS,1.650,5.788,C
21/9/2009,HZS,1.200,2.881,C
22/9/2009,HZS,1.060,2.133,C
23/9/2009,HZS,1.235,3.080,C
24/9/2009,HZS,1.173,2.338,O
25/9/2009,HZS,1.255,3.236,O
26/9/2009,HZS,1.135,2.524,C
27/9/2009,HZS,1.005,1.862,C
28/9/2009,HZS,0.995,1.814,C
29/9/2009,HZS,0.850,1.172,C
30/9/2009,HZS,1.045,2.200,O
1/10/2009,HZS,1.150,2.605,C
2/10/2009,HZS,1.180,2.769,C
3/10/2009,HZS,1.120,2.234,O
4/10/2009,HZS,1.040,2.033,C
5/10/2009,HZS,0.890,1.434,O
6/10/2009,HZS,0.850,1.172,C
7/10/2009,HZS,0.940,1.621,O
8/10/2009,HZS,1.000,1.838,C
9/10/2009,HZS,1.030,1.983,C
10/10/2009,HZS,1.150,2.269,O
11/10/2009,HZS,1.020,1.934,C
12/10/2009,HZS,0.920,1.469,C
13/10/2009,HZS,1.150,2.523,O
14/10/2009,HZS,1.170,3.044,O
15/10/2009,HZS,1.200,2.881,C
16/10/2009,HZS,1.190,2.825,C
17/10/2009,HZS,1.190,2.825,C
18/10/2009,HZS,1.080,2.235,C
19/10/2009,HZS,0.940,1.559,C
20/10/2009,HZS,0.890,1.415,O
21/10/2009,HZS,0.970,1.796,O
22/10/2009,HZS,1.030,1.983,C
23/10/2009,HZS,1.110,2.391,C
24/10/2009,HZS,1.040,2.033,C
25/10/2009,HZS,0.910,1.425,C
26/10/2009,HZS,0.810,1.102,O
27/10/2009,HZS,0.825,1.072,C
28/10/2009,HZS,0.875,1.275,C
29/10/2009,HZS,0.970,1.696,C
30/10/2009,HZS,1.085,2.506,O
31/10/2009,HZS,1.080,2.235,C
1/11/2009,HZS,0.960,1.650,C
2/11/2009,HZS,0.850,1.172,C
3/11/2009,HZS,0.815,1.033,C
4/11/2009,HZS,0.920,1.552,O
5/11/2009,HZS,1.080,2.235,C
6/11/2009,HZS,1.170,2.714,C
7/11/2009,HZS,1.145,2.578,C
8/11/2009,HZS,1.180,2.769,C
9/11/2009,HZS,1.120,2.444,C
10/11/2009,HZS,1.070,2.293,O
11/11/2009,HZS,1.240,3.109,C
12/11/2009,HZS,1.200,2.983,O
13/11/2009,HZS,1.140,2.551,C
14/11/2009,HZS,1.220,2.994,C
15/11/2009,HZS,1.170,2.714,C
16/11/2009,HZS,1.000,1.838,C
17/11/2009,HZS,1.030,1.983,C
18/11/2009,HZS,1.075,2.323,O
19/11/2009,HZS,1.120,2.444,C
20/11/2009,HZS,1.370,3.894,C
21/11/2009,HZS,1.390,4.020,C
22/11/2009,HZS,1.120,2.444,C
23/11/2009,HZS,0.970,1.752,O
24/11/2009,HZS,0.965,1.673,C
25/11/2009,HZS,1.060,2.133,C
26/11/2009,HZS,1.130,2.475,O
27/11/2009,HZS,1.100,2.338,C
28/11/2009,HZS,1.100,2.338,C
29/11/2009,HZS,1.010,1.886,C
30/11/2009,HZS,0.870,1.254,C
1/12/2009,HZS,0.850,1.309,C
2/12/2009,HZS,0.910,1.398,O
3/12/2009,HZS,0.980,2.214,O
4/12/2009,HZS,1.030,2.229,C
5/12/2009,HZS,1.080,2.512,C
6/12/2009,HZS,0.960,1.852,C
7/12/2009,HZS,0.940,1.396,O
8/12/2009,HZS,0.980,1.957,C
9/12/2009,HZS,0.920,1.647,C
10/12/2009,HZS,0.880,1.451,C
11/12/2009,HZS,0.950,1.800,C
12/12/2009,HZS,0.950,1.740,O
13/12/2009,HZS,0.960,1.852,C
14/12/2009,HZS,0.930,1.698,C
15/12/2009,HZS,0.950,1.800,C
16/12/2009,HZS,0.930,1.698,C
17/12/2009,HZS,0.920,1.647,C
18/12/2009,HZS,0.850,1.309,C
19/12/2009,HZS,0.850,1.377,O
20/12/2009,HZS,0.770,0.957,C
21/12/2009,HZS,0.750,0.874,C
22/12/2009,HZS,0.780,1.151,O
23/12/2009,HZS,0.780,0.999,C
24/12/2009,HZS,0.760,1.029,O
25/12/2009,HZS,0.810,1.128,C
26/12/2009,HZS,0.820,1.173,C
27/12/2009,HZS,0.840,1.263,C
28/12/2009,HZS,1.130,2.806,C
29/12/2009,HZS,0.965,1.765,O
30/12/2009,HZS,0.825,1.195,C
31/12/2009,HZS,0.790,1.041,C
1/1/2010,HZS,0.750,0.959,O
2/1/2010,HZS,0.730,0.795,C
3/1/2010,HZS,0.730,0.795,C
4/1/2010,HZS,0.710,0.911,O
5/1/2010,HZS,0.700,0.680,C
6/1/2010,HZS,0.680,0.607,C
7/1/2010,HZS,0.710,0.718,C
8/1/2010,HZS,0.680,0.607,C
9/1/2010,HZS,0.670,0.571,C
10/1/2010,HZS,0.660,0.537,C
11/1/2010,HZS,0.660,0.537,C
12/1/2010,HZS,0.640,0.486,O
13/1/2010,HZS,0.650,0.503,C
14/1/2010,HZS,0.660,0.537,C
15/1/2010,HZS,0.650,0.503,C
16/1/2010,HZS,0.640,0.470,O
17/1/2010,HZS,0.660,0.537,C
18/1/2010,HZS,0.650,0.503,C
19/1/2010,HZS,0.660,0.537,C
20/1/2010,HZS,0.680,0.607,C
21/1/2010,HZS,0.610,0.305,O
22/1/2010,HZS,0.610,0.374,C
23/1/2010,HZS,0.610,0.374,C
24/1/2010,HZS,0.570,0.259,C
25/1/2010,HZS,0.610,0.374,C
26/1/2010,HZS,0.640,0.469,C
27/1/2010,HZS,0.610,0.351,O
28/1/2010,HZS,0.610,0.374,C
29/1/2010,HZS,0.610,0.374,C
30/1/2010,HZS,0.580,0.287,C
31/1/2010,HZS,0.550,0.207,C
1/2/2010,HZS,0.570,0.296,O
2/2/2010,HZS,0.600,0.344,C
3/2/2010,HZS,0.580,0.287,C
4/2/2010,HZS,0.580,0.287,C
5/2/2010,HZS,0.600,0.344,C
6/2/2010,HZS,0.580,0.287,C
7/2/2010,HZS,0.550,0.207,C
8/2/2010,HZS,0.560,0.233,C
9/2/2010,HZS,0.565,0.191,O
10/2/2010,HZS,0.580,0.287,C
11/2/2010,HZS,0.560,0.233,C
12/2/2010,HZS,0.580,0.287,D
13/2/2010,HZS,0.590,0.315,C
14/2/2010,HZS,0.570,0.259,C
15/2/2010,HZS,0.580,0.287,C
16/2/2010,HZS,0.550,0.207,C
17/2/2010,HZS,0.530,0.154,O
18/2/2010,HZS,0.510,0.116,C
19/2/2010,HZS,0.500,0.096,C
20/2/2010,HZS,0.520,0.137,C
21/2/2010,HZS,0.490,0.077,C
22/2/2010,HZS,0.480,0.060,D
23/2/2010,HZS,0.480,0.060,C
24/2/2010,HZS,0.480,0.060,C
25/2/2010,HZS,0.480,0.060,C
26/2/2010,HZS,0.490,0.077,C
27/2/2010,HZS,0.510,0.116,C
28/2/2010,HZS,0.520,0.137,C
1/3/2010,HZS,0.480,0.065,O
2/3/2010,HZS,0.500,0.096,C
3/3/2010,HZS,0.460,0.031,C
4/3/2010,HZS,0.460,0.031,D
5/3/2010,HZS,0.450,0.018,C
6/3/2010,HZS,0.450,0.018,C
7/3/2010,HZS,0.430,0.000,O
8/3/2010,HZS,0.420,0.000,O
9/3/2010,HZS,0.420,0.000,O
10/3/2010,HZS,0.400,0.000,O
11/3/2010,HZS,0.420,0.000,O
12/3/2010,HZS,0.400,0.000,O
13/3/2010,HZS,0.430,0.000,O
14/3/2010,HZS,0.410,0.000,O
15/3/2010,HZS,0.400,0.000,O
16/3/2010,HZS,0.400,0.000,O
17/3/2010,HZS,0.380,0.000,O
18/3/2010,HZS,0.380,0.000,O
19/3/2010,HZS,0.360,0.000,O
20/3/2010,HZS,0.400,0.000,O
21/3/2010,HZS,0.410,0.000,O
22/3/2010,HZS,0.420,0.000,O
23/3/2010,HZS,0.390,0.000,O
24/3/2010,HZS,0.400,0.000,O
25/3/2010,HZS,0.400,0.000,O
26/3/2010,HZS,0.400,0.000,O
27/3/2010,HZS,0.400,0.000,O
28/3/2010,HZS,0.370,0.000,O
29/3/2010,HZS,0.380,0.000,O
30/3/2010,HZS,0.380,0.000,O
31/3/2010,HZS,0.400,0.000,O
1/4/2010,HZS,0.370,0.000,O
2/4/2010,HZS,0.370,0.000,O
3/4/2010,HZS,0.370,0.000,O
4/4/2010,HZS,0.370,0.000,O
5/4/2010,HZS,0.370,0.000,O
6/4/2010,HZS,0.370,0.000,O
7/4/2010,HZS,0.370,0.000,O
8/4/2010,HZS,0.370,0.000,O
9/4/2010,HZS,0.370,0.000,O
10/4/2010,HZS,0.320,0.000,O
11/4/2010,HZS,0.320,0.000,O
12/4/2010,HZS,0.320,0.000,O
13/4/2010,HZS,0.320,0.000,O
14/4/2010,HZS,0.320,0.000,O
15/4/2010,HZS,0.330,0.000,O
16/4/2010,HZS,0.330,0.000,O
17/4/2010,HZS,0.330,0.000,O
18/4/2010,HZS,0.330,0.000,O
19/4/2010,HZS,0.350,0.000,O
20/4/2010,HZS,0.370,0.000,O
21/4/2010,HZS,0.370,0.000,O
22/4/2010,HZS,0.370,0.000,O
23/4/2010,HZS,0.370,0.000,O
24/4/2010,HZS,0.370,0.000,O
25/4/2010,HZS,0.370,0.000,O
26/4/2010,HZS,0.370,0.000,O
27/4/2010,HZS,0.350,0.000,O
28/4/2010,HZS,0.350,0.000,O
29/4/2010,HZS,0.350,0.000,O
30/4/2010,HZS,0.350,0.000,O
1/5/2010,HZS,0.350,0.000,O
2/5/2010,HZS,0.350,0.000,O
3/5/2010,HZS,0.340,0.000,O
4/5/2010,HZS,0.340,0.000,O
5/5/2010,HZS,0.340,0.000,O
6/5/2010,HZS,0.340,0.000,O
7/5/2010,HZS,0.320,0.000,O
8/5/2010,HZS,0.320,0.000,O
9/5/2010,HZS,0.320,0.000,O
10/5/2010,HZS,0.310,0.000,O
11/5/2010,HZS,0.310,0.000,O
12/5/2010,HZS,0.310,0.000,O
13/5/2010,HZS,0.310,0.000,O
14/5/2010,HZS,0.310,0.000,O
15/5/2010,HZS,0.310,0.000,O
16/5/2010,HZS,0.310,0.000,O
17/5/2010,HZS,0.310,0.000,O
18/5/2010,HZS,0.310,0.000,O
19/5/2010,HZS,0.310,0.000,O
20/5/2010,HZS,0.310,0.000,O
21/5/2010,HZS,0.310,0.000,O
22/5/2010,HZS,0.310,0.000,O
23/5/2010,HZS,0.310,0.000,O
24/5/2010,HZS,0.270,0.000,O
25/5/2010,HZS,0.270,0.000,O
26/5/2010,HZS,0.250,0.000,O
27/5/2010,HZS,0.220,0.000,O
28/5/2010,HZS,0.240,0.000,O
29/5/2010,HZS,0.250,0.000,O
30/5/2010,HZS,0.250,0.000,O
31/5/2010,HZS,0.250,0.000,O
1/6/2010,HZS,0.250,0.000,O
2/6/2010,HZS,0.250,0.000,O
3/6/2010,HZS,0.250,0.000,O
4/6/2010,HZS,0.260,0.000,O
5/6/2010,HZS,0.610,0.277,O
6/6/2010,HZS,0.440,0.000,O
7/6/2010,HZS,0.410,0.000,O
8/6/2010,HZS,0.400,0.000,O
9/6/2010,HZS,0.390,0.000,O
10/6/2010,HZS,0.380,0.000,O
11/6/2010,HZS,0.380,0.000,O
12/6/2010,HZS,0.360,0.000,O
13/6/2010,HZS,0.340,0.000,O
14/6/2010,HZS,0.340,0.000,O
15/6/2010,HZS,0.360,0.000,O
16/6/2010,HZS,0.360,0.000,O
17/6/2010,HZS,0.340,0.000,O
18/6/2010,HZS,0.320,0.000,O
19/6/2010,HZS,0.310,0.000,O
20/6/2010,HZS,0.310,0.000,O
21/6/2010,HZS,0.280,0.000,O
22/6/2010,HZS,0.310,0.000,O
23/6/2010,HZS,0.310,0.000,O
24/6/2010,HZS,0.290,0.000,O
25/6/2010,HZS,0.290,0.000,O
26/6/2010,HZS,0.280,0.000,O
27/6/2010,HZS,0.280,0.000,O
28/6/2010,HZS,0.280,0.000,O
29/6/2010,HZS,0.280,0.000,O
30/6/2010,HZS,0.280,0.000,O
1/7/2010,HZS,0.290,0.000,O
2/7/2010,HZS,0.280,0.000,O
3/7/2010,HZS,0.290,0.000,O
4/7/2010,HZS,0.290,0.000,O
5/7/2010,HZS,0.295,0.000,O
6/7/2010,HZS,0.300,0.000,O
7/7/2010,HZS,0.310,0.000,O
8/7/2010,HZS,0.310,0.000,O
9/7/2010,HZS,0.290,0.000,O
10/7/2010,HZS,0.290,0.000,O
11/7/2010,HZS,0.290,0.000,O
12/7/2010,HZS,0.300,0.000,O
13/7/2010,HZS,0.310,0.000,O
14/7/2010,HZS,0.320,0.000,O
15/7/2010,HZS,0.320,0.000,O
16/7/2010,HZS,0.320,0.000,O
17/7/2010,HZS,0.325,0.000,O
18/7/2010,HZS,0.325,0.000,O
19/7/2010,HZS,0.320,0.000,O
20/7/2010,HZS,0.320,0.000,O
21/7/2010,HZS,0.320,0.000,O
22/7/2010,HZS,0.320,0.000,O
23/7/2010,HZS,0.320,0.000,O
24/7/2010,HZS,0.320,0.000,O
25/7/2010,HZS,0.320,0.000,O
26/7/2010,HZS,0.320,0.000,O
27/7/2010,HZS,0.305,0.000,O
28/7/2010,HZS,0.290,0.000,O
29/7/2010,HZS,0.310,0.000,O
30/7/2010,HZS,0.470,0.000,O
31/7/2010,HZS,0.490,0.000,O
1/8/2010,HZS,0.495,0.086,C
2/8/2010,HZS,0.470,0.000,O
3/8/2010,HZS,0.490,0.077,C
4/8/2010,HZS,0.480,0.061,C
5/8/2010,HZS,0.475,0.000,O
6/8/2010,HZS,0.465,0.000,O
7/8/2010,HZS,0.460,0.000,O
8/8/2010,HZS,0.455,0.000,O
9/8/2010,HZS,0.450,0.000,O
10/8/2010,HZS,0.470,0.000,O
11/8/2010,HZS,0.470,0.000,O
12/8/2010,HZS,0.465,0.000,O
13/8/2010,HZS,0.460,0.000,O
14/8/2010,HZS,0.470,0.000,O
15/8/2010,HZS,0.470,0.000,O
16/8/2010,HZS,0.475,0.000,O
17/8/2010,HZS,0.470,0.000,O
18/8/2010,HZS,0.475,0.000,O
19/8/2010,HZS,0.480,0.000,O
20/8/2010,HZS,0.480,0.000,O
21/8/2010,HZS,1.300,3.371,O
22/8/2010,HZS,1.020,1.980,C
23/8/2010,HZS,0.890,1.385,O
24/8/2010,HZS,0.900,1.475,O
25/8/2010,HZS,1.280,3.173,O
26/8/2010,HZS,1.280,3.411,C
27/8/2010,HZS,1.080,2.292,O
28/8/2010,HZS,0.980,1.769,O
29/8/2010,HZS,0.910,1.458,C
30/8/2010,HZS,0.900,1.589,O
31/8/2010,HZS,0.920,1.620,O
1/9/2010,HZS,1.130,2.808,O
2/9/2010,HZS,1.080,2.365,O
3/9/2010,HZS,1.060,2.240,O
4/9/2010,HZS,1.050,2.132,C
5/9/2010,HZS,0.980,1.784,C
6/9/2010,HZS,0.900,1.597,O
7/9/2010,HZS,0.890,1.370,C
8/9/2010,HZS,0.990,1.910,O
9/9/2010,HZS,0.960,1.689,C
10/9/2010,HZS,1.020,1.980,C
11/9/2010,HZS,1.040,2.081,C
12/9/2010,HZS,1.010,1.931,C
13/9/2010,HZS,1.210,2.932,O
14/9/2010,HZS,1.150,2.663,C
15/9/2010,HZS,1.260,3.158,O
16/9/2010,HZS,1.260,3.292,C
17/9/2010,HZS,1.275,3.308,O
18/9/2010,HZS,1.430,4.348,C
19/9/2010,HZS,1.170,2.774,C
20/9/2010,HZS,0.980,1.895,O
21/9/2010,HZS,0.970,1.736,C
22/9/2010,HZS,1.230,2.937,O
23/9/2010,HZS,1.170,2.774,C
24/9/2010,HZS,1.240,2.982,O
25/9/2010,HZS,1.340,3.776,C
26/9/2010,HZS,1.180,2.830,C
27/9/2010,HZS,1.080,2.443,O
28/9/2010,HZS,1.050,2.132,C
29/9/2010,HZS,1.080,2.407,O
30/9/2010,HZS,1.080,2.287,C
1/10/2010,HZS,1.150,2.640,O
2/10/2010,HZS,1.190,2.886,C
3/10/2010,HZS,1.990,8.463,C
4/10/2010,HZS,1.315,3.539,O
5/10/2010,HZS,1.370,3.964,C
6/10/2010,HZS,1.180,2.781,O
7/10/2010,HZS,1.180,2.830,C
8/10/2010,HZS,1.320,3.653,C
9/10/2010,HZS,1.330,3.715,C
10/10/2010,HZS,1.370,3.964,C
11/10/2010,HZS,1.080,2.297,O
12/10/2010,HZS,0.950,1.642,C
13/10/2010,HZS,1.120,2.529,O
14/10/2010,HZS,1.180,2.830,C
15/10/2010,HZS,1.780,6.814,C
16/10/2010,HZS,1.465,4.577,C
17/10/2010,HZS,1.340,3.776,C
18/10/2010,HZS,1.370,3.680,O
19/10/2010,HZS,1.380,4.027,C
20/10/2010,HZS,1.280,3.411,C
21/10/2010,HZS,1.240,3.075,O
22/10/2010,HZS,1.450,4.479,C
23/10/2010,HZS,1.260,3.459,O
24/10/2010,HZS,1.030,2.031,C
25/10/2010,HZS,0.930,1.549,C
26/10/2010,HZS,0.890,1.259,O
27/10/2010,HZS,0.980,1.784,C
28/10/2010,HZS,1.670,5.999,C
29/10/2010,HZS,1.240,3.102,O
30/10/2010,HZS,1.520,4.946,C
31/10/2010,HZS,1.380,4.027,C
1/11/2010,HZS,1.300,3.419,O
2/11/2010,HZS,2.130,9.629,C
3/11/2010,HZS,1.930,7.980,C
4/11/2010,HZS,2.560,13.510,C
5/11/2010,HZS,1.970,8.301,C
6/11/2010,HZS,2.370,11.740,C
7/11/2010,HZS,4.200,31.900,C
8/11/2010,HZS,2.760,15.460,C
9/11/2010,HZS,2.310,11.200,C
10/11/2010,HZS,1.890,7.663,C
11/11/2010,HZS,1.385,3.730,O
12/11/2010,HZS,3.550,23.990,C
13/11/2010,HZS,2.890,16.780,C
14/11/2010,HZS,2.460,12.570,C
15/11/2010,HZS,2.050,8.957,C
16/11/2010,HZS,1.850,7.350,C
17/11/2010,HZS,2.440,12.380,C
18/11/2010,HZS,2.720,15.060,C
19/11/2010,HZS,2.670,14.570,C
20/11/2010,HZS,2.250,10.670,C
21/11/2010,HZS,2.230,10.490,C
22/11/2010,HZS,2.120,9.544,C
23/11/2010,HZS,2.160,9.885,C
24/11/2010,HZS,2.940,17.290,C
25/11/2010,HZS,2.320,11.290,C
26/11/2010,HZS,2.040,8.874,C
27/11/2010,HZS,1.890,7.663,C
28/11/2010,HZS,2.350,11.560,C
29/11/2010,HZS,2.700,14.870,C
30/11/2010,HZS,2.630,14.180,C
1/12/2010,HZS,2.300,10.440,C
2/12/2010,HZS,2.380,11.150,C
3/12/2010,HZS,1.900,7.211,C
4/12/2010,HZS,1.850,6.846,C
5/12/2010,HZS,1.720,5.939,C
6/12/2010,HZS,1.370,3.793,C
7/12/2010,HZS,1.370,3.793,C
8/12/2010,HZS,1.360,3.738,C
9/12/2010,HZS,1.360,3.738,C
10/12/2010,HZS,1.350,3.683,C
11/12/2010,HZS,1.180,2.814,C
12/12/2010,HZS,1.180,2.814,C
13/12/2010,HZS,1.120,2.945,O
14/12/2010,HZS,1.120,2.532,C
15/12/2010,HZS,1.200,2.911,C
16/12/2010,HZS,1.270,3.261,C
17/12/2010,HZS,1.270,3.261,C
18/12/2010,HZS,1.110,2.487,C
19/12/2010,HZS,1.110,2.487,C
20/12/2010,HZS,1.210,3.134,O
21/12/2010,HZS,1.180,2.814,C
22/12/2010,HZS,1.190,2.862,C
23/12/2010,HZS,1.090,2.397,C
24/12/2010,HZS,1.090,2.397,C
25/12/2010,HZS,1.050,2.222,C
26/12/2010,HZS,1.020,2.094,C
27/12/2010,HZS,0.950,1.676,O
28/12/2010,HZS,0.930,1.732,C
29/12/2010,HZS,0.930,1.732,C
30/12/2010,HZS,0.890,1.582,C
31/12/2010,HZS,0.860,1.473,C
1/1/2011,HZS,0.840,1.402,C
2/1/2011,HZS,0.820,1.333,C
3/1/2011,HZS,0.830,1.367,O
4/1/2011,HZS,0.830,1.367,C
5/1/2011,HZS,0.790,1.232,C
6/1/2011,HZS,0.720,1.012,C
7/1/2011,HZS,0.790,1.162,O
8/1/2011,HZS,0.750,1.104,C
9/1/2011,HZS,0.750,1.104,C
10/1/2011,HZS,0.790,1.232,C
11/1/2011,HZS,0.750,1.104,C
12/1/2011,HZS,0.750,1.104,C
13/1/2011,HZS,0.735,1.058,C
14/1/2011,HZS,0.730,1.042,C
15/1/2011,HZS,0.630,0.758,C
16/1/2011,HZS,0.500,0.451,C
17/1/2011,HZS,0.460,0.372,C
18/1/2011,HZS,0.660,0.839,C
19/1/2011,HZS,0.740,1.073,C
20/1/2011,HZS,0.730,1.042,C
21/1/2011,HZS,0.730,1.042,C
22/1/2011,HZS,0.730,1.042,C
23/1/2011,HZS,0.730,1.042,C
24/1/2011,HZS,0.730,1.042,C
25/1/2011,HZS,0.730,1.012,O
26/1/2011,HZS,0.730,1.042,C
27/1/2011,HZS,0.730,1.042,C
28/1/2011,HZS,0.730,1.042,C
29/1/2011,HZS,0.730,1.039,O
30/1/2011,HZS,0.730,1.042,C
31/1/2011,HZS,0.730,1.042,C
1/2/2011,HZS,0.730,1.001,O
2/2/2011,HZS,0.730,1.042,C
3/2/2011,HZS,0.730,1.042,C
4/2/2011,HZS,0.735,1.048,O
5/2/2011,HZS,0.720,1.012,C
6/2/2011,HZS,0.715,0.997,C
7/2/2011,HZS,0.690,0.843,O
8/2/2011,HZS,0.690,0.924,C
9/2/2011,HZS,0.680,0.895,C
10/2/2011,HZS,0.690,0.924,C
11/2/2011,HZS,0.690,0.822,O
12/2/2011,HZS,0.680,0.895,C
13/2/2011,HZS,0.660,0.839,C
14/2/2011,HZS,0.660,0.839,C
15/2/2011,HZS,0.650,0.757,O
16/2/2011,HZS,0.650,0.812,C
17/2/2011,HZS,0.650,0.812,C
18/2/2011,HZS,0.650,0.770,O
19/2/2011,HZS,0.640,0.785,C
20/2/2011,HZS,0.640,0.785,C
21/2/2011,HZS,0.640,0.785,C
22/2/2011,HZS,0.640,0.751,O
23/2/2011,HZS,0.630,0.758,C
24/2/2011,HZS,0.630,0.758,C
25/2/2011,HZS,0.630,0.758,C
26/2/2011,HZS,0.630,0.745,O
27/2/2011,HZS,0.640,0.785,C
28/2/2011,HZS,0.620,0.732,C
1/3/2011,HZS,0.620,0.725,O
2/3/2011,HZS,0.620,0.732,C
3/3/2011,HZS,0.610,0.706,C
4/3/2011,HZS,0.630,0.727,O
5/3/2011,HZS,0.630,0.758,C
6/3/2011,HZS,0.620,0.732,C
7/3/2011,HZS,0.610,0.706,C
8/3/2011,HZS,0.600,0.706,O
9/3/2011,HZS,0.590,0.710,O
10/3/2011,HZS,0.590,0.686,O
11/3/2011,HZS,0.590,0.656,C
12/3/2011,HZS,0.590,0.656,C
13/3/2011,HZS,0.590,0.656,C
14/3/2011,HZS,0.590,0.672,O
15/3/2011,HZS,0.590,0.656,C
16/3/2011,HZS,0.590,0.656,C
17/3/2011,HZS,0.590,0.656,C
18/3/2011,HZS,0.585,0.622,O
19/3/2011,HZS,0.585,0.644,C
20/3/2011,HZS,0.580,0.632,C
21/3/2011,HZS,0.590,0.656,C
22/3/2011,HZS,0.585,0.644,C
23/3/2011,HZS,0.590,0.656,C
24/3/2011,HZS,0.590,0.669,O
25/3/2011,HZS,0.590,0.656,C
26/3/2011,HZS,0.600,0.681,C
27/3/2011,HZS,0.580,0.632,C
28/3/2011,HZS,0.580,0.632,C
29/3/2011,HZS,0.580,0.632,C
30/3/2011,HZS,0.580,0.632,C
31/3/2011,HZS,0.580,0.632,C
1/4/2011,HZS,0.580,0.652,O
2/4/2011,HZS,0.570,0.608,C
3/4/2011,HZS,0.580,0.632,C
4/4/2011,HZS,0.570,0.608,C
5/4/2011,HZS,0.570,0.624,O
6/4/2011,HZS,0.590,0.656,C
7/4/2011,HZS,0.600,0.681,C
8/4/2011,HZS,0.590,0.656,C
9/4/2011,HZS,0.580,0.639,O
10/4/2011,HZS,0.570,0.608,C
11/4/2011,HZS,0.580,0.632,C
12/4/2011,HZS,0.580,0.637,O
13/4/2011,HZS,0.580,0.632,C
14/4/2011,HZS,0.580,0.632,C
15/4/2011,HZS,0.570,0.608,C
16/4/2011,HZS,0.560,0.584,C
17/4/2011,HZS,0.560,0.584,C
18/4/2011,HZS,0.560,0.584,C
19/4/2011,HZS,0.590,0.651,O
20/4/2011,HZS,0.580,0.632,C
21/4/2011,HZS,0.570,0.608,C
22/4/2011,HZS,0.590,0.656,C
23/4/2011,HZS,0.590,0.656,C
24/4/2011,HZS,0.600,0.681,C
25/4/2011,HZS,0.600,0.684,O
26/4/2011,HZS,0.600,0.681,C
27/4/2011,HZS,0.590,0.656,C
28/4/2011,HZS,0.600,0.681,C
29/4/2011,HZS,0.590,0.655,O
30/4/2011,HZS,0.600,0.681,C
1/5/2011,HZS,0.590,0.656,C
2/5/2011,HZS,0.610,0.707,O
3/5/2011,HZS,0.610,0.706,C
4/5/2011,HZS,0.610,0.706,C
5/5/2011,HZS,0.600,0.681,C
6/5/2011,HZS,0.610,0.706,C
7/5/2011,HZS,0.590,0.679,O
8/5/2011,HZS,0.590,0.656,C
9/5/2011,HZS,0.600,0.681,C
10/5/2011,HZS,0.590,0.682,O
11/5/2011,HZS,0.600,0.702,O
12/5/2011,HZS,0.600,0.678,O
13/5/2011,HZS,0.610,0.706,C
14/5/2011,HZS,0.590,0.656,C
15/5/2011,HZS,0.580,0.632,C
16/5/2011,HZS,0.590,0.662,O
17/5/2011,HZS,0.580,0.632,C
18/5/2011,HZS,0.580,0.632,C
19/5/2011,HZS,0.580,0.632,C
20/5/2011,HZS,0.550,0.561,C
21/5/2011,HZS,0.550,0.579,O
22/5/2011,HZS,0.560,0.584,C
23/5/2011,HZS,0.550,0.561,C
24/5/2011,HZS,0.540,0.570,O
25/5/2011,HZS,1.400,3.959,C
26/5/2011,HZS,0.880,1.545,C
27/5/2011,HZS,0.660,0.839,C
28/5/2011,HZS,0.630,0.738,O
29/5/2011,HZS,0.650,0.812,C
30/5/2011,HZS,0.620,0.710,O
31/5/2011,HZS,0.620,0.732,C
1/6/2011,HZS,0.620,0.704,O
2/6/2011,HZS,0.630,0.758,C
3/6/2011,HZS,0.640,0.783,C
4/6/2011,HZS,0.640,0.783,C
5/6/2011,HZS,0.630,0.758,C
6/6/2011,HZS,0.630,0.758,C
7/6/2011,HZS,0.630,0.758,C
8/6/2011,HZS,0.590,0.662,C
9/6/2011,HZS,0.610,0.709,C
10/6/2011,HZS,0.590,0.662,C
11/6/2011,HZS,0.580,0.639,C
12/6/2011,HZS,0.580,0.639,C
13/6/2011,HZS,0.570,0.617,C
14/6/2011,HZS,0.575,0.628,C
15/6/2011,HZS,0.600,0.685,C
16/6/2011,HZS,0.580,0.639,C
17/6/2011,HZS,0.585,0.616,O
18/6/2011,HZS,0.580,0.639,C
19/6/2011,HZS,0.570,0.617,C
20/6/2011,HZS,0.570,0.617,C
21/6/2011,HZS,0.550,0.584,O
22/6/2011,HZS,0.550,0.573,C
23/6/2011,HZS,0.560,0.594,C
24/6/2011,HZS,0.540,0.552,C
25/6/2011,HZS,0.540,0.565,O
26/6/2011,HZS,0.560,0.594,C
27/6/2011,HZS,0.550,0.573,C
28/6/2011,HZS,0.540,0.574,O
29/6/2011,HZS,0.535,0.541,C
30/6/2011,HZS,0.530,0.531,C
1/7/2011,HZS,0.530,0.551,O
2/7/2011,HZS,0.530,0.531,C
3/7/2011,HZS,0.520,0.511,C
4/7/2011,HZS,0.520,0.511,C
5/7/2011,HZS,0.520,0.543,O
6/7/2011,HZS,0.530,0.531,C
7/7/2011,HZS,0.520,0.511,C
8/7/2011,HZS,0.530,0.531,C
9/7/2011,HZS,0.530,0.561,O
10/7/2011,HZS,0.480,0.433,C
11/7/2011,HZS,0.445,0.371,C
12/7/2011,HZS,0.430,0.346,C
13/7/2011,HZS,0.400,0.299,C
14/7/2011,HZS,0.420,0.330,C
15/7/2011,HZS,0.445,0.371,C
16/7/2011,HZS,0.420,0.330,C
17/7/2011,HZS,0.465,0.406,C
18/7/2011,HZS,0.460,0.397,C
19/7/2011,HZS,0.480,0.433,C
20/7/2011,HZS,0.480,0.433,C
21/7/2011,HZS,0.475,0.424,C
22/7/2011,HZS,0.480,0.433,C
23/7/2011,HZS,0.500,0.495,O
24/7/2011,HZS,0.540,0.552,C
25/7/2011,HZS,0.590,0.615,O
26/7/2011,HZS,0.670,0.860,C
27/7/2011,HZS,0.640,0.750,O
28/7/2011,HZS,0.630,0.758,C
29/7/2011,HZS,0.660,0.834,C
30/7/2011,HZS,0.665,0.847,C
31/7/2011,HZS,0.660,0.834,C
1/8/2011,HZS,0.650,0.770,O
2/8/2011,HZS,0.690,0.914,C
3/8/2011,HZS,0.750,1.087,C
4/8/2011,HZS,0.750,1.087,C
5/8/2011,HZS,0.780,1.179,C
6/8/2011,HZS,0.800,1.170,O
7/8/2011,HZS,0.810,1.275,C
8/8/2011,HZS,0.730,1.027,C
9/8/2011,HZS,0.770,1.116,O
10/8/2011,HZS,0.800,1.242,C
11/8/2011,HZS,0.805,1.258,C
12/8/2011,HZS,0.860,1.444,C
13/8/2011,HZS,0.830,1.301,O
14/8/2011,HZS,0.770,1.148,C
15/8/2011,HZS,0.740,1.057,C
16/8/2011,HZS,0.780,1.179,C
17/8/2011,HZS,0.860,1.422,O
18/8/2011,HZS,1.370,3.820,C
19/8/2011,HZS,1.330,3.590,C
20/8/2011,HZS,1.010,2.013,O
21/8/2011,HZS,0.920,1.661,C
22/8/2011,HZS,0.890,1.551,C
23/8/2011,HZS,0.980,1.905,O
24/8/2011,HZS,1.010,2.018,C
25/8/2011,HZS,1.010,2.018,C
26/8/2011,HZS,1.140,2.595,O
27/8/2011,HZS,1.190,2.844,C
28/8/2011,HZS,1.090,2.367,C
29/8/2011,HZS,0.970,1.855,C
30/8/2011,HZS,0.950,1.768,O
31/8/2011,HZS,1.100,2.412,C
1/9/2011,HZS,1.250,3.152,C
2/9/2011,HZS,0.900,1.608,O
3/9/2011,HZS,1.340,3.647,C
4/9/2011,HZS,1.140,2.599,C
5/9/2011,HZS,1.040,2.145,C
6/9/2011,HZS,1.050,2.245,O
7/9/2011,HZS,1.150,2.647,C
8/9/2011,HZS,1.180,2.794,C
9/9/2011,HZS,1.300,3.422,C
10/9/2011,HZS,1.270,3.267,O
11/9/2011,HZS,1.150,2.647,C
12/9/2011,HZS,1.030,2.103,C
13/9/2011,HZS,1.030,2.103,C
14/9/2011,HZS,1.120,2.543,O
15/9/2011,HZS,1.200,2.894,C
16/9/2011,HZS,1.270,3.259,C
17/9/2011,HZS,1.240,3.134,O
18/9/2011,HZS,1.140,2.599,C
19/9/2011,HZS,1.010,2.018,C
20/9/2011,HZS,0.990,1.923,O
21/9/2011,HZS,1.150,2.647,C
22/9/2011,HZS,1.160,2.696,C
23/9/2011,HZS,1.200,2.894,C
24/9/2011,HZS,1.235,3.155,O
25/9/2011,HZS,1.180,2.794,C
26/9/2011,HZS,0.980,1.895,C
27/9/2011,HZS,0.950,1.748,O
28/9/2011,HZS,1.020,2.060,C
29/9/2011,HZS,1.040,2.145,C
30/9/2011,HZS,1.060,2.233,C
1/10/2011,HZS,1.100,2.412,C
2/10/2011,HZS,1.020,2.060,C
3/10/2011,HZS,0.960,1.816,C
4/10/2011,HZS,0.960,1.789,O
5/10/2011,HZS,1.020,2.060,C
6/10/2011,HZS,1.090,2.367,C
7/10/2011,HZS,1.135,2.596,O
8/10/2011,HZS,1.110,2.458,C
9/10/2011,HZS,1.090,2.367,C
10/10/2011,HZS,1.180,2.794,C
11/10/2011,HZS,1.380,3.879,C
12/10/2011,HZS,1.620,5.432,C
13/10/2011,HZS,1.620,5.432,C
14/10/2011,HZS,1.510,4.686,C
15/10/2011,HZS,1.360,3.704,O
16/10/2011,HZS,1.870,7.347,C
17/10/2011,HZS,1.360,3.762,C
18/10/2011,HZS,1.210,3.020,O
19/10/2011,HZS,1.235,3.073,C
20/10/2011,HZS,1.210,2.945,C
21/10/2011,HZS,1.290,3.367,C
22/10/2011,HZS,1.280,3.279,O
23/10/2011,HZS,1.140,2.599,C
24/10/2011,HZS,1.350,3.618,O
25/10/2011,HZS,1.510,4.686,C
26/10/2011,HZS,1.480,4.492,C
27/10/2011,HZS,1.440,4.241,C
28/10/2011,HZS,1.420,4.119,C
29/10/2011,HZS,1.250,3.165,O
30/10/2011,HZS,1.340,3.647,C
31/10/2011,HZS,1.160,2.696,C
1/11/2011,HZS,1.110,2.482,O
2/11/2011,HZS,1.460,4.366,C
3/11/2011,HZS,1.670,5.791,C
4/11/2011,HZS,2.930,18.950,C
5/11/2011,HZS,2.200,10.350,C
6/11/2011,HZS,1.660,5.718,C
7/11/2011,HZS,2.040,8.825,C
8/11/2011,HZS,1.760,6.467,C
9/11/2011,HZS,1.240,3.100,C
10/11/2011,HZS,1.040,2.145,C
11/11/2011,HZS,1.030,2.103,C
12/11/2011,HZS,1.220,3.044,O
13/11/2011,HZS,1.050,2.189,C
14/11/2011,HZS,1.120,2.505,C
15/11/2011,HZS,1.150,2.703,O
16/11/2011,HZS,1.140,2.599,C
17/11/2011,HZS,1.160,2.696,C
18/11/2011,HZS,1.250,3.152,C
19/11/2011,HZS,1.180,2.893,O
20/11/2011,HZS,1.140,2.599,C
21/11/2011,HZS,1.080,2.322,C
22/11/2011,HZS,0.970,1.875,O
23/11/2011,HZS,0.990,1.936,C
24/11/2011,HZS,1.130,2.552,C
25/11/2011,HZS,1.150,2.647,C
26/11/2011,HZS,1.295,3.394,O
27/11/2011,HZS,1.305,3.450,C
28/11/2011,HZS,1.040,2.145,C
29/11/2011,HZS,1.580,5.154,C
30/11/2011,HZS,1.280,3.313,C
1/12/2011,HZS,1.150,3.282,C
2/12/2011,HZS,1.020,2.500,O
3/12/2011,HZS,1.180,3.523,C
4/12/2011,HZS,1.050,2.529,C
5/12/2011,HZS,1.010,2.015,O
6/12/2011,HZS,0.980,2.051,C
7/12/2011,HZS,0.940,1.797,C
8/12/2011,HZS,0.910,1.614,C
9/12/2011,HZS,0.890,1.498,C
10/12/2011,HZS,0.880,1.523,O
11/12/2011,HZS,0.840,1.222,C
12/12/2011,HZS,0.830,1.169,C
13/12/2011,HZS,0.820,1.335,O
14/12/2011,HZS,0.840,1.222,C
15/12/2011,HZS,0.840,1.222,C
16/12/2011,HZS,0.860,1.329,C
17/12/2011,HZS,0.880,1.527,O
18/12/2011,HZS,0.870,1.385,C
19/12/2011,HZS,0.820,1.334,O
20/12/2011,HZS,0.785,0.954,O
21/12/2011,HZS,0.785,0.934,O
22/12/2011,HZS,0.760,0.737,O
23/12/2011,HZS,0.740,0.689,O
24/12/2011,HZS,0.730,0.708,O
25/12/2011,HZS,0.720,0.656,C
26/12/2011,HZS,0.730,0.689,O
27/12/2011,HZS,0.720,0.706,O
28/12/2011,HZS,0.715,0.691,O
29/12/2011,HZS,0.700,0.530,O
30/12/2011,HZS,0.695,0.525,O
31/12/2011,HZS,0.720,0.705,O
1/1/2012,HZS,0.710,0.616,C
2/1/2012,HZS,0.715,0.692,O
3/1/2012,HZS,0.697,0.507,O
4/1/2012,HZS,0.690,0.453,O
5/1/2012,HZS,0.680,0.481,O
6/1/2012,HZS,0.670,0.455,O
7/1/2012,HZS,0.680,0.473,O
8/1/2012,HZS,0.650,0.395,C
9/1/2012,HZS,0.650,0.346,O
10/1/2012,HZS,0.630,0.331,C
11/1/2012,HZS,0.630,0.331,C
12/1/2012,HZS,0.610,0.271,C
13/1/2012,HZS,0.610,0.271,C
14/1/2012,HZS,0.610,0.271,C
15/1/2012,HZS,0.630,0.331,C
16/1/2012,HZS,0.600,0.220,O
17/1/2012,HZS,0.610,0.263,O
18/1/2012,HZS,0.600,0.219,O
19/1/2012,HZS,0.600,0.219,O
20/1/2012,HZS,0.600,0.222,O
21/1/2012,HZS,0.570,0.167,O
22/1/2012,HZS,0.580,0.191,C
23/1/2012,HZS,0.570,0.165,O
24/1/2012,HZS,0.585,0.170,O
25/1/2012,HZS,0.575,0.179,O
26/1/2012,HZS,0.560,0.144,C
27/1/2012,HZS,0.580,0.190,O
28/1/2012,HZS,0.575,0.189,O
29/1/2012,HZS,0.570,0.167,C
30/1/2012,HZS,0.580,0.190,O
31/1/2012,HZS,0.570,0.184,O
1/2/2012,HZS,0.575,0.184,O
2/2/2012,HZS,0.570,0.179,O
3/2/2012,HZS,0.570,0.178,O
4/2/2012,HZS,0.570,0.179,O
5/2/2012,HZS,0.560,0.144,C
6/2/2012,HZS,0.570,0.178,O
7/2/2012,HZS,0.570,0.186,O
8/2/2012,HZS,0.570,0.180,O
9/2/2012,HZS,0.560,0.181,O
10/2/2012,HZS,0.560,0.183,O
11/2/2012,HZS,0.560,0.181,O
12/2/2012,HZS,0.550,0.167,C
13/2/2012,HZS,0.560,0.181,O
14/2/2012,HZS,0.555,0.183,O
15/2/2012,HZS,0.555,0.183,O
16/2/2012,HZS,0.510,0.108,O
17/2/2012,HZS,0.505,0.107,O
18/2/2012,HZS,0.505,0.109,O
19/2/2012,HZS,0.490,0.092,C
20/2/2012,HZS,0.490,0.092,C
21/2/2012,HZS,0.480,0.080,O
22/2/2012,HZS,0.500,0.112,O
23/2/2012,HZS,0.450,0.059,O
24/2/2012,HZS,0.450,0.061,O
25/2/2012,HZS,0.450,0.060,O
26/2/2012,HZS,0.480,0.082,C
27/2/2012,HZS,0.460,0.064,O
28/2/2012,HZS,0.490,0.088,O
29/2/2012,HZS,0.480,0.081,O
1/3/2012,HZS,0.460,0.058,O
2/3/2012,HZS,0.460,0.058,O
3/3/2012,HZS,0.465,0.062,O
4/3/2012,HZS,0.470,0.072,C
5/3/2012,HZS,0.480,0.082,C
6/3/2012,HZS,0.480,0.081,O
7/3/2012,HZS,0.470,0.027,D
8/3/2012,HZS,0.460,0.024,D
9/3/2012,HZS,0.460,0.024,D
10/3/2012,HZS,0.470,0.027,D
11/3/2012,HZS,0.460,0.024,C
12/3/2012,HZS,0.460,0.024,D
13/3/2012,HZS,0.460,0.023,O
14/3/2012,HZS,0.470,0.029,O
15/3/2012,HZS,0.480,0.032,O
16/3/2012,HZS,0.470,0.026,O
17/3/2012,HZS,0.460,0.025,O
18/3/2012,HZS,0.470,0.027,C
19/3/2012,HZS,0.460,0.024,O
20/3/2012,HZS,0.460,0.024,O
21/3/2012,HZS,0.460,0.024,O
22/3/2012,HZS,0.470,0.026,O
23/3/2012,HZS,0.480,0.031,C
24/3/2012,HZS,0.460,0.025,O
25/3/2012,HZS,0.470,0.027,C
26/3/2012,HZS,0.455,0.023,O
27/3/2012,HZS,0.450,0.021,D
28/3/2012,HZS,0.450,0.021,C
29/3/2012,HZS,0.460,0.024,C
30/3/2012,HZS,0.460,0.024,C
31/3/2012,HZS,0.460,0.024,C
1/4/2012,HZS,0.460,0.024,O
2/4/2012,HZS,0.450,0.021,O
3/4/2012,HZS,0.380,0.000,O
4/4/2012,HZS,0.410,0.000,O
5/4/2012,HZS,0.420,0.000,O
6/4/2012,HZS,0.420,0.000,O
7/4/2012,HZS,0.420,0.000,O
8/4/2012,HZS,0.440,0.000,O
9/4/2012,HZS,0.420,0.000,O
10/4/2012,HZS,0.420,0.000,O
11/4/2012,HZS,0.410,0.000,O
12/4/2012,HZS,0.380,0.000,O
13/4/2012,HZS,0.400,0.000,O
14/4/2012,HZS,0.380,0.000,O
15/4/2012,HZS,0.370,0.000,O
16/4/2012,HZS,0.300,0.000,O
17/4/2012,HZS,0.360,0.000,O
18/4/2012,HZS,0.360,0.000,O
19/4/2012,HZS,0.360,0.000,O
20/4/2012,HZS,0.360,0.000,O
21/4/2012,HZS,0.350,0.000,O
22/4/2012,HZS,0.390,0.000,O
23/4/2012,HZS,0.370,0.000,O
24/4/2012,HZS,0.390,0.000,O
25/4/2012,HZS,0.520,0.000,O
26/4/2012,HZS,0.490,0.000,O
27/4/2012,HZS,0.490,0.000,O
28/4/2012,HZS,0.490,0.000,O
29/4/2012,HZS,0.490,0.000,O
30/4/2012,HZS,0.490,0.000,O
1/5/2012,HZS,0.490,0.000,O
2/5/2012,HZS,0.490,0.000,O
3/5/2012,HZS,0.490,0.000,O
4/5/2012,HZS,0.490,0.000,O
5/5/2012,HZS,0.480,0.000,O
6/5/2012,HZS,0.430,0.000,O
7/5/2012,HZS,0.430,0.000,O
8/5/2012,HZS,0.420,0.000,O
9/5/2012,HZS,0.420,0.000,O
10/5/2012,HZS,0.460,0.000,O
11/5/2012,HZS,0.480,0.000,O
12/5/2012,HZS,0.490,0.000,O
13/5/2012,HZS,0.510,0.000,O
14/5/2012,HZS,0.500,0.000,O
15/5/2012,HZS,0.500,0.000,O
16/5/2012,HZS,0.490,0.000,O
17/5/2012,HZS,0.470,0.000,O
18/5/2012,HZS,0.450,0.000,O
19/5/2012,HZS,0.440,0.000,O
20/5/2012,HZS,0.420,0.000,O
21/5/2012,HZS,0.410,0.000,O
22/5/2012,HZS,0.390,0.000,O
23/5/2012,HZS,0.380,0.000,O
24/5/2012,HZS,0.380,0.000,O
25/5/2012,HZS,0.360,0.000,O
26/5/2012,HZS,0.370,0.000,O
27/5/2012,HZS,0.350,0.000,O
28/5/2012,HZS,0.350,0.000,O
29/5/2012,HZS,0.340,0.000,O
30/5/2012,HZS,0.340,0.000,O
31/5/2012,HZS,0.310,0.000,O
1/6/2012,HZS,0.310,0.000,O
2/6/2012,HZS,0.320,0.000,O
3/6/2012,HZS,0.290,0.000,O
4/6/2012,HZS,0.280,0.000,O
5/6/2012,HZS,0.280,0.000,O
6/6/2012,HZS,0.210,0.000,O
7/6/2012,HZS,0.210,0.000,O
8/6/2012,HZS,0.200,0.000,O
9/6/2012,HZS,0.200,0.000,O
10/6/2012,HZS,0.190,0.000,O
11/6/2012,HZS,0.190,0.000,O
12/6/2012,HZS,0.130,0.000,O
13/6/2012,HZS,0.120,0.000,O
14/6/2012,HZS,0.120,0.000,O
15/6/2012,HZS,0.110,0.000,O
24/8/2012,HHS,,0.000,O
25/8/2012,HZS,0.570,0.000,O
26/8/2012,HZS,0.570,0.000,O
27/8/2012,HZS,0.500,0.000,O
28/8/2012,HZS,0.570,0.000,O
29/8/2012,HZS,0.600,0.000,O
30/8/2012,HZS,0.580,0.000,O
31/8/2012,HZS,0.570,0.000,O
1/9/2012,HZS,0.570,0.000,O
2/9/2012,HZS,0.570,0.000,O
3/9/2012,HZS,0.470,0.000,O
4/9/2012,HZS,0.550,0.000,O
5/9/2012,HZS,0.580,0.000,O
6/9/2012,HZS,0.680,0.167,O
7/9/2012,HZS,0.710,0.145,O
8/9/2012,HZS,0.670,0.117,D
9/9/2012,HZS,0.710,0.188,C
10/9/2012,HZS,0.770,0.305,O
11/9/2012,HZS,0.740,0.213,O
12/9/2012,HZS,0.810,0.411,O
13/9/2012,HZS,0.860,0.535,O
14/9/2012,HZS,0.840,0.574,O
15/9/2012,HZS,0.775,0.402,O
16/9/2012,HZS,0.730,0.229,C
17/9/2012,HZS,0.700,0.149,O
18/9/2012,HZS,0.620,0.000,O
19/9/2012,HZS,0.740,0.251,C
20/9/2012,HZS,0.710,0.212,O
21/9/2012,HZS,0.740,0.285,O
22/9/2012,HZS,0.700,0.218,O
23/9/2012,HZS,0.740,0.251,C
24/9/2012,HZS,0.680,0.133,D
25/9/2012,HZS,0.640,0.072,D
26/9/2012,HZS,0.685,0.176,O
27/9/2012,HZS,0.770,0.307,O
28/9/2012,HZS,0.860,0.528,O
29/9/2012,HZS,0.840,0.557,O
30/9/2012,HZS,0.810,0.422,C
1/10/2012,HZS,1.820,5.793,O
2/10/2012,HZS,1.030,1.168,C
3/10/2012,HZS,0.860,0.533,O
4/10/2012,HZS,0.890,0.659,D
5/10/2012,HZS,0.890,0.659,D
6/10/2012,HZS,0.870,0.596,D
7/10/2012,HZS,0.750,0.273,C
8/10/2012,HZS,0.740,0.287,O
9/10/2012,HZS,1.670,4.829,O
10/10/2012,HZS,1.285,3.107,O
11/10/2012,HZS,1.050,1.830,O
12/10/2012,HZS,0.970,1.400,O
13/10/2012,HZS,0.970,1.391,O
14/10/2012,HZS,0.930,1.174,C
15/10/2012,HZS,1.615,6.420,O
16/10/2012,HZS,1.265,3.043,O
17/10/2012,HZS,0.935,1.043,O
18/10/2012,HZS,0.785,0.602,O
19/10/2012,HZS,0.730,0.516,O
20/10/2012,HZS,0.755,0.532,O
21/10/2012,HZS,0.920,1.130,C
22/10/2012,HZS,1.000,1.671,O
23/10/2012,HZS,0.930,0.991,O
24/10/2012,HZS,0.850,0.842,C
25/10/2012,HZS,0.850,0.842,D
26/10/2012,HZS,0.710,0.395,D
27/10/2012,HZS,0.670,0.298,C
28/10/2012,HZS,0.660,0.276,C
29/10/2012,HZS,0.650,0.276,O
30/10/2012,HZS,0.645,0.269,O
31/10/2012,HZS,0.640,0.267,O
1/11/2012,HZS,1.250,2.977,O
2/11/2012,HZS,1.300,3.150,O
3/11/2012,HZS,1.065,1.882,O
4/11/2012,HZS,0.900,1.043,C
5/11/2012,HZS,0.790,0.695,O
6/11/2012,HZS,0.740,0.559,O
7/11/2012,HZS,0.700,0.389,O
8/11/2012,HZS,0.695,0.390,O
9/11/2012,HZS,0.670,0.298,D
10/11/2012,HZS,0.670,0.298,D
11/11/2012,HZS,0.610,0.179,C
12/11/2012,HZS,0.610,0.179,C
13/11/2012,HZS,0.620,0.197,C
14/11/2012,HZS,0.610,0.179,C
15/11/2012,HZS,0.665,0.146,O
16/11/2012,HZS,0.600,0.140,O
17/11/2012,HZS,0.620,0.153,O
18/11/2012,HZS,0.630,0.216,C
19/11/2012,HZS,0.670,0.298,D
20/11/2012,HZS,0.700,0.406,O
21/11/2012,HZS,0.770,0.544,O
22/11/2012,HZS,0.772,0.550,O
23/11/2012,HZS,0.700,0.412,O
24/11/2012,HZS,0.670,0.298,D
25/11/2012,HZS,0.640,0.235,C
26/11/2012,HZS,0.610,0.149,O
27/11/2012,HZS,0.610,0.162,O
28/11/2012,HZS,0.610,0.179,C
29/11/2012,HZS,0.610,0.163,O
30/11/2012,HZS,0.600,0.155,O
1/12/2012,HZS,0.610,0.162,O
2/12/2012,HZS,0.610,0.164,C
3/12/2012,HZS,0.610,0.169,O
4/12/2012,HZS,0.600,0.234,C
5/12/2012,HZS,0.810,0.408,O
6/12/2012,HZS,0.765,0.535,O
7/12/2012,HZS,0.690,0.404,O
8/12/2012,HZS,0.625,0.157,O
9/12/2012,HZS,0.600,0.234,C
10/12/2012,HZS,0.560,0.174,O
11/12/2012,HZS,0.550,0.151,O
12/12/2012,HZS,0.545,0.147,O
13/12/2012,HZS,0.580,0.219,O
14/12/2012,HZS,0.555,0.171,O
15/12/2012,HZS,0.540,0.175,O
16/12/2012,HZS,0.550,0.165,C
17/12/2012,HZS,0.550,0.168,O
18/12/2012,HZS,0.560,0.176,O
19/12/2012,HZS,0.640,0.231,O
20/12/2012,HZS,0.740,0.547,O
21/12/2012,HZS,0.738,0.544,O
22/12/2012,HZS,0.730,0.529,O
23/12/2012,HZS,0.710,0.438,C
24/12/2012,HZS,0.610,0.165,O
25/12/2012,HZS,0.590,0.220,C
26/12/2012,HZS,0.580,0.220,O
27/12/2012,HZS,0.500,0.000,O
28/12/2012,HZS,0.575,0.211,O
29/12/2012,HZS,0.640,0.330,O
30/12/2012,HZS,0.660,0.336,C
31/12/2012,HZS,0.690,0.355,O
1/1/2013,HZS,0.690,0.375,O
2/1/2013,HZS,0.640,0.322,O
3/1/2013,HZS,0.635,0.317,O
4/1/2013,HZS,0.600,0.165,O
5/1/2013,HZS,0.580,0.218,O
6/1/2013,HZS,0.570,0.000,O
7/1/2013,HZS,0.535,0.154,O
8/1/2013,HZS,0.525,0.132,O
9/1/2013,HZS,0.530,0.128,O
10/1/2013,HZS,0.540,0.159,O
11/1/2013,HZS,0.520,0.130,O
12/1/2013,HZS,0.520,0.130,O
13/1/2013,HZS,0.470,0.000,O
14/1/2013,HZS,0.460,0.000,O
15/1/2013,HZS,0.455,0.000,O
16/1/2013,HZS,0.440,0.000,O
17/1/2013,HZS,0.430,0.000,O
18/1/2013,HZS,0.420,0.000,O
19/1/2013,HZS,0.445,0.000,O
20/1/2013,HZS,0.420,0.000,O
21/1/2013,HZS,0.390,0.000,O
22/1/2013,HZS,0.390,0.000,O
23/1/2013,HZS,0.410,0.000,O
24/1/2013,HZS,0.420,0.000,O
25/1/2013,HZS,0.420,0.000,O
26/1/2013,HZS,0.430,0.000,O
27/1/2013,HZS,0.430,0.000,O
28/1/2013,HZS,0.390,0.000,O
29/1/2013,HZS,0.420,0.000,O
30/1/2013,HZS,0.420,0.000,O
31/1/2013,HZS,0.430,0.000,O
1/2/2013,HZS,0.420,0.000,O
2/2/2013,HZS,0.410,0.000,O
3/2/2013,HZS,0.400,0.000,O
4/2/2013,HZS,0.380,0.000,O
5/2/2013,HZS,0.370,0.000,O
6/2/2013,HZS,0.370,0.000,O
7/2/2013,HZS,0.360,0.000,O
8/2/2013,HZS,0.360,0.000,O
9/2/2013,HZS,0.370,0.000,O
10/2/2013,HZS,0.360,0.000,O
11/2/2013,HZS,0.360,0.000,O
12/2/2013,HZS,0.370,0.000,O
13/2/2013,HZS,0.360,0.000,O
14/2/2013,HZS,0.360,0.000,O
15/2/2013,HZS,0.360,0.000,O
16/2/2013,HZS,0.360,0.000,O
17/2/2013,HZS,0.360,0.000,O
18/2/2013,HZS,0.360,0.000,O
19/2/2013,HZS,0.360,0.000,O
20/2/2013,HZS,0.360,0.000,O
21/2/2013,HZS,0.360,0.000,O
22/2/2013,HZS,0.360,0.000,O
23/2/2013,HZS,0.355,0.000,O
24/2/2013,HZS,0.360,0.000,O
25/2/2013,HZS,0.350,0.000,O
26/2/2013,HZS,0.360,0.000,O
27/2/2013,HZS,0.360,0.000,O
28/2/2013,HZS,0.360,0.000,O
1/3/2013,HZS,0.360,0.000,O
2/3/2013,HZS,0.360,0.000,O
3/3/2013,HZS,0.340,0.000,O
4/3/2013,HZS,0.350,0.000,O
5/3/2013,HZS,0.340,0.000,O
6/3/2013,HZS,0.340,0.000,O
7/3/2013,HZS,0.340,0.000,O
8/3/2013,HZS,0.340,0.000,O
9/3/2013,HZS,0.320,0.000,O
10/3/2013,HZS,0.330,0.000,O
11/3/2013,HZS,0.320,0.000,O
12/3/2013,HZS,0.325,0.000,O
13/3/2013,HZS,0.330,0.000,O
14/3/2013,HZS,0.330,0.000,O
15/3/2013,HZS,0.330,0.000,O
16/3/2013,HZS,0.330,0.000,O
17/3/2013,HZS,0.320,0.000,O
18/3/2013,HZS,0.330,0.000,O
19/3/2013,HZS,0.330,0.000,O
20/3/2013,HZS,0.325,0.000,O
21/3/2013,HZS,0.320,0.000,O
22/3/2013,HZS,0.320,0.000,O
23/3/2013,HZS,0.320,0.000,O
24/3/2013,HZS,0.320,0.000,O
25/3/2013,HZS,0.320,0.000,O
26/3/2013,HZS,0.320,0.000,O
27/3/2013,HZS,0.320,0.000,O
28/3/2013,HZS,0.310,0.000,O
29/3/2013,HZS,0.300,0.000,O
30/3/2013,HZS,0.300,0.000,O
31/3/2013,HZS,0.295,0.000,O
1/4/2013,HZS,0.300,0.000,O
2/4/2013,HZS,0.280,0.000,O
3/4/2013,HZS,0.290,0.000,O
4/4/2013,HZS,0.280,0.000,O
13/7/2013,HHS,631.300,,null
14/7/2013,HHS,631.500,,null
15/7/2013,HHS,631.780,,null
16/7/2013,HHS,631.750,,null
17/7/2013,HHS,631.640,,null
22/7/2013,HZS,0.500,0.000,O
23/7/2013,HZS,0.570,0.000,O
24/7/2013,HZS,0.480,0.000,O
25/7/2013,HZS,0.620,0.000,O
26/7/2013,HZS,0.630,0.000,O
27/7/2013,HZS,0.550,0.000,O
28/7/2013,HZS,0.560,0.000,O
29/7/2013,HZS,0.530,0.000,O
30/7/2013,HZS,0.490,0.000,O
31/7/2013,HZS,0.480,0.000,O
1/8/2013,HHS,631.540,,null
2/8/2013,HHS,631.600,,null
3/8/2013,HHS,631.580,,null
4/8/2013,HHS,631.590,,null
5/8/2013,HHS,631.620,,null
6/8/2013,HHS,631.670,,null
7/8/2013,HZS,0.755,0.186,O
8/8/2013,HZS,0.740,0.186,O
9/8/2013,HHS,631.740,,null
10/8/2013,HZS,0.750,0.185,O
11/8/2013,HHS,631.720,,null
12/8/2013,HZS,0.710,0.133,O
13/8/2013,HHS,631.670,,null
14/8/2013,HHS,631.600,,null
15/8/2013,HHS,631.470,,null
16/8/2013,HZS,1.710,0.000,O
17/8/2013,HZS,0.870,0.275,O
18/8/2013,HHS,631.760,,null
19/8/2013,HZS,0.755,0.150,O
20/8/2013,HZS,0.810,0.264,O
21/8/2013,HZS,0.850,0.310,O
22/8/2013,HZS,0.985,0.378,O
23/8/2013,HZS,0.975,0.490,O
24/8/2013,HZS,1.010,0.557,O
25/8/2013,HHS,631.985,,null
26/8/2013,HZS,0.930,0.479,O
27/8/2013,HZS,0.902,0.333,O
28/8/2013,HZS,1.095,0.719,O
29/8/2013,HZS,1.195,1.052,O
30/8/2013,HZS,1.235,1.062,O
31/8/2013,HHS,633.100,,null
1/9/2013,HHS,632.260,,null
2/9/2013,HZS,1.230,1.062,O
3/9/2013,HZS,2.510,4.986,O
4/9/2013,HZS,1.730,5.173,O
5/9/2013,HZS,1.315,2.557,O
6/9/2013,HZS,1.440,5.369,O
7/9/2013,HZS,1.260,2.477,O
8/9/2013,HHS,632.180,,null
9/9/2013,HHS,632.230,,null
10/9/2013,HZS,1.300,2.193,O
11/9/2013,HZS,1.250,1.943,O
12/9/2013,HZS,1.375,4.371,O
13/9/2013,HZS,3.700,24.173,O
14/9/2013,HZS,2.250,7.146,O
15/9/2013,HHS,633.360,,null
16/9/2013,HZS,1.710,4.883,O
17/9/2013,HZS,1.420,4.104,O
18/9/2013,HZS,1.300,5.306,O
19/9/2013,HZS,1.400,2.962,O
20/9/2013,HZS,1.350,3.016,O
21/9/2013,HZS,1.357,3.284,O
22/9/2013,HHS,632.300,,null
23/9/2013,HZS,1.180,2.072,O
24/9/2013,HZS,1.110,1.903,O
25/9/2013,HZS,1.150,1.990,O
26/9/2013,HZS,1.140,1.977,O
27/9/2013,HZS,1.160,2.307,O
28/9/2013,HZS,1.097,2.200,O
29/9/2013,HHS,631.960,,null
30/9/2013,HZS,1.000,1.528,O
1/10/2013,HZS,0.980,1.230,O
2/10/2013,HHS,632.200,,null
3/10/2013,HZS,1.160,2.491,O
4/10/2013,HZS,1.160,2.501,O
5/10/2013,HZS,1.140,2.008,O
6/10/2013,HHS,632.050,,null
7/10/2013,HZS,0.990,1.290,O
8/10/2013,HZS,1.000,1.349,O
9/10/2013,HZS,1.105,2.001,O
10/10/2013,HZS,1.160,2.471,O
11/10/2013,HZS,1.120,1.944,O
12/10/2013,HZS,1.110,1.902,O
13/10/2013,HHS,632.000,,null
14/10/2013,HZS,0.980,1.290,O
15/10/2013,HZS,0.980,1.250,O
16/10/2013,HHS,632.120,,null
17/10/2013,HZS,1.700,4.699,O
18/10/2013,HZS,1.330,3.081,O
19/10/2013,HZS,1.170,2.545,O
20/10/2013,HHS,632.080,,null
21/10/2013,HZS,1.115,1.888,O
22/10/2013,HZS,1.465,3.573,O
23/10/2013,HZS,1.255,3.218,O
24/10/2013,HZS,1.220,2.763,O
25/10/2013,HZS,1.280,3.395,O
26/10/2013,HZS,1.180,2.602,O
27/10/2013,HHS,632.100,,null
28/10/2013,HZS,1.000,1.894,O
29/10/2013,HZS,0.990,1.891,O
30/10/2013,HZS,1.025,1.952,O
31/10/2013,HZS,1.000,1.886,O
1/11/2013,HZS,1.120,1.905,O
2/11/2013,HHS,632.120,,null
3/11/2013,HHS,632.100,,null
4/11/2013,HZS,1.025,1.947,O
5/11/2013,HZS,1.120,1.915,O
6/11/2013,HZS,1.150,2.211,O
7/11/2013,HZS,1.170,2.642,O
8/11/2013,HZS,1.130,2.168,O
9/11/2013,HZS,1.155,2.336,O
10/11/2013,HHS,632.060,,null
11/11/2013,HZS,1.000,1.275,O
12/11/2013,HZS,1.025,1.537,O
13/11/2013,HZS,1.100,1.890,O
14/11/2013,HZS,1.130,2.175,O
15/11/2013,HHS,632.120,,null
16/11/2013,HZS,1.105,1.919,O
17/11/2013,HHS,632.470,,null
18/11/2013,HZS,1.300,3.502,O
19/11/2013,HZS,1.760,5.233,O
20/11/2013,HZS,1.680,4.691,O
21/11/2013,HZS,1.100,1.864,O
22/11/2013,HZS,0.980,1.249,O
23/11/2013,HZS,0.940,0.533,O
24/11/2013,HHS,631.940,,null
25/11/2013,HHS,632.020,,null
26/11/2013,HZS,1.080,2.009,O
27/11/2013,HZS,1.000,1.272,O
28/11/2013,HZS,0.960,1.235,O
29/11/2013,HZS,1.000,1.335,O
30/11/2013,HZS,1.145,2.796,O
1/12/2013,HHS,632.120,,null
2/12/2013,HZS,1.023,1.536,O
3/12/2013,HZS,1.020,1.535,O
4/12/2013,HHS,632.010,,null
5/12/2013,HZS,1.000,1.501,O
6/12/2013,HZS,1.000,1.507,O
7/12/2013,HZS,1.000,1.501,O
8/12/2013,HHS,631.950,,null
9/12/2013,HZS,0.950,1.187,O
10/12/2013,HZS,0.950,1.184,O
11/12/2013,HZS,0.990,1.285,O
12/12/2013,HZS,0.960,1.220,O
13/12/2013,HHS,632.000,,null
14/12/2013,HHS,631.940,,null
15/12/2013,HHS,631.930,,null
16/12/2013,HHS,631.900,,null
17/12/2013,HHS,631.900,,null
18/12/2013,HHS,632.020,,null
19/12/2013,HHS,631.950,,null
20/12/2013,HHS,631.800,,null
21/12/2013,HHS,631.755,,null
22/12/2013,HHS,631.750,,null
23/12/2013,HZS,0.740,0.169,O
24/12/2013,HZS,0.730,0.164,O
25/12/2013,HHS,631.740,,null
26/12/2013,HZS,0.750,0.255,O
27/12/2013,HZS,0.750,0.256,O
28/12/2013,HZS,0.740,0.252,O
29/12/2013,HHS,631.730,,null
30/12/2013,HZS,0.740,0.242,O
31/12/2013,HZS,0.710,0.226,O
1/1/2014,HZS,0.710,0.225,O
2/1/2014,HZS,0.710,0.227,O
3/1/2014,HHS,631.710,,null
4/1/2014,HZS,0.710,0.226,O
5/1/2014,HHS,631.700,,null
6/1/2014,HZS,0.690,0.211,O
7/1/2014,HZS,0.670,0.194,O
8/1/2014,HZS,0.540,0.205,O
9/1/2014,HZS,0.510,0.181,O
10/1/2014,HZS,0.515,0.179,O
11/1/2014,HZS,0.540,0.229,O
12/1/2014,HHS,631.520,,null
13/1/2014,HZS,0.500,0.161,O
14/1/2014,HHS,631.480,,null
15/1/2014,HHS,631.490,,null
16/1/2014,HHS,631.490,,null
17/1/2014,HHS,631.480,,null
18/1/2014,HHS,631.470,,null
19/1/2014,HHS,631.480,,null
20/1/2014,HHS,631.480,,null
21/1/2014,HHS,631.480,,null
22/1/2014,HHS,631.460,,null
23/1/2014,HHS,631.430,,null
24/1/2014,HHS,631.450,,null
25/1/2014,HHS,631.440,,null
26/1/2014,HHS,631.440,,null
27/1/2014,HHS,631.445,,null
28/1/2014,HHS,631.430,,null
29/1/2014,HHS,631.420,,null
30/1/2014,HHS,631.430,,null
31/1/2014,HHS,631.410,,null
1/2/2014,HHS,631.430,,null
2/2/2014,HHS,631.400,,null
3/2/2014,HHS,631.400,,null
4/2/2014,HHS,631.400,,null
5/2/2014,HHS,631.400,,null
6/2/2014,HHS,631.380,,null
7/2/2014,HHS,631.375,,null
8/2/2014,HHS,631.400,,null
9/2/2014,HHS,631.380,,null
10/2/2014,HHS,631.380,,null
11/2/2014,HHS,631.380,,null
12/2/2014,HHS,631.395,,null
13/2/2014,HHS,631.390,,null
14/2/2014,HHS,631.360,,null
15/2/2014,HHS,631.370,,null
16/2/2014,HHS,631.340,,null
17/2/2014,HHS,631.380,,null
18/2/2014,HHS,631.360,,null
19/2/2014,HHS,631.340,,null
20/2/2014,HHS,631.330,,null
21/2/2014,HHS,631.400,,null
22/2/2014,HHS,631.410,,null
23/2/2014,HHS,631.410,,null
24/2/2014,HHS,631.380,,null
25/2/2014,HHS,631.400,,null
26/2/2014,HHS,631.380,,null
27/2/2014,HHS,631.340,,null
28/2/2014,HHS,631.340,,null
1/3/2014,HHS,631.350,,null
2/3/2014,HHS,631.350,,null
3/3/2014,HHS,631.400,,null
4/3/2014,HHS,631.390,,null
5/3/2014,HHS,631.420,,null
6/3/2014,HHS,631.420,,null
7/3/2014,HHS,631.470,,null
8/3/2014,HHS,631.430,,null
9/3/2014,HHS,631.430,,null
10/3/2014,HHS,631.420,,null
11/3/2014,HHS,631.420,,null
12/3/2014,HHS,631.410,,null
13/3/2014,HHS,631.400,,null
14/3/2014,HHS,631.395,,null
15/3/2014,HHS,631.390,,null
16/3/2014,HHS,631.400,,null
17/3/2014,HHS,631.400,,null
18/3/2014,HHS,631.390,,null
19/3/2014,HHS,631.350,,null
20/3/2014,HHS,631.360,,null
21/3/2014,HHS,631.355,,null
22/3/2014,HHS,631.360,,null
23/3/2014,HHS,631.350,,null
24/3/2014,HHS,631.340,,null
25/3/2014,HHS,631.350,,null
26/3/2014,HHS,631.330,,null
27/3/2014,HHS,631.320,,null
28/3/2014,HHS,631.315,,null
29/3/2014,HHS,631.300,,null
30/3/2014,HHS,631.310,,null
31/3/2014,HHS,631.315,,null
1/4/2014,HHS,631.320,,null
2/4/2014,HHS,631.310,,null
3/4/2014,HHS,631.310,,null
4/4/2014,HHS,631.315,,null
5/4/2014,HHS,631.310,,null
6/4/2014,HHS,631.310,,null
7/4/2014,HHS,631.310,,null
8/4/2014,HHS,631.300,,null
9/4/2014,HHS,631.290,,null
10/4/2014,HHS,631.290,,null
11/4/2014,HHS,631.290,,null
12/4/2014,HHS,631.290,,null
13/4/2014,HHS,631.290,,null
14/4/2014,HHS,631.290,,null
15/4/2014,HHS,631.290,,null
16/4/2014,HHS,631.290,,null
17/4/2014,HHS,631.290,,null
18/4/2014,HHS,631.290,,null
